SDGarg1,SDGarg2,id_arg1,id_arg2,rel,rel_bart
"Developed within the Development Working Group, the Action Plans aim to enhance policy coherence and coordination across all G20 work streams for the SDGs achievement.","Assessments show an inverse relationship between domestic SDG progress and the generation of negative spillovers, with high income countries (many G20 countries) having a better performance on the SDGs domestically (higher SDG Index scores), but also more negative impacts abroad (lower International Spillover Index scores).",5_0,0_0,,No Relationship
"Developed within the Development Working Group, the Action Plans aim to enhance policy coherence and coordination across all G20 work streams for the SDGs achievement.","All countries, and especially the G20 given their combined economic weight, must better understand, monitor and manage their spillovers to allow all countries to meet the SDGs.",5_0,0_1,,No Relationship
"Developed within the Development Working Group, the Action Plans aim to enhance policy coherence and coordination across all G20 work streams for the SDGs achievement.","The G20’s immediate aim should be to build momentum for a successful Summit of the Future by restoring trust through high-level policy discussions on international spillovers, which have the potential to accelerate the SDG progress.",5_0,0_2,,No Relationship
"Developed within the Development Working Group, the Action Plans aim to enhance policy coherence and coordination across all G20 work streams for the SDGs achievement.","Therefore, at the SDG Summit in 2023, heads of state called for accelerated global action towards sustainable development.",5_0,0_3,,No Relationship
"Developed within the Development Working Group, the Action Plans aim to enhance policy coherence and coordination across all G20 work streams for the SDGs achievement.","Several countries (Finland, Iceland, and the Netherlands) have incorporated CBA into their Voluntary National Reviews (VNRs).",5_0,0_4,,No Relationship
"Developed within the Development Working Group, the Action Plans aim to enhance policy coherence and coordination across all G20 work streams for the SDGs achievement.",G20 countries should also track these effects against time-bound quantitative targets to hold themselves accountable for mitigating negative spillovers.,5_0,0_5,,No Relationship
"Developed within the Development Working Group, the Action Plans aim to enhance policy coherence and coordination across all G20 work streams for the SDGs achievement.","The Summit of the Future needs to demonstrate that international cooperation is possible and effective in tackling current global challenges, especially amid lacklustre SDG progress, widespread conflict, and growing polarization and authoritarian trends worldwide.",5_0,0_6,,No Relationship
"Developed within the Development Working Group, the Action Plans aim to enhance policy coherence and coordination across all G20 work streams for the SDGs achievement.","Under a positive scenario, the G20 (especially through its Development Working Group) will be able to foster a high-level policy dialogue on the importance of international spillover effects as an important factor to accelerate the achievement of the SDGs.",5_0,0_7,,No Relationship
"Developed within the Development Working Group, the Action Plans aim to enhance policy coherence and coordination across all G20 work streams for the SDGs achievement.","Under this scenario, the G20 will have included international spillovers in its updated 2030 Agenda Action Plan and agreed on concrete actions to improve the monitoring of spillover effects and on peer learning mechanisms to co-design appropriate policies to address spillover effects.",5_0,0_8,,No Relationship
"The first JETP, launched at the COP-26, mobilizes $8.5 billion to 1) replace coal with renewable energy; 2) expand electric vehicles use; and 3) establish a green hydrogen industry in South Africa.","Assessments show an inverse relationship between domestic SDG progress and the generation of negative spillovers, with high income countries (many G20 countries) having a better performance on the SDGs domestically (higher SDG Index scores), but also more negative impacts abroad (lower International Spillover Index scores).",7_0,0_0,,No Relationship
"The first JETP, launched at the COP-26, mobilizes $8.5 billion to 1) replace coal with renewable energy; 2) expand electric vehicles use; and 3) establish a green hydrogen industry in South Africa.","All countries, and especially the G20 given their combined economic weight, must better understand, monitor and manage their spillovers to allow all countries to meet the SDGs.",7_0,0_1,,No Relationship
"The first JETP, launched at the COP-26, mobilizes $8.5 billion to 1) replace coal with renewable energy; 2) expand electric vehicles use; and 3) establish a green hydrogen industry in South Africa.","The G20’s immediate aim should be to build momentum for a successful Summit of the Future by restoring trust through high-level policy discussions on international spillovers, which have the potential to accelerate the SDG progress.",7_0,0_2,,No Relationship
"The first JETP, launched at the COP-26, mobilizes $8.5 billion to 1) replace coal with renewable energy; 2) expand electric vehicles use; and 3) establish a green hydrogen industry in South Africa.","Therefore, at the SDG Summit in 2023, heads of state called for accelerated global action towards sustainable development.",7_0,0_3,,No Relationship
"The first JETP, launched at the COP-26, mobilizes $8.5 billion to 1) replace coal with renewable energy; 2) expand electric vehicles use; and 3) establish a green hydrogen industry in South Africa.","Several countries (Finland, Iceland, and the Netherlands) have incorporated CBA into their Voluntary National Reviews (VNRs).",7_0,0_4,,No Relationship
"The first JETP, launched at the COP-26, mobilizes $8.5 billion to 1) replace coal with renewable energy; 2) expand electric vehicles use; and 3) establish a green hydrogen industry in South Africa.",G20 countries should also track these effects against time-bound quantitative targets to hold themselves accountable for mitigating negative spillovers.,7_0,0_5,,No Relationship
"The first JETP, launched at the COP-26, mobilizes $8.5 billion to 1) replace coal with renewable energy; 2) expand electric vehicles use; and 3) establish a green hydrogen industry in South Africa.","The Summit of the Future needs to demonstrate that international cooperation is possible and effective in tackling current global challenges, especially amid lacklustre SDG progress, widespread conflict, and growing polarization and authoritarian trends worldwide.",7_0,0_6,,No Relationship
"The first JETP, launched at the COP-26, mobilizes $8.5 billion to 1) replace coal with renewable energy; 2) expand electric vehicles use; and 3) establish a green hydrogen industry in South Africa.","Under a positive scenario, the G20 (especially through its Development Working Group) will be able to foster a high-level policy dialogue on the importance of international spillover effects as an important factor to accelerate the achievement of the SDGs.",7_0,0_7,,No Relationship
"The first JETP, launched at the COP-26, mobilizes $8.5 billion to 1) replace coal with renewable energy; 2) expand electric vehicles use; and 3) establish a green hydrogen industry in South Africa.","Under this scenario, the G20 will have included international spillovers in its updated 2030 Agenda Action Plan and agreed on concrete actions to improve the monitoring of spillover effects and on peer learning mechanisms to co-design appropriate policies to address spillover effects.",7_0,0_8,,Attack
"Assessments show an inverse relationship between domestic SDG progress and the generation of negative spillovers, with high income countries (many G20 countries) having a better performance on the SDGs domestically (higher SDG Index scores), but also more negative impacts abroad (lower International Spillover Index scores).","These are undesirable external economic, social, environmental, and security effects from a country’s actions which undermine other countries’ efforts to achieve the SDGs.",0_0,8_0,,No Relationship
"Assessments show an inverse relationship between domestic SDG progress and the generation of negative spillovers, with high income countries (many G20 countries) having a better performance on the SDGs domestically (higher SDG Index scores), but also more negative impacts abroad (lower International Spillover Index scores).","Targets for trade-related spillovers should cover environmental and social impacts linked to global value chains, such as GHG emissions, air pollution, resource depletion (e.g., material footprints), and labor exploitation (e.g., modern slavery and fatal accidents at work).",0_0,8_1,,No Relationship
"Assessments show an inverse relationship between domestic SDG progress and the generation of negative spillovers, with high income countries (many G20 countries) having a better performance on the SDGs domestically (higher SDG Index scores), but also more negative impacts abroad (lower International Spillover Index scores).","For instance, according to Malik et al. (2023), the EU’s consumption was linked to 500,000 cases of modern slavery and 1,200 fatal accidents at work abroad in 2018.",0_0,8_2,,No Relationship
"Assessments show an inverse relationship between domestic SDG progress and the generation of negative spillovers, with high income countries (many G20 countries) having a better performance on the SDGs domestically (higher SDG Index scores), but also more negative impacts abroad (lower International Spillover Index scores).","However, these important initiatives have been unilateral policy instruments that, largely, have not considered perspectives from the affected economies, potentially resulting in trade-offs (e.g., higher unemployment and poverty).",0_0,8_3,,No Relationship
"Assessments show an inverse relationship between domestic SDG progress and the generation of negative spillovers, with high income countries (many G20 countries) having a better performance on the SDGs domestically (higher SDG Index scores), but also more negative impacts abroad (lower International Spillover Index scores).","Leveraging its various working groups (such as the working groups on Development, Trade and Investment, Employment, and Climate and Environmental Sustainability), the G20 should lead a dedicated agenda to curb negative spillover effects.",0_0,8_4,,No Relationship
"All countries, and especially the G20 given their combined economic weight, must better understand, monitor and manage their spillovers to allow all countries to meet the SDGs.","These are undesirable external economic, social, environmental, and security effects from a country’s actions which undermine other countries’ efforts to achieve the SDGs.",0_1,8_0,,No Relationship
"All countries, and especially the G20 given their combined economic weight, must better understand, monitor and manage their spillovers to allow all countries to meet the SDGs.","Targets for trade-related spillovers should cover environmental and social impacts linked to global value chains, such as GHG emissions, air pollution, resource depletion (e.g., material footprints), and labor exploitation (e.g., modern slavery and fatal accidents at work).",0_1,8_1,,No Relationship
"All countries, and especially the G20 given their combined economic weight, must better understand, monitor and manage their spillovers to allow all countries to meet the SDGs.","For instance, according to Malik et al. (2023), the EU’s consumption was linked to 500,000 cases of modern slavery and 1,200 fatal accidents at work abroad in 2018.",0_1,8_2,,No Relationship
"All countries, and especially the G20 given their combined economic weight, must better understand, monitor and manage their spillovers to allow all countries to meet the SDGs.","However, these important initiatives have been unilateral policy instruments that, largely, have not considered perspectives from the affected economies, potentially resulting in trade-offs (e.g., higher unemployment and poverty).",0_1,8_3,,No Relationship
"All countries, and especially the G20 given their combined economic weight, must better understand, monitor and manage their spillovers to allow all countries to meet the SDGs.","Leveraging its various working groups (such as the working groups on Development, Trade and Investment, Employment, and Climate and Environmental Sustainability), the G20 should lead a dedicated agenda to curb negative spillover effects.",0_1,8_4,,No Relationship
"The G20’s immediate aim should be to build momentum for a successful Summit of the Future by restoring trust through high-level policy discussions on international spillovers, which have the potential to accelerate the SDG progress.","These are undesirable external economic, social, environmental, and security effects from a country’s actions which undermine other countries’ efforts to achieve the SDGs.",0_2,8_0,,No Relationship
"The G20’s immediate aim should be to build momentum for a successful Summit of the Future by restoring trust through high-level policy discussions on international spillovers, which have the potential to accelerate the SDG progress.","Targets for trade-related spillovers should cover environmental and social impacts linked to global value chains, such as GHG emissions, air pollution, resource depletion (e.g., material footprints), and labor exploitation (e.g., modern slavery and fatal accidents at work).",0_2,8_1,,No Relationship
"The G20’s immediate aim should be to build momentum for a successful Summit of the Future by restoring trust through high-level policy discussions on international spillovers, which have the potential to accelerate the SDG progress.","For instance, according to Malik et al. (2023), the EU’s consumption was linked to 500,000 cases of modern slavery and 1,200 fatal accidents at work abroad in 2018.",0_2,8_2,,No Relationship
"The G20’s immediate aim should be to build momentum for a successful Summit of the Future by restoring trust through high-level policy discussions on international spillovers, which have the potential to accelerate the SDG progress.","However, these important initiatives have been unilateral policy instruments that, largely, have not considered perspectives from the affected economies, potentially resulting in trade-offs (e.g., higher unemployment and poverty).",0_2,8_3,,No Relationship
"The G20’s immediate aim should be to build momentum for a successful Summit of the Future by restoring trust through high-level policy discussions on international spillovers, which have the potential to accelerate the SDG progress.","Leveraging its various working groups (such as the working groups on Development, Trade and Investment, Employment, and Climate and Environmental Sustainability), the G20 should lead a dedicated agenda to curb negative spillover effects.",0_2,8_4,,No Relationship
"Therefore, at the SDG Summit in 2023, heads of state called for accelerated global action towards sustainable development.","These are undesirable external economic, social, environmental, and security effects from a country’s actions which undermine other countries’ efforts to achieve the SDGs.",0_3,8_0,,No Relationship
"Therefore, at the SDG Summit in 2023, heads of state called for accelerated global action towards sustainable development.","Targets for trade-related spillovers should cover environmental and social impacts linked to global value chains, such as GHG emissions, air pollution, resource depletion (e.g., material footprints), and labor exploitation (e.g., modern slavery and fatal accidents at work).",0_3,8_1,,No Relationship
"Therefore, at the SDG Summit in 2023, heads of state called for accelerated global action towards sustainable development.","For instance, according to Malik et al. (2023), the EU’s consumption was linked to 500,000 cases of modern slavery and 1,200 fatal accidents at work abroad in 2018.",0_3,8_2,,No Relationship
"Therefore, at the SDG Summit in 2023, heads of state called for accelerated global action towards sustainable development.","However, these important initiatives have been unilateral policy instruments that, largely, have not considered perspectives from the affected economies, potentially resulting in trade-offs (e.g., higher unemployment and poverty).",0_3,8_3,,No Relationship
"Therefore, at the SDG Summit in 2023, heads of state called for accelerated global action towards sustainable development.","Leveraging its various working groups (such as the working groups on Development, Trade and Investment, Employment, and Climate and Environmental Sustainability), the G20 should lead a dedicated agenda to curb negative spillover effects.",0_3,8_4,,No Relationship
"Several countries (Finland, Iceland, and the Netherlands) have incorporated CBA into their Voluntary National Reviews (VNRs).","These are undesirable external economic, social, environmental, and security effects from a country’s actions which undermine other countries’ efforts to achieve the SDGs.",0_4,8_0,,No Relationship
"Several countries (Finland, Iceland, and the Netherlands) have incorporated CBA into their Voluntary National Reviews (VNRs).","Targets for trade-related spillovers should cover environmental and social impacts linked to global value chains, such as GHG emissions, air pollution, resource depletion (e.g., material footprints), and labor exploitation (e.g., modern slavery and fatal accidents at work).",0_4,8_1,,No Relationship
"Several countries (Finland, Iceland, and the Netherlands) have incorporated CBA into their Voluntary National Reviews (VNRs).","For instance, according to Malik et al. (2023), the EU’s consumption was linked to 500,000 cases of modern slavery and 1,200 fatal accidents at work abroad in 2018.",0_4,8_2,,No Relationship
"Several countries (Finland, Iceland, and the Netherlands) have incorporated CBA into their Voluntary National Reviews (VNRs).","However, these important initiatives have been unilateral policy instruments that, largely, have not considered perspectives from the affected economies, potentially resulting in trade-offs (e.g., higher unemployment and poverty).",0_4,8_3,,No Relationship
"Several countries (Finland, Iceland, and the Netherlands) have incorporated CBA into their Voluntary National Reviews (VNRs).","Leveraging its various working groups (such as the working groups on Development, Trade and Investment, Employment, and Climate and Environmental Sustainability), the G20 should lead a dedicated agenda to curb negative spillover effects.",0_4,8_4,,No Relationship
G20 countries should also track these effects against time-bound quantitative targets to hold themselves accountable for mitigating negative spillovers.,"These are undesirable external economic, social, environmental, and security effects from a country’s actions which undermine other countries’ efforts to achieve the SDGs.",0_5,8_0,,No Relationship
G20 countries should also track these effects against time-bound quantitative targets to hold themselves accountable for mitigating negative spillovers.,"Targets for trade-related spillovers should cover environmental and social impacts linked to global value chains, such as GHG emissions, air pollution, resource depletion (e.g., material footprints), and labor exploitation (e.g., modern slavery and fatal accidents at work).",0_5,8_1,,No Relationship
G20 countries should also track these effects against time-bound quantitative targets to hold themselves accountable for mitigating negative spillovers.,"For instance, according to Malik et al. (2023), the EU’s consumption was linked to 500,000 cases of modern slavery and 1,200 fatal accidents at work abroad in 2018.",0_5,8_2,,No Relationship
G20 countries should also track these effects against time-bound quantitative targets to hold themselves accountable for mitigating negative spillovers.,"However, these important initiatives have been unilateral policy instruments that, largely, have not considered perspectives from the affected economies, potentially resulting in trade-offs (e.g., higher unemployment and poverty).",0_5,8_3,,No Relationship
G20 countries should also track these effects against time-bound quantitative targets to hold themselves accountable for mitigating negative spillovers.,"Leveraging its various working groups (such as the working groups on Development, Trade and Investment, Employment, and Climate and Environmental Sustainability), the G20 should lead a dedicated agenda to curb negative spillover effects.",0_5,8_4,,No Relationship
"The Summit of the Future needs to demonstrate that international cooperation is possible and effective in tackling current global challenges, especially amid lacklustre SDG progress, widespread conflict, and growing polarization and authoritarian trends worldwide.","These are undesirable external economic, social, environmental, and security effects from a country’s actions which undermine other countries’ efforts to achieve the SDGs.",0_6,8_0,,No Relationship
"The Summit of the Future needs to demonstrate that international cooperation is possible and effective in tackling current global challenges, especially amid lacklustre SDG progress, widespread conflict, and growing polarization and authoritarian trends worldwide.","Targets for trade-related spillovers should cover environmental and social impacts linked to global value chains, such as GHG emissions, air pollution, resource depletion (e.g., material footprints), and labor exploitation (e.g., modern slavery and fatal accidents at work).",0_6,8_1,,No Relationship
"The Summit of the Future needs to demonstrate that international cooperation is possible and effective in tackling current global challenges, especially amid lacklustre SDG progress, widespread conflict, and growing polarization and authoritarian trends worldwide.","For instance, according to Malik et al. (2023), the EU’s consumption was linked to 500,000 cases of modern slavery and 1,200 fatal accidents at work abroad in 2018.",0_6,8_2,,No Relationship
"The Summit of the Future needs to demonstrate that international cooperation is possible and effective in tackling current global challenges, especially amid lacklustre SDG progress, widespread conflict, and growing polarization and authoritarian trends worldwide.","However, these important initiatives have been unilateral policy instruments that, largely, have not considered perspectives from the affected economies, potentially resulting in trade-offs (e.g., higher unemployment and poverty).",0_6,8_3,,No Relationship
"The Summit of the Future needs to demonstrate that international cooperation is possible and effective in tackling current global challenges, especially amid lacklustre SDG progress, widespread conflict, and growing polarization and authoritarian trends worldwide.","Leveraging its various working groups (such as the working groups on Development, Trade and Investment, Employment, and Climate and Environmental Sustainability), the G20 should lead a dedicated agenda to curb negative spillover effects.",0_6,8_4,,No Relationship
"Under a positive scenario, the G20 (especially through its Development Working Group) will be able to foster a high-level policy dialogue on the importance of international spillover effects as an important factor to accelerate the achievement of the SDGs.","These are undesirable external economic, social, environmental, and security effects from a country’s actions which undermine other countries’ efforts to achieve the SDGs.",0_7,8_0,,No Relationship
"Under a positive scenario, the G20 (especially through its Development Working Group) will be able to foster a high-level policy dialogue on the importance of international spillover effects as an important factor to accelerate the achievement of the SDGs.","Targets for trade-related spillovers should cover environmental and social impacts linked to global value chains, such as GHG emissions, air pollution, resource depletion (e.g., material footprints), and labor exploitation (e.g., modern slavery and fatal accidents at work).",0_7,8_1,,No Relationship
"Under a positive scenario, the G20 (especially through its Development Working Group) will be able to foster a high-level policy dialogue on the importance of international spillover effects as an important factor to accelerate the achievement of the SDGs.","For instance, according to Malik et al. (2023), the EU’s consumption was linked to 500,000 cases of modern slavery and 1,200 fatal accidents at work abroad in 2018.",0_7,8_2,,No Relationship
"Under a positive scenario, the G20 (especially through its Development Working Group) will be able to foster a high-level policy dialogue on the importance of international spillover effects as an important factor to accelerate the achievement of the SDGs.","However, these important initiatives have been unilateral policy instruments that, largely, have not considered perspectives from the affected economies, potentially resulting in trade-offs (e.g., higher unemployment and poverty).",0_7,8_3,,No Relationship
"Under a positive scenario, the G20 (especially through its Development Working Group) will be able to foster a high-level policy dialogue on the importance of international spillover effects as an important factor to accelerate the achievement of the SDGs.","Leveraging its various working groups (such as the working groups on Development, Trade and Investment, Employment, and Climate and Environmental Sustainability), the G20 should lead a dedicated agenda to curb negative spillover effects.",0_7,8_4,,No Relationship
"Under this scenario, the G20 will have included international spillovers in its updated 2030 Agenda Action Plan and agreed on concrete actions to improve the monitoring of spillover effects and on peer learning mechanisms to co-design appropriate policies to address spillover effects.","These are undesirable external economic, social, environmental, and security effects from a country’s actions which undermine other countries’ efforts to achieve the SDGs.",0_8,8_0,,No Relationship
"Under this scenario, the G20 will have included international spillovers in its updated 2030 Agenda Action Plan and agreed on concrete actions to improve the monitoring of spillover effects and on peer learning mechanisms to co-design appropriate policies to address spillover effects.","Targets for trade-related spillovers should cover environmental and social impacts linked to global value chains, such as GHG emissions, air pollution, resource depletion (e.g., material footprints), and labor exploitation (e.g., modern slavery and fatal accidents at work).",0_8,8_1,,No Relationship
"Under this scenario, the G20 will have included international spillovers in its updated 2030 Agenda Action Plan and agreed on concrete actions to improve the monitoring of spillover effects and on peer learning mechanisms to co-design appropriate policies to address spillover effects.","For instance, according to Malik et al. (2023), the EU’s consumption was linked to 500,000 cases of modern slavery and 1,200 fatal accidents at work abroad in 2018.",0_8,8_2,,No Relationship
"Under this scenario, the G20 will have included international spillovers in its updated 2030 Agenda Action Plan and agreed on concrete actions to improve the monitoring of spillover effects and on peer learning mechanisms to co-design appropriate policies to address spillover effects.","However, these important initiatives have been unilateral policy instruments that, largely, have not considered perspectives from the affected economies, potentially resulting in trade-offs (e.g., higher unemployment and poverty).",0_8,8_3,,No Relationship
"Under this scenario, the G20 will have included international spillovers in its updated 2030 Agenda Action Plan and agreed on concrete actions to improve the monitoring of spillover effects and on peer learning mechanisms to co-design appropriate policies to address spillover effects.","Leveraging its various working groups (such as the working groups on Development, Trade and Investment, Employment, and Climate and Environmental Sustainability), the G20 should lead a dedicated agenda to curb negative spillover effects.",0_8,8_4,,No Relationship
Accounting for these spillovers becomes crucial for an accurate assessment of contributions towards sustainable development.,"Assessments show an inverse relationship between domestic SDG progress and the generation of negative spillovers, with high income countries (many G20 countries) having a better performance on the SDGs domestically (higher SDG Index scores), but also more negative impacts abroad (lower International Spillover Index scores).",13_0,0_0,,No Relationship
Accounting for these spillovers becomes crucial for an accurate assessment of contributions towards sustainable development.,"All countries, and especially the G20 given their combined economic weight, must better understand, monitor and manage their spillovers to allow all countries to meet the SDGs.",13_0,0_1,,No Relationship
Accounting for these spillovers becomes crucial for an accurate assessment of contributions towards sustainable development.,"The G20’s immediate aim should be to build momentum for a successful Summit of the Future by restoring trust through high-level policy discussions on international spillovers, which have the potential to accelerate the SDG progress.",13_0,0_2,,No Relationship
Accounting for these spillovers becomes crucial for an accurate assessment of contributions towards sustainable development.,"Therefore, at the SDG Summit in 2023, heads of state called for accelerated global action towards sustainable development.",13_0,0_3,,No Relationship
Accounting for these spillovers becomes crucial for an accurate assessment of contributions towards sustainable development.,"Several countries (Finland, Iceland, and the Netherlands) have incorporated CBA into their Voluntary National Reviews (VNRs).",13_0,0_4,,No Relationship
Accounting for these spillovers becomes crucial for an accurate assessment of contributions towards sustainable development.,G20 countries should also track these effects against time-bound quantitative targets to hold themselves accountable for mitigating negative spillovers.,13_0,0_5,,No Relationship
Accounting for these spillovers becomes crucial for an accurate assessment of contributions towards sustainable development.,"The Summit of the Future needs to demonstrate that international cooperation is possible and effective in tackling current global challenges, especially amid lacklustre SDG progress, widespread conflict, and growing polarization and authoritarian trends worldwide.",13_0,0_6,,No Relationship
Accounting for these spillovers becomes crucial for an accurate assessment of contributions towards sustainable development.,"Under a positive scenario, the G20 (especially through its Development Working Group) will be able to foster a high-level policy dialogue on the importance of international spillover effects as an important factor to accelerate the achievement of the SDGs.",13_0,0_7,,No Relationship
Accounting for these spillovers becomes crucial for an accurate assessment of contributions towards sustainable development.,"Under this scenario, the G20 will have included international spillovers in its updated 2030 Agenda Action Plan and agreed on concrete actions to improve the monitoring of spillover effects and on peer learning mechanisms to co-design appropriate policies to address spillover effects.",13_0,0_8,,No Relationship
"Eurostat’s annual SDGs monitoring report also features a dedicated section on spillover effects, including indicators on CO₂ emissions and cropland footprints of EU members.","Assessments show an inverse relationship between domestic SDG progress and the generation of negative spillovers, with high income countries (many G20 countries) having a better performance on the SDGs domestically (higher SDG Index scores), but also more negative impacts abroad (lower International Spillover Index scores).",13_1,0_0,,No Relationship
"Eurostat’s annual SDGs monitoring report also features a dedicated section on spillover effects, including indicators on CO₂ emissions and cropland footprints of EU members.","All countries, and especially the G20 given their combined economic weight, must better understand, monitor and manage their spillovers to allow all countries to meet the SDGs.",13_1,0_1,,No Relationship
"Eurostat’s annual SDGs monitoring report also features a dedicated section on spillover effects, including indicators on CO₂ emissions and cropland footprints of EU members.","The G20’s immediate aim should be to build momentum for a successful Summit of the Future by restoring trust through high-level policy discussions on international spillovers, which have the potential to accelerate the SDG progress.",13_1,0_2,,No Relationship
"Eurostat’s annual SDGs monitoring report also features a dedicated section on spillover effects, including indicators on CO₂ emissions and cropland footprints of EU members.","Therefore, at the SDG Summit in 2023, heads of state called for accelerated global action towards sustainable development.",13_1,0_3,,No Relationship
"Eurostat’s annual SDGs monitoring report also features a dedicated section on spillover effects, including indicators on CO₂ emissions and cropland footprints of EU members.","Several countries (Finland, Iceland, and the Netherlands) have incorporated CBA into their Voluntary National Reviews (VNRs).",13_1,0_4,,No Relationship
"Eurostat’s annual SDGs monitoring report also features a dedicated section on spillover effects, including indicators on CO₂ emissions and cropland footprints of EU members.",G20 countries should also track these effects against time-bound quantitative targets to hold themselves accountable for mitigating negative spillovers.,13_1,0_5,,No Relationship
"Eurostat’s annual SDGs monitoring report also features a dedicated section on spillover effects, including indicators on CO₂ emissions and cropland footprints of EU members.","The Summit of the Future needs to demonstrate that international cooperation is possible and effective in tackling current global challenges, especially amid lacklustre SDG progress, widespread conflict, and growing polarization and authoritarian trends worldwide.",13_1,0_6,,No Relationship
"Eurostat’s annual SDGs monitoring report also features a dedicated section on spillover effects, including indicators on CO₂ emissions and cropland footprints of EU members.","Under a positive scenario, the G20 (especially through its Development Working Group) will be able to foster a high-level policy dialogue on the importance of international spillover effects as an important factor to accelerate the achievement of the SDGs.",13_1,0_7,,No Relationship
"Eurostat’s annual SDGs monitoring report also features a dedicated section on spillover effects, including indicators on CO₂ emissions and cropland footprints of EU members.","Under this scenario, the G20 will have included international spillovers in its updated 2030 Agenda Action Plan and agreed on concrete actions to improve the monitoring of spillover effects and on peer learning mechanisms to co-design appropriate policies to address spillover effects.",13_1,0_8,,No Relationship
"Targets for trade-related spillovers should cover environmental and social impacts linked to global value chains, such as GHG emissions, air pollution, resource depletion (e.g., material footprints), and labor exploitation (e.g., modern slavery and fatal accidents at work).","Assessments show an inverse relationship between domestic SDG progress and the generation of negative spillovers, with high income countries (many G20 countries) having a better performance on the SDGs domestically (higher SDG Index scores), but also more negative impacts abroad (lower International Spillover Index scores).",13_2,0_0,,No Relationship
"Targets for trade-related spillovers should cover environmental and social impacts linked to global value chains, such as GHG emissions, air pollution, resource depletion (e.g., material footprints), and labor exploitation (e.g., modern slavery and fatal accidents at work).","All countries, and especially the G20 given their combined economic weight, must better understand, monitor and manage their spillovers to allow all countries to meet the SDGs.",13_2,0_1,,No Relationship
"Targets for trade-related spillovers should cover environmental and social impacts linked to global value chains, such as GHG emissions, air pollution, resource depletion (e.g., material footprints), and labor exploitation (e.g., modern slavery and fatal accidents at work).","The G20’s immediate aim should be to build momentum for a successful Summit of the Future by restoring trust through high-level policy discussions on international spillovers, which have the potential to accelerate the SDG progress.",13_2,0_2,,No Relationship
"Targets for trade-related spillovers should cover environmental and social impacts linked to global value chains, such as GHG emissions, air pollution, resource depletion (e.g., material footprints), and labor exploitation (e.g., modern slavery and fatal accidents at work).","Therefore, at the SDG Summit in 2023, heads of state called for accelerated global action towards sustainable development.",13_2,0_3,,No Relationship
"Targets for trade-related spillovers should cover environmental and social impacts linked to global value chains, such as GHG emissions, air pollution, resource depletion (e.g., material footprints), and labor exploitation (e.g., modern slavery and fatal accidents at work).","Several countries (Finland, Iceland, and the Netherlands) have incorporated CBA into their Voluntary National Reviews (VNRs).",13_2,0_4,,No Relationship
"Targets for trade-related spillovers should cover environmental and social impacts linked to global value chains, such as GHG emissions, air pollution, resource depletion (e.g., material footprints), and labor exploitation (e.g., modern slavery and fatal accidents at work).",G20 countries should also track these effects against time-bound quantitative targets to hold themselves accountable for mitigating negative spillovers.,13_2,0_5,,No Relationship
"Targets for trade-related spillovers should cover environmental and social impacts linked to global value chains, such as GHG emissions, air pollution, resource depletion (e.g., material footprints), and labor exploitation (e.g., modern slavery and fatal accidents at work).","The Summit of the Future needs to demonstrate that international cooperation is possible and effective in tackling current global challenges, especially amid lacklustre SDG progress, widespread conflict, and growing polarization and authoritarian trends worldwide.",13_2,0_6,,No Relationship
"Targets for trade-related spillovers should cover environmental and social impacts linked to global value chains, such as GHG emissions, air pollution, resource depletion (e.g., material footprints), and labor exploitation (e.g., modern slavery and fatal accidents at work).","Under a positive scenario, the G20 (especially through its Development Working Group) will be able to foster a high-level policy dialogue on the importance of international spillover effects as an important factor to accelerate the achievement of the SDGs.",13_2,0_7,,No Relationship
"Targets for trade-related spillovers should cover environmental and social impacts linked to global value chains, such as GHG emissions, air pollution, resource depletion (e.g., material footprints), and labor exploitation (e.g., modern slavery and fatal accidents at work).","Under this scenario, the G20 will have included international spillovers in its updated 2030 Agenda Action Plan and agreed on concrete actions to improve the monitoring of spillover effects and on peer learning mechanisms to co-design appropriate policies to address spillover effects.",13_2,0_8,,No Relationship
tackle deforestation,"Assessments show an inverse relationship between domestic SDG progress and the generation of negative spillovers, with high income countries (many G20 countries) having a better performance on the SDGs domestically (higher SDG Index scores), but also more negative impacts abroad (lower International Spillover Index scores).",13_3,0_0,,No Relationship
tackle deforestation,"All countries, and especially the G20 given their combined economic weight, must better understand, monitor and manage their spillovers to allow all countries to meet the SDGs.",13_3,0_1,,No Relationship
tackle deforestation,"The G20’s immediate aim should be to build momentum for a successful Summit of the Future by restoring trust through high-level policy discussions on international spillovers, which have the potential to accelerate the SDG progress.",13_3,0_2,,No Relationship
tackle deforestation,"Therefore, at the SDG Summit in 2023, heads of state called for accelerated global action towards sustainable development.",13_3,0_3,,No Relationship
tackle deforestation,"Several countries (Finland, Iceland, and the Netherlands) have incorporated CBA into their Voluntary National Reviews (VNRs).",13_3,0_4,,No Relationship
tackle deforestation,G20 countries should also track these effects against time-bound quantitative targets to hold themselves accountable for mitigating negative spillovers.,13_3,0_5,,No Relationship
tackle deforestation,"The Summit of the Future needs to demonstrate that international cooperation is possible and effective in tackling current global challenges, especially amid lacklustre SDG progress, widespread conflict, and growing polarization and authoritarian trends worldwide.",13_3,0_6,,No Relationship
tackle deforestation,"Under a positive scenario, the G20 (especially through its Development Working Group) will be able to foster a high-level policy dialogue on the importance of international spillover effects as an important factor to accelerate the achievement of the SDGs.",13_3,0_7,,No Relationship
tackle deforestation,"Under this scenario, the G20 will have included international spillovers in its updated 2030 Agenda Action Plan and agreed on concrete actions to improve the monitoring of spillover effects and on peer learning mechanisms to co-design appropriate policies to address spillover effects.",13_3,0_8,,No Relationship
"The partnership mobilizes stakeholders to facilitate an energy transition, but it will be important that implementation of the JETP addresses the social consequences of decarbonization.","Assessments show an inverse relationship between domestic SDG progress and the generation of negative spillovers, with high income countries (many G20 countries) having a better performance on the SDGs domestically (higher SDG Index scores), but also more negative impacts abroad (lower International Spillover Index scores).",13_4,0_0,,No Relationship
"The partnership mobilizes stakeholders to facilitate an energy transition, but it will be important that implementation of the JETP addresses the social consequences of decarbonization.","All countries, and especially the G20 given their combined economic weight, must better understand, monitor and manage their spillovers to allow all countries to meet the SDGs.",13_4,0_1,,No Relationship
"The partnership mobilizes stakeholders to facilitate an energy transition, but it will be important that implementation of the JETP addresses the social consequences of decarbonization.","The G20’s immediate aim should be to build momentum for a successful Summit of the Future by restoring trust through high-level policy discussions on international spillovers, which have the potential to accelerate the SDG progress.",13_4,0_2,,No Relationship
"The partnership mobilizes stakeholders to facilitate an energy transition, but it will be important that implementation of the JETP addresses the social consequences of decarbonization.","Therefore, at the SDG Summit in 2023, heads of state called for accelerated global action towards sustainable development.",13_4,0_3,,No Relationship
"The partnership mobilizes stakeholders to facilitate an energy transition, but it will be important that implementation of the JETP addresses the social consequences of decarbonization.","Several countries (Finland, Iceland, and the Netherlands) have incorporated CBA into their Voluntary National Reviews (VNRs).",13_4,0_4,,No Relationship
"The partnership mobilizes stakeholders to facilitate an energy transition, but it will be important that implementation of the JETP addresses the social consequences of decarbonization.",G20 countries should also track these effects against time-bound quantitative targets to hold themselves accountable for mitigating negative spillovers.,13_4,0_5,,No Relationship
"The partnership mobilizes stakeholders to facilitate an energy transition, but it will be important that implementation of the JETP addresses the social consequences of decarbonization.","The Summit of the Future needs to demonstrate that international cooperation is possible and effective in tackling current global challenges, especially amid lacklustre SDG progress, widespread conflict, and growing polarization and authoritarian trends worldwide.",13_4,0_6,,No Relationship
"The partnership mobilizes stakeholders to facilitate an energy transition, but it will be important that implementation of the JETP addresses the social consequences of decarbonization.","Under a positive scenario, the G20 (especially through its Development Working Group) will be able to foster a high-level policy dialogue on the importance of international spillover effects as an important factor to accelerate the achievement of the SDGs.",13_4,0_7,,No Relationship
"The partnership mobilizes stakeholders to facilitate an energy transition, but it will be important that implementation of the JETP addresses the social consequences of decarbonization.","Under this scenario, the G20 will have included international spillovers in its updated 2030 Agenda Action Plan and agreed on concrete actions to improve the monitoring of spillover effects and on peer learning mechanisms to co-design appropriate policies to address spillover effects.",13_4,0_8,,No Relationship
"Leveraging its various working groups (such as the working groups on Development, Trade and Investment, Employment, and Climate and Environmental Sustainability), the G20 should lead a dedicated agenda to curb negative spillover effects.","Assessments show an inverse relationship between domestic SDG progress and the generation of negative spillovers, with high income countries (many G20 countries) having a better performance on the SDGs domestically (higher SDG Index scores), but also more negative impacts abroad (lower International Spillover Index scores).",13_5,0_0,,No Relationship
"Leveraging its various working groups (such as the working groups on Development, Trade and Investment, Employment, and Climate and Environmental Sustainability), the G20 should lead a dedicated agenda to curb negative spillover effects.","All countries, and especially the G20 given their combined economic weight, must better understand, monitor and manage their spillovers to allow all countries to meet the SDGs.",13_5,0_1,,No Relationship
"Leveraging its various working groups (such as the working groups on Development, Trade and Investment, Employment, and Climate and Environmental Sustainability), the G20 should lead a dedicated agenda to curb negative spillover effects.","The G20’s immediate aim should be to build momentum for a successful Summit of the Future by restoring trust through high-level policy discussions on international spillovers, which have the potential to accelerate the SDG progress.",13_5,0_2,,No Relationship
"Leveraging its various working groups (such as the working groups on Development, Trade and Investment, Employment, and Climate and Environmental Sustainability), the G20 should lead a dedicated agenda to curb negative spillover effects.","Therefore, at the SDG Summit in 2023, heads of state called for accelerated global action towards sustainable development.",13_5,0_3,,No Relationship
"Leveraging its various working groups (such as the working groups on Development, Trade and Investment, Employment, and Climate and Environmental Sustainability), the G20 should lead a dedicated agenda to curb negative spillover effects.","Several countries (Finland, Iceland, and the Netherlands) have incorporated CBA into their Voluntary National Reviews (VNRs).",13_5,0_4,,No Relationship
"Leveraging its various working groups (such as the working groups on Development, Trade and Investment, Employment, and Climate and Environmental Sustainability), the G20 should lead a dedicated agenda to curb negative spillover effects.",G20 countries should also track these effects against time-bound quantitative targets to hold themselves accountable for mitigating negative spillovers.,13_5,0_5,,No Relationship
"Leveraging its various working groups (such as the working groups on Development, Trade and Investment, Employment, and Climate and Environmental Sustainability), the G20 should lead a dedicated agenda to curb negative spillover effects.","The Summit of the Future needs to demonstrate that international cooperation is possible and effective in tackling current global challenges, especially amid lacklustre SDG progress, widespread conflict, and growing polarization and authoritarian trends worldwide.",13_5,0_6,,No Relationship
"Leveraging its various working groups (such as the working groups on Development, Trade and Investment, Employment, and Climate and Environmental Sustainability), the G20 should lead a dedicated agenda to curb negative spillover effects.","Under a positive scenario, the G20 (especially through its Development Working Group) will be able to foster a high-level policy dialogue on the importance of international spillover effects as an important factor to accelerate the achievement of the SDGs.",13_5,0_7,,No Relationship
"Leveraging its various working groups (such as the working groups on Development, Trade and Investment, Employment, and Climate and Environmental Sustainability), the G20 should lead a dedicated agenda to curb negative spillover effects.","Under this scenario, the G20 will have included international spillovers in its updated 2030 Agenda Action Plan and agreed on concrete actions to improve the monitoring of spillover effects and on peer learning mechanisms to co-design appropriate policies to address spillover effects.",13_5,0_8,,No Relationship
"promoting sustainable forestry (EU FLEGT Facility, 2009).","Assessments show an inverse relationship between domestic SDG progress and the generation of negative spillovers, with high income countries (many G20 countries) having a better performance on the SDGs domestically (higher SDG Index scores), but also more negative impacts abroad (lower International Spillover Index scores).",15_0,0_0,,No Relationship
"promoting sustainable forestry (EU FLEGT Facility, 2009).","All countries, and especially the G20 given their combined economic weight, must better understand, monitor and manage their spillovers to allow all countries to meet the SDGs.",15_0,0_1,,No Relationship
"promoting sustainable forestry (EU FLEGT Facility, 2009).","The G20’s immediate aim should be to build momentum for a successful Summit of the Future by restoring trust through high-level policy discussions on international spillovers, which have the potential to accelerate the SDG progress.",15_0,0_2,,No Relationship
"promoting sustainable forestry (EU FLEGT Facility, 2009).","Therefore, at the SDG Summit in 2023, heads of state called for accelerated global action towards sustainable development.",15_0,0_3,,No Relationship
"promoting sustainable forestry (EU FLEGT Facility, 2009).","Several countries (Finland, Iceland, and the Netherlands) have incorporated CBA into their Voluntary National Reviews (VNRs).",15_0,0_4,,No Relationship
"promoting sustainable forestry (EU FLEGT Facility, 2009).",G20 countries should also track these effects against time-bound quantitative targets to hold themselves accountable for mitigating negative spillovers.,15_0,0_5,,No Relationship
"promoting sustainable forestry (EU FLEGT Facility, 2009).","The Summit of the Future needs to demonstrate that international cooperation is possible and effective in tackling current global challenges, especially amid lacklustre SDG progress, widespread conflict, and growing polarization and authoritarian trends worldwide.",15_0,0_6,,No Relationship
"promoting sustainable forestry (EU FLEGT Facility, 2009).","Under a positive scenario, the G20 (especially through its Development Working Group) will be able to foster a high-level policy dialogue on the importance of international spillover effects as an important factor to accelerate the achievement of the SDGs.",15_0,0_7,,No Relationship
"promoting sustainable forestry (EU FLEGT Facility, 2009).","Under this scenario, the G20 will have included international spillovers in its updated 2030 Agenda Action Plan and agreed on concrete actions to improve the monitoring of spillover effects and on peer learning mechanisms to co-design appropriate policies to address spillover effects.",15_0,0_8,,No Relationship
"assurance systems push exporting countries to improve their forest management practices, promoting sustainable forestry (EU FLEGT Facility, 2009).","Assessments show an inverse relationship between domestic SDG progress and the generation of negative spillovers, with high income countries (many G20 countries) having a better performance on the SDGs domestically (higher SDG Index scores), but also more negative impacts abroad (lower International Spillover Index scores).",15_1,0_0,,No Relationship
"assurance systems push exporting countries to improve their forest management practices, promoting sustainable forestry (EU FLEGT Facility, 2009).","All countries, and especially the G20 given their combined economic weight, must better understand, monitor and manage their spillovers to allow all countries to meet the SDGs.",15_1,0_1,,No Relationship
"assurance systems push exporting countries to improve their forest management practices, promoting sustainable forestry (EU FLEGT Facility, 2009).","The G20’s immediate aim should be to build momentum for a successful Summit of the Future by restoring trust through high-level policy discussions on international spillovers, which have the potential to accelerate the SDG progress.",15_1,0_2,,No Relationship
"assurance systems push exporting countries to improve their forest management practices, promoting sustainable forestry (EU FLEGT Facility, 2009).","Therefore, at the SDG Summit in 2023, heads of state called for accelerated global action towards sustainable development.",15_1,0_3,,No Relationship
"assurance systems push exporting countries to improve their forest management practices, promoting sustainable forestry (EU FLEGT Facility, 2009).","Several countries (Finland, Iceland, and the Netherlands) have incorporated CBA into their Voluntary National Reviews (VNRs).",15_1,0_4,,No Relationship
"assurance systems push exporting countries to improve their forest management practices, promoting sustainable forestry (EU FLEGT Facility, 2009).",G20 countries should also track these effects against time-bound quantitative targets to hold themselves accountable for mitigating negative spillovers.,15_1,0_5,,No Relationship
"assurance systems push exporting countries to improve their forest management practices, promoting sustainable forestry (EU FLEGT Facility, 2009).","The Summit of the Future needs to demonstrate that international cooperation is possible and effective in tackling current global challenges, especially amid lacklustre SDG progress, widespread conflict, and growing polarization and authoritarian trends worldwide.",15_1,0_6,,No Relationship
"assurance systems push exporting countries to improve their forest management practices, promoting sustainable forestry (EU FLEGT Facility, 2009).","Under a positive scenario, the G20 (especially through its Development Working Group) will be able to foster a high-level policy dialogue on the importance of international spillover effects as an important factor to accelerate the achievement of the SDGs.",15_1,0_7,,No Relationship
"assurance systems push exporting countries to improve their forest management practices, promoting sustainable forestry (EU FLEGT Facility, 2009).","Under this scenario, the G20 will have included international spillovers in its updated 2030 Agenda Action Plan and agreed on concrete actions to improve the monitoring of spillover effects and on peer learning mechanisms to co-design appropriate policies to address spillover effects.",15_1,0_8,,No Relationship
"Assessments show an inverse relationship between domestic SDG progress and the generation of negative spillovers, with high income countries (many G20 countries) having a better performance on the SDGs domestically (higher SDG Index scores), but also more negative impacts abroad (lower International Spillover Index scores).","especially amid lacklustre SDG progress, widespread conflict, and growing polarization and authoritarian trends worldwide.",0_0,16_0,,No Relationship
"All countries, and especially the G20 given their combined economic weight, must better understand, monitor and manage their spillovers to allow all countries to meet the SDGs.","especially amid lacklustre SDG progress, widespread conflict, and growing polarization and authoritarian trends worldwide.",0_1,16_0,,No Relationship
"The G20’s immediate aim should be to build momentum for a successful Summit of the Future by restoring trust through high-level policy discussions on international spillovers, which have the potential to accelerate the SDG progress.","especially amid lacklustre SDG progress, widespread conflict, and growing polarization and authoritarian trends worldwide.",0_2,16_0,,No Relationship
"Therefore, at the SDG Summit in 2023, heads of state called for accelerated global action towards sustainable development.","especially amid lacklustre SDG progress, widespread conflict, and growing polarization and authoritarian trends worldwide.",0_3,16_0,,No Relationship
"Several countries (Finland, Iceland, and the Netherlands) have incorporated CBA into their Voluntary National Reviews (VNRs).","especially amid lacklustre SDG progress, widespread conflict, and growing polarization and authoritarian trends worldwide.",0_4,16_0,,No Relationship
G20 countries should also track these effects against time-bound quantitative targets to hold themselves accountable for mitigating negative spillovers.,"especially amid lacklustre SDG progress, widespread conflict, and growing polarization and authoritarian trends worldwide.",0_5,16_0,,No Relationship
"The Summit of the Future needs to demonstrate that international cooperation is possible and effective in tackling current global challenges, especially amid lacklustre SDG progress, widespread conflict, and growing polarization and authoritarian trends worldwide.","especially amid lacklustre SDG progress, widespread conflict, and growing polarization and authoritarian trends worldwide.",0_6,16_0,,No Relationship
"Under a positive scenario, the G20 (especially through its Development Working Group) will be able to foster a high-level policy dialogue on the importance of international spillover effects as an important factor to accelerate the achievement of the SDGs.","especially amid lacklustre SDG progress, widespread conflict, and growing polarization and authoritarian trends worldwide.",0_7,16_0,,No Relationship
"Under this scenario, the G20 will have included international spillovers in its updated 2030 Agenda Action Plan and agreed on concrete actions to improve the monitoring of spillover effects and on peer learning mechanisms to co-design appropriate policies to address spillover effects.","especially amid lacklustre SDG progress, widespread conflict, and growing polarization and authoritarian trends worldwide.",0_8,16_0,,No Relationship
Establish inclusive processes that bring together stakeholders to co-develop multilateral policies and partnerships;,"Assessments show an inverse relationship between domestic SDG progress and the generation of negative spillovers, with high income countries (many G20 countries) having a better performance on the SDGs domestically (higher SDG Index scores), but also more negative impacts abroad (lower International Spillover Index scores).",17_0,0_0,,No Relationship
Establish inclusive processes that bring together stakeholders to co-develop multilateral policies and partnerships;,"All countries, and especially the G20 given their combined economic weight, must better understand, monitor and manage their spillovers to allow all countries to meet the SDGs.",17_0,0_1,,No Relationship
Establish inclusive processes that bring together stakeholders to co-develop multilateral policies and partnerships;,"The G20’s immediate aim should be to build momentum for a successful Summit of the Future by restoring trust through high-level policy discussions on international spillovers, which have the potential to accelerate the SDG progress.",17_0,0_2,,No Relationship
Establish inclusive processes that bring together stakeholders to co-develop multilateral policies and partnerships;,"Therefore, at the SDG Summit in 2023, heads of state called for accelerated global action towards sustainable development.",17_0,0_3,,No Relationship
Establish inclusive processes that bring together stakeholders to co-develop multilateral policies and partnerships;,"Several countries (Finland, Iceland, and the Netherlands) have incorporated CBA into their Voluntary National Reviews (VNRs).",17_0,0_4,,No Relationship
Establish inclusive processes that bring together stakeholders to co-develop multilateral policies and partnerships;,G20 countries should also track these effects against time-bound quantitative targets to hold themselves accountable for mitigating negative spillovers.,17_0,0_5,,No Relationship
Establish inclusive processes that bring together stakeholders to co-develop multilateral policies and partnerships;,"The Summit of the Future needs to demonstrate that international cooperation is possible and effective in tackling current global challenges, especially amid lacklustre SDG progress, widespread conflict, and growing polarization and authoritarian trends worldwide.",17_0,0_6,,No Relationship
Establish inclusive processes that bring together stakeholders to co-develop multilateral policies and partnerships;,"Under a positive scenario, the G20 (especially through its Development Working Group) will be able to foster a high-level policy dialogue on the importance of international spillover effects as an important factor to accelerate the achievement of the SDGs.",17_0,0_7,,No Relationship
Establish inclusive processes that bring together stakeholders to co-develop multilateral policies and partnerships;,"Under this scenario, the G20 will have included international spillovers in its updated 2030 Agenda Action Plan and agreed on concrete actions to improve the monitoring of spillover effects and on peer learning mechanisms to co-design appropriate policies to address spillover effects.",17_0,0_8,,No Relationship
"These externalities, or spillovers, must be understood, monitored, and managed effectively through actions by the countries causing them and through international partnerships.","Assessments show an inverse relationship between domestic SDG progress and the generation of negative spillovers, with high income countries (many G20 countries) having a better performance on the SDGs domestically (higher SDG Index scores), but also more negative impacts abroad (lower International Spillover Index scores).",17_1,0_0,,No Relationship
"These externalities, or spillovers, must be understood, monitored, and managed effectively through actions by the countries causing them and through international partnerships.","All countries, and especially the G20 given their combined economic weight, must better understand, monitor and manage their spillovers to allow all countries to meet the SDGs.",17_1,0_1,,No Relationship
"These externalities, or spillovers, must be understood, monitored, and managed effectively through actions by the countries causing them and through international partnerships.","The G20’s immediate aim should be to build momentum for a successful Summit of the Future by restoring trust through high-level policy discussions on international spillovers, which have the potential to accelerate the SDG progress.",17_1,0_2,,No Relationship
"These externalities, or spillovers, must be understood, monitored, and managed effectively through actions by the countries causing them and through international partnerships.","Therefore, at the SDG Summit in 2023, heads of state called for accelerated global action towards sustainable development.",17_1,0_3,,No Relationship
"These externalities, or spillovers, must be understood, monitored, and managed effectively through actions by the countries causing them and through international partnerships.","Several countries (Finland, Iceland, and the Netherlands) have incorporated CBA into their Voluntary National Reviews (VNRs).",17_1,0_4,,No Relationship
"These externalities, or spillovers, must be understood, monitored, and managed effectively through actions by the countries causing them and through international partnerships.",G20 countries should also track these effects against time-bound quantitative targets to hold themselves accountable for mitigating negative spillovers.,17_1,0_5,,No Relationship
"These externalities, or spillovers, must be understood, monitored, and managed effectively through actions by the countries causing them and through international partnerships.","The Summit of the Future needs to demonstrate that international cooperation is possible and effective in tackling current global challenges, especially amid lacklustre SDG progress, widespread conflict, and growing polarization and authoritarian trends worldwide.",17_1,0_6,,No Relationship
"These externalities, or spillovers, must be understood, monitored, and managed effectively through actions by the countries causing them and through international partnerships.","Under a positive scenario, the G20 (especially through its Development Working Group) will be able to foster a high-level policy dialogue on the importance of international spillover effects as an important factor to accelerate the achievement of the SDGs.",17_1,0_7,,No Relationship
"These externalities, or spillovers, must be understood, monitored, and managed effectively through actions by the countries causing them and through international partnerships.","Under this scenario, the G20 will have included international spillovers in its updated 2030 Agenda Action Plan and agreed on concrete actions to improve the monitoring of spillover effects and on peer learning mechanisms to co-design appropriate policies to address spillover effects.",17_1,0_8,,No Relationship
"The G20, as a high-level forum bringing together major economies, the European Union and (as of last year) the African Union, is ideally placed to address this issue.","Assessments show an inverse relationship between domestic SDG progress and the generation of negative spillovers, with high income countries (many G20 countries) having a better performance on the SDGs domestically (higher SDG Index scores), but also more negative impacts abroad (lower International Spillover Index scores).",17_2,0_0,,No Relationship
"The G20, as a high-level forum bringing together major economies, the European Union and (as of last year) the African Union, is ideally placed to address this issue.","All countries, and especially the G20 given their combined economic weight, must better understand, monitor and manage their spillovers to allow all countries to meet the SDGs.",17_2,0_1,,No Relationship
"The G20, as a high-level forum bringing together major economies, the European Union and (as of last year) the African Union, is ideally placed to address this issue.","The G20’s immediate aim should be to build momentum for a successful Summit of the Future by restoring trust through high-level policy discussions on international spillovers, which have the potential to accelerate the SDG progress.",17_2,0_2,,No Relationship
"The G20, as a high-level forum bringing together major economies, the European Union and (as of last year) the African Union, is ideally placed to address this issue.","Therefore, at the SDG Summit in 2023, heads of state called for accelerated global action towards sustainable development.",17_2,0_3,,No Relationship
"The G20, as a high-level forum bringing together major economies, the European Union and (as of last year) the African Union, is ideally placed to address this issue.","Several countries (Finland, Iceland, and the Netherlands) have incorporated CBA into their Voluntary National Reviews (VNRs).",17_2,0_4,,No Relationship
"The G20, as a high-level forum bringing together major economies, the European Union and (as of last year) the African Union, is ideally placed to address this issue.",G20 countries should also track these effects against time-bound quantitative targets to hold themselves accountable for mitigating negative spillovers.,17_2,0_5,,No Relationship
"The G20, as a high-level forum bringing together major economies, the European Union and (as of last year) the African Union, is ideally placed to address this issue.","The Summit of the Future needs to demonstrate that international cooperation is possible and effective in tackling current global challenges, especially amid lacklustre SDG progress, widespread conflict, and growing polarization and authoritarian trends worldwide.",17_2,0_6,,No Relationship
"The G20, as a high-level forum bringing together major economies, the European Union and (as of last year) the African Union, is ideally placed to address this issue.","Under a positive scenario, the G20 (especially through its Development Working Group) will be able to foster a high-level policy dialogue on the importance of international spillover effects as an important factor to accelerate the achievement of the SDGs.",17_2,0_7,,No Relationship
"The G20, as a high-level forum bringing together major economies, the European Union and (as of last year) the African Union, is ideally placed to address this issue.","Under this scenario, the G20 will have included international spillovers in its updated 2030 Agenda Action Plan and agreed on concrete actions to improve the monitoring of spillover effects and on peer learning mechanisms to co-design appropriate policies to address spillover effects.",17_2,0_8,,No Relationship
"Ultimately, curbing negative spillovers requires multilateral solutions, especially between resource-rich and labor-rich countries with high income consumer countries.","Assessments show an inverse relationship between domestic SDG progress and the generation of negative spillovers, with high income countries (many G20 countries) having a better performance on the SDGs domestically (higher SDG Index scores), but also more negative impacts abroad (lower International Spillover Index scores).",17_3,0_0,,No Relationship
"Ultimately, curbing negative spillovers requires multilateral solutions, especially between resource-rich and labor-rich countries with high income consumer countries.","All countries, and especially the G20 given their combined economic weight, must better understand, monitor and manage their spillovers to allow all countries to meet the SDGs.",17_3,0_1,,No Relationship
"Ultimately, curbing negative spillovers requires multilateral solutions, especially between resource-rich and labor-rich countries with high income consumer countries.","The G20’s immediate aim should be to build momentum for a successful Summit of the Future by restoring trust through high-level policy discussions on international spillovers, which have the potential to accelerate the SDG progress.",17_3,0_2,,No Relationship
"Ultimately, curbing negative spillovers requires multilateral solutions, especially between resource-rich and labor-rich countries with high income consumer countries.","Therefore, at the SDG Summit in 2023, heads of state called for accelerated global action towards sustainable development.",17_3,0_3,,No Relationship
"Ultimately, curbing negative spillovers requires multilateral solutions, especially between resource-rich and labor-rich countries with high income consumer countries.","Several countries (Finland, Iceland, and the Netherlands) have incorporated CBA into their Voluntary National Reviews (VNRs).",17_3,0_4,,No Relationship
"Ultimately, curbing negative spillovers requires multilateral solutions, especially between resource-rich and labor-rich countries with high income consumer countries.",G20 countries should also track these effects against time-bound quantitative targets to hold themselves accountable for mitigating negative spillovers.,17_3,0_5,,No Relationship
"Ultimately, curbing negative spillovers requires multilateral solutions, especially between resource-rich and labor-rich countries with high income consumer countries.","The Summit of the Future needs to demonstrate that international cooperation is possible and effective in tackling current global challenges, especially amid lacklustre SDG progress, widespread conflict, and growing polarization and authoritarian trends worldwide.",17_3,0_6,,No Relationship
"Ultimately, curbing negative spillovers requires multilateral solutions, especially between resource-rich and labor-rich countries with high income consumer countries.","Under a positive scenario, the G20 (especially through its Development Working Group) will be able to foster a high-level policy dialogue on the importance of international spillover effects as an important factor to accelerate the achievement of the SDGs.",17_3,0_7,,No Relationship
"Ultimately, curbing negative spillovers requires multilateral solutions, especially between resource-rich and labor-rich countries with high income consumer countries.","Under this scenario, the G20 will have included international spillovers in its updated 2030 Agenda Action Plan and agreed on concrete actions to improve the monitoring of spillover effects and on peer learning mechanisms to co-design appropriate policies to address spillover effects.",17_3,0_8,,No Relationship
2) Establish inclusive processes that bring together stakeholders to co-develop multilateral policies and partnerships;,"Assessments show an inverse relationship between domestic SDG progress and the generation of negative spillovers, with high income countries (many G20 countries) having a better performance on the SDGs domestically (higher SDG Index scores), but also more negative impacts abroad (lower International Spillover Index scores).",17_4,0_0,,No Relationship
2) Establish inclusive processes that bring together stakeholders to co-develop multilateral policies and partnerships;,"All countries, and especially the G20 given their combined economic weight, must better understand, monitor and manage their spillovers to allow all countries to meet the SDGs.",17_4,0_1,,No Relationship
2) Establish inclusive processes that bring together stakeholders to co-develop multilateral policies and partnerships;,"The G20’s immediate aim should be to build momentum for a successful Summit of the Future by restoring trust through high-level policy discussions on international spillovers, which have the potential to accelerate the SDG progress.",17_4,0_2,,No Relationship
2) Establish inclusive processes that bring together stakeholders to co-develop multilateral policies and partnerships;,"Therefore, at the SDG Summit in 2023, heads of state called for accelerated global action towards sustainable development.",17_4,0_3,,No Relationship
2) Establish inclusive processes that bring together stakeholders to co-develop multilateral policies and partnerships;,"Several countries (Finland, Iceland, and the Netherlands) have incorporated CBA into their Voluntary National Reviews (VNRs).",17_4,0_4,,No Relationship
2) Establish inclusive processes that bring together stakeholders to co-develop multilateral policies and partnerships;,G20 countries should also track these effects against time-bound quantitative targets to hold themselves accountable for mitigating negative spillovers.,17_4,0_5,,No Relationship
2) Establish inclusive processes that bring together stakeholders to co-develop multilateral policies and partnerships;,"The Summit of the Future needs to demonstrate that international cooperation is possible and effective in tackling current global challenges, especially amid lacklustre SDG progress, widespread conflict, and growing polarization and authoritarian trends worldwide.",17_4,0_6,,No Relationship
2) Establish inclusive processes that bring together stakeholders to co-develop multilateral policies and partnerships;,"Under a positive scenario, the G20 (especially through its Development Working Group) will be able to foster a high-level policy dialogue on the importance of international spillover effects as an important factor to accelerate the achievement of the SDGs.",17_4,0_7,,No Relationship
2) Establish inclusive processes that bring together stakeholders to co-develop multilateral policies and partnerships;,"Under this scenario, the G20 will have included international spillovers in its updated 2030 Agenda Action Plan and agreed on concrete actions to improve the monitoring of spillover effects and on peer learning mechanisms to co-design appropriate policies to address spillover effects.",17_4,0_8,,No Relationship
"This is consistent with SDG target 17.19, which calls for supporting statistical capacity building in developing countries and tracks, via indicator 17.19.1, financial assistance to developing countries for this purpose.","Assessments show an inverse relationship between domestic SDG progress and the generation of negative spillovers, with high income countries (many G20 countries) having a better performance on the SDGs domestically (higher SDG Index scores), but also more negative impacts abroad (lower International Spillover Index scores).",17_5,0_0,,No Relationship
"This is consistent with SDG target 17.19, which calls for supporting statistical capacity building in developing countries and tracks, via indicator 17.19.1, financial assistance to developing countries for this purpose.","All countries, and especially the G20 given their combined economic weight, must better understand, monitor and manage their spillovers to allow all countries to meet the SDGs.",17_5,0_1,,No Relationship
"This is consistent with SDG target 17.19, which calls for supporting statistical capacity building in developing countries and tracks, via indicator 17.19.1, financial assistance to developing countries for this purpose.","The G20’s immediate aim should be to build momentum for a successful Summit of the Future by restoring trust through high-level policy discussions on international spillovers, which have the potential to accelerate the SDG progress.",17_5,0_2,,No Relationship
"This is consistent with SDG target 17.19, which calls for supporting statistical capacity building in developing countries and tracks, via indicator 17.19.1, financial assistance to developing countries for this purpose.","Therefore, at the SDG Summit in 2023, heads of state called for accelerated global action towards sustainable development.",17_5,0_3,,No Relationship
"This is consistent with SDG target 17.19, which calls for supporting statistical capacity building in developing countries and tracks, via indicator 17.19.1, financial assistance to developing countries for this purpose.","Several countries (Finland, Iceland, and the Netherlands) have incorporated CBA into their Voluntary National Reviews (VNRs).",17_5,0_4,,No Relationship
"This is consistent with SDG target 17.19, which calls for supporting statistical capacity building in developing countries and tracks, via indicator 17.19.1, financial assistance to developing countries for this purpose.",G20 countries should also track these effects against time-bound quantitative targets to hold themselves accountable for mitigating negative spillovers.,17_5,0_5,,No Relationship
"This is consistent with SDG target 17.19, which calls for supporting statistical capacity building in developing countries and tracks, via indicator 17.19.1, financial assistance to developing countries for this purpose.","The Summit of the Future needs to demonstrate that international cooperation is possible and effective in tackling current global challenges, especially amid lacklustre SDG progress, widespread conflict, and growing polarization and authoritarian trends worldwide.",17_5,0_6,,No Relationship
"This is consistent with SDG target 17.19, which calls for supporting statistical capacity building in developing countries and tracks, via indicator 17.19.1, financial assistance to developing countries for this purpose.","Under a positive scenario, the G20 (especially through its Development Working Group) will be able to foster a high-level policy dialogue on the importance of international spillover effects as an important factor to accelerate the achievement of the SDGs.",17_5,0_7,,No Relationship
"This is consistent with SDG target 17.19, which calls for supporting statistical capacity building in developing countries and tracks, via indicator 17.19.1, financial assistance to developing countries for this purpose.","Under this scenario, the G20 will have included international spillovers in its updated 2030 Agenda Action Plan and agreed on concrete actions to improve the monitoring of spillover effects and on peer learning mechanisms to co-design appropriate policies to address spillover effects.",17_5,0_8,,No Relationship
"The G20 should, therefore, create and support new inclusive platforms and partnerships to ensure that production processes include robust safeguards to protect the environment and human rights.","Assessments show an inverse relationship between domestic SDG progress and the generation of negative spillovers, with high income countries (many G20 countries) having a better performance on the SDGs domestically (higher SDG Index scores), but also more negative impacts abroad (lower International Spillover Index scores).",17_6,0_0,,No Relationship
"The G20 should, therefore, create and support new inclusive platforms and partnerships to ensure that production processes include robust safeguards to protect the environment and human rights.","All countries, and especially the G20 given their combined economic weight, must better understand, monitor and manage their spillovers to allow all countries to meet the SDGs.",17_6,0_1,,No Relationship
"The G20 should, therefore, create and support new inclusive platforms and partnerships to ensure that production processes include robust safeguards to protect the environment and human rights.","The G20’s immediate aim should be to build momentum for a successful Summit of the Future by restoring trust through high-level policy discussions on international spillovers, which have the potential to accelerate the SDG progress.",17_6,0_2,,No Relationship
"The G20 should, therefore, create and support new inclusive platforms and partnerships to ensure that production processes include robust safeguards to protect the environment and human rights.","Therefore, at the SDG Summit in 2023, heads of state called for accelerated global action towards sustainable development.",17_6,0_3,,No Relationship
"The G20 should, therefore, create and support new inclusive platforms and partnerships to ensure that production processes include robust safeguards to protect the environment and human rights.","Several countries (Finland, Iceland, and the Netherlands) have incorporated CBA into their Voluntary National Reviews (VNRs).",17_6,0_4,,No Relationship
"The G20 should, therefore, create and support new inclusive platforms and partnerships to ensure that production processes include robust safeguards to protect the environment and human rights.",G20 countries should also track these effects against time-bound quantitative targets to hold themselves accountable for mitigating negative spillovers.,17_6,0_5,,No Relationship
"The G20 should, therefore, create and support new inclusive platforms and partnerships to ensure that production processes include robust safeguards to protect the environment and human rights.","The Summit of the Future needs to demonstrate that international cooperation is possible and effective in tackling current global challenges, especially amid lacklustre SDG progress, widespread conflict, and growing polarization and authoritarian trends worldwide.",17_6,0_6,,No Relationship
"The G20 should, therefore, create and support new inclusive platforms and partnerships to ensure that production processes include robust safeguards to protect the environment and human rights.","Under a positive scenario, the G20 (especially through its Development Working Group) will be able to foster a high-level policy dialogue on the importance of international spillover effects as an important factor to accelerate the achievement of the SDGs.",17_6,0_7,,No Relationship
"The G20 should, therefore, create and support new inclusive platforms and partnerships to ensure that production processes include robust safeguards to protect the environment and human rights.","Under this scenario, the G20 will have included international spillovers in its updated 2030 Agenda Action Plan and agreed on concrete actions to improve the monitoring of spillover effects and on peer learning mechanisms to co-design appropriate policies to address spillover effects.",17_6,0_8,,No Relationship
The Just Energy Transition Partnerships (JETPs) are another example of new forms of international collaboration.,"Assessments show an inverse relationship between domestic SDG progress and the generation of negative spillovers, with high income countries (many G20 countries) having a better performance on the SDGs domestically (higher SDG Index scores), but also more negative impacts abroad (lower International Spillover Index scores).",17_7,0_0,,No Relationship
The Just Energy Transition Partnerships (JETPs) are another example of new forms of international collaboration.,"All countries, and especially the G20 given their combined economic weight, must better understand, monitor and manage their spillovers to allow all countries to meet the SDGs.",17_7,0_1,,No Relationship
The Just Energy Transition Partnerships (JETPs) are another example of new forms of international collaboration.,"The G20’s immediate aim should be to build momentum for a successful Summit of the Future by restoring trust through high-level policy discussions on international spillovers, which have the potential to accelerate the SDG progress.",17_7,0_2,,No Relationship
The Just Energy Transition Partnerships (JETPs) are another example of new forms of international collaboration.,"Therefore, at the SDG Summit in 2023, heads of state called for accelerated global action towards sustainable development.",17_7,0_3,,No Relationship
The Just Energy Transition Partnerships (JETPs) are another example of new forms of international collaboration.,"Several countries (Finland, Iceland, and the Netherlands) have incorporated CBA into their Voluntary National Reviews (VNRs).",17_7,0_4,,No Relationship
The Just Energy Transition Partnerships (JETPs) are another example of new forms of international collaboration.,G20 countries should also track these effects against time-bound quantitative targets to hold themselves accountable for mitigating negative spillovers.,17_7,0_5,,No Relationship
The Just Energy Transition Partnerships (JETPs) are another example of new forms of international collaboration.,"The Summit of the Future needs to demonstrate that international cooperation is possible and effective in tackling current global challenges, especially amid lacklustre SDG progress, widespread conflict, and growing polarization and authoritarian trends worldwide.",17_7,0_6,,No Relationship
The Just Energy Transition Partnerships (JETPs) are another example of new forms of international collaboration.,"Under a positive scenario, the G20 (especially through its Development Working Group) will be able to foster a high-level policy dialogue on the importance of international spillover effects as an important factor to accelerate the achievement of the SDGs.",17_7,0_7,,No Relationship
The Just Energy Transition Partnerships (JETPs) are another example of new forms of international collaboration.,"Under this scenario, the G20 will have included international spillovers in its updated 2030 Agenda Action Plan and agreed on concrete actions to improve the monitoring of spillover effects and on peer learning mechanisms to co-design appropriate policies to address spillover effects.",17_7,0_8,,No Relationship
"The partnership mobilizes stakeholders to facilitate an energy transition, but it will be important that implementation of the JETP addresses the social consequences of decarbonization.","Assessments show an inverse relationship between domestic SDG progress and the generation of negative spillovers, with high income countries (many G20 countries) having a better performance on the SDGs domestically (higher SDG Index scores), but also more negative impacts abroad (lower International Spillover Index scores).",17_8,0_0,,No Relationship
"The partnership mobilizes stakeholders to facilitate an energy transition, but it will be important that implementation of the JETP addresses the social consequences of decarbonization.","All countries, and especially the G20 given their combined economic weight, must better understand, monitor and manage their spillovers to allow all countries to meet the SDGs.",17_8,0_1,,No Relationship
"The partnership mobilizes stakeholders to facilitate an energy transition, but it will be important that implementation of the JETP addresses the social consequences of decarbonization.","The G20’s immediate aim should be to build momentum for a successful Summit of the Future by restoring trust through high-level policy discussions on international spillovers, which have the potential to accelerate the SDG progress.",17_8,0_2,,No Relationship
"The partnership mobilizes stakeholders to facilitate an energy transition, but it will be important that implementation of the JETP addresses the social consequences of decarbonization.","Therefore, at the SDG Summit in 2023, heads of state called for accelerated global action towards sustainable development.",17_8,0_3,,No Relationship
"The partnership mobilizes stakeholders to facilitate an energy transition, but it will be important that implementation of the JETP addresses the social consequences of decarbonization.","Several countries (Finland, Iceland, and the Netherlands) have incorporated CBA into their Voluntary National Reviews (VNRs).",17_8,0_4,,No Relationship
"The partnership mobilizes stakeholders to facilitate an energy transition, but it will be important that implementation of the JETP addresses the social consequences of decarbonization.",G20 countries should also track these effects against time-bound quantitative targets to hold themselves accountable for mitigating negative spillovers.,17_8,0_5,,No Relationship
"The partnership mobilizes stakeholders to facilitate an energy transition, but it will be important that implementation of the JETP addresses the social consequences of decarbonization.","The Summit of the Future needs to demonstrate that international cooperation is possible and effective in tackling current global challenges, especially amid lacklustre SDG progress, widespread conflict, and growing polarization and authoritarian trends worldwide.",17_8,0_6,,No Relationship
"The partnership mobilizes stakeholders to facilitate an energy transition, but it will be important that implementation of the JETP addresses the social consequences of decarbonization.","Under a positive scenario, the G20 (especially through its Development Working Group) will be able to foster a high-level policy dialogue on the importance of international spillover effects as an important factor to accelerate the achievement of the SDGs.",17_8,0_7,,No Relationship
"The partnership mobilizes stakeholders to facilitate an energy transition, but it will be important that implementation of the JETP addresses the social consequences of decarbonization.","Under this scenario, the G20 will have included international spillovers in its updated 2030 Agenda Action Plan and agreed on concrete actions to improve the monitoring of spillover effects and on peer learning mechanisms to co-design appropriate policies to address spillover effects.",17_8,0_8,,No Relationship
"Beyond these two examples for voluntary partnerships, it is important to establish platforms for exchange and peer learning on the design of policy tools between countries causing and affected by spillover effects.","Assessments show an inverse relationship between domestic SDG progress and the generation of negative spillovers, with high income countries (many G20 countries) having a better performance on the SDGs domestically (higher SDG Index scores), but also more negative impacts abroad (lower International Spillover Index scores).",17_9,0_0,,No Relationship
"Beyond these two examples for voluntary partnerships, it is important to establish platforms for exchange and peer learning on the design of policy tools between countries causing and affected by spillover effects.","All countries, and especially the G20 given their combined economic weight, must better understand, monitor and manage their spillovers to allow all countries to meet the SDGs.",17_9,0_1,,No Relationship
"Beyond these two examples for voluntary partnerships, it is important to establish platforms for exchange and peer learning on the design of policy tools between countries causing and affected by spillover effects.","The G20’s immediate aim should be to build momentum for a successful Summit of the Future by restoring trust through high-level policy discussions on international spillovers, which have the potential to accelerate the SDG progress.",17_9,0_2,,No Relationship
"Beyond these two examples for voluntary partnerships, it is important to establish platforms for exchange and peer learning on the design of policy tools between countries causing and affected by spillover effects.","Therefore, at the SDG Summit in 2023, heads of state called for accelerated global action towards sustainable development.",17_9,0_3,,No Relationship
"Beyond these two examples for voluntary partnerships, it is important to establish platforms for exchange and peer learning on the design of policy tools between countries causing and affected by spillover effects.","Several countries (Finland, Iceland, and the Netherlands) have incorporated CBA into their Voluntary National Reviews (VNRs).",17_9,0_4,,No Relationship
"Beyond these two examples for voluntary partnerships, it is important to establish platforms for exchange and peer learning on the design of policy tools between countries causing and affected by spillover effects.",G20 countries should also track these effects against time-bound quantitative targets to hold themselves accountable for mitigating negative spillovers.,17_9,0_5,,No Relationship
"Beyond these two examples for voluntary partnerships, it is important to establish platforms for exchange and peer learning on the design of policy tools between countries causing and affected by spillover effects.","The Summit of the Future needs to demonstrate that international cooperation is possible and effective in tackling current global challenges, especially amid lacklustre SDG progress, widespread conflict, and growing polarization and authoritarian trends worldwide.",17_9,0_6,,No Relationship
"Beyond these two examples for voluntary partnerships, it is important to establish platforms for exchange and peer learning on the design of policy tools between countries causing and affected by spillover effects.","Under a positive scenario, the G20 (especially through its Development Working Group) will be able to foster a high-level policy dialogue on the importance of international spillover effects as an important factor to accelerate the achievement of the SDGs.",17_9,0_7,,No Relationship
"Beyond these two examples for voluntary partnerships, it is important to establish platforms for exchange and peer learning on the design of policy tools between countries causing and affected by spillover effects.","Under this scenario, the G20 will have included international spillovers in its updated 2030 Agenda Action Plan and agreed on concrete actions to improve the monitoring of spillover effects and on peer learning mechanisms to co-design appropriate policies to address spillover effects.",17_9,0_8,,No Relationship
"Leveraging its various working groups (such as the working groups on Development, Trade and Investment, Employment, and Climate and Environmental Sustainability), the G20 should lead a dedicated agenda to curb negative spillover effects.","Assessments show an inverse relationship between domestic SDG progress and the generation of negative spillovers, with high income countries (many G20 countries) having a better performance on the SDGs domestically (higher SDG Index scores), but also more negative impacts abroad (lower International Spillover Index scores).",17_10,0_0,,No Relationship
"Leveraging its various working groups (such as the working groups on Development, Trade and Investment, Employment, and Climate and Environmental Sustainability), the G20 should lead a dedicated agenda to curb negative spillover effects.","All countries, and especially the G20 given their combined economic weight, must better understand, monitor and manage their spillovers to allow all countries to meet the SDGs.",17_10,0_1,,No Relationship
"Leveraging its various working groups (such as the working groups on Development, Trade and Investment, Employment, and Climate and Environmental Sustainability), the G20 should lead a dedicated agenda to curb negative spillover effects.","The G20’s immediate aim should be to build momentum for a successful Summit of the Future by restoring trust through high-level policy discussions on international spillovers, which have the potential to accelerate the SDG progress.",17_10,0_2,,No Relationship
"Leveraging its various working groups (such as the working groups on Development, Trade and Investment, Employment, and Climate and Environmental Sustainability), the G20 should lead a dedicated agenda to curb negative spillover effects.","Therefore, at the SDG Summit in 2023, heads of state called for accelerated global action towards sustainable development.",17_10,0_3,,No Relationship
"Leveraging its various working groups (such as the working groups on Development, Trade and Investment, Employment, and Climate and Environmental Sustainability), the G20 should lead a dedicated agenda to curb negative spillover effects.","Several countries (Finland, Iceland, and the Netherlands) have incorporated CBA into their Voluntary National Reviews (VNRs).",17_10,0_4,,No Relationship
"Leveraging its various working groups (such as the working groups on Development, Trade and Investment, Employment, and Climate and Environmental Sustainability), the G20 should lead a dedicated agenda to curb negative spillover effects.",G20 countries should also track these effects against time-bound quantitative targets to hold themselves accountable for mitigating negative spillovers.,17_10,0_5,,No Relationship
"Leveraging its various working groups (such as the working groups on Development, Trade and Investment, Employment, and Climate and Environmental Sustainability), the G20 should lead a dedicated agenda to curb negative spillover effects.","The Summit of the Future needs to demonstrate that international cooperation is possible and effective in tackling current global challenges, especially amid lacklustre SDG progress, widespread conflict, and growing polarization and authoritarian trends worldwide.",17_10,0_6,,No Relationship
"Leveraging its various working groups (such as the working groups on Development, Trade and Investment, Employment, and Climate and Environmental Sustainability), the G20 should lead a dedicated agenda to curb negative spillover effects.","Under a positive scenario, the G20 (especially through its Development Working Group) will be able to foster a high-level policy dialogue on the importance of international spillover effects as an important factor to accelerate the achievement of the SDGs.",17_10,0_7,,No Relationship
"Leveraging its various working groups (such as the working groups on Development, Trade and Investment, Employment, and Climate and Environmental Sustainability), the G20 should lead a dedicated agenda to curb negative spillover effects.","Under this scenario, the G20 will have included international spillovers in its updated 2030 Agenda Action Plan and agreed on concrete actions to improve the monitoring of spillover effects and on peer learning mechanisms to co-design appropriate policies to address spillover effects.",17_10,0_8,,No Relationship
"Developed within the Development Working Group, the Action Plans aim to enhance policy coherence and coordination across all G20 work streams for the SDGs achievement.","Assessments show an inverse relationship between domestic SDG progress and the generation of negative spillovers, with high income countries (many G20 countries) having a better performance on the SDGs domestically (higher SDG Index scores), but also more negative impacts abroad (lower International Spillover Index scores).",17_11,0_0,,No Relationship
"Developed within the Development Working Group, the Action Plans aim to enhance policy coherence and coordination across all G20 work streams for the SDGs achievement.","All countries, and especially the G20 given their combined economic weight, must better understand, monitor and manage their spillovers to allow all countries to meet the SDGs.",17_11,0_1,,No Relationship
"Developed within the Development Working Group, the Action Plans aim to enhance policy coherence and coordination across all G20 work streams for the SDGs achievement.","The G20’s immediate aim should be to build momentum for a successful Summit of the Future by restoring trust through high-level policy discussions on international spillovers, which have the potential to accelerate the SDG progress.",17_11,0_2,,No Relationship
"Developed within the Development Working Group, the Action Plans aim to enhance policy coherence and coordination across all G20 work streams for the SDGs achievement.","Therefore, at the SDG Summit in 2023, heads of state called for accelerated global action towards sustainable development.",17_11,0_3,,No Relationship
"Developed within the Development Working Group, the Action Plans aim to enhance policy coherence and coordination across all G20 work streams for the SDGs achievement.","Several countries (Finland, Iceland, and the Netherlands) have incorporated CBA into their Voluntary National Reviews (VNRs).",17_11,0_4,,No Relationship
"Developed within the Development Working Group, the Action Plans aim to enhance policy coherence and coordination across all G20 work streams for the SDGs achievement.",G20 countries should also track these effects against time-bound quantitative targets to hold themselves accountable for mitigating negative spillovers.,17_11,0_5,,No Relationship
"Developed within the Development Working Group, the Action Plans aim to enhance policy coherence and coordination across all G20 work streams for the SDGs achievement.","The Summit of the Future needs to demonstrate that international cooperation is possible and effective in tackling current global challenges, especially amid lacklustre SDG progress, widespread conflict, and growing polarization and authoritarian trends worldwide.",17_11,0_6,,No Relationship
"Developed within the Development Working Group, the Action Plans aim to enhance policy coherence and coordination across all G20 work streams for the SDGs achievement.","Under a positive scenario, the G20 (especially through its Development Working Group) will be able to foster a high-level policy dialogue on the importance of international spillover effects as an important factor to accelerate the achievement of the SDGs.",17_11,0_7,,No Relationship
"Developed within the Development Working Group, the Action Plans aim to enhance policy coherence and coordination across all G20 work streams for the SDGs achievement.","Under this scenario, the G20 will have included international spillovers in its updated 2030 Agenda Action Plan and agreed on concrete actions to improve the monitoring of spillover effects and on peer learning mechanisms to co-design appropriate policies to address spillover effects.",17_11,0_8,,No Relationship
"Thus, it seems logical to integrate the issue of spillover effects into the next Action Plan update.","Assessments show an inverse relationship between domestic SDG progress and the generation of negative spillovers, with high income countries (many G20 countries) having a better performance on the SDGs domestically (higher SDG Index scores), but also more negative impacts abroad (lower International Spillover Index scores).",17_12,0_0,,No Relationship
"Thus, it seems logical to integrate the issue of spillover effects into the next Action Plan update.","All countries, and especially the G20 given their combined economic weight, must better understand, monitor and manage their spillovers to allow all countries to meet the SDGs.",17_12,0_1,,No Relationship
"Thus, it seems logical to integrate the issue of spillover effects into the next Action Plan update.","The G20’s immediate aim should be to build momentum for a successful Summit of the Future by restoring trust through high-level policy discussions on international spillovers, which have the potential to accelerate the SDG progress.",17_12,0_2,,No Relationship
"Thus, it seems logical to integrate the issue of spillover effects into the next Action Plan update.","Therefore, at the SDG Summit in 2023, heads of state called for accelerated global action towards sustainable development.",17_12,0_3,,No Relationship
"Thus, it seems logical to integrate the issue of spillover effects into the next Action Plan update.","Several countries (Finland, Iceland, and the Netherlands) have incorporated CBA into their Voluntary National Reviews (VNRs).",17_12,0_4,,No Relationship
"Thus, it seems logical to integrate the issue of spillover effects into the next Action Plan update.",G20 countries should also track these effects against time-bound quantitative targets to hold themselves accountable for mitigating negative spillovers.,17_12,0_5,,No Relationship
"Thus, it seems logical to integrate the issue of spillover effects into the next Action Plan update.","The Summit of the Future needs to demonstrate that international cooperation is possible and effective in tackling current global challenges, especially amid lacklustre SDG progress, widespread conflict, and growing polarization and authoritarian trends worldwide.",17_12,0_6,,No Relationship
"Thus, it seems logical to integrate the issue of spillover effects into the next Action Plan update.","Under a positive scenario, the G20 (especially through its Development Working Group) will be able to foster a high-level policy dialogue on the importance of international spillover effects as an important factor to accelerate the achievement of the SDGs.",17_12,0_7,,No Relationship
"Thus, it seems logical to integrate the issue of spillover effects into the next Action Plan update.","Under this scenario, the G20 will have included international spillovers in its updated 2030 Agenda Action Plan and agreed on concrete actions to improve the monitoring of spillover effects and on peer learning mechanisms to co-design appropriate policies to address spillover effects.",17_12,0_8,,No Relationship
"The G20 needs to use the action-oriented momentum of this Summit to accelerate the implementation of the 2030 Agenda by reducing spillover effects and increasing global policy coherence, a lever to tackle slowing and counterproductive effects on the SDGs.","Assessments show an inverse relationship between domestic SDG progress and the generation of negative spillovers, with high income countries (many G20 countries) having a better performance on the SDGs domestically (higher SDG Index scores), but also more negative impacts abroad (lower International Spillover Index scores).",17_13,0_0,,No Relationship
"The G20 needs to use the action-oriented momentum of this Summit to accelerate the implementation of the 2030 Agenda by reducing spillover effects and increasing global policy coherence, a lever to tackle slowing and counterproductive effects on the SDGs.","All countries, and especially the G20 given their combined economic weight, must better understand, monitor and manage their spillovers to allow all countries to meet the SDGs.",17_13,0_1,,No Relationship
"The G20 needs to use the action-oriented momentum of this Summit to accelerate the implementation of the 2030 Agenda by reducing spillover effects and increasing global policy coherence, a lever to tackle slowing and counterproductive effects on the SDGs.","The G20’s immediate aim should be to build momentum for a successful Summit of the Future by restoring trust through high-level policy discussions on international spillovers, which have the potential to accelerate the SDG progress.",17_13,0_2,,No Relationship
"The G20 needs to use the action-oriented momentum of this Summit to accelerate the implementation of the 2030 Agenda by reducing spillover effects and increasing global policy coherence, a lever to tackle slowing and counterproductive effects on the SDGs.","Therefore, at the SDG Summit in 2023, heads of state called for accelerated global action towards sustainable development.",17_13,0_3,,No Relationship
"The G20 needs to use the action-oriented momentum of this Summit to accelerate the implementation of the 2030 Agenda by reducing spillover effects and increasing global policy coherence, a lever to tackle slowing and counterproductive effects on the SDGs.","Several countries (Finland, Iceland, and the Netherlands) have incorporated CBA into their Voluntary National Reviews (VNRs).",17_13,0_4,,No Relationship
"The G20 needs to use the action-oriented momentum of this Summit to accelerate the implementation of the 2030 Agenda by reducing spillover effects and increasing global policy coherence, a lever to tackle slowing and counterproductive effects on the SDGs.",G20 countries should also track these effects against time-bound quantitative targets to hold themselves accountable for mitigating negative spillovers.,17_13,0_5,,No Relationship
"The G20 needs to use the action-oriented momentum of this Summit to accelerate the implementation of the 2030 Agenda by reducing spillover effects and increasing global policy coherence, a lever to tackle slowing and counterproductive effects on the SDGs.","The Summit of the Future needs to demonstrate that international cooperation is possible and effective in tackling current global challenges, especially amid lacklustre SDG progress, widespread conflict, and growing polarization and authoritarian trends worldwide.",17_13,0_6,,No Relationship
"The G20 needs to use the action-oriented momentum of this Summit to accelerate the implementation of the 2030 Agenda by reducing spillover effects and increasing global policy coherence, a lever to tackle slowing and counterproductive effects on the SDGs.","Under a positive scenario, the G20 (especially through its Development Working Group) will be able to foster a high-level policy dialogue on the importance of international spillover effects as an important factor to accelerate the achievement of the SDGs.",17_13,0_7,,No Relationship
"The G20 needs to use the action-oriented momentum of this Summit to accelerate the implementation of the 2030 Agenda by reducing spillover effects and increasing global policy coherence, a lever to tackle slowing and counterproductive effects on the SDGs.","Under this scenario, the G20 will have included international spillovers in its updated 2030 Agenda Action Plan and agreed on concrete actions to improve the monitoring of spillover effects and on peer learning mechanisms to co-design appropriate policies to address spillover effects.",17_13,0_8,,No Relationship
"The G20 should use the G20 process during Brazil’s presidency to co-create international answers to spillover effects, including the adoption of the three recommendations described in this policy brief.","Assessments show an inverse relationship between domestic SDG progress and the generation of negative spillovers, with high income countries (many G20 countries) having a better performance on the SDGs domestically (higher SDG Index scores), but also more negative impacts abroad (lower International Spillover Index scores).",17_14,0_0,,No Relationship
"The G20 should use the G20 process during Brazil’s presidency to co-create international answers to spillover effects, including the adoption of the three recommendations described in this policy brief.","All countries, and especially the G20 given their combined economic weight, must better understand, monitor and manage their spillovers to allow all countries to meet the SDGs.",17_14,0_1,,No Relationship
"The G20 should use the G20 process during Brazil’s presidency to co-create international answers to spillover effects, including the adoption of the three recommendations described in this policy brief.","The G20’s immediate aim should be to build momentum for a successful Summit of the Future by restoring trust through high-level policy discussions on international spillovers, which have the potential to accelerate the SDG progress.",17_14,0_2,,No Relationship
"The G20 should use the G20 process during Brazil’s presidency to co-create international answers to spillover effects, including the adoption of the three recommendations described in this policy brief.","Therefore, at the SDG Summit in 2023, heads of state called for accelerated global action towards sustainable development.",17_14,0_3,,No Relationship
"The G20 should use the G20 process during Brazil’s presidency to co-create international answers to spillover effects, including the adoption of the three recommendations described in this policy brief.","Several countries (Finland, Iceland, and the Netherlands) have incorporated CBA into their Voluntary National Reviews (VNRs).",17_14,0_4,,No Relationship
"The G20 should use the G20 process during Brazil’s presidency to co-create international answers to spillover effects, including the adoption of the three recommendations described in this policy brief.",G20 countries should also track these effects against time-bound quantitative targets to hold themselves accountable for mitigating negative spillovers.,17_14,0_5,,No Relationship
"The G20 should use the G20 process during Brazil’s presidency to co-create international answers to spillover effects, including the adoption of the three recommendations described in this policy brief.","The Summit of the Future needs to demonstrate that international cooperation is possible and effective in tackling current global challenges, especially amid lacklustre SDG progress, widespread conflict, and growing polarization and authoritarian trends worldwide.",17_14,0_6,,No Relationship
"The G20 should use the G20 process during Brazil’s presidency to co-create international answers to spillover effects, including the adoption of the three recommendations described in this policy brief.","Under a positive scenario, the G20 (especially through its Development Working Group) will be able to foster a high-level policy dialogue on the importance of international spillover effects as an important factor to accelerate the achievement of the SDGs.",17_14,0_7,,No Relationship
"The G20 should use the G20 process during Brazil’s presidency to co-create international answers to spillover effects, including the adoption of the three recommendations described in this policy brief.","Under this scenario, the G20 will have included international spillovers in its updated 2030 Agenda Action Plan and agreed on concrete actions to improve the monitoring of spillover effects and on peer learning mechanisms to co-design appropriate policies to address spillover effects.",17_14,0_8,,No Relationship
"Under a positive scenario, the G20 (especially through its Development Working Group) will be able to foster a high-level policy dialogue on the importance of international spillover effects as an important factor to accelerate the achievement of the SDGs.","Assessments show an inverse relationship between domestic SDG progress and the generation of negative spillovers, with high income countries (many G20 countries) having a better performance on the SDGs domestically (higher SDG Index scores), but also more negative impacts abroad (lower International Spillover Index scores).",17_15,0_0,,No Relationship
"Under a positive scenario, the G20 (especially through its Development Working Group) will be able to foster a high-level policy dialogue on the importance of international spillover effects as an important factor to accelerate the achievement of the SDGs.","All countries, and especially the G20 given their combined economic weight, must better understand, monitor and manage their spillovers to allow all countries to meet the SDGs.",17_15,0_1,,No Relationship
"Under a positive scenario, the G20 (especially through its Development Working Group) will be able to foster a high-level policy dialogue on the importance of international spillover effects as an important factor to accelerate the achievement of the SDGs.","The G20’s immediate aim should be to build momentum for a successful Summit of the Future by restoring trust through high-level policy discussions on international spillovers, which have the potential to accelerate the SDG progress.",17_15,0_2,,No Relationship
"Under a positive scenario, the G20 (especially through its Development Working Group) will be able to foster a high-level policy dialogue on the importance of international spillover effects as an important factor to accelerate the achievement of the SDGs.","Therefore, at the SDG Summit in 2023, heads of state called for accelerated global action towards sustainable development.",17_15,0_3,,No Relationship
"Under a positive scenario, the G20 (especially through its Development Working Group) will be able to foster a high-level policy dialogue on the importance of international spillover effects as an important factor to accelerate the achievement of the SDGs.","Several countries (Finland, Iceland, and the Netherlands) have incorporated CBA into their Voluntary National Reviews (VNRs).",17_15,0_4,,No Relationship
"Under a positive scenario, the G20 (especially through its Development Working Group) will be able to foster a high-level policy dialogue on the importance of international spillover effects as an important factor to accelerate the achievement of the SDGs.",G20 countries should also track these effects against time-bound quantitative targets to hold themselves accountable for mitigating negative spillovers.,17_15,0_5,,No Relationship
"Under a positive scenario, the G20 (especially through its Development Working Group) will be able to foster a high-level policy dialogue on the importance of international spillover effects as an important factor to accelerate the achievement of the SDGs.","The Summit of the Future needs to demonstrate that international cooperation is possible and effective in tackling current global challenges, especially amid lacklustre SDG progress, widespread conflict, and growing polarization and authoritarian trends worldwide.",17_15,0_6,,No Relationship
"Under a positive scenario, the G20 (especially through its Development Working Group) will be able to foster a high-level policy dialogue on the importance of international spillover effects as an important factor to accelerate the achievement of the SDGs.","Under a positive scenario, the G20 (especially through its Development Working Group) will be able to foster a high-level policy dialogue on the importance of international spillover effects as an important factor to accelerate the achievement of the SDGs.",17_15,0_7,,Rephrase
"Under a positive scenario, the G20 (especially through its Development Working Group) will be able to foster a high-level policy dialogue on the importance of international spillover effects as an important factor to accelerate the achievement of the SDGs.","Under this scenario, the G20 will have included international spillovers in its updated 2030 Agenda Action Plan and agreed on concrete actions to improve the monitoring of spillover effects and on peer learning mechanisms to co-design appropriate policies to address spillover effects.",17_15,0_8,,No Relationship
"Developed within the Development Working Group, the Action Plans aim to enhance policy coherence and coordination across all G20 work streams for the SDGs achievement.","The first JETP, launched at the COP-26, mobilizes $8.5 billion to 1) replace coal with renewable energy; 2) expand electric vehicles use; and 3) establish a green hydrogen industry in South Africa.",5_0,7_0,,No Relationship
"These are undesirable external economic, social, environmental, and security effects from a country’s actions which undermine other countries’ efforts to achieve the SDGs.","Developed within the Development Working Group, the Action Plans aim to enhance policy coherence and coordination across all G20 work streams for the SDGs achievement.",8_0,5_0,,No Relationship
"Targets for trade-related spillovers should cover environmental and social impacts linked to global value chains, such as GHG emissions, air pollution, resource depletion (e.g., material footprints), and labor exploitation (e.g., modern slavery and fatal accidents at work).","Developed within the Development Working Group, the Action Plans aim to enhance policy coherence and coordination across all G20 work streams for the SDGs achievement.",8_1,5_0,,No Relationship
"For instance, according to Malik et al. (2023), the EU’s consumption was linked to 500,000 cases of modern slavery and 1,200 fatal accidents at work abroad in 2018.","Developed within the Development Working Group, the Action Plans aim to enhance policy coherence and coordination across all G20 work streams for the SDGs achievement.",8_2,5_0,,No Relationship
"However, these important initiatives have been unilateral policy instruments that, largely, have not considered perspectives from the affected economies, potentially resulting in trade-offs (e.g., higher unemployment and poverty).","Developed within the Development Working Group, the Action Plans aim to enhance policy coherence and coordination across all G20 work streams for the SDGs achievement.",8_3,5_0,,No Relationship
"Leveraging its various working groups (such as the working groups on Development, Trade and Investment, Employment, and Climate and Environmental Sustainability), the G20 should lead a dedicated agenda to curb negative spillover effects.","Developed within the Development Working Group, the Action Plans aim to enhance policy coherence and coordination across all G20 work streams for the SDGs achievement.",8_4,5_0,,No Relationship
"Developed within the Development Working Group, the Action Plans aim to enhance policy coherence and coordination across all G20 work streams for the SDGs achievement.",Accounting for these spillovers becomes crucial for an accurate assessment of contributions towards sustainable development.,5_0,13_0,,No Relationship
"Developed within the Development Working Group, the Action Plans aim to enhance policy coherence and coordination across all G20 work streams for the SDGs achievement.","Eurostat’s annual SDGs monitoring report also features a dedicated section on spillover effects, including indicators on CO₂ emissions and cropland footprints of EU members.",5_0,13_1,,No Relationship
"Developed within the Development Working Group, the Action Plans aim to enhance policy coherence and coordination across all G20 work streams for the SDGs achievement.","Targets for trade-related spillovers should cover environmental and social impacts linked to global value chains, such as GHG emissions, air pollution, resource depletion (e.g., material footprints), and labor exploitation (e.g., modern slavery and fatal accidents at work).",5_0,13_2,,No Relationship
"Developed within the Development Working Group, the Action Plans aim to enhance policy coherence and coordination across all G20 work streams for the SDGs achievement.",tackle deforestation,5_0,13_3,,No Relationship
"Developed within the Development Working Group, the Action Plans aim to enhance policy coherence and coordination across all G20 work streams for the SDGs achievement.","The partnership mobilizes stakeholders to facilitate an energy transition, but it will be important that implementation of the JETP addresses the social consequences of decarbonization.",5_0,13_4,,No Relationship
"Developed within the Development Working Group, the Action Plans aim to enhance policy coherence and coordination across all G20 work streams for the SDGs achievement.","Leveraging its various working groups (such as the working groups on Development, Trade and Investment, Employment, and Climate and Environmental Sustainability), the G20 should lead a dedicated agenda to curb negative spillover effects.",5_0,13_5,,No Relationship
"Developed within the Development Working Group, the Action Plans aim to enhance policy coherence and coordination across all G20 work streams for the SDGs achievement.","promoting sustainable forestry (EU FLEGT Facility, 2009).",5_0,15_0,,No Relationship
"Developed within the Development Working Group, the Action Plans aim to enhance policy coherence and coordination across all G20 work streams for the SDGs achievement.","assurance systems push exporting countries to improve their forest management practices, promoting sustainable forestry (EU FLEGT Facility, 2009).",5_0,15_1,,No Relationship
"especially amid lacklustre SDG progress, widespread conflict, and growing polarization and authoritarian trends worldwide.","Developed within the Development Working Group, the Action Plans aim to enhance policy coherence and coordination across all G20 work streams for the SDGs achievement.",16_0,5_0,,No Relationship
"Developed within the Development Working Group, the Action Plans aim to enhance policy coherence and coordination across all G20 work streams for the SDGs achievement.",Establish inclusive processes that bring together stakeholders to co-develop multilateral policies and partnerships;,5_0,17_0,,No Relationship
"Developed within the Development Working Group, the Action Plans aim to enhance policy coherence and coordination across all G20 work streams for the SDGs achievement.","These externalities, or spillovers, must be understood, monitored, and managed effectively through actions by the countries causing them and through international partnerships.",5_0,17_1,,No Relationship
"Developed within the Development Working Group, the Action Plans aim to enhance policy coherence and coordination across all G20 work streams for the SDGs achievement.","The G20, as a high-level forum bringing together major economies, the European Union and (as of last year) the African Union, is ideally placed to address this issue.",5_0,17_2,,No Relationship
"Developed within the Development Working Group, the Action Plans aim to enhance policy coherence and coordination across all G20 work streams for the SDGs achievement.","Ultimately, curbing negative spillovers requires multilateral solutions, especially between resource-rich and labor-rich countries with high income consumer countries.",5_0,17_3,,No Relationship
"Developed within the Development Working Group, the Action Plans aim to enhance policy coherence and coordination across all G20 work streams for the SDGs achievement.",2) Establish inclusive processes that bring together stakeholders to co-develop multilateral policies and partnerships;,5_0,17_4,,No Relationship
"Developed within the Development Working Group, the Action Plans aim to enhance policy coherence and coordination across all G20 work streams for the SDGs achievement.","This is consistent with SDG target 17.19, which calls for supporting statistical capacity building in developing countries and tracks, via indicator 17.19.1, financial assistance to developing countries for this purpose.",5_0,17_5,,No Relationship
"Developed within the Development Working Group, the Action Plans aim to enhance policy coherence and coordination across all G20 work streams for the SDGs achievement.","The G20 should, therefore, create and support new inclusive platforms and partnerships to ensure that production processes include robust safeguards to protect the environment and human rights.",5_0,17_6,,No Relationship
"Developed within the Development Working Group, the Action Plans aim to enhance policy coherence and coordination across all G20 work streams for the SDGs achievement.",The Just Energy Transition Partnerships (JETPs) are another example of new forms of international collaboration.,5_0,17_7,,No Relationship
"Developed within the Development Working Group, the Action Plans aim to enhance policy coherence and coordination across all G20 work streams for the SDGs achievement.","The partnership mobilizes stakeholders to facilitate an energy transition, but it will be important that implementation of the JETP addresses the social consequences of decarbonization.",5_0,17_8,,No Relationship
"Developed within the Development Working Group, the Action Plans aim to enhance policy coherence and coordination across all G20 work streams for the SDGs achievement.","Beyond these two examples for voluntary partnerships, it is important to establish platforms for exchange and peer learning on the design of policy tools between countries causing and affected by spillover effects.",5_0,17_9,,No Relationship
"Developed within the Development Working Group, the Action Plans aim to enhance policy coherence and coordination across all G20 work streams for the SDGs achievement.","Leveraging its various working groups (such as the working groups on Development, Trade and Investment, Employment, and Climate and Environmental Sustainability), the G20 should lead a dedicated agenda to curb negative spillover effects.",5_0,17_10,,No Relationship
"Developed within the Development Working Group, the Action Plans aim to enhance policy coherence and coordination across all G20 work streams for the SDGs achievement.","Developed within the Development Working Group, the Action Plans aim to enhance policy coherence and coordination across all G20 work streams for the SDGs achievement.",5_0,17_11,,Rephrase
"Developed within the Development Working Group, the Action Plans aim to enhance policy coherence and coordination across all G20 work streams for the SDGs achievement.","Thus, it seems logical to integrate the issue of spillover effects into the next Action Plan update.",5_0,17_12,,No Relationship
"Developed within the Development Working Group, the Action Plans aim to enhance policy coherence and coordination across all G20 work streams for the SDGs achievement.","The G20 needs to use the action-oriented momentum of this Summit to accelerate the implementation of the 2030 Agenda by reducing spillover effects and increasing global policy coherence, a lever to tackle slowing and counterproductive effects on the SDGs.",5_0,17_13,,No Relationship
"Developed within the Development Working Group, the Action Plans aim to enhance policy coherence and coordination across all G20 work streams for the SDGs achievement.","The G20 should use the G20 process during Brazil’s presidency to co-create international answers to spillover effects, including the adoption of the three recommendations described in this policy brief.",5_0,17_14,,No Relationship
"Developed within the Development Working Group, the Action Plans aim to enhance policy coherence and coordination across all G20 work streams for the SDGs achievement.","Under a positive scenario, the G20 (especially through its Development Working Group) will be able to foster a high-level policy dialogue on the importance of international spillover effects as an important factor to accelerate the achievement of the SDGs.",5_0,17_15,,No Relationship
"These are undesirable external economic, social, environmental, and security effects from a country’s actions which undermine other countries’ efforts to achieve the SDGs.","The first JETP, launched at the COP-26, mobilizes $8.5 billion to 1) replace coal with renewable energy; 2) expand electric vehicles use; and 3) establish a green hydrogen industry in South Africa.",8_0,7_0,,No Relationship
"Targets for trade-related spillovers should cover environmental and social impacts linked to global value chains, such as GHG emissions, air pollution, resource depletion (e.g., material footprints), and labor exploitation (e.g., modern slavery and fatal accidents at work).","The first JETP, launched at the COP-26, mobilizes $8.5 billion to 1) replace coal with renewable energy; 2) expand electric vehicles use; and 3) establish a green hydrogen industry in South Africa.",8_1,7_0,,No Relationship
"For instance, according to Malik et al. (2023), the EU’s consumption was linked to 500,000 cases of modern slavery and 1,200 fatal accidents at work abroad in 2018.","The first JETP, launched at the COP-26, mobilizes $8.5 billion to 1) replace coal with renewable energy; 2) expand electric vehicles use; and 3) establish a green hydrogen industry in South Africa.",8_2,7_0,,Attack
"However, these important initiatives have been unilateral policy instruments that, largely, have not considered perspectives from the affected economies, potentially resulting in trade-offs (e.g., higher unemployment and poverty).","The first JETP, launched at the COP-26, mobilizes $8.5 billion to 1) replace coal with renewable energy; 2) expand electric vehicles use; and 3) establish a green hydrogen industry in South Africa.",8_3,7_0,,No Relationship
"Leveraging its various working groups (such as the working groups on Development, Trade and Investment, Employment, and Climate and Environmental Sustainability), the G20 should lead a dedicated agenda to curb negative spillover effects.","The first JETP, launched at the COP-26, mobilizes $8.5 billion to 1) replace coal with renewable energy; 2) expand electric vehicles use; and 3) establish a green hydrogen industry in South Africa.",8_4,7_0,,No Relationship
"The first JETP, launched at the COP-26, mobilizes $8.5 billion to 1) replace coal with renewable energy; 2) expand electric vehicles use; and 3) establish a green hydrogen industry in South Africa.",Accounting for these spillovers becomes crucial for an accurate assessment of contributions towards sustainable development.,7_0,13_0,,No Relationship
"The first JETP, launched at the COP-26, mobilizes $8.5 billion to 1) replace coal with renewable energy; 2) expand electric vehicles use; and 3) establish a green hydrogen industry in South Africa.","Eurostat’s annual SDGs monitoring report also features a dedicated section on spillover effects, including indicators on CO₂ emissions and cropland footprints of EU members.",7_0,13_1,,No Relationship
"The first JETP, launched at the COP-26, mobilizes $8.5 billion to 1) replace coal with renewable energy; 2) expand electric vehicles use; and 3) establish a green hydrogen industry in South Africa.","Targets for trade-related spillovers should cover environmental and social impacts linked to global value chains, such as GHG emissions, air pollution, resource depletion (e.g., material footprints), and labor exploitation (e.g., modern slavery and fatal accidents at work).",7_0,13_2,,No Relationship
"The first JETP, launched at the COP-26, mobilizes $8.5 billion to 1) replace coal with renewable energy; 2) expand electric vehicles use; and 3) establish a green hydrogen industry in South Africa.",tackle deforestation,7_0,13_3,,No Relationship
"The first JETP, launched at the COP-26, mobilizes $8.5 billion to 1) replace coal with renewable energy; 2) expand electric vehicles use; and 3) establish a green hydrogen industry in South Africa.","The partnership mobilizes stakeholders to facilitate an energy transition, but it will be important that implementation of the JETP addresses the social consequences of decarbonization.",7_0,13_4,,No Relationship
"The first JETP, launched at the COP-26, mobilizes $8.5 billion to 1) replace coal with renewable energy; 2) expand electric vehicles use; and 3) establish a green hydrogen industry in South Africa.","Leveraging its various working groups (such as the working groups on Development, Trade and Investment, Employment, and Climate and Environmental Sustainability), the G20 should lead a dedicated agenda to curb negative spillover effects.",7_0,13_5,,No Relationship
"The first JETP, launched at the COP-26, mobilizes $8.5 billion to 1) replace coal with renewable energy; 2) expand electric vehicles use; and 3) establish a green hydrogen industry in South Africa.","promoting sustainable forestry (EU FLEGT Facility, 2009).",7_0,15_0,,Attack
"The first JETP, launched at the COP-26, mobilizes $8.5 billion to 1) replace coal with renewable energy; 2) expand electric vehicles use; and 3) establish a green hydrogen industry in South Africa.","assurance systems push exporting countries to improve their forest management practices, promoting sustainable forestry (EU FLEGT Facility, 2009).",7_0,15_1,,Attack
"especially amid lacklustre SDG progress, widespread conflict, and growing polarization and authoritarian trends worldwide.","The first JETP, launched at the COP-26, mobilizes $8.5 billion to 1) replace coal with renewable energy; 2) expand electric vehicles use; and 3) establish a green hydrogen industry in South Africa.",16_0,7_0,,No Relationship
"The first JETP, launched at the COP-26, mobilizes $8.5 billion to 1) replace coal with renewable energy; 2) expand electric vehicles use; and 3) establish a green hydrogen industry in South Africa.",Establish inclusive processes that bring together stakeholders to co-develop multilateral policies and partnerships;,7_0,17_0,,No Relationship
"The first JETP, launched at the COP-26, mobilizes $8.5 billion to 1) replace coal with renewable energy; 2) expand electric vehicles use; and 3) establish a green hydrogen industry in South Africa.","These externalities, or spillovers, must be understood, monitored, and managed effectively through actions by the countries causing them and through international partnerships.",7_0,17_1,,No Relationship
"The first JETP, launched at the COP-26, mobilizes $8.5 billion to 1) replace coal with renewable energy; 2) expand electric vehicles use; and 3) establish a green hydrogen industry in South Africa.","The G20, as a high-level forum bringing together major economies, the European Union and (as of last year) the African Union, is ideally placed to address this issue.",7_0,17_2,,No Relationship
"The first JETP, launched at the COP-26, mobilizes $8.5 billion to 1) replace coal with renewable energy; 2) expand electric vehicles use; and 3) establish a green hydrogen industry in South Africa.","Ultimately, curbing negative spillovers requires multilateral solutions, especially between resource-rich and labor-rich countries with high income consumer countries.",7_0,17_3,,No Relationship
"The first JETP, launched at the COP-26, mobilizes $8.5 billion to 1) replace coal with renewable energy; 2) expand electric vehicles use; and 3) establish a green hydrogen industry in South Africa.",2) Establish inclusive processes that bring together stakeholders to co-develop multilateral policies and partnerships;,7_0,17_4,,No Relationship
"The first JETP, launched at the COP-26, mobilizes $8.5 billion to 1) replace coal with renewable energy; 2) expand electric vehicles use; and 3) establish a green hydrogen industry in South Africa.","This is consistent with SDG target 17.19, which calls for supporting statistical capacity building in developing countries and tracks, via indicator 17.19.1, financial assistance to developing countries for this purpose.",7_0,17_5,,No Relationship
"The first JETP, launched at the COP-26, mobilizes $8.5 billion to 1) replace coal with renewable energy; 2) expand electric vehicles use; and 3) establish a green hydrogen industry in South Africa.","The G20 should, therefore, create and support new inclusive platforms and partnerships to ensure that production processes include robust safeguards to protect the environment and human rights.",7_0,17_6,,No Relationship
"The first JETP, launched at the COP-26, mobilizes $8.5 billion to 1) replace coal with renewable energy; 2) expand electric vehicles use; and 3) establish a green hydrogen industry in South Africa.",The Just Energy Transition Partnerships (JETPs) are another example of new forms of international collaboration.,7_0,17_7,,No Relationship
"The first JETP, launched at the COP-26, mobilizes $8.5 billion to 1) replace coal with renewable energy; 2) expand electric vehicles use; and 3) establish a green hydrogen industry in South Africa.","The partnership mobilizes stakeholders to facilitate an energy transition, but it will be important that implementation of the JETP addresses the social consequences of decarbonization.",7_0,17_8,,No Relationship
"The first JETP, launched at the COP-26, mobilizes $8.5 billion to 1) replace coal with renewable energy; 2) expand electric vehicles use; and 3) establish a green hydrogen industry in South Africa.","Beyond these two examples for voluntary partnerships, it is important to establish platforms for exchange and peer learning on the design of policy tools between countries causing and affected by spillover effects.",7_0,17_9,,No Relationship
"The first JETP, launched at the COP-26, mobilizes $8.5 billion to 1) replace coal with renewable energy; 2) expand electric vehicles use; and 3) establish a green hydrogen industry in South Africa.","Leveraging its various working groups (such as the working groups on Development, Trade and Investment, Employment, and Climate and Environmental Sustainability), the G20 should lead a dedicated agenda to curb negative spillover effects.",7_0,17_10,,No Relationship
"The first JETP, launched at the COP-26, mobilizes $8.5 billion to 1) replace coal with renewable energy; 2) expand electric vehicles use; and 3) establish a green hydrogen industry in South Africa.","Developed within the Development Working Group, the Action Plans aim to enhance policy coherence and coordination across all G20 work streams for the SDGs achievement.",7_0,17_11,,No Relationship
"The first JETP, launched at the COP-26, mobilizes $8.5 billion to 1) replace coal with renewable energy; 2) expand electric vehicles use; and 3) establish a green hydrogen industry in South Africa.","Thus, it seems logical to integrate the issue of spillover effects into the next Action Plan update.",7_0,17_12,,No Relationship
"The first JETP, launched at the COP-26, mobilizes $8.5 billion to 1) replace coal with renewable energy; 2) expand electric vehicles use; and 3) establish a green hydrogen industry in South Africa.","The G20 needs to use the action-oriented momentum of this Summit to accelerate the implementation of the 2030 Agenda by reducing spillover effects and increasing global policy coherence, a lever to tackle slowing and counterproductive effects on the SDGs.",7_0,17_13,,No Relationship
"The first JETP, launched at the COP-26, mobilizes $8.5 billion to 1) replace coal with renewable energy; 2) expand electric vehicles use; and 3) establish a green hydrogen industry in South Africa.","The G20 should use the G20 process during Brazil’s presidency to co-create international answers to spillover effects, including the adoption of the three recommendations described in this policy brief.",7_0,17_14,,No Relationship
"The first JETP, launched at the COP-26, mobilizes $8.5 billion to 1) replace coal with renewable energy; 2) expand electric vehicles use; and 3) establish a green hydrogen industry in South Africa.","Under a positive scenario, the G20 (especially through its Development Working Group) will be able to foster a high-level policy dialogue on the importance of international spillover effects as an important factor to accelerate the achievement of the SDGs.",7_0,17_15,,No Relationship
Accounting for these spillovers becomes crucial for an accurate assessment of contributions towards sustainable development.,"These are undesirable external economic, social, environmental, and security effects from a country’s actions which undermine other countries’ efforts to achieve the SDGs.",13_0,8_0,,No Relationship
Accounting for these spillovers becomes crucial for an accurate assessment of contributions towards sustainable development.,"Targets for trade-related spillovers should cover environmental and social impacts linked to global value chains, such as GHG emissions, air pollution, resource depletion (e.g., material footprints), and labor exploitation (e.g., modern slavery and fatal accidents at work).",13_0,8_1,,No Relationship
Accounting for these spillovers becomes crucial for an accurate assessment of contributions towards sustainable development.,"For instance, according to Malik et al. (2023), the EU’s consumption was linked to 500,000 cases of modern slavery and 1,200 fatal accidents at work abroad in 2018.",13_0,8_2,,No Relationship
Accounting for these spillovers becomes crucial for an accurate assessment of contributions towards sustainable development.,"However, these important initiatives have been unilateral policy instruments that, largely, have not considered perspectives from the affected economies, potentially resulting in trade-offs (e.g., higher unemployment and poverty).",13_0,8_3,,No Relationship
Accounting for these spillovers becomes crucial for an accurate assessment of contributions towards sustainable development.,"Leveraging its various working groups (such as the working groups on Development, Trade and Investment, Employment, and Climate and Environmental Sustainability), the G20 should lead a dedicated agenda to curb negative spillover effects.",13_0,8_4,,No Relationship
"Eurostat’s annual SDGs monitoring report also features a dedicated section on spillover effects, including indicators on CO₂ emissions and cropland footprints of EU members.","These are undesirable external economic, social, environmental, and security effects from a country’s actions which undermine other countries’ efforts to achieve the SDGs.",13_1,8_0,,No Relationship
"Eurostat’s annual SDGs monitoring report also features a dedicated section on spillover effects, including indicators on CO₂ emissions and cropland footprints of EU members.","Targets for trade-related spillovers should cover environmental and social impacts linked to global value chains, such as GHG emissions, air pollution, resource depletion (e.g., material footprints), and labor exploitation (e.g., modern slavery and fatal accidents at work).",13_1,8_1,,No Relationship
"Eurostat’s annual SDGs monitoring report also features a dedicated section on spillover effects, including indicators on CO₂ emissions and cropland footprints of EU members.","For instance, according to Malik et al. (2023), the EU’s consumption was linked to 500,000 cases of modern slavery and 1,200 fatal accidents at work abroad in 2018.",13_1,8_2,,No Relationship
"Eurostat’s annual SDGs monitoring report also features a dedicated section on spillover effects, including indicators on CO₂ emissions and cropland footprints of EU members.","However, these important initiatives have been unilateral policy instruments that, largely, have not considered perspectives from the affected economies, potentially resulting in trade-offs (e.g., higher unemployment and poverty).",13_1,8_3,,No Relationship
"Eurostat’s annual SDGs monitoring report also features a dedicated section on spillover effects, including indicators on CO₂ emissions and cropland footprints of EU members.","Leveraging its various working groups (such as the working groups on Development, Trade and Investment, Employment, and Climate and Environmental Sustainability), the G20 should lead a dedicated agenda to curb negative spillover effects.",13_1,8_4,,No Relationship
"Targets for trade-related spillovers should cover environmental and social impacts linked to global value chains, such as GHG emissions, air pollution, resource depletion (e.g., material footprints), and labor exploitation (e.g., modern slavery and fatal accidents at work).","These are undesirable external economic, social, environmental, and security effects from a country’s actions which undermine other countries’ efforts to achieve the SDGs.",13_2,8_0,,No Relationship
"Targets for trade-related spillovers should cover environmental and social impacts linked to global value chains, such as GHG emissions, air pollution, resource depletion (e.g., material footprints), and labor exploitation (e.g., modern slavery and fatal accidents at work).","Targets for trade-related spillovers should cover environmental and social impacts linked to global value chains, such as GHG emissions, air pollution, resource depletion (e.g., material footprints), and labor exploitation (e.g., modern slavery and fatal accidents at work).",13_2,8_1,,Rephrase
"Targets for trade-related spillovers should cover environmental and social impacts linked to global value chains, such as GHG emissions, air pollution, resource depletion (e.g., material footprints), and labor exploitation (e.g., modern slavery and fatal accidents at work).","For instance, according to Malik et al. (2023), the EU’s consumption was linked to 500,000 cases of modern slavery and 1,200 fatal accidents at work abroad in 2018.",13_2,8_2,,No Relationship
"Targets for trade-related spillovers should cover environmental and social impacts linked to global value chains, such as GHG emissions, air pollution, resource depletion (e.g., material footprints), and labor exploitation (e.g., modern slavery and fatal accidents at work).","However, these important initiatives have been unilateral policy instruments that, largely, have not considered perspectives from the affected economies, potentially resulting in trade-offs (e.g., higher unemployment and poverty).",13_2,8_3,,No Relationship
"Targets for trade-related spillovers should cover environmental and social impacts linked to global value chains, such as GHG emissions, air pollution, resource depletion (e.g., material footprints), and labor exploitation (e.g., modern slavery and fatal accidents at work).","Leveraging its various working groups (such as the working groups on Development, Trade and Investment, Employment, and Climate and Environmental Sustainability), the G20 should lead a dedicated agenda to curb negative spillover effects.",13_2,8_4,,No Relationship
tackle deforestation,"These are undesirable external economic, social, environmental, and security effects from a country’s actions which undermine other countries’ efforts to achieve the SDGs.",13_3,8_0,,No Relationship
tackle deforestation,"Targets for trade-related spillovers should cover environmental and social impacts linked to global value chains, such as GHG emissions, air pollution, resource depletion (e.g., material footprints), and labor exploitation (e.g., modern slavery and fatal accidents at work).",13_3,8_1,,No Relationship
tackle deforestation,"For instance, according to Malik et al. (2023), the EU’s consumption was linked to 500,000 cases of modern slavery and 1,200 fatal accidents at work abroad in 2018.",13_3,8_2,,No Relationship
tackle deforestation,"However, these important initiatives have been unilateral policy instruments that, largely, have not considered perspectives from the affected economies, potentially resulting in trade-offs (e.g., higher unemployment and poverty).",13_3,8_3,,No Relationship
tackle deforestation,"Leveraging its various working groups (such as the working groups on Development, Trade and Investment, Employment, and Climate and Environmental Sustainability), the G20 should lead a dedicated agenda to curb negative spillover effects.",13_3,8_4,,No Relationship
"The partnership mobilizes stakeholders to facilitate an energy transition, but it will be important that implementation of the JETP addresses the social consequences of decarbonization.","These are undesirable external economic, social, environmental, and security effects from a country’s actions which undermine other countries’ efforts to achieve the SDGs.",13_4,8_0,,No Relationship
"The partnership mobilizes stakeholders to facilitate an energy transition, but it will be important that implementation of the JETP addresses the social consequences of decarbonization.","Targets for trade-related spillovers should cover environmental and social impacts linked to global value chains, such as GHG emissions, air pollution, resource depletion (e.g., material footprints), and labor exploitation (e.g., modern slavery and fatal accidents at work).",13_4,8_1,,No Relationship
"The partnership mobilizes stakeholders to facilitate an energy transition, but it will be important that implementation of the JETP addresses the social consequences of decarbonization.","For instance, according to Malik et al. (2023), the EU’s consumption was linked to 500,000 cases of modern slavery and 1,200 fatal accidents at work abroad in 2018.",13_4,8_2,,No Relationship
"The partnership mobilizes stakeholders to facilitate an energy transition, but it will be important that implementation of the JETP addresses the social consequences of decarbonization.","However, these important initiatives have been unilateral policy instruments that, largely, have not considered perspectives from the affected economies, potentially resulting in trade-offs (e.g., higher unemployment and poverty).",13_4,8_3,,No Relationship
"The partnership mobilizes stakeholders to facilitate an energy transition, but it will be important that implementation of the JETP addresses the social consequences of decarbonization.","Leveraging its various working groups (such as the working groups on Development, Trade and Investment, Employment, and Climate and Environmental Sustainability), the G20 should lead a dedicated agenda to curb negative spillover effects.",13_4,8_4,,No Relationship
"Leveraging its various working groups (such as the working groups on Development, Trade and Investment, Employment, and Climate and Environmental Sustainability), the G20 should lead a dedicated agenda to curb negative spillover effects.","These are undesirable external economic, social, environmental, and security effects from a country’s actions which undermine other countries’ efforts to achieve the SDGs.",13_5,8_0,,No Relationship
"Leveraging its various working groups (such as the working groups on Development, Trade and Investment, Employment, and Climate and Environmental Sustainability), the G20 should lead a dedicated agenda to curb negative spillover effects.","Targets for trade-related spillovers should cover environmental and social impacts linked to global value chains, such as GHG emissions, air pollution, resource depletion (e.g., material footprints), and labor exploitation (e.g., modern slavery and fatal accidents at work).",13_5,8_1,,No Relationship
"Leveraging its various working groups (such as the working groups on Development, Trade and Investment, Employment, and Climate and Environmental Sustainability), the G20 should lead a dedicated agenda to curb negative spillover effects.","For instance, according to Malik et al. (2023), the EU’s consumption was linked to 500,000 cases of modern slavery and 1,200 fatal accidents at work abroad in 2018.",13_5,8_2,,No Relationship
"Leveraging its various working groups (such as the working groups on Development, Trade and Investment, Employment, and Climate and Environmental Sustainability), the G20 should lead a dedicated agenda to curb negative spillover effects.","However, these important initiatives have been unilateral policy instruments that, largely, have not considered perspectives from the affected economies, potentially resulting in trade-offs (e.g., higher unemployment and poverty).",13_5,8_3,,No Relationship
"Leveraging its various working groups (such as the working groups on Development, Trade and Investment, Employment, and Climate and Environmental Sustainability), the G20 should lead a dedicated agenda to curb negative spillover effects.","Leveraging its various working groups (such as the working groups on Development, Trade and Investment, Employment, and Climate and Environmental Sustainability), the G20 should lead a dedicated agenda to curb negative spillover effects.",13_5,8_4,,Rephrase
"promoting sustainable forestry (EU FLEGT Facility, 2009).","These are undesirable external economic, social, environmental, and security effects from a country’s actions which undermine other countries’ efforts to achieve the SDGs.",15_0,8_0,,Attack
"promoting sustainable forestry (EU FLEGT Facility, 2009).","Targets for trade-related spillovers should cover environmental and social impacts linked to global value chains, such as GHG emissions, air pollution, resource depletion (e.g., material footprints), and labor exploitation (e.g., modern slavery and fatal accidents at work).",15_0,8_1,,Attack
"promoting sustainable forestry (EU FLEGT Facility, 2009).","For instance, according to Malik et al. (2023), the EU’s consumption was linked to 500,000 cases of modern slavery and 1,200 fatal accidents at work abroad in 2018.",15_0,8_2,,Attack
"promoting sustainable forestry (EU FLEGT Facility, 2009).","However, these important initiatives have been unilateral policy instruments that, largely, have not considered perspectives from the affected economies, potentially resulting in trade-offs (e.g., higher unemployment and poverty).",15_0,8_3,,No Relationship
"promoting sustainable forestry (EU FLEGT Facility, 2009).","Leveraging its various working groups (such as the working groups on Development, Trade and Investment, Employment, and Climate and Environmental Sustainability), the G20 should lead a dedicated agenda to curb negative spillover effects.",15_0,8_4,,No Relationship
"assurance systems push exporting countries to improve their forest management practices, promoting sustainable forestry (EU FLEGT Facility, 2009).","These are undesirable external economic, social, environmental, and security effects from a country’s actions which undermine other countries’ efforts to achieve the SDGs.",15_1,8_0,,Attack
"assurance systems push exporting countries to improve their forest management practices, promoting sustainable forestry (EU FLEGT Facility, 2009).","Targets for trade-related spillovers should cover environmental and social impacts linked to global value chains, such as GHG emissions, air pollution, resource depletion (e.g., material footprints), and labor exploitation (e.g., modern slavery and fatal accidents at work).",15_1,8_1,,No Relationship
"assurance systems push exporting countries to improve their forest management practices, promoting sustainable forestry (EU FLEGT Facility, 2009).","For instance, according to Malik et al. (2023), the EU’s consumption was linked to 500,000 cases of modern slavery and 1,200 fatal accidents at work abroad in 2018.",15_1,8_2,,Attack
"assurance systems push exporting countries to improve their forest management practices, promoting sustainable forestry (EU FLEGT Facility, 2009).","However, these important initiatives have been unilateral policy instruments that, largely, have not considered perspectives from the affected economies, potentially resulting in trade-offs (e.g., higher unemployment and poverty).",15_1,8_3,,No Relationship
"assurance systems push exporting countries to improve their forest management practices, promoting sustainable forestry (EU FLEGT Facility, 2009).","Leveraging its various working groups (such as the working groups on Development, Trade and Investment, Employment, and Climate and Environmental Sustainability), the G20 should lead a dedicated agenda to curb negative spillover effects.",15_1,8_4,,No Relationship
"These are undesirable external economic, social, environmental, and security effects from a country’s actions which undermine other countries’ efforts to achieve the SDGs.","especially amid lacklustre SDG progress, widespread conflict, and growing polarization and authoritarian trends worldwide.",8_0,16_0,,No Relationship
"Targets for trade-related spillovers should cover environmental and social impacts linked to global value chains, such as GHG emissions, air pollution, resource depletion (e.g., material footprints), and labor exploitation (e.g., modern slavery and fatal accidents at work).","especially amid lacklustre SDG progress, widespread conflict, and growing polarization and authoritarian trends worldwide.",8_1,16_0,,No Relationship
"For instance, according to Malik et al. (2023), the EU’s consumption was linked to 500,000 cases of modern slavery and 1,200 fatal accidents at work abroad in 2018.","especially amid lacklustre SDG progress, widespread conflict, and growing polarization and authoritarian trends worldwide.",8_2,16_0,,No Relationship
"However, these important initiatives have been unilateral policy instruments that, largely, have not considered perspectives from the affected economies, potentially resulting in trade-offs (e.g., higher unemployment and poverty).","especially amid lacklustre SDG progress, widespread conflict, and growing polarization and authoritarian trends worldwide.",8_3,16_0,,No Relationship
"Leveraging its various working groups (such as the working groups on Development, Trade and Investment, Employment, and Climate and Environmental Sustainability), the G20 should lead a dedicated agenda to curb negative spillover effects.","especially amid lacklustre SDG progress, widespread conflict, and growing polarization and authoritarian trends worldwide.",8_4,16_0,,No Relationship
Establish inclusive processes that bring together stakeholders to co-develop multilateral policies and partnerships;,"These are undesirable external economic, social, environmental, and security effects from a country’s actions which undermine other countries’ efforts to achieve the SDGs.",17_0,8_0,,No Relationship
Establish inclusive processes that bring together stakeholders to co-develop multilateral policies and partnerships;,"Targets for trade-related spillovers should cover environmental and social impacts linked to global value chains, such as GHG emissions, air pollution, resource depletion (e.g., material footprints), and labor exploitation (e.g., modern slavery and fatal accidents at work).",17_0,8_1,,No Relationship
Establish inclusive processes that bring together stakeholders to co-develop multilateral policies and partnerships;,"For instance, according to Malik et al. (2023), the EU’s consumption was linked to 500,000 cases of modern slavery and 1,200 fatal accidents at work abroad in 2018.",17_0,8_2,,No Relationship
Establish inclusive processes that bring together stakeholders to co-develop multilateral policies and partnerships;,"However, these important initiatives have been unilateral policy instruments that, largely, have not considered perspectives from the affected economies, potentially resulting in trade-offs (e.g., higher unemployment and poverty).",17_0,8_3,,No Relationship
Establish inclusive processes that bring together stakeholders to co-develop multilateral policies and partnerships;,"Leveraging its various working groups (such as the working groups on Development, Trade and Investment, Employment, and Climate and Environmental Sustainability), the G20 should lead a dedicated agenda to curb negative spillover effects.",17_0,8_4,,No Relationship
"These externalities, or spillovers, must be understood, monitored, and managed effectively through actions by the countries causing them and through international partnerships.","These are undesirable external economic, social, environmental, and security effects from a country’s actions which undermine other countries’ efforts to achieve the SDGs.",17_1,8_0,,No Relationship
"These externalities, or spillovers, must be understood, monitored, and managed effectively through actions by the countries causing them and through international partnerships.","Targets for trade-related spillovers should cover environmental and social impacts linked to global value chains, such as GHG emissions, air pollution, resource depletion (e.g., material footprints), and labor exploitation (e.g., modern slavery and fatal accidents at work).",17_1,8_1,,No Relationship
"These externalities, or spillovers, must be understood, monitored, and managed effectively through actions by the countries causing them and through international partnerships.","For instance, according to Malik et al. (2023), the EU’s consumption was linked to 500,000 cases of modern slavery and 1,200 fatal accidents at work abroad in 2018.",17_1,8_2,,No Relationship
"These externalities, or spillovers, must be understood, monitored, and managed effectively through actions by the countries causing them and through international partnerships.","However, these important initiatives have been unilateral policy instruments that, largely, have not considered perspectives from the affected economies, potentially resulting in trade-offs (e.g., higher unemployment and poverty).",17_1,8_3,,No Relationship
"These externalities, or spillovers, must be understood, monitored, and managed effectively through actions by the countries causing them and through international partnerships.","Leveraging its various working groups (such as the working groups on Development, Trade and Investment, Employment, and Climate and Environmental Sustainability), the G20 should lead a dedicated agenda to curb negative spillover effects.",17_1,8_4,,No Relationship
"The G20, as a high-level forum bringing together major economies, the European Union and (as of last year) the African Union, is ideally placed to address this issue.","These are undesirable external economic, social, environmental, and security effects from a country’s actions which undermine other countries’ efforts to achieve the SDGs.",17_2,8_0,,No Relationship
"The G20, as a high-level forum bringing together major economies, the European Union and (as of last year) the African Union, is ideally placed to address this issue.","Targets for trade-related spillovers should cover environmental and social impacts linked to global value chains, such as GHG emissions, air pollution, resource depletion (e.g., material footprints), and labor exploitation (e.g., modern slavery and fatal accidents at work).",17_2,8_1,,No Relationship
"The G20, as a high-level forum bringing together major economies, the European Union and (as of last year) the African Union, is ideally placed to address this issue.","For instance, according to Malik et al. (2023), the EU’s consumption was linked to 500,000 cases of modern slavery and 1,200 fatal accidents at work abroad in 2018.",17_2,8_2,,No Relationship
"The G20, as a high-level forum bringing together major economies, the European Union and (as of last year) the African Union, is ideally placed to address this issue.","However, these important initiatives have been unilateral policy instruments that, largely, have not considered perspectives from the affected economies, potentially resulting in trade-offs (e.g., higher unemployment and poverty).",17_2,8_3,,No Relationship
"The G20, as a high-level forum bringing together major economies, the European Union and (as of last year) the African Union, is ideally placed to address this issue.","Leveraging its various working groups (such as the working groups on Development, Trade and Investment, Employment, and Climate and Environmental Sustainability), the G20 should lead a dedicated agenda to curb negative spillover effects.",17_2,8_4,,No Relationship
"Ultimately, curbing negative spillovers requires multilateral solutions, especially between resource-rich and labor-rich countries with high income consumer countries.","These are undesirable external economic, social, environmental, and security effects from a country’s actions which undermine other countries’ efforts to achieve the SDGs.",17_3,8_0,,No Relationship
"Ultimately, curbing negative spillovers requires multilateral solutions, especially between resource-rich and labor-rich countries with high income consumer countries.","Targets for trade-related spillovers should cover environmental and social impacts linked to global value chains, such as GHG emissions, air pollution, resource depletion (e.g., material footprints), and labor exploitation (e.g., modern slavery and fatal accidents at work).",17_3,8_1,,No Relationship
"Ultimately, curbing negative spillovers requires multilateral solutions, especially between resource-rich and labor-rich countries with high income consumer countries.","For instance, according to Malik et al. (2023), the EU’s consumption was linked to 500,000 cases of modern slavery and 1,200 fatal accidents at work abroad in 2018.",17_3,8_2,,No Relationship
"Ultimately, curbing negative spillovers requires multilateral solutions, especially between resource-rich and labor-rich countries with high income consumer countries.","However, these important initiatives have been unilateral policy instruments that, largely, have not considered perspectives from the affected economies, potentially resulting in trade-offs (e.g., higher unemployment and poverty).",17_3,8_3,,No Relationship
"Ultimately, curbing negative spillovers requires multilateral solutions, especially between resource-rich and labor-rich countries with high income consumer countries.","Leveraging its various working groups (such as the working groups on Development, Trade and Investment, Employment, and Climate and Environmental Sustainability), the G20 should lead a dedicated agenda to curb negative spillover effects.",17_3,8_4,,No Relationship
2) Establish inclusive processes that bring together stakeholders to co-develop multilateral policies and partnerships;,"These are undesirable external economic, social, environmental, and security effects from a country’s actions which undermine other countries’ efforts to achieve the SDGs.",17_4,8_0,,No Relationship
2) Establish inclusive processes that bring together stakeholders to co-develop multilateral policies and partnerships;,"Targets for trade-related spillovers should cover environmental and social impacts linked to global value chains, such as GHG emissions, air pollution, resource depletion (e.g., material footprints), and labor exploitation (e.g., modern slavery and fatal accidents at work).",17_4,8_1,,No Relationship
2) Establish inclusive processes that bring together stakeholders to co-develop multilateral policies and partnerships;,"For instance, according to Malik et al. (2023), the EU’s consumption was linked to 500,000 cases of modern slavery and 1,200 fatal accidents at work abroad in 2018.",17_4,8_2,,No Relationship
2) Establish inclusive processes that bring together stakeholders to co-develop multilateral policies and partnerships;,"However, these important initiatives have been unilateral policy instruments that, largely, have not considered perspectives from the affected economies, potentially resulting in trade-offs (e.g., higher unemployment and poverty).",17_4,8_3,,No Relationship
2) Establish inclusive processes that bring together stakeholders to co-develop multilateral policies and partnerships;,"Leveraging its various working groups (such as the working groups on Development, Trade and Investment, Employment, and Climate and Environmental Sustainability), the G20 should lead a dedicated agenda to curb negative spillover effects.",17_4,8_4,,No Relationship
"This is consistent with SDG target 17.19, which calls for supporting statistical capacity building in developing countries and tracks, via indicator 17.19.1, financial assistance to developing countries for this purpose.","These are undesirable external economic, social, environmental, and security effects from a country’s actions which undermine other countries’ efforts to achieve the SDGs.",17_5,8_0,,No Relationship
"This is consistent with SDG target 17.19, which calls for supporting statistical capacity building in developing countries and tracks, via indicator 17.19.1, financial assistance to developing countries for this purpose.","Targets for trade-related spillovers should cover environmental and social impacts linked to global value chains, such as GHG emissions, air pollution, resource depletion (e.g., material footprints), and labor exploitation (e.g., modern slavery and fatal accidents at work).",17_5,8_1,,No Relationship
"This is consistent with SDG target 17.19, which calls for supporting statistical capacity building in developing countries and tracks, via indicator 17.19.1, financial assistance to developing countries for this purpose.","For instance, according to Malik et al. (2023), the EU’s consumption was linked to 500,000 cases of modern slavery and 1,200 fatal accidents at work abroad in 2018.",17_5,8_2,,No Relationship
"This is consistent with SDG target 17.19, which calls for supporting statistical capacity building in developing countries and tracks, via indicator 17.19.1, financial assistance to developing countries for this purpose.","However, these important initiatives have been unilateral policy instruments that, largely, have not considered perspectives from the affected economies, potentially resulting in trade-offs (e.g., higher unemployment and poverty).",17_5,8_3,,No Relationship
"This is consistent with SDG target 17.19, which calls for supporting statistical capacity building in developing countries and tracks, via indicator 17.19.1, financial assistance to developing countries for this purpose.","Leveraging its various working groups (such as the working groups on Development, Trade and Investment, Employment, and Climate and Environmental Sustainability), the G20 should lead a dedicated agenda to curb negative spillover effects.",17_5,8_4,,No Relationship
"The G20 should, therefore, create and support new inclusive platforms and partnerships to ensure that production processes include robust safeguards to protect the environment and human rights.","These are undesirable external economic, social, environmental, and security effects from a country’s actions which undermine other countries’ efforts to achieve the SDGs.",17_6,8_0,,No Relationship
"The G20 should, therefore, create and support new inclusive platforms and partnerships to ensure that production processes include robust safeguards to protect the environment and human rights.","Targets for trade-related spillovers should cover environmental and social impacts linked to global value chains, such as GHG emissions, air pollution, resource depletion (e.g., material footprints), and labor exploitation (e.g., modern slavery and fatal accidents at work).",17_6,8_1,,No Relationship
"The G20 should, therefore, create and support new inclusive platforms and partnerships to ensure that production processes include robust safeguards to protect the environment and human rights.","For instance, according to Malik et al. (2023), the EU’s consumption was linked to 500,000 cases of modern slavery and 1,200 fatal accidents at work abroad in 2018.",17_6,8_2,,No Relationship
"The G20 should, therefore, create and support new inclusive platforms and partnerships to ensure that production processes include robust safeguards to protect the environment and human rights.","However, these important initiatives have been unilateral policy instruments that, largely, have not considered perspectives from the affected economies, potentially resulting in trade-offs (e.g., higher unemployment and poverty).",17_6,8_3,,No Relationship
"The G20 should, therefore, create and support new inclusive platforms and partnerships to ensure that production processes include robust safeguards to protect the environment and human rights.","Leveraging its various working groups (such as the working groups on Development, Trade and Investment, Employment, and Climate and Environmental Sustainability), the G20 should lead a dedicated agenda to curb negative spillover effects.",17_6,8_4,,No Relationship
The Just Energy Transition Partnerships (JETPs) are another example of new forms of international collaboration.,"These are undesirable external economic, social, environmental, and security effects from a country’s actions which undermine other countries’ efforts to achieve the SDGs.",17_7,8_0,,No Relationship
The Just Energy Transition Partnerships (JETPs) are another example of new forms of international collaboration.,"Targets for trade-related spillovers should cover environmental and social impacts linked to global value chains, such as GHG emissions, air pollution, resource depletion (e.g., material footprints), and labor exploitation (e.g., modern slavery and fatal accidents at work).",17_7,8_1,,No Relationship
The Just Energy Transition Partnerships (JETPs) are another example of new forms of international collaboration.,"For instance, according to Malik et al. (2023), the EU’s consumption was linked to 500,000 cases of modern slavery and 1,200 fatal accidents at work abroad in 2018.",17_7,8_2,,No Relationship
The Just Energy Transition Partnerships (JETPs) are another example of new forms of international collaboration.,"However, these important initiatives have been unilateral policy instruments that, largely, have not considered perspectives from the affected economies, potentially resulting in trade-offs (e.g., higher unemployment and poverty).",17_7,8_3,,No Relationship
The Just Energy Transition Partnerships (JETPs) are another example of new forms of international collaboration.,"Leveraging its various working groups (such as the working groups on Development, Trade and Investment, Employment, and Climate and Environmental Sustainability), the G20 should lead a dedicated agenda to curb negative spillover effects.",17_7,8_4,,No Relationship
"The partnership mobilizes stakeholders to facilitate an energy transition, but it will be important that implementation of the JETP addresses the social consequences of decarbonization.","These are undesirable external economic, social, environmental, and security effects from a country’s actions which undermine other countries’ efforts to achieve the SDGs.",17_8,8_0,,No Relationship
"The partnership mobilizes stakeholders to facilitate an energy transition, but it will be important that implementation of the JETP addresses the social consequences of decarbonization.","Targets for trade-related spillovers should cover environmental and social impacts linked to global value chains, such as GHG emissions, air pollution, resource depletion (e.g., material footprints), and labor exploitation (e.g., modern slavery and fatal accidents at work).",17_8,8_1,,No Relationship
"The partnership mobilizes stakeholders to facilitate an energy transition, but it will be important that implementation of the JETP addresses the social consequences of decarbonization.","For instance, according to Malik et al. (2023), the EU’s consumption was linked to 500,000 cases of modern slavery and 1,200 fatal accidents at work abroad in 2018.",17_8,8_2,,No Relationship
"The partnership mobilizes stakeholders to facilitate an energy transition, but it will be important that implementation of the JETP addresses the social consequences of decarbonization.","However, these important initiatives have been unilateral policy instruments that, largely, have not considered perspectives from the affected economies, potentially resulting in trade-offs (e.g., higher unemployment and poverty).",17_8,8_3,,No Relationship
"The partnership mobilizes stakeholders to facilitate an energy transition, but it will be important that implementation of the JETP addresses the social consequences of decarbonization.","Leveraging its various working groups (such as the working groups on Development, Trade and Investment, Employment, and Climate and Environmental Sustainability), the G20 should lead a dedicated agenda to curb negative spillover effects.",17_8,8_4,,No Relationship
"Beyond these two examples for voluntary partnerships, it is important to establish platforms for exchange and peer learning on the design of policy tools between countries causing and affected by spillover effects.","These are undesirable external economic, social, environmental, and security effects from a country’s actions which undermine other countries’ efforts to achieve the SDGs.",17_9,8_0,,No Relationship
"Beyond these two examples for voluntary partnerships, it is important to establish platforms for exchange and peer learning on the design of policy tools between countries causing and affected by spillover effects.","Targets for trade-related spillovers should cover environmental and social impacts linked to global value chains, such as GHG emissions, air pollution, resource depletion (e.g., material footprints), and labor exploitation (e.g., modern slavery and fatal accidents at work).",17_9,8_1,,No Relationship
"Beyond these two examples for voluntary partnerships, it is important to establish platforms for exchange and peer learning on the design of policy tools between countries causing and affected by spillover effects.","For instance, according to Malik et al. (2023), the EU’s consumption was linked to 500,000 cases of modern slavery and 1,200 fatal accidents at work abroad in 2018.",17_9,8_2,,No Relationship
"Beyond these two examples for voluntary partnerships, it is important to establish platforms for exchange and peer learning on the design of policy tools between countries causing and affected by spillover effects.","However, these important initiatives have been unilateral policy instruments that, largely, have not considered perspectives from the affected economies, potentially resulting in trade-offs (e.g., higher unemployment and poverty).",17_9,8_3,,No Relationship
"Beyond these two examples for voluntary partnerships, it is important to establish platforms for exchange and peer learning on the design of policy tools between countries causing and affected by spillover effects.","Leveraging its various working groups (such as the working groups on Development, Trade and Investment, Employment, and Climate and Environmental Sustainability), the G20 should lead a dedicated agenda to curb negative spillover effects.",17_9,8_4,,No Relationship
"Leveraging its various working groups (such as the working groups on Development, Trade and Investment, Employment, and Climate and Environmental Sustainability), the G20 should lead a dedicated agenda to curb negative spillover effects.","These are undesirable external economic, social, environmental, and security effects from a country’s actions which undermine other countries’ efforts to achieve the SDGs.",17_10,8_0,,No Relationship
"Leveraging its various working groups (such as the working groups on Development, Trade and Investment, Employment, and Climate and Environmental Sustainability), the G20 should lead a dedicated agenda to curb negative spillover effects.","Targets for trade-related spillovers should cover environmental and social impacts linked to global value chains, such as GHG emissions, air pollution, resource depletion (e.g., material footprints), and labor exploitation (e.g., modern slavery and fatal accidents at work).",17_10,8_1,,No Relationship
"Leveraging its various working groups (such as the working groups on Development, Trade and Investment, Employment, and Climate and Environmental Sustainability), the G20 should lead a dedicated agenda to curb negative spillover effects.","For instance, according to Malik et al. (2023), the EU’s consumption was linked to 500,000 cases of modern slavery and 1,200 fatal accidents at work abroad in 2018.",17_10,8_2,,No Relationship
"Leveraging its various working groups (such as the working groups on Development, Trade and Investment, Employment, and Climate and Environmental Sustainability), the G20 should lead a dedicated agenda to curb negative spillover effects.","However, these important initiatives have been unilateral policy instruments that, largely, have not considered perspectives from the affected economies, potentially resulting in trade-offs (e.g., higher unemployment and poverty).",17_10,8_3,,No Relationship
"Leveraging its various working groups (such as the working groups on Development, Trade and Investment, Employment, and Climate and Environmental Sustainability), the G20 should lead a dedicated agenda to curb negative spillover effects.","Leveraging its various working groups (such as the working groups on Development, Trade and Investment, Employment, and Climate and Environmental Sustainability), the G20 should lead a dedicated agenda to curb negative spillover effects.",17_10,8_4,,Rephrase
"Developed within the Development Working Group, the Action Plans aim to enhance policy coherence and coordination across all G20 work streams for the SDGs achievement.","These are undesirable external economic, social, environmental, and security effects from a country’s actions which undermine other countries’ efforts to achieve the SDGs.",17_11,8_0,,No Relationship
"Developed within the Development Working Group, the Action Plans aim to enhance policy coherence and coordination across all G20 work streams for the SDGs achievement.","Targets for trade-related spillovers should cover environmental and social impacts linked to global value chains, such as GHG emissions, air pollution, resource depletion (e.g., material footprints), and labor exploitation (e.g., modern slavery and fatal accidents at work).",17_11,8_1,,No Relationship
"Developed within the Development Working Group, the Action Plans aim to enhance policy coherence and coordination across all G20 work streams for the SDGs achievement.","For instance, according to Malik et al. (2023), the EU’s consumption was linked to 500,000 cases of modern slavery and 1,200 fatal accidents at work abroad in 2018.",17_11,8_2,,No Relationship
"Developed within the Development Working Group, the Action Plans aim to enhance policy coherence and coordination across all G20 work streams for the SDGs achievement.","However, these important initiatives have been unilateral policy instruments that, largely, have not considered perspectives from the affected economies, potentially resulting in trade-offs (e.g., higher unemployment and poverty).",17_11,8_3,,No Relationship
"Developed within the Development Working Group, the Action Plans aim to enhance policy coherence and coordination across all G20 work streams for the SDGs achievement.","Leveraging its various working groups (such as the working groups on Development, Trade and Investment, Employment, and Climate and Environmental Sustainability), the G20 should lead a dedicated agenda to curb negative spillover effects.",17_11,8_4,,No Relationship
"Thus, it seems logical to integrate the issue of spillover effects into the next Action Plan update.","These are undesirable external economic, social, environmental, and security effects from a country’s actions which undermine other countries’ efforts to achieve the SDGs.",17_12,8_0,,No Relationship
"Thus, it seems logical to integrate the issue of spillover effects into the next Action Plan update.","Targets for trade-related spillovers should cover environmental and social impacts linked to global value chains, such as GHG emissions, air pollution, resource depletion (e.g., material footprints), and labor exploitation (e.g., modern slavery and fatal accidents at work).",17_12,8_1,,No Relationship
"Thus, it seems logical to integrate the issue of spillover effects into the next Action Plan update.","For instance, according to Malik et al. (2023), the EU’s consumption was linked to 500,000 cases of modern slavery and 1,200 fatal accidents at work abroad in 2018.",17_12,8_2,,No Relationship
"Thus, it seems logical to integrate the issue of spillover effects into the next Action Plan update.","However, these important initiatives have been unilateral policy instruments that, largely, have not considered perspectives from the affected economies, potentially resulting in trade-offs (e.g., higher unemployment and poverty).",17_12,8_3,,No Relationship
"Thus, it seems logical to integrate the issue of spillover effects into the next Action Plan update.","Leveraging its various working groups (such as the working groups on Development, Trade and Investment, Employment, and Climate and Environmental Sustainability), the G20 should lead a dedicated agenda to curb negative spillover effects.",17_12,8_4,,No Relationship
"The G20 needs to use the action-oriented momentum of this Summit to accelerate the implementation of the 2030 Agenda by reducing spillover effects and increasing global policy coherence, a lever to tackle slowing and counterproductive effects on the SDGs.","These are undesirable external economic, social, environmental, and security effects from a country’s actions which undermine other countries’ efforts to achieve the SDGs.",17_13,8_0,,No Relationship
"The G20 needs to use the action-oriented momentum of this Summit to accelerate the implementation of the 2030 Agenda by reducing spillover effects and increasing global policy coherence, a lever to tackle slowing and counterproductive effects on the SDGs.","Targets for trade-related spillovers should cover environmental and social impacts linked to global value chains, such as GHG emissions, air pollution, resource depletion (e.g., material footprints), and labor exploitation (e.g., modern slavery and fatal accidents at work).",17_13,8_1,,No Relationship
"The G20 needs to use the action-oriented momentum of this Summit to accelerate the implementation of the 2030 Agenda by reducing spillover effects and increasing global policy coherence, a lever to tackle slowing and counterproductive effects on the SDGs.","For instance, according to Malik et al. (2023), the EU’s consumption was linked to 500,000 cases of modern slavery and 1,200 fatal accidents at work abroad in 2018.",17_13,8_2,,No Relationship
"The G20 needs to use the action-oriented momentum of this Summit to accelerate the implementation of the 2030 Agenda by reducing spillover effects and increasing global policy coherence, a lever to tackle slowing and counterproductive effects on the SDGs.","However, these important initiatives have been unilateral policy instruments that, largely, have not considered perspectives from the affected economies, potentially resulting in trade-offs (e.g., higher unemployment and poverty).",17_13,8_3,,No Relationship
"The G20 needs to use the action-oriented momentum of this Summit to accelerate the implementation of the 2030 Agenda by reducing spillover effects and increasing global policy coherence, a lever to tackle slowing and counterproductive effects on the SDGs.","Leveraging its various working groups (such as the working groups on Development, Trade and Investment, Employment, and Climate and Environmental Sustainability), the G20 should lead a dedicated agenda to curb negative spillover effects.",17_13,8_4,,No Relationship
"The G20 should use the G20 process during Brazil’s presidency to co-create international answers to spillover effects, including the adoption of the three recommendations described in this policy brief.","These are undesirable external economic, social, environmental, and security effects from a country’s actions which undermine other countries’ efforts to achieve the SDGs.",17_14,8_0,,No Relationship
"The G20 should use the G20 process during Brazil’s presidency to co-create international answers to spillover effects, including the adoption of the three recommendations described in this policy brief.","Targets for trade-related spillovers should cover environmental and social impacts linked to global value chains, such as GHG emissions, air pollution, resource depletion (e.g., material footprints), and labor exploitation (e.g., modern slavery and fatal accidents at work).",17_14,8_1,,No Relationship
"The G20 should use the G20 process during Brazil’s presidency to co-create international answers to spillover effects, including the adoption of the three recommendations described in this policy brief.","For instance, according to Malik et al. (2023), the EU’s consumption was linked to 500,000 cases of modern slavery and 1,200 fatal accidents at work abroad in 2018.",17_14,8_2,,No Relationship
"The G20 should use the G20 process during Brazil’s presidency to co-create international answers to spillover effects, including the adoption of the three recommendations described in this policy brief.","However, these important initiatives have been unilateral policy instruments that, largely, have not considered perspectives from the affected economies, potentially resulting in trade-offs (e.g., higher unemployment and poverty).",17_14,8_3,,No Relationship
"The G20 should use the G20 process during Brazil’s presidency to co-create international answers to spillover effects, including the adoption of the three recommendations described in this policy brief.","Leveraging its various working groups (such as the working groups on Development, Trade and Investment, Employment, and Climate and Environmental Sustainability), the G20 should lead a dedicated agenda to curb negative spillover effects.",17_14,8_4,,No Relationship
"Under a positive scenario, the G20 (especially through its Development Working Group) will be able to foster a high-level policy dialogue on the importance of international spillover effects as an important factor to accelerate the achievement of the SDGs.","These are undesirable external economic, social, environmental, and security effects from a country’s actions which undermine other countries’ efforts to achieve the SDGs.",17_15,8_0,,No Relationship
"Under a positive scenario, the G20 (especially through its Development Working Group) will be able to foster a high-level policy dialogue on the importance of international spillover effects as an important factor to accelerate the achievement of the SDGs.","Targets for trade-related spillovers should cover environmental and social impacts linked to global value chains, such as GHG emissions, air pollution, resource depletion (e.g., material footprints), and labor exploitation (e.g., modern slavery and fatal accidents at work).",17_15,8_1,,No Relationship
"Under a positive scenario, the G20 (especially through its Development Working Group) will be able to foster a high-level policy dialogue on the importance of international spillover effects as an important factor to accelerate the achievement of the SDGs.","For instance, according to Malik et al. (2023), the EU’s consumption was linked to 500,000 cases of modern slavery and 1,200 fatal accidents at work abroad in 2018.",17_15,8_2,,No Relationship
"Under a positive scenario, the G20 (especially through its Development Working Group) will be able to foster a high-level policy dialogue on the importance of international spillover effects as an important factor to accelerate the achievement of the SDGs.","However, these important initiatives have been unilateral policy instruments that, largely, have not considered perspectives from the affected economies, potentially resulting in trade-offs (e.g., higher unemployment and poverty).",17_15,8_3,,No Relationship
"Under a positive scenario, the G20 (especially through its Development Working Group) will be able to foster a high-level policy dialogue on the importance of international spillover effects as an important factor to accelerate the achievement of the SDGs.","Leveraging its various working groups (such as the working groups on Development, Trade and Investment, Employment, and Climate and Environmental Sustainability), the G20 should lead a dedicated agenda to curb negative spillover effects.",17_15,8_4,,No Relationship
Accounting for these spillovers becomes crucial for an accurate assessment of contributions towards sustainable development.,"promoting sustainable forestry (EU FLEGT Facility, 2009).",13_0,15_0,,No Relationship
Accounting for these spillovers becomes crucial for an accurate assessment of contributions towards sustainable development.,"assurance systems push exporting countries to improve their forest management practices, promoting sustainable forestry (EU FLEGT Facility, 2009).",13_0,15_1,,No Relationship
"Eurostat’s annual SDGs monitoring report also features a dedicated section on spillover effects, including indicators on CO₂ emissions and cropland footprints of EU members.","promoting sustainable forestry (EU FLEGT Facility, 2009).",13_1,15_0,,No Relationship
"Eurostat’s annual SDGs monitoring report also features a dedicated section on spillover effects, including indicators on CO₂ emissions and cropland footprints of EU members.","assurance systems push exporting countries to improve their forest management practices, promoting sustainable forestry (EU FLEGT Facility, 2009).",13_1,15_1,,No Relationship
"Targets for trade-related spillovers should cover environmental and social impacts linked to global value chains, such as GHG emissions, air pollution, resource depletion (e.g., material footprints), and labor exploitation (e.g., modern slavery and fatal accidents at work).","promoting sustainable forestry (EU FLEGT Facility, 2009).",13_2,15_0,,Attack
"Targets for trade-related spillovers should cover environmental and social impacts linked to global value chains, such as GHG emissions, air pollution, resource depletion (e.g., material footprints), and labor exploitation (e.g., modern slavery and fatal accidents at work).","assurance systems push exporting countries to improve their forest management practices, promoting sustainable forestry (EU FLEGT Facility, 2009).",13_2,15_1,,No Relationship
tackle deforestation,"promoting sustainable forestry (EU FLEGT Facility, 2009).",13_3,15_0,,No Relationship
tackle deforestation,"assurance systems push exporting countries to improve their forest management practices, promoting sustainable forestry (EU FLEGT Facility, 2009).",13_3,15_1,,No Relationship
"The partnership mobilizes stakeholders to facilitate an energy transition, but it will be important that implementation of the JETP addresses the social consequences of decarbonization.","promoting sustainable forestry (EU FLEGT Facility, 2009).",13_4,15_0,,No Relationship
"The partnership mobilizes stakeholders to facilitate an energy transition, but it will be important that implementation of the JETP addresses the social consequences of decarbonization.","assurance systems push exporting countries to improve their forest management practices, promoting sustainable forestry (EU FLEGT Facility, 2009).",13_4,15_1,,No Relationship
"Leveraging its various working groups (such as the working groups on Development, Trade and Investment, Employment, and Climate and Environmental Sustainability), the G20 should lead a dedicated agenda to curb negative spillover effects.","promoting sustainable forestry (EU FLEGT Facility, 2009).",13_5,15_0,,No Relationship
"Leveraging its various working groups (such as the working groups on Development, Trade and Investment, Employment, and Climate and Environmental Sustainability), the G20 should lead a dedicated agenda to curb negative spillover effects.","assurance systems push exporting countries to improve their forest management practices, promoting sustainable forestry (EU FLEGT Facility, 2009).",13_5,15_1,,No Relationship
"especially amid lacklustre SDG progress, widespread conflict, and growing polarization and authoritarian trends worldwide.",Accounting for these spillovers becomes crucial for an accurate assessment of contributions towards sustainable development.,16_0,13_0,,No Relationship
"especially amid lacklustre SDG progress, widespread conflict, and growing polarization and authoritarian trends worldwide.","Eurostat’s annual SDGs monitoring report also features a dedicated section on spillover effects, including indicators on CO₂ emissions and cropland footprints of EU members.",16_0,13_1,,No Relationship
"especially amid lacklustre SDG progress, widespread conflict, and growing polarization and authoritarian trends worldwide.","Targets for trade-related spillovers should cover environmental and social impacts linked to global value chains, such as GHG emissions, air pollution, resource depletion (e.g., material footprints), and labor exploitation (e.g., modern slavery and fatal accidents at work).",16_0,13_2,,No Relationship
"especially amid lacklustre SDG progress, widespread conflict, and growing polarization and authoritarian trends worldwide.",tackle deforestation,16_0,13_3,,No Relationship
"especially amid lacklustre SDG progress, widespread conflict, and growing polarization and authoritarian trends worldwide.","The partnership mobilizes stakeholders to facilitate an energy transition, but it will be important that implementation of the JETP addresses the social consequences of decarbonization.",16_0,13_4,,No Relationship
"especially amid lacklustre SDG progress, widespread conflict, and growing polarization and authoritarian trends worldwide.","Leveraging its various working groups (such as the working groups on Development, Trade and Investment, Employment, and Climate and Environmental Sustainability), the G20 should lead a dedicated agenda to curb negative spillover effects.",16_0,13_5,,No Relationship
Accounting for these spillovers becomes crucial for an accurate assessment of contributions towards sustainable development.,Establish inclusive processes that bring together stakeholders to co-develop multilateral policies and partnerships;,13_0,17_0,,No Relationship
Accounting for these spillovers becomes crucial for an accurate assessment of contributions towards sustainable development.,"These externalities, or spillovers, must be understood, monitored, and managed effectively through actions by the countries causing them and through international partnerships.",13_0,17_1,,No Relationship
Accounting for these spillovers becomes crucial for an accurate assessment of contributions towards sustainable development.,"The G20, as a high-level forum bringing together major economies, the European Union and (as of last year) the African Union, is ideally placed to address this issue.",13_0,17_2,,No Relationship
Accounting for these spillovers becomes crucial for an accurate assessment of contributions towards sustainable development.,"Ultimately, curbing negative spillovers requires multilateral solutions, especially between resource-rich and labor-rich countries with high income consumer countries.",13_0,17_3,,No Relationship
Accounting for these spillovers becomes crucial for an accurate assessment of contributions towards sustainable development.,2) Establish inclusive processes that bring together stakeholders to co-develop multilateral policies and partnerships;,13_0,17_4,,No Relationship
Accounting for these spillovers becomes crucial for an accurate assessment of contributions towards sustainable development.,"This is consistent with SDG target 17.19, which calls for supporting statistical capacity building in developing countries and tracks, via indicator 17.19.1, financial assistance to developing countries for this purpose.",13_0,17_5,,No Relationship
Accounting for these spillovers becomes crucial for an accurate assessment of contributions towards sustainable development.,"The G20 should, therefore, create and support new inclusive platforms and partnerships to ensure that production processes include robust safeguards to protect the environment and human rights.",13_0,17_6,,No Relationship
Accounting for these spillovers becomes crucial for an accurate assessment of contributions towards sustainable development.,The Just Energy Transition Partnerships (JETPs) are another example of new forms of international collaboration.,13_0,17_7,,No Relationship
Accounting for these spillovers becomes crucial for an accurate assessment of contributions towards sustainable development.,"The partnership mobilizes stakeholders to facilitate an energy transition, but it will be important that implementation of the JETP addresses the social consequences of decarbonization.",13_0,17_8,,No Relationship
Accounting for these spillovers becomes crucial for an accurate assessment of contributions towards sustainable development.,"Beyond these two examples for voluntary partnerships, it is important to establish platforms for exchange and peer learning on the design of policy tools between countries causing and affected by spillover effects.",13_0,17_9,,No Relationship
Accounting for these spillovers becomes crucial for an accurate assessment of contributions towards sustainable development.,"Leveraging its various working groups (such as the working groups on Development, Trade and Investment, Employment, and Climate and Environmental Sustainability), the G20 should lead a dedicated agenda to curb negative spillover effects.",13_0,17_10,,No Relationship
Accounting for these spillovers becomes crucial for an accurate assessment of contributions towards sustainable development.,"Developed within the Development Working Group, the Action Plans aim to enhance policy coherence and coordination across all G20 work streams for the SDGs achievement.",13_0,17_11,,No Relationship
Accounting for these spillovers becomes crucial for an accurate assessment of contributions towards sustainable development.,"Thus, it seems logical to integrate the issue of spillover effects into the next Action Plan update.",13_0,17_12,,No Relationship
Accounting for these spillovers becomes crucial for an accurate assessment of contributions towards sustainable development.,"The G20 needs to use the action-oriented momentum of this Summit to accelerate the implementation of the 2030 Agenda by reducing spillover effects and increasing global policy coherence, a lever to tackle slowing and counterproductive effects on the SDGs.",13_0,17_13,,No Relationship
Accounting for these spillovers becomes crucial for an accurate assessment of contributions towards sustainable development.,"The G20 should use the G20 process during Brazil’s presidency to co-create international answers to spillover effects, including the adoption of the three recommendations described in this policy brief.",13_0,17_14,,No Relationship
Accounting for these spillovers becomes crucial for an accurate assessment of contributions towards sustainable development.,"Under a positive scenario, the G20 (especially through its Development Working Group) will be able to foster a high-level policy dialogue on the importance of international spillover effects as an important factor to accelerate the achievement of the SDGs.",13_0,17_15,,No Relationship
"Eurostat’s annual SDGs monitoring report also features a dedicated section on spillover effects, including indicators on CO₂ emissions and cropland footprints of EU members.",Establish inclusive processes that bring together stakeholders to co-develop multilateral policies and partnerships;,13_1,17_0,,No Relationship
"Eurostat’s annual SDGs monitoring report also features a dedicated section on spillover effects, including indicators on CO₂ emissions and cropland footprints of EU members.","These externalities, or spillovers, must be understood, monitored, and managed effectively through actions by the countries causing them and through international partnerships.",13_1,17_1,,No Relationship
"Eurostat’s annual SDGs monitoring report also features a dedicated section on spillover effects, including indicators on CO₂ emissions and cropland footprints of EU members.","The G20, as a high-level forum bringing together major economies, the European Union and (as of last year) the African Union, is ideally placed to address this issue.",13_1,17_2,,No Relationship
"Eurostat’s annual SDGs monitoring report also features a dedicated section on spillover effects, including indicators on CO₂ emissions and cropland footprints of EU members.","Ultimately, curbing negative spillovers requires multilateral solutions, especially between resource-rich and labor-rich countries with high income consumer countries.",13_1,17_3,,No Relationship
"Eurostat’s annual SDGs monitoring report also features a dedicated section on spillover effects, including indicators on CO₂ emissions and cropland footprints of EU members.",2) Establish inclusive processes that bring together stakeholders to co-develop multilateral policies and partnerships;,13_1,17_4,,No Relationship
"Eurostat’s annual SDGs monitoring report also features a dedicated section on spillover effects, including indicators on CO₂ emissions and cropland footprints of EU members.","This is consistent with SDG target 17.19, which calls for supporting statistical capacity building in developing countries and tracks, via indicator 17.19.1, financial assistance to developing countries for this purpose.",13_1,17_5,,No Relationship
"Eurostat’s annual SDGs monitoring report also features a dedicated section on spillover effects, including indicators on CO₂ emissions and cropland footprints of EU members.","The G20 should, therefore, create and support new inclusive platforms and partnerships to ensure that production processes include robust safeguards to protect the environment and human rights.",13_1,17_6,,No Relationship
"Eurostat’s annual SDGs monitoring report also features a dedicated section on spillover effects, including indicators on CO₂ emissions and cropland footprints of EU members.",The Just Energy Transition Partnerships (JETPs) are another example of new forms of international collaboration.,13_1,17_7,,No Relationship
"Eurostat’s annual SDGs monitoring report also features a dedicated section on spillover effects, including indicators on CO₂ emissions and cropland footprints of EU members.","The partnership mobilizes stakeholders to facilitate an energy transition, but it will be important that implementation of the JETP addresses the social consequences of decarbonization.",13_1,17_8,,No Relationship
"Eurostat’s annual SDGs monitoring report also features a dedicated section on spillover effects, including indicators on CO₂ emissions and cropland footprints of EU members.","Beyond these two examples for voluntary partnerships, it is important to establish platforms for exchange and peer learning on the design of policy tools between countries causing and affected by spillover effects.",13_1,17_9,,No Relationship
"Eurostat’s annual SDGs monitoring report also features a dedicated section on spillover effects, including indicators on CO₂ emissions and cropland footprints of EU members.","Leveraging its various working groups (such as the working groups on Development, Trade and Investment, Employment, and Climate and Environmental Sustainability), the G20 should lead a dedicated agenda to curb negative spillover effects.",13_1,17_10,,No Relationship
"Eurostat’s annual SDGs monitoring report also features a dedicated section on spillover effects, including indicators on CO₂ emissions and cropland footprints of EU members.","Developed within the Development Working Group, the Action Plans aim to enhance policy coherence and coordination across all G20 work streams for the SDGs achievement.",13_1,17_11,,No Relationship
"Eurostat’s annual SDGs monitoring report also features a dedicated section on spillover effects, including indicators on CO₂ emissions and cropland footprints of EU members.","Thus, it seems logical to integrate the issue of spillover effects into the next Action Plan update.",13_1,17_12,,No Relationship
"Eurostat’s annual SDGs monitoring report also features a dedicated section on spillover effects, including indicators on CO₂ emissions and cropland footprints of EU members.","The G20 needs to use the action-oriented momentum of this Summit to accelerate the implementation of the 2030 Agenda by reducing spillover effects and increasing global policy coherence, a lever to tackle slowing and counterproductive effects on the SDGs.",13_1,17_13,,No Relationship
"Eurostat’s annual SDGs monitoring report also features a dedicated section on spillover effects, including indicators on CO₂ emissions and cropland footprints of EU members.","The G20 should use the G20 process during Brazil’s presidency to co-create international answers to spillover effects, including the adoption of the three recommendations described in this policy brief.",13_1,17_14,,No Relationship
"Eurostat’s annual SDGs monitoring report also features a dedicated section on spillover effects, including indicators on CO₂ emissions and cropland footprints of EU members.","Under a positive scenario, the G20 (especially through its Development Working Group) will be able to foster a high-level policy dialogue on the importance of international spillover effects as an important factor to accelerate the achievement of the SDGs.",13_1,17_15,,No Relationship
"Targets for trade-related spillovers should cover environmental and social impacts linked to global value chains, such as GHG emissions, air pollution, resource depletion (e.g., material footprints), and labor exploitation (e.g., modern slavery and fatal accidents at work).",Establish inclusive processes that bring together stakeholders to co-develop multilateral policies and partnerships;,13_2,17_0,,No Relationship
"Targets for trade-related spillovers should cover environmental and social impacts linked to global value chains, such as GHG emissions, air pollution, resource depletion (e.g., material footprints), and labor exploitation (e.g., modern slavery and fatal accidents at work).","These externalities, or spillovers, must be understood, monitored, and managed effectively through actions by the countries causing them and through international partnerships.",13_2,17_1,,No Relationship
"Targets for trade-related spillovers should cover environmental and social impacts linked to global value chains, such as GHG emissions, air pollution, resource depletion (e.g., material footprints), and labor exploitation (e.g., modern slavery and fatal accidents at work).","The G20, as a high-level forum bringing together major economies, the European Union and (as of last year) the African Union, is ideally placed to address this issue.",13_2,17_2,,No Relationship
"Targets for trade-related spillovers should cover environmental and social impacts linked to global value chains, such as GHG emissions, air pollution, resource depletion (e.g., material footprints), and labor exploitation (e.g., modern slavery and fatal accidents at work).","Ultimately, curbing negative spillovers requires multilateral solutions, especially between resource-rich and labor-rich countries with high income consumer countries.",13_2,17_3,,No Relationship
"Targets for trade-related spillovers should cover environmental and social impacts linked to global value chains, such as GHG emissions, air pollution, resource depletion (e.g., material footprints), and labor exploitation (e.g., modern slavery and fatal accidents at work).",2) Establish inclusive processes that bring together stakeholders to co-develop multilateral policies and partnerships;,13_2,17_4,,No Relationship
"Targets for trade-related spillovers should cover environmental and social impacts linked to global value chains, such as GHG emissions, air pollution, resource depletion (e.g., material footprints), and labor exploitation (e.g., modern slavery and fatal accidents at work).","This is consistent with SDG target 17.19, which calls for supporting statistical capacity building in developing countries and tracks, via indicator 17.19.1, financial assistance to developing countries for this purpose.",13_2,17_5,,No Relationship
"Targets for trade-related spillovers should cover environmental and social impacts linked to global value chains, such as GHG emissions, air pollution, resource depletion (e.g., material footprints), and labor exploitation (e.g., modern slavery and fatal accidents at work).","The G20 should, therefore, create and support new inclusive platforms and partnerships to ensure that production processes include robust safeguards to protect the environment and human rights.",13_2,17_6,,No Relationship
"Targets for trade-related spillovers should cover environmental and social impacts linked to global value chains, such as GHG emissions, air pollution, resource depletion (e.g., material footprints), and labor exploitation (e.g., modern slavery and fatal accidents at work).",The Just Energy Transition Partnerships (JETPs) are another example of new forms of international collaboration.,13_2,17_7,,No Relationship
"Targets for trade-related spillovers should cover environmental and social impacts linked to global value chains, such as GHG emissions, air pollution, resource depletion (e.g., material footprints), and labor exploitation (e.g., modern slavery and fatal accidents at work).","The partnership mobilizes stakeholders to facilitate an energy transition, but it will be important that implementation of the JETP addresses the social consequences of decarbonization.",13_2,17_8,,No Relationship
"Targets for trade-related spillovers should cover environmental and social impacts linked to global value chains, such as GHG emissions, air pollution, resource depletion (e.g., material footprints), and labor exploitation (e.g., modern slavery and fatal accidents at work).","Beyond these two examples for voluntary partnerships, it is important to establish platforms for exchange and peer learning on the design of policy tools between countries causing and affected by spillover effects.",13_2,17_9,,No Relationship
"Targets for trade-related spillovers should cover environmental and social impacts linked to global value chains, such as GHG emissions, air pollution, resource depletion (e.g., material footprints), and labor exploitation (e.g., modern slavery and fatal accidents at work).","Leveraging its various working groups (such as the working groups on Development, Trade and Investment, Employment, and Climate and Environmental Sustainability), the G20 should lead a dedicated agenda to curb negative spillover effects.",13_2,17_10,,No Relationship
"Targets for trade-related spillovers should cover environmental and social impacts linked to global value chains, such as GHG emissions, air pollution, resource depletion (e.g., material footprints), and labor exploitation (e.g., modern slavery and fatal accidents at work).","Developed within the Development Working Group, the Action Plans aim to enhance policy coherence and coordination across all G20 work streams for the SDGs achievement.",13_2,17_11,,No Relationship
"Targets for trade-related spillovers should cover environmental and social impacts linked to global value chains, such as GHG emissions, air pollution, resource depletion (e.g., material footprints), and labor exploitation (e.g., modern slavery and fatal accidents at work).","Thus, it seems logical to integrate the issue of spillover effects into the next Action Plan update.",13_2,17_12,,No Relationship
"Targets for trade-related spillovers should cover environmental and social impacts linked to global value chains, such as GHG emissions, air pollution, resource depletion (e.g., material footprints), and labor exploitation (e.g., modern slavery and fatal accidents at work).","The G20 needs to use the action-oriented momentum of this Summit to accelerate the implementation of the 2030 Agenda by reducing spillover effects and increasing global policy coherence, a lever to tackle slowing and counterproductive effects on the SDGs.",13_2,17_13,,No Relationship
"Targets for trade-related spillovers should cover environmental and social impacts linked to global value chains, such as GHG emissions, air pollution, resource depletion (e.g., material footprints), and labor exploitation (e.g., modern slavery and fatal accidents at work).","The G20 should use the G20 process during Brazil’s presidency to co-create international answers to spillover effects, including the adoption of the three recommendations described in this policy brief.",13_2,17_14,,No Relationship
"Targets for trade-related spillovers should cover environmental and social impacts linked to global value chains, such as GHG emissions, air pollution, resource depletion (e.g., material footprints), and labor exploitation (e.g., modern slavery and fatal accidents at work).","Under a positive scenario, the G20 (especially through its Development Working Group) will be able to foster a high-level policy dialogue on the importance of international spillover effects as an important factor to accelerate the achievement of the SDGs.",13_2,17_15,,No Relationship
tackle deforestation,Establish inclusive processes that bring together stakeholders to co-develop multilateral policies and partnerships;,13_3,17_0,,No Relationship
tackle deforestation,"These externalities, or spillovers, must be understood, monitored, and managed effectively through actions by the countries causing them and through international partnerships.",13_3,17_1,,No Relationship
tackle deforestation,"The G20, as a high-level forum bringing together major economies, the European Union and (as of last year) the African Union, is ideally placed to address this issue.",13_3,17_2,,No Relationship
tackle deforestation,"Ultimately, curbing negative spillovers requires multilateral solutions, especially between resource-rich and labor-rich countries with high income consumer countries.",13_3,17_3,,No Relationship
tackle deforestation,2) Establish inclusive processes that bring together stakeholders to co-develop multilateral policies and partnerships;,13_3,17_4,,No Relationship
tackle deforestation,"This is consistent with SDG target 17.19, which calls for supporting statistical capacity building in developing countries and tracks, via indicator 17.19.1, financial assistance to developing countries for this purpose.",13_3,17_5,,No Relationship
tackle deforestation,"The G20 should, therefore, create and support new inclusive platforms and partnerships to ensure that production processes include robust safeguards to protect the environment and human rights.",13_3,17_6,,No Relationship
tackle deforestation,The Just Energy Transition Partnerships (JETPs) are another example of new forms of international collaboration.,13_3,17_7,,No Relationship
tackle deforestation,"The partnership mobilizes stakeholders to facilitate an energy transition, but it will be important that implementation of the JETP addresses the social consequences of decarbonization.",13_3,17_8,,No Relationship
tackle deforestation,"Beyond these two examples for voluntary partnerships, it is important to establish platforms for exchange and peer learning on the design of policy tools between countries causing and affected by spillover effects.",13_3,17_9,,No Relationship
tackle deforestation,"Leveraging its various working groups (such as the working groups on Development, Trade and Investment, Employment, and Climate and Environmental Sustainability), the G20 should lead a dedicated agenda to curb negative spillover effects.",13_3,17_10,,No Relationship
tackle deforestation,"Developed within the Development Working Group, the Action Plans aim to enhance policy coherence and coordination across all G20 work streams for the SDGs achievement.",13_3,17_11,,No Relationship
tackle deforestation,"Thus, it seems logical to integrate the issue of spillover effects into the next Action Plan update.",13_3,17_12,,No Relationship
tackle deforestation,"The G20 needs to use the action-oriented momentum of this Summit to accelerate the implementation of the 2030 Agenda by reducing spillover effects and increasing global policy coherence, a lever to tackle slowing and counterproductive effects on the SDGs.",13_3,17_13,,No Relationship
tackle deforestation,"The G20 should use the G20 process during Brazil’s presidency to co-create international answers to spillover effects, including the adoption of the three recommendations described in this policy brief.",13_3,17_14,,No Relationship
tackle deforestation,"Under a positive scenario, the G20 (especially through its Development Working Group) will be able to foster a high-level policy dialogue on the importance of international spillover effects as an important factor to accelerate the achievement of the SDGs.",13_3,17_15,,No Relationship
"The partnership mobilizes stakeholders to facilitate an energy transition, but it will be important that implementation of the JETP addresses the social consequences of decarbonization.",Establish inclusive processes that bring together stakeholders to co-develop multilateral policies and partnerships;,13_4,17_0,,No Relationship
"The partnership mobilizes stakeholders to facilitate an energy transition, but it will be important that implementation of the JETP addresses the social consequences of decarbonization.","These externalities, or spillovers, must be understood, monitored, and managed effectively through actions by the countries causing them and through international partnerships.",13_4,17_1,,No Relationship
"The partnership mobilizes stakeholders to facilitate an energy transition, but it will be important that implementation of the JETP addresses the social consequences of decarbonization.","The G20, as a high-level forum bringing together major economies, the European Union and (as of last year) the African Union, is ideally placed to address this issue.",13_4,17_2,,No Relationship
"The partnership mobilizes stakeholders to facilitate an energy transition, but it will be important that implementation of the JETP addresses the social consequences of decarbonization.","Ultimately, curbing negative spillovers requires multilateral solutions, especially between resource-rich and labor-rich countries with high income consumer countries.",13_4,17_3,,No Relationship
"The partnership mobilizes stakeholders to facilitate an energy transition, but it will be important that implementation of the JETP addresses the social consequences of decarbonization.",2) Establish inclusive processes that bring together stakeholders to co-develop multilateral policies and partnerships;,13_4,17_4,,No Relationship
"The partnership mobilizes stakeholders to facilitate an energy transition, but it will be important that implementation of the JETP addresses the social consequences of decarbonization.","This is consistent with SDG target 17.19, which calls for supporting statistical capacity building in developing countries and tracks, via indicator 17.19.1, financial assistance to developing countries for this purpose.",13_4,17_5,,No Relationship
"The partnership mobilizes stakeholders to facilitate an energy transition, but it will be important that implementation of the JETP addresses the social consequences of decarbonization.","The G20 should, therefore, create and support new inclusive platforms and partnerships to ensure that production processes include robust safeguards to protect the environment and human rights.",13_4,17_6,,No Relationship
"The partnership mobilizes stakeholders to facilitate an energy transition, but it will be important that implementation of the JETP addresses the social consequences of decarbonization.",The Just Energy Transition Partnerships (JETPs) are another example of new forms of international collaboration.,13_4,17_7,,No Relationship
"The partnership mobilizes stakeholders to facilitate an energy transition, but it will be important that implementation of the JETP addresses the social consequences of decarbonization.","The partnership mobilizes stakeholders to facilitate an energy transition, but it will be important that implementation of the JETP addresses the social consequences of decarbonization.",13_4,17_8,,Rephrase
"The partnership mobilizes stakeholders to facilitate an energy transition, but it will be important that implementation of the JETP addresses the social consequences of decarbonization.","Beyond these two examples for voluntary partnerships, it is important to establish platforms for exchange and peer learning on the design of policy tools between countries causing and affected by spillover effects.",13_4,17_9,,No Relationship
"The partnership mobilizes stakeholders to facilitate an energy transition, but it will be important that implementation of the JETP addresses the social consequences of decarbonization.","Leveraging its various working groups (such as the working groups on Development, Trade and Investment, Employment, and Climate and Environmental Sustainability), the G20 should lead a dedicated agenda to curb negative spillover effects.",13_4,17_10,,No Relationship
"The partnership mobilizes stakeholders to facilitate an energy transition, but it will be important that implementation of the JETP addresses the social consequences of decarbonization.","Developed within the Development Working Group, the Action Plans aim to enhance policy coherence and coordination across all G20 work streams for the SDGs achievement.",13_4,17_11,,No Relationship
"The partnership mobilizes stakeholders to facilitate an energy transition, but it will be important that implementation of the JETP addresses the social consequences of decarbonization.","Thus, it seems logical to integrate the issue of spillover effects into the next Action Plan update.",13_4,17_12,,No Relationship
"The partnership mobilizes stakeholders to facilitate an energy transition, but it will be important that implementation of the JETP addresses the social consequences of decarbonization.","The G20 needs to use the action-oriented momentum of this Summit to accelerate the implementation of the 2030 Agenda by reducing spillover effects and increasing global policy coherence, a lever to tackle slowing and counterproductive effects on the SDGs.",13_4,17_13,,No Relationship
"The partnership mobilizes stakeholders to facilitate an energy transition, but it will be important that implementation of the JETP addresses the social consequences of decarbonization.","The G20 should use the G20 process during Brazil’s presidency to co-create international answers to spillover effects, including the adoption of the three recommendations described in this policy brief.",13_4,17_14,,No Relationship
"The partnership mobilizes stakeholders to facilitate an energy transition, but it will be important that implementation of the JETP addresses the social consequences of decarbonization.","Under a positive scenario, the G20 (especially through its Development Working Group) will be able to foster a high-level policy dialogue on the importance of international spillover effects as an important factor to accelerate the achievement of the SDGs.",13_4,17_15,,No Relationship
"Leveraging its various working groups (such as the working groups on Development, Trade and Investment, Employment, and Climate and Environmental Sustainability), the G20 should lead a dedicated agenda to curb negative spillover effects.",Establish inclusive processes that bring together stakeholders to co-develop multilateral policies and partnerships;,13_5,17_0,,No Relationship
"Leveraging its various working groups (such as the working groups on Development, Trade and Investment, Employment, and Climate and Environmental Sustainability), the G20 should lead a dedicated agenda to curb negative spillover effects.","These externalities, or spillovers, must be understood, monitored, and managed effectively through actions by the countries causing them and through international partnerships.",13_5,17_1,,No Relationship
"Leveraging its various working groups (such as the working groups on Development, Trade and Investment, Employment, and Climate and Environmental Sustainability), the G20 should lead a dedicated agenda to curb negative spillover effects.","The G20, as a high-level forum bringing together major economies, the European Union and (as of last year) the African Union, is ideally placed to address this issue.",13_5,17_2,,No Relationship
"Leveraging its various working groups (such as the working groups on Development, Trade and Investment, Employment, and Climate and Environmental Sustainability), the G20 should lead a dedicated agenda to curb negative spillover effects.","Ultimately, curbing negative spillovers requires multilateral solutions, especially between resource-rich and labor-rich countries with high income consumer countries.",13_5,17_3,,No Relationship
"Leveraging its various working groups (such as the working groups on Development, Trade and Investment, Employment, and Climate and Environmental Sustainability), the G20 should lead a dedicated agenda to curb negative spillover effects.",2) Establish inclusive processes that bring together stakeholders to co-develop multilateral policies and partnerships;,13_5,17_4,,No Relationship
"Leveraging its various working groups (such as the working groups on Development, Trade and Investment, Employment, and Climate and Environmental Sustainability), the G20 should lead a dedicated agenda to curb negative spillover effects.","This is consistent with SDG target 17.19, which calls for supporting statistical capacity building in developing countries and tracks, via indicator 17.19.1, financial assistance to developing countries for this purpose.",13_5,17_5,,No Relationship
"Leveraging its various working groups (such as the working groups on Development, Trade and Investment, Employment, and Climate and Environmental Sustainability), the G20 should lead a dedicated agenda to curb negative spillover effects.","The G20 should, therefore, create and support new inclusive platforms and partnerships to ensure that production processes include robust safeguards to protect the environment and human rights.",13_5,17_6,,No Relationship
"Leveraging its various working groups (such as the working groups on Development, Trade and Investment, Employment, and Climate and Environmental Sustainability), the G20 should lead a dedicated agenda to curb negative spillover effects.",The Just Energy Transition Partnerships (JETPs) are another example of new forms of international collaboration.,13_5,17_7,,No Relationship
"Leveraging its various working groups (such as the working groups on Development, Trade and Investment, Employment, and Climate and Environmental Sustainability), the G20 should lead a dedicated agenda to curb negative spillover effects.","The partnership mobilizes stakeholders to facilitate an energy transition, but it will be important that implementation of the JETP addresses the social consequences of decarbonization.",13_5,17_8,,No Relationship
"Leveraging its various working groups (such as the working groups on Development, Trade and Investment, Employment, and Climate and Environmental Sustainability), the G20 should lead a dedicated agenda to curb negative spillover effects.","Beyond these two examples for voluntary partnerships, it is important to establish platforms for exchange and peer learning on the design of policy tools between countries causing and affected by spillover effects.",13_5,17_9,,No Relationship
"Leveraging its various working groups (such as the working groups on Development, Trade and Investment, Employment, and Climate and Environmental Sustainability), the G20 should lead a dedicated agenda to curb negative spillover effects.","Leveraging its various working groups (such as the working groups on Development, Trade and Investment, Employment, and Climate and Environmental Sustainability), the G20 should lead a dedicated agenda to curb negative spillover effects.",13_5,17_10,,Rephrase
"Leveraging its various working groups (such as the working groups on Development, Trade and Investment, Employment, and Climate and Environmental Sustainability), the G20 should lead a dedicated agenda to curb negative spillover effects.","Developed within the Development Working Group, the Action Plans aim to enhance policy coherence and coordination across all G20 work streams for the SDGs achievement.",13_5,17_11,,No Relationship
"Leveraging its various working groups (such as the working groups on Development, Trade and Investment, Employment, and Climate and Environmental Sustainability), the G20 should lead a dedicated agenda to curb negative spillover effects.","Thus, it seems logical to integrate the issue of spillover effects into the next Action Plan update.",13_5,17_12,,No Relationship
"Leveraging its various working groups (such as the working groups on Development, Trade and Investment, Employment, and Climate and Environmental Sustainability), the G20 should lead a dedicated agenda to curb negative spillover effects.","The G20 needs to use the action-oriented momentum of this Summit to accelerate the implementation of the 2030 Agenda by reducing spillover effects and increasing global policy coherence, a lever to tackle slowing and counterproductive effects on the SDGs.",13_5,17_13,,No Relationship
"Leveraging its various working groups (such as the working groups on Development, Trade and Investment, Employment, and Climate and Environmental Sustainability), the G20 should lead a dedicated agenda to curb negative spillover effects.","The G20 should use the G20 process during Brazil’s presidency to co-create international answers to spillover effects, including the adoption of the three recommendations described in this policy brief.",13_5,17_14,,No Relationship
"Leveraging its various working groups (such as the working groups on Development, Trade and Investment, Employment, and Climate and Environmental Sustainability), the G20 should lead a dedicated agenda to curb negative spillover effects.","Under a positive scenario, the G20 (especially through its Development Working Group) will be able to foster a high-level policy dialogue on the importance of international spillover effects as an important factor to accelerate the achievement of the SDGs.",13_5,17_15,,No Relationship
"especially amid lacklustre SDG progress, widespread conflict, and growing polarization and authoritarian trends worldwide.","promoting sustainable forestry (EU FLEGT Facility, 2009).",16_0,15_0,,Attack
"especially amid lacklustre SDG progress, widespread conflict, and growing polarization and authoritarian trends worldwide.","assurance systems push exporting countries to improve their forest management practices, promoting sustainable forestry (EU FLEGT Facility, 2009).",16_0,15_1,,No Relationship
"promoting sustainable forestry (EU FLEGT Facility, 2009).",Establish inclusive processes that bring together stakeholders to co-develop multilateral policies and partnerships;,15_0,17_0,,No Relationship
"promoting sustainable forestry (EU FLEGT Facility, 2009).","These externalities, or spillovers, must be understood, monitored, and managed effectively through actions by the countries causing them and through international partnerships.",15_0,17_1,,No Relationship
"promoting sustainable forestry (EU FLEGT Facility, 2009).","The G20, as a high-level forum bringing together major economies, the European Union and (as of last year) the African Union, is ideally placed to address this issue.",15_0,17_2,,No Relationship
"promoting sustainable forestry (EU FLEGT Facility, 2009).","Ultimately, curbing negative spillovers requires multilateral solutions, especially between resource-rich and labor-rich countries with high income consumer countries.",15_0,17_3,,No Relationship
"promoting sustainable forestry (EU FLEGT Facility, 2009).",2) Establish inclusive processes that bring together stakeholders to co-develop multilateral policies and partnerships;,15_0,17_4,,No Relationship
"promoting sustainable forestry (EU FLEGT Facility, 2009).","This is consistent with SDG target 17.19, which calls for supporting statistical capacity building in developing countries and tracks, via indicator 17.19.1, financial assistance to developing countries for this purpose.",15_0,17_5,,No Relationship
"promoting sustainable forestry (EU FLEGT Facility, 2009).","The G20 should, therefore, create and support new inclusive platforms and partnerships to ensure that production processes include robust safeguards to protect the environment and human rights.",15_0,17_6,,No Relationship
"promoting sustainable forestry (EU FLEGT Facility, 2009).",The Just Energy Transition Partnerships (JETPs) are another example of new forms of international collaboration.,15_0,17_7,,No Relationship
"promoting sustainable forestry (EU FLEGT Facility, 2009).","The partnership mobilizes stakeholders to facilitate an energy transition, but it will be important that implementation of the JETP addresses the social consequences of decarbonization.",15_0,17_8,,No Relationship
"promoting sustainable forestry (EU FLEGT Facility, 2009).","Beyond these two examples for voluntary partnerships, it is important to establish platforms for exchange and peer learning on the design of policy tools between countries causing and affected by spillover effects.",15_0,17_9,,No Relationship
"promoting sustainable forestry (EU FLEGT Facility, 2009).","Leveraging its various working groups (such as the working groups on Development, Trade and Investment, Employment, and Climate and Environmental Sustainability), the G20 should lead a dedicated agenda to curb negative spillover effects.",15_0,17_10,,No Relationship
"promoting sustainable forestry (EU FLEGT Facility, 2009).","Developed within the Development Working Group, the Action Plans aim to enhance policy coherence and coordination across all G20 work streams for the SDGs achievement.",15_0,17_11,,No Relationship
"promoting sustainable forestry (EU FLEGT Facility, 2009).","Thus, it seems logical to integrate the issue of spillover effects into the next Action Plan update.",15_0,17_12,,No Relationship
"promoting sustainable forestry (EU FLEGT Facility, 2009).","The G20 needs to use the action-oriented momentum of this Summit to accelerate the implementation of the 2030 Agenda by reducing spillover effects and increasing global policy coherence, a lever to tackle slowing and counterproductive effects on the SDGs.",15_0,17_13,,No Relationship
"promoting sustainable forestry (EU FLEGT Facility, 2009).","The G20 should use the G20 process during Brazil’s presidency to co-create international answers to spillover effects, including the adoption of the three recommendations described in this policy brief.",15_0,17_14,,No Relationship
"promoting sustainable forestry (EU FLEGT Facility, 2009).","Under a positive scenario, the G20 (especially through its Development Working Group) will be able to foster a high-level policy dialogue on the importance of international spillover effects as an important factor to accelerate the achievement of the SDGs.",15_0,17_15,,No Relationship
"assurance systems push exporting countries to improve their forest management practices, promoting sustainable forestry (EU FLEGT Facility, 2009).",Establish inclusive processes that bring together stakeholders to co-develop multilateral policies and partnerships;,15_1,17_0,,No Relationship
"assurance systems push exporting countries to improve their forest management practices, promoting sustainable forestry (EU FLEGT Facility, 2009).","These externalities, or spillovers, must be understood, monitored, and managed effectively through actions by the countries causing them and through international partnerships.",15_1,17_1,,No Relationship
"assurance systems push exporting countries to improve their forest management practices, promoting sustainable forestry (EU FLEGT Facility, 2009).","The G20, as a high-level forum bringing together major economies, the European Union and (as of last year) the African Union, is ideally placed to address this issue.",15_1,17_2,,No Relationship
"assurance systems push exporting countries to improve their forest management practices, promoting sustainable forestry (EU FLEGT Facility, 2009).","Ultimately, curbing negative spillovers requires multilateral solutions, especially between resource-rich and labor-rich countries with high income consumer countries.",15_1,17_3,,No Relationship
"assurance systems push exporting countries to improve their forest management practices, promoting sustainable forestry (EU FLEGT Facility, 2009).",2) Establish inclusive processes that bring together stakeholders to co-develop multilateral policies and partnerships;,15_1,17_4,,No Relationship
"assurance systems push exporting countries to improve their forest management practices, promoting sustainable forestry (EU FLEGT Facility, 2009).","This is consistent with SDG target 17.19, which calls for supporting statistical capacity building in developing countries and tracks, via indicator 17.19.1, financial assistance to developing countries for this purpose.",15_1,17_5,,No Relationship
"assurance systems push exporting countries to improve their forest management practices, promoting sustainable forestry (EU FLEGT Facility, 2009).","The G20 should, therefore, create and support new inclusive platforms and partnerships to ensure that production processes include robust safeguards to protect the environment and human rights.",15_1,17_6,,No Relationship
"assurance systems push exporting countries to improve their forest management practices, promoting sustainable forestry (EU FLEGT Facility, 2009).",The Just Energy Transition Partnerships (JETPs) are another example of new forms of international collaboration.,15_1,17_7,,No Relationship
"assurance systems push exporting countries to improve their forest management practices, promoting sustainable forestry (EU FLEGT Facility, 2009).","The partnership mobilizes stakeholders to facilitate an energy transition, but it will be important that implementation of the JETP addresses the social consequences of decarbonization.",15_1,17_8,,No Relationship
"assurance systems push exporting countries to improve their forest management practices, promoting sustainable forestry (EU FLEGT Facility, 2009).","Beyond these two examples for voluntary partnerships, it is important to establish platforms for exchange and peer learning on the design of policy tools between countries causing and affected by spillover effects.",15_1,17_9,,No Relationship
"assurance systems push exporting countries to improve their forest management practices, promoting sustainable forestry (EU FLEGT Facility, 2009).","Leveraging its various working groups (such as the working groups on Development, Trade and Investment, Employment, and Climate and Environmental Sustainability), the G20 should lead a dedicated agenda to curb negative spillover effects.",15_1,17_10,,No Relationship
"assurance systems push exporting countries to improve their forest management practices, promoting sustainable forestry (EU FLEGT Facility, 2009).","Developed within the Development Working Group, the Action Plans aim to enhance policy coherence and coordination across all G20 work streams for the SDGs achievement.",15_1,17_11,,No Relationship
"assurance systems push exporting countries to improve their forest management practices, promoting sustainable forestry (EU FLEGT Facility, 2009).","Thus, it seems logical to integrate the issue of spillover effects into the next Action Plan update.",15_1,17_12,,No Relationship
"assurance systems push exporting countries to improve their forest management practices, promoting sustainable forestry (EU FLEGT Facility, 2009).","The G20 needs to use the action-oriented momentum of this Summit to accelerate the implementation of the 2030 Agenda by reducing spillover effects and increasing global policy coherence, a lever to tackle slowing and counterproductive effects on the SDGs.",15_1,17_13,,No Relationship
"assurance systems push exporting countries to improve their forest management practices, promoting sustainable forestry (EU FLEGT Facility, 2009).","The G20 should use the G20 process during Brazil’s presidency to co-create international answers to spillover effects, including the adoption of the three recommendations described in this policy brief.",15_1,17_14,,No Relationship
"assurance systems push exporting countries to improve their forest management practices, promoting sustainable forestry (EU FLEGT Facility, 2009).","Under a positive scenario, the G20 (especially through its Development Working Group) will be able to foster a high-level policy dialogue on the importance of international spillover effects as an important factor to accelerate the achievement of the SDGs.",15_1,17_15,,No Relationship
Establish inclusive processes that bring together stakeholders to co-develop multilateral policies and partnerships;,"especially amid lacklustre SDG progress, widespread conflict, and growing polarization and authoritarian trends worldwide.",17_0,16_0,,No Relationship
"These externalities, or spillovers, must be understood, monitored, and managed effectively through actions by the countries causing them and through international partnerships.","especially amid lacklustre SDG progress, widespread conflict, and growing polarization and authoritarian trends worldwide.",17_1,16_0,,No Relationship
"The G20, as a high-level forum bringing together major economies, the European Union and (as of last year) the African Union, is ideally placed to address this issue.","especially amid lacklustre SDG progress, widespread conflict, and growing polarization and authoritarian trends worldwide.",17_2,16_0,,No Relationship
"Ultimately, curbing negative spillovers requires multilateral solutions, especially between resource-rich and labor-rich countries with high income consumer countries.","especially amid lacklustre SDG progress, widespread conflict, and growing polarization and authoritarian trends worldwide.",17_3,16_0,,No Relationship
2) Establish inclusive processes that bring together stakeholders to co-develop multilateral policies and partnerships;,"especially amid lacklustre SDG progress, widespread conflict, and growing polarization and authoritarian trends worldwide.",17_4,16_0,,No Relationship
"This is consistent with SDG target 17.19, which calls for supporting statistical capacity building in developing countries and tracks, via indicator 17.19.1, financial assistance to developing countries for this purpose.","especially amid lacklustre SDG progress, widespread conflict, and growing polarization and authoritarian trends worldwide.",17_5,16_0,,No Relationship
"The G20 should, therefore, create and support new inclusive platforms and partnerships to ensure that production processes include robust safeguards to protect the environment and human rights.","especially amid lacklustre SDG progress, widespread conflict, and growing polarization and authoritarian trends worldwide.",17_6,16_0,,No Relationship
The Just Energy Transition Partnerships (JETPs) are another example of new forms of international collaboration.,"especially amid lacklustre SDG progress, widespread conflict, and growing polarization and authoritarian trends worldwide.",17_7,16_0,,No Relationship
"The partnership mobilizes stakeholders to facilitate an energy transition, but it will be important that implementation of the JETP addresses the social consequences of decarbonization.","especially amid lacklustre SDG progress, widespread conflict, and growing polarization and authoritarian trends worldwide.",17_8,16_0,,No Relationship
"Beyond these two examples for voluntary partnerships, it is important to establish platforms for exchange and peer learning on the design of policy tools between countries causing and affected by spillover effects.","especially amid lacklustre SDG progress, widespread conflict, and growing polarization and authoritarian trends worldwide.",17_9,16_0,,No Relationship
"Leveraging its various working groups (such as the working groups on Development, Trade and Investment, Employment, and Climate and Environmental Sustainability), the G20 should lead a dedicated agenda to curb negative spillover effects.","especially amid lacklustre SDG progress, widespread conflict, and growing polarization and authoritarian trends worldwide.",17_10,16_0,,No Relationship
"Developed within the Development Working Group, the Action Plans aim to enhance policy coherence and coordination across all G20 work streams for the SDGs achievement.","especially amid lacklustre SDG progress, widespread conflict, and growing polarization and authoritarian trends worldwide.",17_11,16_0,,No Relationship
"Thus, it seems logical to integrate the issue of spillover effects into the next Action Plan update.","especially amid lacklustre SDG progress, widespread conflict, and growing polarization and authoritarian trends worldwide.",17_12,16_0,,No Relationship
"The G20 needs to use the action-oriented momentum of this Summit to accelerate the implementation of the 2030 Agenda by reducing spillover effects and increasing global policy coherence, a lever to tackle slowing and counterproductive effects on the SDGs.","especially amid lacklustre SDG progress, widespread conflict, and growing polarization and authoritarian trends worldwide.",17_13,16_0,,No Relationship
"The G20 should use the G20 process during Brazil’s presidency to co-create international answers to spillover effects, including the adoption of the three recommendations described in this policy brief.","especially amid lacklustre SDG progress, widespread conflict, and growing polarization and authoritarian trends worldwide.",17_14,16_0,,No Relationship
"Under a positive scenario, the G20 (especially through its Development Working Group) will be able to foster a high-level policy dialogue on the importance of international spillover effects as an important factor to accelerate the achievement of the SDGs.","especially amid lacklustre SDG progress, widespread conflict, and growing polarization and authoritarian trends worldwide.",17_15,16_0,,No Relationship
