SDGarg1,SDGarg2,id_arg1,id_arg2,rel
Global commitment to the SDGs is strong: 190 out of 193 countries have presented national action plans for advancing sustainable development.,"properly designed financial markets can channel the world’s savings not only to high-income countries that are already prosperous, but even more to the world’s poorer countries",0_0,1_0,
Global commitment to the SDGs is strong: 190 out of 193 countries have presented national action plans for advancing sustainable development.,"We call on FfD4 to adopt measures to ensure that these new technologies are accessible to all parts of the planet, to rich and poor alike.",0_0,1_1,
Global commitment to the SDGs is strong: 190 out of 193 countries have presented national action plans for advancing sustainable development.,The essential fact is that poorer countries offer higher growth potential and higher returns on capital than rich countries. Capital should flow to these countries.,0_0,1_2,
Global commitment to the SDGs is strong: 190 out of 193 countries have presented national action plans for advancing sustainable development.,The high-income UN member states must not be allowed to falter in the pursuit of justice.,0_0,1_3,
No single member state of the United Nations can excuse itself from the responsibility to contribute fairly and adequately to the provision of global public goods and services.,"properly designed financial markets can channel the world’s savings not only to high-income countries that are already prosperous, but even more to the world’s poorer countries",0_1,1_0,
No single member state of the United Nations can excuse itself from the responsibility to contribute fairly and adequately to the provision of global public goods and services.,"We call on FfD4 to adopt measures to ensure that these new technologies are accessible to all parts of the planet, to rich and poor alike.",0_1,1_1,
No single member state of the United Nations can excuse itself from the responsibility to contribute fairly and adequately to the provision of global public goods and services.,The essential fact is that poorer countries offer higher growth potential and higher returns on capital than rich countries. Capital should flow to these countries.,0_1,1_2,
No single member state of the United Nations can excuse itself from the responsibility to contribute fairly and adequately to the provision of global public goods and services.,The high-income UN member states must not be allowed to falter in the pursuit of justice.,0_1,1_3,
No single state or small group of states should block the collective will of the UN member states.,"properly designed financial markets can channel the world’s savings not only to high-income countries that are already prosperous, but even more to the world’s poorer countries",0_2,1_0,
No single state or small group of states should block the collective will of the UN member states.,"We call on FfD4 to adopt measures to ensure that these new technologies are accessible to all parts of the planet, to rich and poor alike.",0_2,1_1,
No single state or small group of states should block the collective will of the UN member states.,The essential fact is that poorer countries offer higher growth potential and higher returns on capital than rich countries. Capital should flow to these countries.,0_2,1_2,
No single state or small group of states should block the collective will of the UN member states.,The high-income UN member states must not be allowed to falter in the pursuit of justice.,0_2,1_3,
"The job of finance is to bring the fruits of technological advances to benefit all of humanity, including our impoverished brothers and sisters in conflict zones and places hard hit by the ravages of high-intensity tropical cyclones, droughts, floods, heatwaves and forest fires that are occurring with increasing frequency as the result of human-induced climate change.","properly designed financial markets can channel the world’s savings not only to high-income countries that are already prosperous, but even more to the world’s poorer countries",0_3,1_0,
"The job of finance is to bring the fruits of technological advances to benefit all of humanity, including our impoverished brothers and sisters in conflict zones and places hard hit by the ravages of high-intensity tropical cyclones, droughts, floods, heatwaves and forest fires that are occurring with increasing frequency as the result of human-induced climate change.","We call on FfD4 to adopt measures to ensure that these new technologies are accessible to all parts of the planet, to rich and poor alike.",0_3,1_1,
"The job of finance is to bring the fruits of technological advances to benefit all of humanity, including our impoverished brothers and sisters in conflict zones and places hard hit by the ravages of high-intensity tropical cyclones, droughts, floods, heatwaves and forest fires that are occurring with increasing frequency as the result of human-induced climate change.",The essential fact is that poorer countries offer higher growth potential and higher returns on capital than rich countries. Capital should flow to these countries.,0_3,1_2,
"The job of finance is to bring the fruits of technological advances to benefit all of humanity, including our impoverished brothers and sisters in conflict zones and places hard hit by the ravages of high-intensity tropical cyclones, droughts, floods, heatwaves and forest fires that are occurring with increasing frequency as the result of human-induced climate change.",The high-income UN member states must not be allowed to falter in the pursuit of justice.,0_3,1_3,
"SDG progress by region and country countries in Sub-Saharan Africa and low-income coun-
tries (LICs) started off with the lowest 2015 baselines, other regions with higher baselines have progressed
faster.","properly designed financial markets can channel the world’s savings not only to high-income countries that are already prosperous, but even more to the world’s poorer countries",0_4,1_0,
"SDG progress by region and country countries in Sub-Saharan Africa and low-income coun-
tries (LICs) started off with the lowest 2015 baselines, other regions with higher baselines have progressed
faster.","We call on FfD4 to adopt measures to ensure that these new technologies are accessible to all parts of the planet, to rich and poor alike.",0_4,1_1,
"SDG progress by region and country countries in Sub-Saharan Africa and low-income coun-
tries (LICs) started off with the lowest 2015 baselines, other regions with higher baselines have progressed
faster.",The essential fact is that poorer countries offer higher growth potential and higher returns on capital than rich countries. Capital should flow to these countries.,0_4,1_2,
"SDG progress by region and country countries in Sub-Saharan Africa and low-income coun-
tries (LICs) started off with the lowest 2015 baselines, other regions with higher baselines have progressed
faster.",The high-income UN member states must not be allowed to falter in the pursuit of justice.,0_4,1_3,
"In rich countries, significant challenges remain in achieving overall SDG performance and life satisfaction.","properly designed financial markets can channel the world’s savings not only to high-income countries that are already prosperous, but even more to the world’s poorer countries",0_5,1_0,
"In rich countries, significant challenges remain in achieving overall SDG performance and life satisfaction.","We call on FfD4 to adopt measures to ensure that these new technologies are accessible to all parts of the planet, to rich and poor alike.",0_5,1_1,
"In rich countries, significant challenges remain in achieving overall SDG performance and life satisfaction.",The essential fact is that poorer countries offer higher growth potential and higher returns on capital than rich countries. Capital should flow to these countries.,0_5,1_2,
"In rich countries, significant challenges remain in achieving overall SDG performance and life satisfaction.",The high-income UN member states must not be allowed to falter in the pursuit of justice.,0_5,1_3,
"We will take bold, ambitious, accelerated, just and transformative actions to implement the 2030 Agenda, achieve the Sustainable Development Goals and leave no one behind.","properly designed financial markets can channel the world’s savings not only to high-income countries that are already prosperous, but even more to the world’s poorer countries",0_6,1_0,
"We will take bold, ambitious, accelerated, just and transformative actions to implement the 2030 Agenda, achieve the Sustainable Development Goals and leave no one behind.","We call on FfD4 to adopt measures to ensure that these new technologies are accessible to all parts of the planet, to rich and poor alike.",0_6,1_1,
"We will take bold, ambitious, accelerated, just and transformative actions to implement the 2030 Agenda, achieve the Sustainable Development Goals and leave no one behind.",The essential fact is that poorer countries offer higher growth potential and higher returns on capital than rich countries. Capital should flow to these countries.,0_6,1_2,
"We will take bold, ambitious, accelerated, just and transformative actions to implement the 2030 Agenda, achieve the Sustainable Development Goals and leave no one behind.",The high-income UN member states must not be allowed to falter in the pursuit of justice.,0_6,1_3,
"In 2015, through the 2030 Agenda resolution, all 193 UN member states committed to preparing regular reviews and action plans for sustainable development, pledging to engage in a “systematic follow-up and review of implementation of this Agenda over the next fifteen years”.","properly designed financial markets can channel the world’s savings not only to high-income countries that are already prosperous, but even more to the world’s poorer countries",0_7,1_0,
"In 2015, through the 2030 Agenda resolution, all 193 UN member states committed to preparing regular reviews and action plans for sustainable development, pledging to engage in a “systematic follow-up and review of implementation of this Agenda over the next fifteen years”.","We call on FfD4 to adopt measures to ensure that these new technologies are accessible to all parts of the planet, to rich and poor alike.",0_7,1_1,
"In 2015, through the 2030 Agenda resolution, all 193 UN member states committed to preparing regular reviews and action plans for sustainable development, pledging to engage in a “systematic follow-up and review of implementation of this Agenda over the next fifteen years”.",The essential fact is that poorer countries offer higher growth potential and higher returns on capital than rich countries. Capital should flow to these countries.,0_7,1_2,
"In 2015, through the 2030 Agenda resolution, all 193 UN member states committed to preparing regular reviews and action plans for sustainable development, pledging to engage in a “systematic follow-up and review of implementation of this Agenda over the next fifteen years”.",The high-income UN member states must not be allowed to falter in the pursuit of justice.,0_7,1_3,
"In 2024, through the adoption of the Pact for the Future, UN member states raised their concerns about the potential impact that the global increase in military spending could have on sustainable development (Action 13).","properly designed financial markets can channel the world’s savings not only to high-income countries that are already prosperous, but even more to the world’s poorer countries",0_8,1_0,
"In 2024, through the adoption of the Pact for the Future, UN member states raised their concerns about the potential impact that the global increase in military spending could have on sustainable development (Action 13).","We call on FfD4 to adopt measures to ensure that these new technologies are accessible to all parts of the planet, to rich and poor alike.",0_8,1_1,
"In 2024, through the adoption of the Pact for the Future, UN member states raised their concerns about the potential impact that the global increase in military spending could have on sustainable development (Action 13).",The essential fact is that poorer countries offer higher growth potential and higher returns on capital than rich countries. Capital should flow to these countries.,0_8,1_2,
"In 2024, through the adoption of the Pact for the Future, UN member states raised their concerns about the potential impact that the global increase in military spending could have on sustainable development (Action 13).",The high-income UN member states must not be allowed to falter in the pursuit of justice.,0_8,1_3,
Global commitment to the SDGs is strong: 190 out of 193 countries have presented national action plans for advancing sustainable development.,The SDG Index and Dashboards provides an annual assessment of SDG progress covering all 193 UN member states.,0_0,2_0,
No single member state of the United Nations can excuse itself from the responsibility to contribute fairly and adequately to the provision of global public goods and services.,The SDG Index and Dashboards provides an annual assessment of SDG progress covering all 193 UN member states.,0_1,2_0,
No single state or small group of states should block the collective will of the UN member states.,The SDG Index and Dashboards provides an annual assessment of SDG progress covering all 193 UN member states.,0_2,2_0,
"The job of finance is to bring the fruits of technological advances to benefit all of humanity, including our impoverished brothers and sisters in conflict zones and places hard hit by the ravages of high-intensity tropical cyclones, droughts, floods, heatwaves and forest fires that are occurring with increasing frequency as the result of human-induced climate change.",The SDG Index and Dashboards provides an annual assessment of SDG progress covering all 193 UN member states.,0_3,2_0,
"SDG progress by region and country countries in Sub-Saharan Africa and low-income coun-
tries (LICs) started off with the lowest 2015 baselines, other regions with higher baselines have progressed
faster.",The SDG Index and Dashboards provides an annual assessment of SDG progress covering all 193 UN member states.,0_4,2_0,
"In rich countries, significant challenges remain in achieving overall SDG performance and life satisfaction.",The SDG Index and Dashboards provides an annual assessment of SDG progress covering all 193 UN member states.,0_5,2_0,
"We will take bold, ambitious, accelerated, just and transformative actions to implement the 2030 Agenda, achieve the Sustainable Development Goals and leave no one behind.",The SDG Index and Dashboards provides an annual assessment of SDG progress covering all 193 UN member states.,0_6,2_0,
"In 2015, through the 2030 Agenda resolution, all 193 UN member states committed to preparing regular reviews and action plans for sustainable development, pledging to engage in a “systematic follow-up and review of implementation of this Agenda over the next fifteen years”.",The SDG Index and Dashboards provides an annual assessment of SDG progress covering all 193 UN member states.,0_7,2_0,
"In 2024, through the adoption of the Pact for the Future, UN member states raised their concerns about the potential impact that the global increase in military spending could have on sustainable development (Action 13).",The SDG Index and Dashboards provides an annual assessment of SDG progress covering all 193 UN member states.,0_8,2_0,
Global commitment to the SDGs is strong: 190 out of 193 countries have presented national action plans for advancing sustainable development.,"Education not only fosters dignity, fulfillment, and wellbeing, but also delivers remarkable and reliable economic benefits;",0_0,4_0,
No single member state of the United Nations can excuse itself from the responsibility to contribute fairly and adequately to the provision of global public goods and services.,"Education not only fosters dignity, fulfillment, and wellbeing, but also delivers remarkable and reliable economic benefits;",0_1,4_0,
No single state or small group of states should block the collective will of the UN member states.,"Education not only fosters dignity, fulfillment, and wellbeing, but also delivers remarkable and reliable economic benefits;",0_2,4_0,
"The job of finance is to bring the fruits of technological advances to benefit all of humanity, including our impoverished brothers and sisters in conflict zones and places hard hit by the ravages of high-intensity tropical cyclones, droughts, floods, heatwaves and forest fires that are occurring with increasing frequency as the result of human-induced climate change.","Education not only fosters dignity, fulfillment, and wellbeing, but also delivers remarkable and reliable economic benefits;",0_3,4_0,
"SDG progress by region and country countries in Sub-Saharan Africa and low-income coun-
tries (LICs) started off with the lowest 2015 baselines, other regions with higher baselines have progressed
faster.","Education not only fosters dignity, fulfillment, and wellbeing, but also delivers remarkable and reliable economic benefits;",0_4,4_0,
"In rich countries, significant challenges remain in achieving overall SDG performance and life satisfaction.","Education not only fosters dignity, fulfillment, and wellbeing, but also delivers remarkable and reliable economic benefits;",0_5,4_0,
"We will take bold, ambitious, accelerated, just and transformative actions to implement the 2030 Agenda, achieve the Sustainable Development Goals and leave no one behind.","Education not only fosters dignity, fulfillment, and wellbeing, but also delivers remarkable and reliable economic benefits;",0_6,4_0,
"In 2015, through the 2030 Agenda resolution, all 193 UN member states committed to preparing regular reviews and action plans for sustainable development, pledging to engage in a “systematic follow-up and review of implementation of this Agenda over the next fifteen years”.","Education not only fosters dignity, fulfillment, and wellbeing, but also delivers remarkable and reliable economic benefits;",0_7,4_0,
"In 2024, through the adoption of the Pact for the Future, UN member states raised their concerns about the potential impact that the global increase in military spending could have on sustainable development (Action 13).","Education not only fosters dignity, fulfillment, and wellbeing, but also delivers remarkable and reliable economic benefits;",0_8,4_0,
Global commitment to the SDGs is strong: 190 out of 193 countries have presented national action plans for advancing sustainable development.,"No UN member state can exempt itself from this work, particularly at a time when unilateral actions by individual states can cause irreparable damage for the present and future generations of all humanity.",0_0,6_0,
No single member state of the United Nations can excuse itself from the responsibility to contribute fairly and adequately to the provision of global public goods and services.,"No UN member state can exempt itself from this work, particularly at a time when unilateral actions by individual states can cause irreparable damage for the present and future generations of all humanity.",0_1,6_0,
No single state or small group of states should block the collective will of the UN member states.,"No UN member state can exempt itself from this work, particularly at a time when unilateral actions by individual states can cause irreparable damage for the present and future generations of all humanity.",0_2,6_0,
"The job of finance is to bring the fruits of technological advances to benefit all of humanity, including our impoverished brothers and sisters in conflict zones and places hard hit by the ravages of high-intensity tropical cyclones, droughts, floods, heatwaves and forest fires that are occurring with increasing frequency as the result of human-induced climate change.","No UN member state can exempt itself from this work, particularly at a time when unilateral actions by individual states can cause irreparable damage for the present and future generations of all humanity.",0_3,6_0,
"SDG progress by region and country countries in Sub-Saharan Africa and low-income coun-
tries (LICs) started off with the lowest 2015 baselines, other regions with higher baselines have progressed
faster.","No UN member state can exempt itself from this work, particularly at a time when unilateral actions by individual states can cause irreparable damage for the present and future generations of all humanity.",0_4,6_0,
"In rich countries, significant challenges remain in achieving overall SDG performance and life satisfaction.","No UN member state can exempt itself from this work, particularly at a time when unilateral actions by individual states can cause irreparable damage for the present and future generations of all humanity.",0_5,6_0,
"We will take bold, ambitious, accelerated, just and transformative actions to implement the 2030 Agenda, achieve the Sustainable Development Goals and leave no one behind.","No UN member state can exempt itself from this work, particularly at a time when unilateral actions by individual states can cause irreparable damage for the present and future generations of all humanity.",0_6,6_0,
"In 2015, through the 2030 Agenda resolution, all 193 UN member states committed to preparing regular reviews and action plans for sustainable development, pledging to engage in a “systematic follow-up and review of implementation of this Agenda over the next fifteen years”.","No UN member state can exempt itself from this work, particularly at a time when unilateral actions by individual states can cause irreparable damage for the present and future generations of all humanity.",0_7,6_0,
"In 2024, through the adoption of the Pact for the Future, UN member states raised their concerns about the potential impact that the global increase in military spending could have on sustainable development (Action 13).","No UN member state can exempt itself from this work, particularly at a time when unilateral actions by individual states can cause irreparable damage for the present and future generations of all humanity.",0_8,6_0,
Global commitment to the SDGs is strong: 190 out of 193 countries have presented national action plans for advancing sustainable development.,"We have powerful tools at our disposal – zero-carbon energy, open-source AI, precision agriculture, biodiversity conservation.",0_0,8_0,
Global commitment to the SDGs is strong: 190 out of 193 countries have presented national action plans for advancing sustainable development.,"In addition to monitoring the potential impact policies may have on other countries, a growing body of research focuses on countries’ exposure to and vulnerability to disruptions in international supply chains.",0_0,8_1,
No single member state of the United Nations can excuse itself from the responsibility to contribute fairly and adequately to the provision of global public goods and services.,"We have powerful tools at our disposal – zero-carbon energy, open-source AI, precision agriculture, biodiversity conservation.",0_1,8_0,
No single member state of the United Nations can excuse itself from the responsibility to contribute fairly and adequately to the provision of global public goods and services.,"In addition to monitoring the potential impact policies may have on other countries, a growing body of research focuses on countries’ exposure to and vulnerability to disruptions in international supply chains.",0_1,8_1,
No single state or small group of states should block the collective will of the UN member states.,"We have powerful tools at our disposal – zero-carbon energy, open-source AI, precision agriculture, biodiversity conservation.",0_2,8_0,
No single state or small group of states should block the collective will of the UN member states.,"In addition to monitoring the potential impact policies may have on other countries, a growing body of research focuses on countries’ exposure to and vulnerability to disruptions in international supply chains.",0_2,8_1,
"The job of finance is to bring the fruits of technological advances to benefit all of humanity, including our impoverished brothers and sisters in conflict zones and places hard hit by the ravages of high-intensity tropical cyclones, droughts, floods, heatwaves and forest fires that are occurring with increasing frequency as the result of human-induced climate change.","We have powerful tools at our disposal – zero-carbon energy, open-source AI, precision agriculture, biodiversity conservation.",0_3,8_0,
"The job of finance is to bring the fruits of technological advances to benefit all of humanity, including our impoverished brothers and sisters in conflict zones and places hard hit by the ravages of high-intensity tropical cyclones, droughts, floods, heatwaves and forest fires that are occurring with increasing frequency as the result of human-induced climate change.","In addition to monitoring the potential impact policies may have on other countries, a growing body of research focuses on countries’ exposure to and vulnerability to disruptions in international supply chains.",0_3,8_1,
"SDG progress by region and country countries in Sub-Saharan Africa and low-income coun-
tries (LICs) started off with the lowest 2015 baselines, other regions with higher baselines have progressed
faster.","We have powerful tools at our disposal – zero-carbon energy, open-source AI, precision agriculture, biodiversity conservation.",0_4,8_0,
"SDG progress by region and country countries in Sub-Saharan Africa and low-income coun-
tries (LICs) started off with the lowest 2015 baselines, other regions with higher baselines have progressed
faster.","In addition to monitoring the potential impact policies may have on other countries, a growing body of research focuses on countries’ exposure to and vulnerability to disruptions in international supply chains.",0_4,8_1,
"In rich countries, significant challenges remain in achieving overall SDG performance and life satisfaction.","We have powerful tools at our disposal – zero-carbon energy, open-source AI, precision agriculture, biodiversity conservation.",0_5,8_0,
"In rich countries, significant challenges remain in achieving overall SDG performance and life satisfaction.","In addition to monitoring the potential impact policies may have on other countries, a growing body of research focuses on countries’ exposure to and vulnerability to disruptions in international supply chains.",0_5,8_1,
"We will take bold, ambitious, accelerated, just and transformative actions to implement the 2030 Agenda, achieve the Sustainable Development Goals and leave no one behind.","We have powerful tools at our disposal – zero-carbon energy, open-source AI, precision agriculture, biodiversity conservation.",0_6,8_0,
"We will take bold, ambitious, accelerated, just and transformative actions to implement the 2030 Agenda, achieve the Sustainable Development Goals and leave no one behind.","In addition to monitoring the potential impact policies may have on other countries, a growing body of research focuses on countries’ exposure to and vulnerability to disruptions in international supply chains.",0_6,8_1,
"In 2015, through the 2030 Agenda resolution, all 193 UN member states committed to preparing regular reviews and action plans for sustainable development, pledging to engage in a “systematic follow-up and review of implementation of this Agenda over the next fifteen years”.","We have powerful tools at our disposal – zero-carbon energy, open-source AI, precision agriculture, biodiversity conservation.",0_7,8_0,
"In 2015, through the 2030 Agenda resolution, all 193 UN member states committed to preparing regular reviews and action plans for sustainable development, pledging to engage in a “systematic follow-up and review of implementation of this Agenda over the next fifteen years”.","In addition to monitoring the potential impact policies may have on other countries, a growing body of research focuses on countries’ exposure to and vulnerability to disruptions in international supply chains.",0_7,8_1,
"In 2024, through the adoption of the Pact for the Future, UN member states raised their concerns about the potential impact that the global increase in military spending could have on sustainable development (Action 13).","We have powerful tools at our disposal – zero-carbon energy, open-source AI, precision agriculture, biodiversity conservation.",0_8,8_0,
"In 2024, through the adoption of the Pact for the Future, UN member states raised their concerns about the potential impact that the global increase in military spending could have on sustainable development (Action 13).","In addition to monitoring the potential impact policies may have on other countries, a growing body of research focuses on countries’ exposure to and vulnerability to disruptions in international supply chains.",0_8,8_1,
Global commitment to the SDGs is strong: 190 out of 193 countries have presented national action plans for advancing sustainable development.,"The job of finance is to bring the fruits of technological advances to benefit all of humanity, including our impoverished brothers and sisters in conflict zones and places hard hit by the ravages of high-intensity tropical cyclones, droughts, floods, heatwaves and forest fires that are occurring with increasing frequency as the result of human-induced climate change.",0_0,9_0,
No single member state of the United Nations can excuse itself from the responsibility to contribute fairly and adequately to the provision of global public goods and services.,"The job of finance is to bring the fruits of technological advances to benefit all of humanity, including our impoverished brothers and sisters in conflict zones and places hard hit by the ravages of high-intensity tropical cyclones, droughts, floods, heatwaves and forest fires that are occurring with increasing frequency as the result of human-induced climate change.",0_1,9_0,
No single state or small group of states should block the collective will of the UN member states.,"The job of finance is to bring the fruits of technological advances to benefit all of humanity, including our impoverished brothers and sisters in conflict zones and places hard hit by the ravages of high-intensity tropical cyclones, droughts, floods, heatwaves and forest fires that are occurring with increasing frequency as the result of human-induced climate change.",0_2,9_0,
"The job of finance is to bring the fruits of technological advances to benefit all of humanity, including our impoverished brothers and sisters in conflict zones and places hard hit by the ravages of high-intensity tropical cyclones, droughts, floods, heatwaves and forest fires that are occurring with increasing frequency as the result of human-induced climate change.","The job of finance is to bring the fruits of technological advances to benefit all of humanity, including our impoverished brothers and sisters in conflict zones and places hard hit by the ravages of high-intensity tropical cyclones, droughts, floods, heatwaves and forest fires that are occurring with increasing frequency as the result of human-induced climate change.",0_3,9_0,
"SDG progress by region and country countries in Sub-Saharan Africa and low-income coun-
tries (LICs) started off with the lowest 2015 baselines, other regions with higher baselines have progressed
faster.","The job of finance is to bring the fruits of technological advances to benefit all of humanity, including our impoverished brothers and sisters in conflict zones and places hard hit by the ravages of high-intensity tropical cyclones, droughts, floods, heatwaves and forest fires that are occurring with increasing frequency as the result of human-induced climate change.",0_4,9_0,
"In rich countries, significant challenges remain in achieving overall SDG performance and life satisfaction.","The job of finance is to bring the fruits of technological advances to benefit all of humanity, including our impoverished brothers and sisters in conflict zones and places hard hit by the ravages of high-intensity tropical cyclones, droughts, floods, heatwaves and forest fires that are occurring with increasing frequency as the result of human-induced climate change.",0_5,9_0,
"We will take bold, ambitious, accelerated, just and transformative actions to implement the 2030 Agenda, achieve the Sustainable Development Goals and leave no one behind.","The job of finance is to bring the fruits of technological advances to benefit all of humanity, including our impoverished brothers and sisters in conflict zones and places hard hit by the ravages of high-intensity tropical cyclones, droughts, floods, heatwaves and forest fires that are occurring with increasing frequency as the result of human-induced climate change.",0_6,9_0,
"In 2015, through the 2030 Agenda resolution, all 193 UN member states committed to preparing regular reviews and action plans for sustainable development, pledging to engage in a “systematic follow-up and review of implementation of this Agenda over the next fifteen years”.","The job of finance is to bring the fruits of technological advances to benefit all of humanity, including our impoverished brothers and sisters in conflict zones and places hard hit by the ravages of high-intensity tropical cyclones, droughts, floods, heatwaves and forest fires that are occurring with increasing frequency as the result of human-induced climate change.",0_7,9_0,
"In 2024, through the adoption of the Pact for the Future, UN member states raised their concerns about the potential impact that the global increase in military spending could have on sustainable development (Action 13).","The job of finance is to bring the fruits of technological advances to benefit all of humanity, including our impoverished brothers and sisters in conflict zones and places hard hit by the ravages of high-intensity tropical cyclones, droughts, floods, heatwaves and forest fires that are occurring with increasing frequency as the result of human-induced climate change.",0_8,9_0,
Global commitment to the SDGs is strong: 190 out of 193 countries have presented national action plans for advancing sustainable development.,"We have powerful tools at our disposal – zero-carbon energy, open-source AI, precision agriculture, biodiversity conservation.",0_0,10_0,
Global commitment to the SDGs is strong: 190 out of 193 countries have presented national action plans for advancing sustainable development.,The high-income UN member states must not be allowed to falter in the pursuit of justice.,0_0,10_1,
No single member state of the United Nations can excuse itself from the responsibility to contribute fairly and adequately to the provision of global public goods and services.,"We have powerful tools at our disposal – zero-carbon energy, open-source AI, precision agriculture, biodiversity conservation.",0_1,10_0,
No single member state of the United Nations can excuse itself from the responsibility to contribute fairly and adequately to the provision of global public goods and services.,The high-income UN member states must not be allowed to falter in the pursuit of justice.,0_1,10_1,
No single state or small group of states should block the collective will of the UN member states.,"We have powerful tools at our disposal – zero-carbon energy, open-source AI, precision agriculture, biodiversity conservation.",0_2,10_0,
No single state or small group of states should block the collective will of the UN member states.,The high-income UN member states must not be allowed to falter in the pursuit of justice.,0_2,10_1,
"The job of finance is to bring the fruits of technological advances to benefit all of humanity, including our impoverished brothers and sisters in conflict zones and places hard hit by the ravages of high-intensity tropical cyclones, droughts, floods, heatwaves and forest fires that are occurring with increasing frequency as the result of human-induced climate change.","We have powerful tools at our disposal – zero-carbon energy, open-source AI, precision agriculture, biodiversity conservation.",0_3,10_0,
"The job of finance is to bring the fruits of technological advances to benefit all of humanity, including our impoverished brothers and sisters in conflict zones and places hard hit by the ravages of high-intensity tropical cyclones, droughts, floods, heatwaves and forest fires that are occurring with increasing frequency as the result of human-induced climate change.",The high-income UN member states must not be allowed to falter in the pursuit of justice.,0_3,10_1,
"SDG progress by region and country countries in Sub-Saharan Africa and low-income coun-
tries (LICs) started off with the lowest 2015 baselines, other regions with higher baselines have progressed
faster.","We have powerful tools at our disposal – zero-carbon energy, open-source AI, precision agriculture, biodiversity conservation.",0_4,10_0,
"SDG progress by region and country countries in Sub-Saharan Africa and low-income coun-
tries (LICs) started off with the lowest 2015 baselines, other regions with higher baselines have progressed
faster.",The high-income UN member states must not be allowed to falter in the pursuit of justice.,0_4,10_1,
"In rich countries, significant challenges remain in achieving overall SDG performance and life satisfaction.","We have powerful tools at our disposal – zero-carbon energy, open-source AI, precision agriculture, biodiversity conservation.",0_5,10_0,
"In rich countries, significant challenges remain in achieving overall SDG performance and life satisfaction.",The high-income UN member states must not be allowed to falter in the pursuit of justice.,0_5,10_1,
"We will take bold, ambitious, accelerated, just and transformative actions to implement the 2030 Agenda, achieve the Sustainable Development Goals and leave no one behind.","We have powerful tools at our disposal – zero-carbon energy, open-source AI, precision agriculture, biodiversity conservation.",0_6,10_0,
"We will take bold, ambitious, accelerated, just and transformative actions to implement the 2030 Agenda, achieve the Sustainable Development Goals and leave no one behind.",The high-income UN member states must not be allowed to falter in the pursuit of justice.,0_6,10_1,
"In 2015, through the 2030 Agenda resolution, all 193 UN member states committed to preparing regular reviews and action plans for sustainable development, pledging to engage in a “systematic follow-up and review of implementation of this Agenda over the next fifteen years”.","We have powerful tools at our disposal – zero-carbon energy, open-source AI, precision agriculture, biodiversity conservation.",0_7,10_0,
"In 2015, through the 2030 Agenda resolution, all 193 UN member states committed to preparing regular reviews and action plans for sustainable development, pledging to engage in a “systematic follow-up and review of implementation of this Agenda over the next fifteen years”.",The high-income UN member states must not be allowed to falter in the pursuit of justice.,0_7,10_1,
"In 2024, through the adoption of the Pact for the Future, UN member states raised their concerns about the potential impact that the global increase in military spending could have on sustainable development (Action 13).","We have powerful tools at our disposal – zero-carbon energy, open-source AI, precision agriculture, biodiversity conservation.",0_8,10_0,
"In 2024, through the adoption of the Pact for the Future, UN member states raised their concerns about the potential impact that the global increase in military spending could have on sustainable development (Action 13).",The high-income UN member states must not be allowed to falter in the pursuit of justice.,0_8,10_1,
Global commitment to the SDGs is strong: 190 out of 193 countries have presented national action plans for advancing sustainable development.,"The job of finance is to bring the fruits of technological advances to benefit all of humanity, including our impoverished brothers and sisters in conflict zones and places hard hit by the ravages of high-intensity tropical cyclones, droughts, floods, heatwaves and forest fires that are occurring with increasing frequency as the result of human-induced climate change.",0_0,11_0,
No single member state of the United Nations can excuse itself from the responsibility to contribute fairly and adequately to the provision of global public goods and services.,"The job of finance is to bring the fruits of technological advances to benefit all of humanity, including our impoverished brothers and sisters in conflict zones and places hard hit by the ravages of high-intensity tropical cyclones, droughts, floods, heatwaves and forest fires that are occurring with increasing frequency as the result of human-induced climate change.",0_1,11_0,
No single state or small group of states should block the collective will of the UN member states.,"The job of finance is to bring the fruits of technological advances to benefit all of humanity, including our impoverished brothers and sisters in conflict zones and places hard hit by the ravages of high-intensity tropical cyclones, droughts, floods, heatwaves and forest fires that are occurring with increasing frequency as the result of human-induced climate change.",0_2,11_0,
"The job of finance is to bring the fruits of technological advances to benefit all of humanity, including our impoverished brothers and sisters in conflict zones and places hard hit by the ravages of high-intensity tropical cyclones, droughts, floods, heatwaves and forest fires that are occurring with increasing frequency as the result of human-induced climate change.","The job of finance is to bring the fruits of technological advances to benefit all of humanity, including our impoverished brothers and sisters in conflict zones and places hard hit by the ravages of high-intensity tropical cyclones, droughts, floods, heatwaves and forest fires that are occurring with increasing frequency as the result of human-induced climate change.",0_3,11_0,
"SDG progress by region and country countries in Sub-Saharan Africa and low-income coun-
tries (LICs) started off with the lowest 2015 baselines, other regions with higher baselines have progressed
faster.","The job of finance is to bring the fruits of technological advances to benefit all of humanity, including our impoverished brothers and sisters in conflict zones and places hard hit by the ravages of high-intensity tropical cyclones, droughts, floods, heatwaves and forest fires that are occurring with increasing frequency as the result of human-induced climate change.",0_4,11_0,
"In rich countries, significant challenges remain in achieving overall SDG performance and life satisfaction.","The job of finance is to bring the fruits of technological advances to benefit all of humanity, including our impoverished brothers and sisters in conflict zones and places hard hit by the ravages of high-intensity tropical cyclones, droughts, floods, heatwaves and forest fires that are occurring with increasing frequency as the result of human-induced climate change.",0_5,11_0,
"We will take bold, ambitious, accelerated, just and transformative actions to implement the 2030 Agenda, achieve the Sustainable Development Goals and leave no one behind.","The job of finance is to bring the fruits of technological advances to benefit all of humanity, including our impoverished brothers and sisters in conflict zones and places hard hit by the ravages of high-intensity tropical cyclones, droughts, floods, heatwaves and forest fires that are occurring with increasing frequency as the result of human-induced climate change.",0_6,11_0,
"In 2015, through the 2030 Agenda resolution, all 193 UN member states committed to preparing regular reviews and action plans for sustainable development, pledging to engage in a “systematic follow-up and review of implementation of this Agenda over the next fifteen years”.","The job of finance is to bring the fruits of technological advances to benefit all of humanity, including our impoverished brothers and sisters in conflict zones and places hard hit by the ravages of high-intensity tropical cyclones, droughts, floods, heatwaves and forest fires that are occurring with increasing frequency as the result of human-induced climate change.",0_7,11_0,
"In 2024, through the adoption of the Pact for the Future, UN member states raised their concerns about the potential impact that the global increase in military spending could have on sustainable development (Action 13).","The job of finance is to bring the fruits of technological advances to benefit all of humanity, including our impoverished brothers and sisters in conflict zones and places hard hit by the ravages of high-intensity tropical cyclones, droughts, floods, heatwaves and forest fires that are occurring with increasing frequency as the result of human-induced climate change.",0_8,11_0,
Global commitment to the SDGs is strong: 190 out of 193 countries have presented national action plans for advancing sustainable development.,The world is also beset by violent conflicts that claim innocent lives and threaten global survival. We must redouble our efforts towards peace and ensure for all people the material conditions of survival and dignity that are necessary for peace.,0_0,16_0,
Global commitment to the SDGs is strong: 190 out of 193 countries have presented national action plans for advancing sustainable development.,The essential fact is that poorer countries offer higher growth potential and higher returns on capital than rich countries. Capital should flow to these countries.,0_0,16_1,
Global commitment to the SDGs is strong: 190 out of 193 countries have presented national action plans for advancing sustainable development.,"We will redouble our efforts to build and sustain peaceful, inclusive and just societies and address the root causes of conflicts.",0_0,16_2,
Global commitment to the SDGs is strong: 190 out of 193 countries have presented national action plans for advancing sustainable development.,"All countries should capitalize on the momentum of upcoming international conferences and summits – including in 2025 the FfD4 in Spain, the 80th UN General Assembly, COP 30 in Brazil, and the UN World Social Summit, as well as in 2027 the next SDG Summit at Heads-of-State level – to recommit to strengthening UN-based multilateralism and global partnerships, as emphasized by SDG 17 (Partnerships for the Goals), and accelerating actions to achieve the SDGs by 2030 and mid-century.",0_0,16_3,
No single member state of the United Nations can excuse itself from the responsibility to contribute fairly and adequately to the provision of global public goods and services.,The world is also beset by violent conflicts that claim innocent lives and threaten global survival. We must redouble our efforts towards peace and ensure for all people the material conditions of survival and dignity that are necessary for peace.,0_1,16_0,
No single member state of the United Nations can excuse itself from the responsibility to contribute fairly and adequately to the provision of global public goods and services.,The essential fact is that poorer countries offer higher growth potential and higher returns on capital than rich countries. Capital should flow to these countries.,0_1,16_1,
No single member state of the United Nations can excuse itself from the responsibility to contribute fairly and adequately to the provision of global public goods and services.,"We will redouble our efforts to build and sustain peaceful, inclusive and just societies and address the root causes of conflicts.",0_1,16_2,
No single member state of the United Nations can excuse itself from the responsibility to contribute fairly and adequately to the provision of global public goods and services.,"All countries should capitalize on the momentum of upcoming international conferences and summits – including in 2025 the FfD4 in Spain, the 80th UN General Assembly, COP 30 in Brazil, and the UN World Social Summit, as well as in 2027 the next SDG Summit at Heads-of-State level – to recommit to strengthening UN-based multilateralism and global partnerships, as emphasized by SDG 17 (Partnerships for the Goals), and accelerating actions to achieve the SDGs by 2030 and mid-century.",0_1,16_3,
No single state or small group of states should block the collective will of the UN member states.,The world is also beset by violent conflicts that claim innocent lives and threaten global survival. We must redouble our efforts towards peace and ensure for all people the material conditions of survival and dignity that are necessary for peace.,0_2,16_0,
No single state or small group of states should block the collective will of the UN member states.,The essential fact is that poorer countries offer higher growth potential and higher returns on capital than rich countries. Capital should flow to these countries.,0_2,16_1,
No single state or small group of states should block the collective will of the UN member states.,"We will redouble our efforts to build and sustain peaceful, inclusive and just societies and address the root causes of conflicts.",0_2,16_2,
No single state or small group of states should block the collective will of the UN member states.,"All countries should capitalize on the momentum of upcoming international conferences and summits – including in 2025 the FfD4 in Spain, the 80th UN General Assembly, COP 30 in Brazil, and the UN World Social Summit, as well as in 2027 the next SDG Summit at Heads-of-State level – to recommit to strengthening UN-based multilateralism and global partnerships, as emphasized by SDG 17 (Partnerships for the Goals), and accelerating actions to achieve the SDGs by 2030 and mid-century.",0_2,16_3,
"The job of finance is to bring the fruits of technological advances to benefit all of humanity, including our impoverished brothers and sisters in conflict zones and places hard hit by the ravages of high-intensity tropical cyclones, droughts, floods, heatwaves and forest fires that are occurring with increasing frequency as the result of human-induced climate change.",The world is also beset by violent conflicts that claim innocent lives and threaten global survival. We must redouble our efforts towards peace and ensure for all people the material conditions of survival and dignity that are necessary for peace.,0_3,16_0,
"The job of finance is to bring the fruits of technological advances to benefit all of humanity, including our impoverished brothers and sisters in conflict zones and places hard hit by the ravages of high-intensity tropical cyclones, droughts, floods, heatwaves and forest fires that are occurring with increasing frequency as the result of human-induced climate change.",The essential fact is that poorer countries offer higher growth potential and higher returns on capital than rich countries. Capital should flow to these countries.,0_3,16_1,
"The job of finance is to bring the fruits of technological advances to benefit all of humanity, including our impoverished brothers and sisters in conflict zones and places hard hit by the ravages of high-intensity tropical cyclones, droughts, floods, heatwaves and forest fires that are occurring with increasing frequency as the result of human-induced climate change.","We will redouble our efforts to build and sustain peaceful, inclusive and just societies and address the root causes of conflicts.",0_3,16_2,
"The job of finance is to bring the fruits of technological advances to benefit all of humanity, including our impoverished brothers and sisters in conflict zones and places hard hit by the ravages of high-intensity tropical cyclones, droughts, floods, heatwaves and forest fires that are occurring with increasing frequency as the result of human-induced climate change.","All countries should capitalize on the momentum of upcoming international conferences and summits – including in 2025 the FfD4 in Spain, the 80th UN General Assembly, COP 30 in Brazil, and the UN World Social Summit, as well as in 2027 the next SDG Summit at Heads-of-State level – to recommit to strengthening UN-based multilateralism and global partnerships, as emphasized by SDG 17 (Partnerships for the Goals), and accelerating actions to achieve the SDGs by 2030 and mid-century.",0_3,16_3,
"SDG progress by region and country countries in Sub-Saharan Africa and low-income coun-
tries (LICs) started off with the lowest 2015 baselines, other regions with higher baselines have progressed
faster.",The world is also beset by violent conflicts that claim innocent lives and threaten global survival. We must redouble our efforts towards peace and ensure for all people the material conditions of survival and dignity that are necessary for peace.,0_4,16_0,
"SDG progress by region and country countries in Sub-Saharan Africa and low-income coun-
tries (LICs) started off with the lowest 2015 baselines, other regions with higher baselines have progressed
faster.",The essential fact is that poorer countries offer higher growth potential and higher returns on capital than rich countries. Capital should flow to these countries.,0_4,16_1,
"SDG progress by region and country countries in Sub-Saharan Africa and low-income coun-
tries (LICs) started off with the lowest 2015 baselines, other regions with higher baselines have progressed
faster.","We will redouble our efforts to build and sustain peaceful, inclusive and just societies and address the root causes of conflicts.",0_4,16_2,
"SDG progress by region and country countries in Sub-Saharan Africa and low-income coun-
tries (LICs) started off with the lowest 2015 baselines, other regions with higher baselines have progressed
faster.","All countries should capitalize on the momentum of upcoming international conferences and summits – including in 2025 the FfD4 in Spain, the 80th UN General Assembly, COP 30 in Brazil, and the UN World Social Summit, as well as in 2027 the next SDG Summit at Heads-of-State level – to recommit to strengthening UN-based multilateralism and global partnerships, as emphasized by SDG 17 (Partnerships for the Goals), and accelerating actions to achieve the SDGs by 2030 and mid-century.",0_4,16_3,
"In rich countries, significant challenges remain in achieving overall SDG performance and life satisfaction.",The world is also beset by violent conflicts that claim innocent lives and threaten global survival. We must redouble our efforts towards peace and ensure for all people the material conditions of survival and dignity that are necessary for peace.,0_5,16_0,
"In rich countries, significant challenges remain in achieving overall SDG performance and life satisfaction.",The essential fact is that poorer countries offer higher growth potential and higher returns on capital than rich countries. Capital should flow to these countries.,0_5,16_1,
"In rich countries, significant challenges remain in achieving overall SDG performance and life satisfaction.","We will redouble our efforts to build and sustain peaceful, inclusive and just societies and address the root causes of conflicts.",0_5,16_2,
"In rich countries, significant challenges remain in achieving overall SDG performance and life satisfaction.","All countries should capitalize on the momentum of upcoming international conferences and summits – including in 2025 the FfD4 in Spain, the 80th UN General Assembly, COP 30 in Brazil, and the UN World Social Summit, as well as in 2027 the next SDG Summit at Heads-of-State level – to recommit to strengthening UN-based multilateralism and global partnerships, as emphasized by SDG 17 (Partnerships for the Goals), and accelerating actions to achieve the SDGs by 2030 and mid-century.",0_5,16_3,
"We will take bold, ambitious, accelerated, just and transformative actions to implement the 2030 Agenda, achieve the Sustainable Development Goals and leave no one behind.",The world is also beset by violent conflicts that claim innocent lives and threaten global survival. We must redouble our efforts towards peace and ensure for all people the material conditions of survival and dignity that are necessary for peace.,0_6,16_0,
"We will take bold, ambitious, accelerated, just and transformative actions to implement the 2030 Agenda, achieve the Sustainable Development Goals and leave no one behind.",The essential fact is that poorer countries offer higher growth potential and higher returns on capital than rich countries. Capital should flow to these countries.,0_6,16_1,
"We will take bold, ambitious, accelerated, just and transformative actions to implement the 2030 Agenda, achieve the Sustainable Development Goals and leave no one behind.","We will redouble our efforts to build and sustain peaceful, inclusive and just societies and address the root causes of conflicts.",0_6,16_2,
"We will take bold, ambitious, accelerated, just and transformative actions to implement the 2030 Agenda, achieve the Sustainable Development Goals and leave no one behind.","All countries should capitalize on the momentum of upcoming international conferences and summits – including in 2025 the FfD4 in Spain, the 80th UN General Assembly, COP 30 in Brazil, and the UN World Social Summit, as well as in 2027 the next SDG Summit at Heads-of-State level – to recommit to strengthening UN-based multilateralism and global partnerships, as emphasized by SDG 17 (Partnerships for the Goals), and accelerating actions to achieve the SDGs by 2030 and mid-century.",0_6,16_3,
"In 2015, through the 2030 Agenda resolution, all 193 UN member states committed to preparing regular reviews and action plans for sustainable development, pledging to engage in a “systematic follow-up and review of implementation of this Agenda over the next fifteen years”.",The world is also beset by violent conflicts that claim innocent lives and threaten global survival. We must redouble our efforts towards peace and ensure for all people the material conditions of survival and dignity that are necessary for peace.,0_7,16_0,
"In 2015, through the 2030 Agenda resolution, all 193 UN member states committed to preparing regular reviews and action plans for sustainable development, pledging to engage in a “systematic follow-up and review of implementation of this Agenda over the next fifteen years”.",The essential fact is that poorer countries offer higher growth potential and higher returns on capital than rich countries. Capital should flow to these countries.,0_7,16_1,
"In 2015, through the 2030 Agenda resolution, all 193 UN member states committed to preparing regular reviews and action plans for sustainable development, pledging to engage in a “systematic follow-up and review of implementation of this Agenda over the next fifteen years”.","We will redouble our efforts to build and sustain peaceful, inclusive and just societies and address the root causes of conflicts.",0_7,16_2,
"In 2015, through the 2030 Agenda resolution, all 193 UN member states committed to preparing regular reviews and action plans for sustainable development, pledging to engage in a “systematic follow-up and review of implementation of this Agenda over the next fifteen years”.","All countries should capitalize on the momentum of upcoming international conferences and summits – including in 2025 the FfD4 in Spain, the 80th UN General Assembly, COP 30 in Brazil, and the UN World Social Summit, as well as in 2027 the next SDG Summit at Heads-of-State level – to recommit to strengthening UN-based multilateralism and global partnerships, as emphasized by SDG 17 (Partnerships for the Goals), and accelerating actions to achieve the SDGs by 2030 and mid-century.",0_7,16_3,
"In 2024, through the adoption of the Pact for the Future, UN member states raised their concerns about the potential impact that the global increase in military spending could have on sustainable development (Action 13).",The world is also beset by violent conflicts that claim innocent lives and threaten global survival. We must redouble our efforts towards peace and ensure for all people the material conditions of survival and dignity that are necessary for peace.,0_8,16_0,
"In 2024, through the adoption of the Pact for the Future, UN member states raised their concerns about the potential impact that the global increase in military spending could have on sustainable development (Action 13).",The essential fact is that poorer countries offer higher growth potential and higher returns on capital than rich countries. Capital should flow to these countries.,0_8,16_1,
"In 2024, through the adoption of the Pact for the Future, UN member states raised their concerns about the potential impact that the global increase in military spending could have on sustainable development (Action 13).","We will redouble our efforts to build and sustain peaceful, inclusive and just societies and address the root causes of conflicts.",0_8,16_2,
"In 2024, through the adoption of the Pact for the Future, UN member states raised their concerns about the potential impact that the global increase in military spending could have on sustainable development (Action 13).","All countries should capitalize on the momentum of upcoming international conferences and summits – including in 2025 the FfD4 in Spain, the 80th UN General Assembly, COP 30 in Brazil, and the UN World Social Summit, as well as in 2027 the next SDG Summit at Heads-of-State level – to recommit to strengthening UN-based multilateralism and global partnerships, as emphasized by SDG 17 (Partnerships for the Goals), and accelerating actions to achieve the SDGs by 2030 and mid-century.",0_8,16_3,
Global commitment to the SDGs is strong: 190 out of 193 countries have presented national action plans for advancing sustainable development.,No single member state of the United Nations can excuse itself from the responsibility to contribute fairly and adequately to the provision of global public goods and services.,0_0,17_0,
Global commitment to the SDGs is strong: 190 out of 193 countries have presented national action plans for advancing sustainable development.,"The job of finance is to bring the fruits of technological advances to benefit all of humanity, including our impoverished brothers and sisters in conflict zones and places hard hit by the ravages of high-intensity tropical cyclones, droughts, floods, heatwaves and forest fires that are occurring with increasing frequency as the result of human-induced climate change.",0_0,17_1,
Global commitment to the SDGs is strong: 190 out of 193 countries have presented national action plans for advancing sustainable development.,There should be room for high-ambition initiatives by “coalitions of the willing”.,0_0,17_2,
Global commitment to the SDGs is strong: 190 out of 193 countries have presented national action plans for advancing sustainable development.,"Strengthening the means of implementation and revitalize the Global Partnership for Sustainable Development, as emphasized by SDG 17 (Partnerships for the Goals), is crucial to achieving the SDGs by 2030 and mid-century.",0_0,17_3,
No single member state of the United Nations can excuse itself from the responsibility to contribute fairly and adequately to the provision of global public goods and services.,No single member state of the United Nations can excuse itself from the responsibility to contribute fairly and adequately to the provision of global public goods and services.,0_1,17_0,
No single member state of the United Nations can excuse itself from the responsibility to contribute fairly and adequately to the provision of global public goods and services.,"The job of finance is to bring the fruits of technological advances to benefit all of humanity, including our impoverished brothers and sisters in conflict zones and places hard hit by the ravages of high-intensity tropical cyclones, droughts, floods, heatwaves and forest fires that are occurring with increasing frequency as the result of human-induced climate change.",0_1,17_1,
No single member state of the United Nations can excuse itself from the responsibility to contribute fairly and adequately to the provision of global public goods and services.,There should be room for high-ambition initiatives by “coalitions of the willing”.,0_1,17_2,
No single member state of the United Nations can excuse itself from the responsibility to contribute fairly and adequately to the provision of global public goods and services.,"Strengthening the means of implementation and revitalize the Global Partnership for Sustainable Development, as emphasized by SDG 17 (Partnerships for the Goals), is crucial to achieving the SDGs by 2030 and mid-century.",0_1,17_3,
No single state or small group of states should block the collective will of the UN member states.,No single member state of the United Nations can excuse itself from the responsibility to contribute fairly and adequately to the provision of global public goods and services.,0_2,17_0,
No single state or small group of states should block the collective will of the UN member states.,"The job of finance is to bring the fruits of technological advances to benefit all of humanity, including our impoverished brothers and sisters in conflict zones and places hard hit by the ravages of high-intensity tropical cyclones, droughts, floods, heatwaves and forest fires that are occurring with increasing frequency as the result of human-induced climate change.",0_2,17_1,
No single state or small group of states should block the collective will of the UN member states.,There should be room for high-ambition initiatives by “coalitions of the willing”.,0_2,17_2,
No single state or small group of states should block the collective will of the UN member states.,"Strengthening the means of implementation and revitalize the Global Partnership for Sustainable Development, as emphasized by SDG 17 (Partnerships for the Goals), is crucial to achieving the SDGs by 2030 and mid-century.",0_2,17_3,
"The job of finance is to bring the fruits of technological advances to benefit all of humanity, including our impoverished brothers and sisters in conflict zones and places hard hit by the ravages of high-intensity tropical cyclones, droughts, floods, heatwaves and forest fires that are occurring with increasing frequency as the result of human-induced climate change.",No single member state of the United Nations can excuse itself from the responsibility to contribute fairly and adequately to the provision of global public goods and services.,0_3,17_0,
"The job of finance is to bring the fruits of technological advances to benefit all of humanity, including our impoverished brothers and sisters in conflict zones and places hard hit by the ravages of high-intensity tropical cyclones, droughts, floods, heatwaves and forest fires that are occurring with increasing frequency as the result of human-induced climate change.","The job of finance is to bring the fruits of technological advances to benefit all of humanity, including our impoverished brothers and sisters in conflict zones and places hard hit by the ravages of high-intensity tropical cyclones, droughts, floods, heatwaves and forest fires that are occurring with increasing frequency as the result of human-induced climate change.",0_3,17_1,
"The job of finance is to bring the fruits of technological advances to benefit all of humanity, including our impoverished brothers and sisters in conflict zones and places hard hit by the ravages of high-intensity tropical cyclones, droughts, floods, heatwaves and forest fires that are occurring with increasing frequency as the result of human-induced climate change.",There should be room for high-ambition initiatives by “coalitions of the willing”.,0_3,17_2,
"The job of finance is to bring the fruits of technological advances to benefit all of humanity, including our impoverished brothers and sisters in conflict zones and places hard hit by the ravages of high-intensity tropical cyclones, droughts, floods, heatwaves and forest fires that are occurring with increasing frequency as the result of human-induced climate change.","Strengthening the means of implementation and revitalize the Global Partnership for Sustainable Development, as emphasized by SDG 17 (Partnerships for the Goals), is crucial to achieving the SDGs by 2030 and mid-century.",0_3,17_3,
"SDG progress by region and country countries in Sub-Saharan Africa and low-income coun-
tries (LICs) started off with the lowest 2015 baselines, other regions with higher baselines have progressed
faster.",No single member state of the United Nations can excuse itself from the responsibility to contribute fairly and adequately to the provision of global public goods and services.,0_4,17_0,
"SDG progress by region and country countries in Sub-Saharan Africa and low-income coun-
tries (LICs) started off with the lowest 2015 baselines, other regions with higher baselines have progressed
faster.","The job of finance is to bring the fruits of technological advances to benefit all of humanity, including our impoverished brothers and sisters in conflict zones and places hard hit by the ravages of high-intensity tropical cyclones, droughts, floods, heatwaves and forest fires that are occurring with increasing frequency as the result of human-induced climate change.",0_4,17_1,
"SDG progress by region and country countries in Sub-Saharan Africa and low-income coun-
tries (LICs) started off with the lowest 2015 baselines, other regions with higher baselines have progressed
faster.",There should be room for high-ambition initiatives by “coalitions of the willing”.,0_4,17_2,
"SDG progress by region and country countries in Sub-Saharan Africa and low-income coun-
tries (LICs) started off with the lowest 2015 baselines, other regions with higher baselines have progressed
faster.","Strengthening the means of implementation and revitalize the Global Partnership for Sustainable Development, as emphasized by SDG 17 (Partnerships for the Goals), is crucial to achieving the SDGs by 2030 and mid-century.",0_4,17_3,
"In rich countries, significant challenges remain in achieving overall SDG performance and life satisfaction.",No single member state of the United Nations can excuse itself from the responsibility to contribute fairly and adequately to the provision of global public goods and services.,0_5,17_0,
"In rich countries, significant challenges remain in achieving overall SDG performance and life satisfaction.","The job of finance is to bring the fruits of technological advances to benefit all of humanity, including our impoverished brothers and sisters in conflict zones and places hard hit by the ravages of high-intensity tropical cyclones, droughts, floods, heatwaves and forest fires that are occurring with increasing frequency as the result of human-induced climate change.",0_5,17_1,
"In rich countries, significant challenges remain in achieving overall SDG performance and life satisfaction.",There should be room for high-ambition initiatives by “coalitions of the willing”.,0_5,17_2,
"In rich countries, significant challenges remain in achieving overall SDG performance and life satisfaction.","Strengthening the means of implementation and revitalize the Global Partnership for Sustainable Development, as emphasized by SDG 17 (Partnerships for the Goals), is crucial to achieving the SDGs by 2030 and mid-century.",0_5,17_3,
"We will take bold, ambitious, accelerated, just and transformative actions to implement the 2030 Agenda, achieve the Sustainable Development Goals and leave no one behind.",No single member state of the United Nations can excuse itself from the responsibility to contribute fairly and adequately to the provision of global public goods and services.,0_6,17_0,
"We will take bold, ambitious, accelerated, just and transformative actions to implement the 2030 Agenda, achieve the Sustainable Development Goals and leave no one behind.","The job of finance is to bring the fruits of technological advances to benefit all of humanity, including our impoverished brothers and sisters in conflict zones and places hard hit by the ravages of high-intensity tropical cyclones, droughts, floods, heatwaves and forest fires that are occurring with increasing frequency as the result of human-induced climate change.",0_6,17_1,
"We will take bold, ambitious, accelerated, just and transformative actions to implement the 2030 Agenda, achieve the Sustainable Development Goals and leave no one behind.",There should be room for high-ambition initiatives by “coalitions of the willing”.,0_6,17_2,
"We will take bold, ambitious, accelerated, just and transformative actions to implement the 2030 Agenda, achieve the Sustainable Development Goals and leave no one behind.","Strengthening the means of implementation and revitalize the Global Partnership for Sustainable Development, as emphasized by SDG 17 (Partnerships for the Goals), is crucial to achieving the SDGs by 2030 and mid-century.",0_6,17_3,
"In 2015, through the 2030 Agenda resolution, all 193 UN member states committed to preparing regular reviews and action plans for sustainable development, pledging to engage in a “systematic follow-up and review of implementation of this Agenda over the next fifteen years”.",No single member state of the United Nations can excuse itself from the responsibility to contribute fairly and adequately to the provision of global public goods and services.,0_7,17_0,
"In 2015, through the 2030 Agenda resolution, all 193 UN member states committed to preparing regular reviews and action plans for sustainable development, pledging to engage in a “systematic follow-up and review of implementation of this Agenda over the next fifteen years”.","The job of finance is to bring the fruits of technological advances to benefit all of humanity, including our impoverished brothers and sisters in conflict zones and places hard hit by the ravages of high-intensity tropical cyclones, droughts, floods, heatwaves and forest fires that are occurring with increasing frequency as the result of human-induced climate change.",0_7,17_1,
"In 2015, through the 2030 Agenda resolution, all 193 UN member states committed to preparing regular reviews and action plans for sustainable development, pledging to engage in a “systematic follow-up and review of implementation of this Agenda over the next fifteen years”.",There should be room for high-ambition initiatives by “coalitions of the willing”.,0_7,17_2,
"In 2015, through the 2030 Agenda resolution, all 193 UN member states committed to preparing regular reviews and action plans for sustainable development, pledging to engage in a “systematic follow-up and review of implementation of this Agenda over the next fifteen years”.","Strengthening the means of implementation and revitalize the Global Partnership for Sustainable Development, as emphasized by SDG 17 (Partnerships for the Goals), is crucial to achieving the SDGs by 2030 and mid-century.",0_7,17_3,
"In 2024, through the adoption of the Pact for the Future, UN member states raised their concerns about the potential impact that the global increase in military spending could have on sustainable development (Action 13).",No single member state of the United Nations can excuse itself from the responsibility to contribute fairly and adequately to the provision of global public goods and services.,0_8,17_0,
"In 2024, through the adoption of the Pact for the Future, UN member states raised their concerns about the potential impact that the global increase in military spending could have on sustainable development (Action 13).","The job of finance is to bring the fruits of technological advances to benefit all of humanity, including our impoverished brothers and sisters in conflict zones and places hard hit by the ravages of high-intensity tropical cyclones, droughts, floods, heatwaves and forest fires that are occurring with increasing frequency as the result of human-induced climate change.",0_8,17_1,
"In 2024, through the adoption of the Pact for the Future, UN member states raised their concerns about the potential impact that the global increase in military spending could have on sustainable development (Action 13).",There should be room for high-ambition initiatives by “coalitions of the willing”.,0_8,17_2,
"In 2024, through the adoption of the Pact for the Future, UN member states raised their concerns about the potential impact that the global increase in military spending could have on sustainable development (Action 13).","Strengthening the means of implementation and revitalize the Global Partnership for Sustainable Development, as emphasized by SDG 17 (Partnerships for the Goals), is crucial to achieving the SDGs by 2030 and mid-century.",0_8,17_3,
"properly designed financial markets can channel the world’s savings not only to high-income countries that are already prosperous, but even more to the world’s poorer countries",The SDG Index and Dashboards provides an annual assessment of SDG progress covering all 193 UN member states.,1_0,2_0,
"We call on FfD4 to adopt measures to ensure that these new technologies are accessible to all parts of the planet, to rich and poor alike.",The SDG Index and Dashboards provides an annual assessment of SDG progress covering all 193 UN member states.,1_1,2_0,
The essential fact is that poorer countries offer higher growth potential and higher returns on capital than rich countries. Capital should flow to these countries.,The SDG Index and Dashboards provides an annual assessment of SDG progress covering all 193 UN member states.,1_2,2_0,
The high-income UN member states must not be allowed to falter in the pursuit of justice.,The SDG Index and Dashboards provides an annual assessment of SDG progress covering all 193 UN member states.,1_3,2_0,
"properly designed financial markets can channel the world’s savings not only to high-income countries that are already prosperous, but even more to the world’s poorer countries","Education not only fosters dignity, fulfillment, and wellbeing, but also delivers remarkable and reliable economic benefits;",1_0,4_0,
"We call on FfD4 to adopt measures to ensure that these new technologies are accessible to all parts of the planet, to rich and poor alike.","Education not only fosters dignity, fulfillment, and wellbeing, but also delivers remarkable and reliable economic benefits;",1_1,4_0,
The essential fact is that poorer countries offer higher growth potential and higher returns on capital than rich countries. Capital should flow to these countries.,"Education not only fosters dignity, fulfillment, and wellbeing, but also delivers remarkable and reliable economic benefits;",1_2,4_0,
The high-income UN member states must not be allowed to falter in the pursuit of justice.,"Education not only fosters dignity, fulfillment, and wellbeing, but also delivers remarkable and reliable economic benefits;",1_3,4_0,
"properly designed financial markets can channel the world’s savings not only to high-income countries that are already prosperous, but even more to the world’s poorer countries","No UN member state can exempt itself from this work, particularly at a time when unilateral actions by individual states can cause irreparable damage for the present and future generations of all humanity.",1_0,6_0,
"We call on FfD4 to adopt measures to ensure that these new technologies are accessible to all parts of the planet, to rich and poor alike.","No UN member state can exempt itself from this work, particularly at a time when unilateral actions by individual states can cause irreparable damage for the present and future generations of all humanity.",1_1,6_0,
The essential fact is that poorer countries offer higher growth potential and higher returns on capital than rich countries. Capital should flow to these countries.,"No UN member state can exempt itself from this work, particularly at a time when unilateral actions by individual states can cause irreparable damage for the present and future generations of all humanity.",1_2,6_0,
The high-income UN member states must not be allowed to falter in the pursuit of justice.,"No UN member state can exempt itself from this work, particularly at a time when unilateral actions by individual states can cause irreparable damage for the present and future generations of all humanity.",1_3,6_0,
"properly designed financial markets can channel the world’s savings not only to high-income countries that are already prosperous, but even more to the world’s poorer countries","We have powerful tools at our disposal – zero-carbon energy, open-source AI, precision agriculture, biodiversity conservation.",1_0,8_0,
"properly designed financial markets can channel the world’s savings not only to high-income countries that are already prosperous, but even more to the world’s poorer countries","In addition to monitoring the potential impact policies may have on other countries, a growing body of research focuses on countries’ exposure to and vulnerability to disruptions in international supply chains.",1_0,8_1,
"We call on FfD4 to adopt measures to ensure that these new technologies are accessible to all parts of the planet, to rich and poor alike.","We have powerful tools at our disposal – zero-carbon energy, open-source AI, precision agriculture, biodiversity conservation.",1_1,8_0,
"We call on FfD4 to adopt measures to ensure that these new technologies are accessible to all parts of the planet, to rich and poor alike.","In addition to monitoring the potential impact policies may have on other countries, a growing body of research focuses on countries’ exposure to and vulnerability to disruptions in international supply chains.",1_1,8_1,
The essential fact is that poorer countries offer higher growth potential and higher returns on capital than rich countries. Capital should flow to these countries.,"We have powerful tools at our disposal – zero-carbon energy, open-source AI, precision agriculture, biodiversity conservation.",1_2,8_0,
The essential fact is that poorer countries offer higher growth potential and higher returns on capital than rich countries. Capital should flow to these countries.,"In addition to monitoring the potential impact policies may have on other countries, a growing body of research focuses on countries’ exposure to and vulnerability to disruptions in international supply chains.",1_2,8_1,
The high-income UN member states must not be allowed to falter in the pursuit of justice.,"We have powerful tools at our disposal – zero-carbon energy, open-source AI, precision agriculture, biodiversity conservation.",1_3,8_0,
The high-income UN member states must not be allowed to falter in the pursuit of justice.,"In addition to monitoring the potential impact policies may have on other countries, a growing body of research focuses on countries’ exposure to and vulnerability to disruptions in international supply chains.",1_3,8_1,
"properly designed financial markets can channel the world’s savings not only to high-income countries that are already prosperous, but even more to the world’s poorer countries","The job of finance is to bring the fruits of technological advances to benefit all of humanity, including our impoverished brothers and sisters in conflict zones and places hard hit by the ravages of high-intensity tropical cyclones, droughts, floods, heatwaves and forest fires that are occurring with increasing frequency as the result of human-induced climate change.",1_0,9_0,
"We call on FfD4 to adopt measures to ensure that these new technologies are accessible to all parts of the planet, to rich and poor alike.","The job of finance is to bring the fruits of technological advances to benefit all of humanity, including our impoverished brothers and sisters in conflict zones and places hard hit by the ravages of high-intensity tropical cyclones, droughts, floods, heatwaves and forest fires that are occurring with increasing frequency as the result of human-induced climate change.",1_1,9_0,
The essential fact is that poorer countries offer higher growth potential and higher returns on capital than rich countries. Capital should flow to these countries.,"The job of finance is to bring the fruits of technological advances to benefit all of humanity, including our impoverished brothers and sisters in conflict zones and places hard hit by the ravages of high-intensity tropical cyclones, droughts, floods, heatwaves and forest fires that are occurring with increasing frequency as the result of human-induced climate change.",1_2,9_0,
The high-income UN member states must not be allowed to falter in the pursuit of justice.,"The job of finance is to bring the fruits of technological advances to benefit all of humanity, including our impoverished brothers and sisters in conflict zones and places hard hit by the ravages of high-intensity tropical cyclones, droughts, floods, heatwaves and forest fires that are occurring with increasing frequency as the result of human-induced climate change.",1_3,9_0,
"properly designed financial markets can channel the world’s savings not only to high-income countries that are already prosperous, but even more to the world’s poorer countries","We have powerful tools at our disposal – zero-carbon energy, open-source AI, precision agriculture, biodiversity conservation.",1_0,10_0,
"properly designed financial markets can channel the world’s savings not only to high-income countries that are already prosperous, but even more to the world’s poorer countries",The high-income UN member states must not be allowed to falter in the pursuit of justice.,1_0,10_1,
"We call on FfD4 to adopt measures to ensure that these new technologies are accessible to all parts of the planet, to rich and poor alike.","We have powerful tools at our disposal – zero-carbon energy, open-source AI, precision agriculture, biodiversity conservation.",1_1,10_0,
"We call on FfD4 to adopt measures to ensure that these new technologies are accessible to all parts of the planet, to rich and poor alike.",The high-income UN member states must not be allowed to falter in the pursuit of justice.,1_1,10_1,
The essential fact is that poorer countries offer higher growth potential and higher returns on capital than rich countries. Capital should flow to these countries.,"We have powerful tools at our disposal – zero-carbon energy, open-source AI, precision agriculture, biodiversity conservation.",1_2,10_0,
The essential fact is that poorer countries offer higher growth potential and higher returns on capital than rich countries. Capital should flow to these countries.,The high-income UN member states must not be allowed to falter in the pursuit of justice.,1_2,10_1,
The high-income UN member states must not be allowed to falter in the pursuit of justice.,"We have powerful tools at our disposal – zero-carbon energy, open-source AI, precision agriculture, biodiversity conservation.",1_3,10_0,
The high-income UN member states must not be allowed to falter in the pursuit of justice.,The high-income UN member states must not be allowed to falter in the pursuit of justice.,1_3,10_1,
"properly designed financial markets can channel the world’s savings not only to high-income countries that are already prosperous, but even more to the world’s poorer countries","The job of finance is to bring the fruits of technological advances to benefit all of humanity, including our impoverished brothers and sisters in conflict zones and places hard hit by the ravages of high-intensity tropical cyclones, droughts, floods, heatwaves and forest fires that are occurring with increasing frequency as the result of human-induced climate change.",1_0,11_0,
"We call on FfD4 to adopt measures to ensure that these new technologies are accessible to all parts of the planet, to rich and poor alike.","The job of finance is to bring the fruits of technological advances to benefit all of humanity, including our impoverished brothers and sisters in conflict zones and places hard hit by the ravages of high-intensity tropical cyclones, droughts, floods, heatwaves and forest fires that are occurring with increasing frequency as the result of human-induced climate change.",1_1,11_0,
The essential fact is that poorer countries offer higher growth potential and higher returns on capital than rich countries. Capital should flow to these countries.,"The job of finance is to bring the fruits of technological advances to benefit all of humanity, including our impoverished brothers and sisters in conflict zones and places hard hit by the ravages of high-intensity tropical cyclones, droughts, floods, heatwaves and forest fires that are occurring with increasing frequency as the result of human-induced climate change.",1_2,11_0,
The high-income UN member states must not be allowed to falter in the pursuit of justice.,"The job of finance is to bring the fruits of technological advances to benefit all of humanity, including our impoverished brothers and sisters in conflict zones and places hard hit by the ravages of high-intensity tropical cyclones, droughts, floods, heatwaves and forest fires that are occurring with increasing frequency as the result of human-induced climate change.",1_3,11_0,
"properly designed financial markets can channel the world’s savings not only to high-income countries that are already prosperous, but even more to the world’s poorer countries",The world is also beset by violent conflicts that claim innocent lives and threaten global survival. We must redouble our efforts towards peace and ensure for all people the material conditions of survival and dignity that are necessary for peace.,1_0,16_0,
"properly designed financial markets can channel the world’s savings not only to high-income countries that are already prosperous, but even more to the world’s poorer countries",The essential fact is that poorer countries offer higher growth potential and higher returns on capital than rich countries. Capital should flow to these countries.,1_0,16_1,
"properly designed financial markets can channel the world’s savings not only to high-income countries that are already prosperous, but even more to the world’s poorer countries","We will redouble our efforts to build and sustain peaceful, inclusive and just societies and address the root causes of conflicts.",1_0,16_2,
"properly designed financial markets can channel the world’s savings not only to high-income countries that are already prosperous, but even more to the world’s poorer countries","All countries should capitalize on the momentum of upcoming international conferences and summits – including in 2025 the FfD4 in Spain, the 80th UN General Assembly, COP 30 in Brazil, and the UN World Social Summit, as well as in 2027 the next SDG Summit at Heads-of-State level – to recommit to strengthening UN-based multilateralism and global partnerships, as emphasized by SDG 17 (Partnerships for the Goals), and accelerating actions to achieve the SDGs by 2030 and mid-century.",1_0,16_3,
"We call on FfD4 to adopt measures to ensure that these new technologies are accessible to all parts of the planet, to rich and poor alike.",The world is also beset by violent conflicts that claim innocent lives and threaten global survival. We must redouble our efforts towards peace and ensure for all people the material conditions of survival and dignity that are necessary for peace.,1_1,16_0,
"We call on FfD4 to adopt measures to ensure that these new technologies are accessible to all parts of the planet, to rich and poor alike.",The essential fact is that poorer countries offer higher growth potential and higher returns on capital than rich countries. Capital should flow to these countries.,1_1,16_1,
"We call on FfD4 to adopt measures to ensure that these new technologies are accessible to all parts of the planet, to rich and poor alike.","We will redouble our efforts to build and sustain peaceful, inclusive and just societies and address the root causes of conflicts.",1_1,16_2,
"We call on FfD4 to adopt measures to ensure that these new technologies are accessible to all parts of the planet, to rich and poor alike.","All countries should capitalize on the momentum of upcoming international conferences and summits – including in 2025 the FfD4 in Spain, the 80th UN General Assembly, COP 30 in Brazil, and the UN World Social Summit, as well as in 2027 the next SDG Summit at Heads-of-State level – to recommit to strengthening UN-based multilateralism and global partnerships, as emphasized by SDG 17 (Partnerships for the Goals), and accelerating actions to achieve the SDGs by 2030 and mid-century.",1_1,16_3,
The essential fact is that poorer countries offer higher growth potential and higher returns on capital than rich countries. Capital should flow to these countries.,The world is also beset by violent conflicts that claim innocent lives and threaten global survival. We must redouble our efforts towards peace and ensure for all people the material conditions of survival and dignity that are necessary for peace.,1_2,16_0,
The essential fact is that poorer countries offer higher growth potential and higher returns on capital than rich countries. Capital should flow to these countries.,The essential fact is that poorer countries offer higher growth potential and higher returns on capital than rich countries. Capital should flow to these countries.,1_2,16_1,
The essential fact is that poorer countries offer higher growth potential and higher returns on capital than rich countries. Capital should flow to these countries.,"We will redouble our efforts to build and sustain peaceful, inclusive and just societies and address the root causes of conflicts.",1_2,16_2,
The essential fact is that poorer countries offer higher growth potential and higher returns on capital than rich countries. Capital should flow to these countries.,"All countries should capitalize on the momentum of upcoming international conferences and summits – including in 2025 the FfD4 in Spain, the 80th UN General Assembly, COP 30 in Brazil, and the UN World Social Summit, as well as in 2027 the next SDG Summit at Heads-of-State level – to recommit to strengthening UN-based multilateralism and global partnerships, as emphasized by SDG 17 (Partnerships for the Goals), and accelerating actions to achieve the SDGs by 2030 and mid-century.",1_2,16_3,
The high-income UN member states must not be allowed to falter in the pursuit of justice.,The world is also beset by violent conflicts that claim innocent lives and threaten global survival. We must redouble our efforts towards peace and ensure for all people the material conditions of survival and dignity that are necessary for peace.,1_3,16_0,
The high-income UN member states must not be allowed to falter in the pursuit of justice.,The essential fact is that poorer countries offer higher growth potential and higher returns on capital than rich countries. Capital should flow to these countries.,1_3,16_1,
The high-income UN member states must not be allowed to falter in the pursuit of justice.,"We will redouble our efforts to build and sustain peaceful, inclusive and just societies and address the root causes of conflicts.",1_3,16_2,
The high-income UN member states must not be allowed to falter in the pursuit of justice.,"All countries should capitalize on the momentum of upcoming international conferences and summits – including in 2025 the FfD4 in Spain, the 80th UN General Assembly, COP 30 in Brazil, and the UN World Social Summit, as well as in 2027 the next SDG Summit at Heads-of-State level – to recommit to strengthening UN-based multilateralism and global partnerships, as emphasized by SDG 17 (Partnerships for the Goals), and accelerating actions to achieve the SDGs by 2030 and mid-century.",1_3,16_3,
"properly designed financial markets can channel the world’s savings not only to high-income countries that are already prosperous, but even more to the world’s poorer countries",No single member state of the United Nations can excuse itself from the responsibility to contribute fairly and adequately to the provision of global public goods and services.,1_0,17_0,
"properly designed financial markets can channel the world’s savings not only to high-income countries that are already prosperous, but even more to the world’s poorer countries","The job of finance is to bring the fruits of technological advances to benefit all of humanity, including our impoverished brothers and sisters in conflict zones and places hard hit by the ravages of high-intensity tropical cyclones, droughts, floods, heatwaves and forest fires that are occurring with increasing frequency as the result of human-induced climate change.",1_0,17_1,
"properly designed financial markets can channel the world’s savings not only to high-income countries that are already prosperous, but even more to the world’s poorer countries",There should be room for high-ambition initiatives by “coalitions of the willing”.,1_0,17_2,
"properly designed financial markets can channel the world’s savings not only to high-income countries that are already prosperous, but even more to the world’s poorer countries","Strengthening the means of implementation and revitalize the Global Partnership for Sustainable Development, as emphasized by SDG 17 (Partnerships for the Goals), is crucial to achieving the SDGs by 2030 and mid-century.",1_0,17_3,
"We call on FfD4 to adopt measures to ensure that these new technologies are accessible to all parts of the planet, to rich and poor alike.",No single member state of the United Nations can excuse itself from the responsibility to contribute fairly and adequately to the provision of global public goods and services.,1_1,17_0,
"We call on FfD4 to adopt measures to ensure that these new technologies are accessible to all parts of the planet, to rich and poor alike.","The job of finance is to bring the fruits of technological advances to benefit all of humanity, including our impoverished brothers and sisters in conflict zones and places hard hit by the ravages of high-intensity tropical cyclones, droughts, floods, heatwaves and forest fires that are occurring with increasing frequency as the result of human-induced climate change.",1_1,17_1,
"We call on FfD4 to adopt measures to ensure that these new technologies are accessible to all parts of the planet, to rich and poor alike.",There should be room for high-ambition initiatives by “coalitions of the willing”.,1_1,17_2,
"We call on FfD4 to adopt measures to ensure that these new technologies are accessible to all parts of the planet, to rich and poor alike.","Strengthening the means of implementation and revitalize the Global Partnership for Sustainable Development, as emphasized by SDG 17 (Partnerships for the Goals), is crucial to achieving the SDGs by 2030 and mid-century.",1_1,17_3,
The essential fact is that poorer countries offer higher growth potential and higher returns on capital than rich countries. Capital should flow to these countries.,No single member state of the United Nations can excuse itself from the responsibility to contribute fairly and adequately to the provision of global public goods and services.,1_2,17_0,
The essential fact is that poorer countries offer higher growth potential and higher returns on capital than rich countries. Capital should flow to these countries.,"The job of finance is to bring the fruits of technological advances to benefit all of humanity, including our impoverished brothers and sisters in conflict zones and places hard hit by the ravages of high-intensity tropical cyclones, droughts, floods, heatwaves and forest fires that are occurring with increasing frequency as the result of human-induced climate change.",1_2,17_1,
The essential fact is that poorer countries offer higher growth potential and higher returns on capital than rich countries. Capital should flow to these countries.,There should be room for high-ambition initiatives by “coalitions of the willing”.,1_2,17_2,
The essential fact is that poorer countries offer higher growth potential and higher returns on capital than rich countries. Capital should flow to these countries.,"Strengthening the means of implementation and revitalize the Global Partnership for Sustainable Development, as emphasized by SDG 17 (Partnerships for the Goals), is crucial to achieving the SDGs by 2030 and mid-century.",1_2,17_3,
The high-income UN member states must not be allowed to falter in the pursuit of justice.,No single member state of the United Nations can excuse itself from the responsibility to contribute fairly and adequately to the provision of global public goods and services.,1_3,17_0,
The high-income UN member states must not be allowed to falter in the pursuit of justice.,"The job of finance is to bring the fruits of technological advances to benefit all of humanity, including our impoverished brothers and sisters in conflict zones and places hard hit by the ravages of high-intensity tropical cyclones, droughts, floods, heatwaves and forest fires that are occurring with increasing frequency as the result of human-induced climate change.",1_3,17_1,
The high-income UN member states must not be allowed to falter in the pursuit of justice.,There should be room for high-ambition initiatives by “coalitions of the willing”.,1_3,17_2,
The high-income UN member states must not be allowed to falter in the pursuit of justice.,"Strengthening the means of implementation and revitalize the Global Partnership for Sustainable Development, as emphasized by SDG 17 (Partnerships for the Goals), is crucial to achieving the SDGs by 2030 and mid-century.",1_3,17_3,
The SDG Index and Dashboards provides an annual assessment of SDG progress covering all 193 UN member states.,"Education not only fosters dignity, fulfillment, and wellbeing, but also delivers remarkable and reliable economic benefits;",2_0,4_0,
The SDG Index and Dashboards provides an annual assessment of SDG progress covering all 193 UN member states.,"No UN member state can exempt itself from this work, particularly at a time when unilateral actions by individual states can cause irreparable damage for the present and future generations of all humanity.",2_0,6_0,
The SDG Index and Dashboards provides an annual assessment of SDG progress covering all 193 UN member states.,"We have powerful tools at our disposal – zero-carbon energy, open-source AI, precision agriculture, biodiversity conservation.",2_0,8_0,
The SDG Index and Dashboards provides an annual assessment of SDG progress covering all 193 UN member states.,"In addition to monitoring the potential impact policies may have on other countries, a growing body of research focuses on countries’ exposure to and vulnerability to disruptions in international supply chains.",2_0,8_1,
The SDG Index and Dashboards provides an annual assessment of SDG progress covering all 193 UN member states.,"The job of finance is to bring the fruits of technological advances to benefit all of humanity, including our impoverished brothers and sisters in conflict zones and places hard hit by the ravages of high-intensity tropical cyclones, droughts, floods, heatwaves and forest fires that are occurring with increasing frequency as the result of human-induced climate change.",2_0,9_0,
The SDG Index and Dashboards provides an annual assessment of SDG progress covering all 193 UN member states.,"We have powerful tools at our disposal – zero-carbon energy, open-source AI, precision agriculture, biodiversity conservation.",2_0,10_0,
The SDG Index and Dashboards provides an annual assessment of SDG progress covering all 193 UN member states.,The high-income UN member states must not be allowed to falter in the pursuit of justice.,2_0,10_1,
The SDG Index and Dashboards provides an annual assessment of SDG progress covering all 193 UN member states.,"The job of finance is to bring the fruits of technological advances to benefit all of humanity, including our impoverished brothers and sisters in conflict zones and places hard hit by the ravages of high-intensity tropical cyclones, droughts, floods, heatwaves and forest fires that are occurring with increasing frequency as the result of human-induced climate change.",2_0,11_0,
The SDG Index and Dashboards provides an annual assessment of SDG progress covering all 193 UN member states.,The world is also beset by violent conflicts that claim innocent lives and threaten global survival. We must redouble our efforts towards peace and ensure for all people the material conditions of survival and dignity that are necessary for peace.,2_0,16_0,
The SDG Index and Dashboards provides an annual assessment of SDG progress covering all 193 UN member states.,The essential fact is that poorer countries offer higher growth potential and higher returns on capital than rich countries. Capital should flow to these countries.,2_0,16_1,
The SDG Index and Dashboards provides an annual assessment of SDG progress covering all 193 UN member states.,"We will redouble our efforts to build and sustain peaceful, inclusive and just societies and address the root causes of conflicts.",2_0,16_2,
The SDG Index and Dashboards provides an annual assessment of SDG progress covering all 193 UN member states.,"All countries should capitalize on the momentum of upcoming international conferences and summits – including in 2025 the FfD4 in Spain, the 80th UN General Assembly, COP 30 in Brazil, and the UN World Social Summit, as well as in 2027 the next SDG Summit at Heads-of-State level – to recommit to strengthening UN-based multilateralism and global partnerships, as emphasized by SDG 17 (Partnerships for the Goals), and accelerating actions to achieve the SDGs by 2030 and mid-century.",2_0,16_3,
The SDG Index and Dashboards provides an annual assessment of SDG progress covering all 193 UN member states.,No single member state of the United Nations can excuse itself from the responsibility to contribute fairly and adequately to the provision of global public goods and services.,2_0,17_0,
The SDG Index and Dashboards provides an annual assessment of SDG progress covering all 193 UN member states.,"The job of finance is to bring the fruits of technological advances to benefit all of humanity, including our impoverished brothers and sisters in conflict zones and places hard hit by the ravages of high-intensity tropical cyclones, droughts, floods, heatwaves and forest fires that are occurring with increasing frequency as the result of human-induced climate change.",2_0,17_1,
The SDG Index and Dashboards provides an annual assessment of SDG progress covering all 193 UN member states.,There should be room for high-ambition initiatives by “coalitions of the willing”.,2_0,17_2,
The SDG Index and Dashboards provides an annual assessment of SDG progress covering all 193 UN member states.,"Strengthening the means of implementation and revitalize the Global Partnership for Sustainable Development, as emphasized by SDG 17 (Partnerships for the Goals), is crucial to achieving the SDGs by 2030 and mid-century.",2_0,17_3,
"Education not only fosters dignity, fulfillment, and wellbeing, but also delivers remarkable and reliable economic benefits;","No UN member state can exempt itself from this work, particularly at a time when unilateral actions by individual states can cause irreparable damage for the present and future generations of all humanity.",4_0,6_0,
"Education not only fosters dignity, fulfillment, and wellbeing, but also delivers remarkable and reliable economic benefits;","We have powerful tools at our disposal – zero-carbon energy, open-source AI, precision agriculture, biodiversity conservation.",4_0,8_0,
"Education not only fosters dignity, fulfillment, and wellbeing, but also delivers remarkable and reliable economic benefits;","In addition to monitoring the potential impact policies may have on other countries, a growing body of research focuses on countries’ exposure to and vulnerability to disruptions in international supply chains.",4_0,8_1,
"Education not only fosters dignity, fulfillment, and wellbeing, but also delivers remarkable and reliable economic benefits;","The job of finance is to bring the fruits of technological advances to benefit all of humanity, including our impoverished brothers and sisters in conflict zones and places hard hit by the ravages of high-intensity tropical cyclones, droughts, floods, heatwaves and forest fires that are occurring with increasing frequency as the result of human-induced climate change.",4_0,9_0,
"Education not only fosters dignity, fulfillment, and wellbeing, but also delivers remarkable and reliable economic benefits;","We have powerful tools at our disposal – zero-carbon energy, open-source AI, precision agriculture, biodiversity conservation.",4_0,10_0,
"Education not only fosters dignity, fulfillment, and wellbeing, but also delivers remarkable and reliable economic benefits;",The high-income UN member states must not be allowed to falter in the pursuit of justice.,4_0,10_1,
"Education not only fosters dignity, fulfillment, and wellbeing, but also delivers remarkable and reliable economic benefits;","The job of finance is to bring the fruits of technological advances to benefit all of humanity, including our impoverished brothers and sisters in conflict zones and places hard hit by the ravages of high-intensity tropical cyclones, droughts, floods, heatwaves and forest fires that are occurring with increasing frequency as the result of human-induced climate change.",4_0,11_0,
"Education not only fosters dignity, fulfillment, and wellbeing, but also delivers remarkable and reliable economic benefits;",The world is also beset by violent conflicts that claim innocent lives and threaten global survival. We must redouble our efforts towards peace and ensure for all people the material conditions of survival and dignity that are necessary for peace.,4_0,16_0,
"Education not only fosters dignity, fulfillment, and wellbeing, but also delivers remarkable and reliable economic benefits;",The essential fact is that poorer countries offer higher growth potential and higher returns on capital than rich countries. Capital should flow to these countries.,4_0,16_1,
"Education not only fosters dignity, fulfillment, and wellbeing, but also delivers remarkable and reliable economic benefits;","We will redouble our efforts to build and sustain peaceful, inclusive and just societies and address the root causes of conflicts.",4_0,16_2,
"Education not only fosters dignity, fulfillment, and wellbeing, but also delivers remarkable and reliable economic benefits;","All countries should capitalize on the momentum of upcoming international conferences and summits – including in 2025 the FfD4 in Spain, the 80th UN General Assembly, COP 30 in Brazil, and the UN World Social Summit, as well as in 2027 the next SDG Summit at Heads-of-State level – to recommit to strengthening UN-based multilateralism and global partnerships, as emphasized by SDG 17 (Partnerships for the Goals), and accelerating actions to achieve the SDGs by 2030 and mid-century.",4_0,16_3,
"Education not only fosters dignity, fulfillment, and wellbeing, but also delivers remarkable and reliable economic benefits;",No single member state of the United Nations can excuse itself from the responsibility to contribute fairly and adequately to the provision of global public goods and services.,4_0,17_0,
"Education not only fosters dignity, fulfillment, and wellbeing, but also delivers remarkable and reliable economic benefits;","The job of finance is to bring the fruits of technological advances to benefit all of humanity, including our impoverished brothers and sisters in conflict zones and places hard hit by the ravages of high-intensity tropical cyclones, droughts, floods, heatwaves and forest fires that are occurring with increasing frequency as the result of human-induced climate change.",4_0,17_1,
"Education not only fosters dignity, fulfillment, and wellbeing, but also delivers remarkable and reliable economic benefits;",There should be room for high-ambition initiatives by “coalitions of the willing”.,4_0,17_2,
"Education not only fosters dignity, fulfillment, and wellbeing, but also delivers remarkable and reliable economic benefits;","Strengthening the means of implementation and revitalize the Global Partnership for Sustainable Development, as emphasized by SDG 17 (Partnerships for the Goals), is crucial to achieving the SDGs by 2030 and mid-century.",4_0,17_3,
"No UN member state can exempt itself from this work, particularly at a time when unilateral actions by individual states can cause irreparable damage for the present and future generations of all humanity.","We have powerful tools at our disposal – zero-carbon energy, open-source AI, precision agriculture, biodiversity conservation.",6_0,8_0,
"No UN member state can exempt itself from this work, particularly at a time when unilateral actions by individual states can cause irreparable damage for the present and future generations of all humanity.","In addition to monitoring the potential impact policies may have on other countries, a growing body of research focuses on countries’ exposure to and vulnerability to disruptions in international supply chains.",6_0,8_1,
"No UN member state can exempt itself from this work, particularly at a time when unilateral actions by individual states can cause irreparable damage for the present and future generations of all humanity.","The job of finance is to bring the fruits of technological advances to benefit all of humanity, including our impoverished brothers and sisters in conflict zones and places hard hit by the ravages of high-intensity tropical cyclones, droughts, floods, heatwaves and forest fires that are occurring with increasing frequency as the result of human-induced climate change.",6_0,9_0,
"No UN member state can exempt itself from this work, particularly at a time when unilateral actions by individual states can cause irreparable damage for the present and future generations of all humanity.","We have powerful tools at our disposal – zero-carbon energy, open-source AI, precision agriculture, biodiversity conservation.",6_0,10_0,
"No UN member state can exempt itself from this work, particularly at a time when unilateral actions by individual states can cause irreparable damage for the present and future generations of all humanity.",The high-income UN member states must not be allowed to falter in the pursuit of justice.,6_0,10_1,
"No UN member state can exempt itself from this work, particularly at a time when unilateral actions by individual states can cause irreparable damage for the present and future generations of all humanity.","The job of finance is to bring the fruits of technological advances to benefit all of humanity, including our impoverished brothers and sisters in conflict zones and places hard hit by the ravages of high-intensity tropical cyclones, droughts, floods, heatwaves and forest fires that are occurring with increasing frequency as the result of human-induced climate change.",6_0,11_0,
"No UN member state can exempt itself from this work, particularly at a time when unilateral actions by individual states can cause irreparable damage for the present and future generations of all humanity.",The world is also beset by violent conflicts that claim innocent lives and threaten global survival. We must redouble our efforts towards peace and ensure for all people the material conditions of survival and dignity that are necessary for peace.,6_0,16_0,
"No UN member state can exempt itself from this work, particularly at a time when unilateral actions by individual states can cause irreparable damage for the present and future generations of all humanity.",The essential fact is that poorer countries offer higher growth potential and higher returns on capital than rich countries. Capital should flow to these countries.,6_0,16_1,
"No UN member state can exempt itself from this work, particularly at a time when unilateral actions by individual states can cause irreparable damage for the present and future generations of all humanity.","We will redouble our efforts to build and sustain peaceful, inclusive and just societies and address the root causes of conflicts.",6_0,16_2,
"No UN member state can exempt itself from this work, particularly at a time when unilateral actions by individual states can cause irreparable damage for the present and future generations of all humanity.","All countries should capitalize on the momentum of upcoming international conferences and summits – including in 2025 the FfD4 in Spain, the 80th UN General Assembly, COP 30 in Brazil, and the UN World Social Summit, as well as in 2027 the next SDG Summit at Heads-of-State level – to recommit to strengthening UN-based multilateralism and global partnerships, as emphasized by SDG 17 (Partnerships for the Goals), and accelerating actions to achieve the SDGs by 2030 and mid-century.",6_0,16_3,
"No UN member state can exempt itself from this work, particularly at a time when unilateral actions by individual states can cause irreparable damage for the present and future generations of all humanity.",No single member state of the United Nations can excuse itself from the responsibility to contribute fairly and adequately to the provision of global public goods and services.,6_0,17_0,
"No UN member state can exempt itself from this work, particularly at a time when unilateral actions by individual states can cause irreparable damage for the present and future generations of all humanity.","The job of finance is to bring the fruits of technological advances to benefit all of humanity, including our impoverished brothers and sisters in conflict zones and places hard hit by the ravages of high-intensity tropical cyclones, droughts, floods, heatwaves and forest fires that are occurring with increasing frequency as the result of human-induced climate change.",6_0,17_1,
"No UN member state can exempt itself from this work, particularly at a time when unilateral actions by individual states can cause irreparable damage for the present and future generations of all humanity.",There should be room for high-ambition initiatives by “coalitions of the willing”.,6_0,17_2,
"No UN member state can exempt itself from this work, particularly at a time when unilateral actions by individual states can cause irreparable damage for the present and future generations of all humanity.","Strengthening the means of implementation and revitalize the Global Partnership for Sustainable Development, as emphasized by SDG 17 (Partnerships for the Goals), is crucial to achieving the SDGs by 2030 and mid-century.",6_0,17_3,
"We have powerful tools at our disposal – zero-carbon energy, open-source AI, precision agriculture, biodiversity conservation.","The job of finance is to bring the fruits of technological advances to benefit all of humanity, including our impoverished brothers and sisters in conflict zones and places hard hit by the ravages of high-intensity tropical cyclones, droughts, floods, heatwaves and forest fires that are occurring with increasing frequency as the result of human-induced climate change.",8_0,9_0,
"In addition to monitoring the potential impact policies may have on other countries, a growing body of research focuses on countries’ exposure to and vulnerability to disruptions in international supply chains.","The job of finance is to bring the fruits of technological advances to benefit all of humanity, including our impoverished brothers and sisters in conflict zones and places hard hit by the ravages of high-intensity tropical cyclones, droughts, floods, heatwaves and forest fires that are occurring with increasing frequency as the result of human-induced climate change.",8_1,9_0,
"We have powerful tools at our disposal – zero-carbon energy, open-source AI, precision agriculture, biodiversity conservation.","We have powerful tools at our disposal – zero-carbon energy, open-source AI, precision agriculture, biodiversity conservation.",8_0,10_0,
"We have powerful tools at our disposal – zero-carbon energy, open-source AI, precision agriculture, biodiversity conservation.",The high-income UN member states must not be allowed to falter in the pursuit of justice.,8_0,10_1,
"In addition to monitoring the potential impact policies may have on other countries, a growing body of research focuses on countries’ exposure to and vulnerability to disruptions in international supply chains.","We have powerful tools at our disposal – zero-carbon energy, open-source AI, precision agriculture, biodiversity conservation.",8_1,10_0,
"In addition to monitoring the potential impact policies may have on other countries, a growing body of research focuses on countries’ exposure to and vulnerability to disruptions in international supply chains.",The high-income UN member states must not be allowed to falter in the pursuit of justice.,8_1,10_1,
"We have powerful tools at our disposal – zero-carbon energy, open-source AI, precision agriculture, biodiversity conservation.","The job of finance is to bring the fruits of technological advances to benefit all of humanity, including our impoverished brothers and sisters in conflict zones and places hard hit by the ravages of high-intensity tropical cyclones, droughts, floods, heatwaves and forest fires that are occurring with increasing frequency as the result of human-induced climate change.",8_0,11_0,
"In addition to monitoring the potential impact policies may have on other countries, a growing body of research focuses on countries’ exposure to and vulnerability to disruptions in international supply chains.","The job of finance is to bring the fruits of technological advances to benefit all of humanity, including our impoverished brothers and sisters in conflict zones and places hard hit by the ravages of high-intensity tropical cyclones, droughts, floods, heatwaves and forest fires that are occurring with increasing frequency as the result of human-induced climate change.",8_1,11_0,
"We have powerful tools at our disposal – zero-carbon energy, open-source AI, precision agriculture, biodiversity conservation.",The world is also beset by violent conflicts that claim innocent lives and threaten global survival. We must redouble our efforts towards peace and ensure for all people the material conditions of survival and dignity that are necessary for peace.,8_0,16_0,
"We have powerful tools at our disposal – zero-carbon energy, open-source AI, precision agriculture, biodiversity conservation.",The essential fact is that poorer countries offer higher growth potential and higher returns on capital than rich countries. Capital should flow to these countries.,8_0,16_1,
"We have powerful tools at our disposal – zero-carbon energy, open-source AI, precision agriculture, biodiversity conservation.","We will redouble our efforts to build and sustain peaceful, inclusive and just societies and address the root causes of conflicts.",8_0,16_2,
"We have powerful tools at our disposal – zero-carbon energy, open-source AI, precision agriculture, biodiversity conservation.","All countries should capitalize on the momentum of upcoming international conferences and summits – including in 2025 the FfD4 in Spain, the 80th UN General Assembly, COP 30 in Brazil, and the UN World Social Summit, as well as in 2027 the next SDG Summit at Heads-of-State level – to recommit to strengthening UN-based multilateralism and global partnerships, as emphasized by SDG 17 (Partnerships for the Goals), and accelerating actions to achieve the SDGs by 2030 and mid-century.",8_0,16_3,
"In addition to monitoring the potential impact policies may have on other countries, a growing body of research focuses on countries’ exposure to and vulnerability to disruptions in international supply chains.",The world is also beset by violent conflicts that claim innocent lives and threaten global survival. We must redouble our efforts towards peace and ensure for all people the material conditions of survival and dignity that are necessary for peace.,8_1,16_0,
"In addition to monitoring the potential impact policies may have on other countries, a growing body of research focuses on countries’ exposure to and vulnerability to disruptions in international supply chains.",The essential fact is that poorer countries offer higher growth potential and higher returns on capital than rich countries. Capital should flow to these countries.,8_1,16_1,
"In addition to monitoring the potential impact policies may have on other countries, a growing body of research focuses on countries’ exposure to and vulnerability to disruptions in international supply chains.","We will redouble our efforts to build and sustain peaceful, inclusive and just societies and address the root causes of conflicts.",8_1,16_2,
"In addition to monitoring the potential impact policies may have on other countries, a growing body of research focuses on countries’ exposure to and vulnerability to disruptions in international supply chains.","All countries should capitalize on the momentum of upcoming international conferences and summits – including in 2025 the FfD4 in Spain, the 80th UN General Assembly, COP 30 in Brazil, and the UN World Social Summit, as well as in 2027 the next SDG Summit at Heads-of-State level – to recommit to strengthening UN-based multilateralism and global partnerships, as emphasized by SDG 17 (Partnerships for the Goals), and accelerating actions to achieve the SDGs by 2030 and mid-century.",8_1,16_3,
"We have powerful tools at our disposal – zero-carbon energy, open-source AI, precision agriculture, biodiversity conservation.",No single member state of the United Nations can excuse itself from the responsibility to contribute fairly and adequately to the provision of global public goods and services.,8_0,17_0,
"We have powerful tools at our disposal – zero-carbon energy, open-source AI, precision agriculture, biodiversity conservation.","The job of finance is to bring the fruits of technological advances to benefit all of humanity, including our impoverished brothers and sisters in conflict zones and places hard hit by the ravages of high-intensity tropical cyclones, droughts, floods, heatwaves and forest fires that are occurring with increasing frequency as the result of human-induced climate change.",8_0,17_1,
"We have powerful tools at our disposal – zero-carbon energy, open-source AI, precision agriculture, biodiversity conservation.",There should be room for high-ambition initiatives by “coalitions of the willing”.,8_0,17_2,
"We have powerful tools at our disposal – zero-carbon energy, open-source AI, precision agriculture, biodiversity conservation.","Strengthening the means of implementation and revitalize the Global Partnership for Sustainable Development, as emphasized by SDG 17 (Partnerships for the Goals), is crucial to achieving the SDGs by 2030 and mid-century.",8_0,17_3,
"In addition to monitoring the potential impact policies may have on other countries, a growing body of research focuses on countries’ exposure to and vulnerability to disruptions in international supply chains.",No single member state of the United Nations can excuse itself from the responsibility to contribute fairly and adequately to the provision of global public goods and services.,8_1,17_0,
"In addition to monitoring the potential impact policies may have on other countries, a growing body of research focuses on countries’ exposure to and vulnerability to disruptions in international supply chains.","The job of finance is to bring the fruits of technological advances to benefit all of humanity, including our impoverished brothers and sisters in conflict zones and places hard hit by the ravages of high-intensity tropical cyclones, droughts, floods, heatwaves and forest fires that are occurring with increasing frequency as the result of human-induced climate change.",8_1,17_1,
"In addition to monitoring the potential impact policies may have on other countries, a growing body of research focuses on countries’ exposure to and vulnerability to disruptions in international supply chains.",There should be room for high-ambition initiatives by “coalitions of the willing”.,8_1,17_2,
"In addition to monitoring the potential impact policies may have on other countries, a growing body of research focuses on countries’ exposure to and vulnerability to disruptions in international supply chains.","Strengthening the means of implementation and revitalize the Global Partnership for Sustainable Development, as emphasized by SDG 17 (Partnerships for the Goals), is crucial to achieving the SDGs by 2030 and mid-century.",8_1,17_3,
"The job of finance is to bring the fruits of technological advances to benefit all of humanity, including our impoverished brothers and sisters in conflict zones and places hard hit by the ravages of high-intensity tropical cyclones, droughts, floods, heatwaves and forest fires that are occurring with increasing frequency as the result of human-induced climate change.","We have powerful tools at our disposal – zero-carbon energy, open-source AI, precision agriculture, biodiversity conservation.",9_0,10_0,
"The job of finance is to bring the fruits of technological advances to benefit all of humanity, including our impoverished brothers and sisters in conflict zones and places hard hit by the ravages of high-intensity tropical cyclones, droughts, floods, heatwaves and forest fires that are occurring with increasing frequency as the result of human-induced climate change.",The high-income UN member states must not be allowed to falter in the pursuit of justice.,9_0,10_1,
"The job of finance is to bring the fruits of technological advances to benefit all of humanity, including our impoverished brothers and sisters in conflict zones and places hard hit by the ravages of high-intensity tropical cyclones, droughts, floods, heatwaves and forest fires that are occurring with increasing frequency as the result of human-induced climate change.","The job of finance is to bring the fruits of technological advances to benefit all of humanity, including our impoverished brothers and sisters in conflict zones and places hard hit by the ravages of high-intensity tropical cyclones, droughts, floods, heatwaves and forest fires that are occurring with increasing frequency as the result of human-induced climate change.",9_0,11_0,
"The job of finance is to bring the fruits of technological advances to benefit all of humanity, including our impoverished brothers and sisters in conflict zones and places hard hit by the ravages of high-intensity tropical cyclones, droughts, floods, heatwaves and forest fires that are occurring with increasing frequency as the result of human-induced climate change.",The world is also beset by violent conflicts that claim innocent lives and threaten global survival. We must redouble our efforts towards peace and ensure for all people the material conditions of survival and dignity that are necessary for peace.,9_0,16_0,
"The job of finance is to bring the fruits of technological advances to benefit all of humanity, including our impoverished brothers and sisters in conflict zones and places hard hit by the ravages of high-intensity tropical cyclones, droughts, floods, heatwaves and forest fires that are occurring with increasing frequency as the result of human-induced climate change.",The essential fact is that poorer countries offer higher growth potential and higher returns on capital than rich countries. Capital should flow to these countries.,9_0,16_1,
"The job of finance is to bring the fruits of technological advances to benefit all of humanity, including our impoverished brothers and sisters in conflict zones and places hard hit by the ravages of high-intensity tropical cyclones, droughts, floods, heatwaves and forest fires that are occurring with increasing frequency as the result of human-induced climate change.","We will redouble our efforts to build and sustain peaceful, inclusive and just societies and address the root causes of conflicts.",9_0,16_2,
"The job of finance is to bring the fruits of technological advances to benefit all of humanity, including our impoverished brothers and sisters in conflict zones and places hard hit by the ravages of high-intensity tropical cyclones, droughts, floods, heatwaves and forest fires that are occurring with increasing frequency as the result of human-induced climate change.","All countries should capitalize on the momentum of upcoming international conferences and summits – including in 2025 the FfD4 in Spain, the 80th UN General Assembly, COP 30 in Brazil, and the UN World Social Summit, as well as in 2027 the next SDG Summit at Heads-of-State level – to recommit to strengthening UN-based multilateralism and global partnerships, as emphasized by SDG 17 (Partnerships for the Goals), and accelerating actions to achieve the SDGs by 2030 and mid-century.",9_0,16_3,
"The job of finance is to bring the fruits of technological advances to benefit all of humanity, including our impoverished brothers and sisters in conflict zones and places hard hit by the ravages of high-intensity tropical cyclones, droughts, floods, heatwaves and forest fires that are occurring with increasing frequency as the result of human-induced climate change.",No single member state of the United Nations can excuse itself from the responsibility to contribute fairly and adequately to the provision of global public goods and services.,9_0,17_0,
"The job of finance is to bring the fruits of technological advances to benefit all of humanity, including our impoverished brothers and sisters in conflict zones and places hard hit by the ravages of high-intensity tropical cyclones, droughts, floods, heatwaves and forest fires that are occurring with increasing frequency as the result of human-induced climate change.","The job of finance is to bring the fruits of technological advances to benefit all of humanity, including our impoverished brothers and sisters in conflict zones and places hard hit by the ravages of high-intensity tropical cyclones, droughts, floods, heatwaves and forest fires that are occurring with increasing frequency as the result of human-induced climate change.",9_0,17_1,
"The job of finance is to bring the fruits of technological advances to benefit all of humanity, including our impoverished brothers and sisters in conflict zones and places hard hit by the ravages of high-intensity tropical cyclones, droughts, floods, heatwaves and forest fires that are occurring with increasing frequency as the result of human-induced climate change.",There should be room for high-ambition initiatives by “coalitions of the willing”.,9_0,17_2,
"The job of finance is to bring the fruits of technological advances to benefit all of humanity, including our impoverished brothers and sisters in conflict zones and places hard hit by the ravages of high-intensity tropical cyclones, droughts, floods, heatwaves and forest fires that are occurring with increasing frequency as the result of human-induced climate change.","Strengthening the means of implementation and revitalize the Global Partnership for Sustainable Development, as emphasized by SDG 17 (Partnerships for the Goals), is crucial to achieving the SDGs by 2030 and mid-century.",9_0,17_3,
"We have powerful tools at our disposal – zero-carbon energy, open-source AI, precision agriculture, biodiversity conservation.","The job of finance is to bring the fruits of technological advances to benefit all of humanity, including our impoverished brothers and sisters in conflict zones and places hard hit by the ravages of high-intensity tropical cyclones, droughts, floods, heatwaves and forest fires that are occurring with increasing frequency as the result of human-induced climate change.",10_0,11_0,
The high-income UN member states must not be allowed to falter in the pursuit of justice.,"The job of finance is to bring the fruits of technological advances to benefit all of humanity, including our impoverished brothers and sisters in conflict zones and places hard hit by the ravages of high-intensity tropical cyclones, droughts, floods, heatwaves and forest fires that are occurring with increasing frequency as the result of human-induced climate change.",10_1,11_0,
"We have powerful tools at our disposal – zero-carbon energy, open-source AI, precision agriculture, biodiversity conservation.",The world is also beset by violent conflicts that claim innocent lives and threaten global survival. We must redouble our efforts towards peace and ensure for all people the material conditions of survival and dignity that are necessary for peace.,10_0,16_0,
"We have powerful tools at our disposal – zero-carbon energy, open-source AI, precision agriculture, biodiversity conservation.",The essential fact is that poorer countries offer higher growth potential and higher returns on capital than rich countries. Capital should flow to these countries.,10_0,16_1,
"We have powerful tools at our disposal – zero-carbon energy, open-source AI, precision agriculture, biodiversity conservation.","We will redouble our efforts to build and sustain peaceful, inclusive and just societies and address the root causes of conflicts.",10_0,16_2,
"We have powerful tools at our disposal – zero-carbon energy, open-source AI, precision agriculture, biodiversity conservation.","All countries should capitalize on the momentum of upcoming international conferences and summits – including in 2025 the FfD4 in Spain, the 80th UN General Assembly, COP 30 in Brazil, and the UN World Social Summit, as well as in 2027 the next SDG Summit at Heads-of-State level – to recommit to strengthening UN-based multilateralism and global partnerships, as emphasized by SDG 17 (Partnerships for the Goals), and accelerating actions to achieve the SDGs by 2030 and mid-century.",10_0,16_3,
The high-income UN member states must not be allowed to falter in the pursuit of justice.,The world is also beset by violent conflicts that claim innocent lives and threaten global survival. We must redouble our efforts towards peace and ensure for all people the material conditions of survival and dignity that are necessary for peace.,10_1,16_0,
The high-income UN member states must not be allowed to falter in the pursuit of justice.,The essential fact is that poorer countries offer higher growth potential and higher returns on capital than rich countries. Capital should flow to these countries.,10_1,16_1,
The high-income UN member states must not be allowed to falter in the pursuit of justice.,"We will redouble our efforts to build and sustain peaceful, inclusive and just societies and address the root causes of conflicts.",10_1,16_2,
The high-income UN member states must not be allowed to falter in the pursuit of justice.,"All countries should capitalize on the momentum of upcoming international conferences and summits – including in 2025 the FfD4 in Spain, the 80th UN General Assembly, COP 30 in Brazil, and the UN World Social Summit, as well as in 2027 the next SDG Summit at Heads-of-State level – to recommit to strengthening UN-based multilateralism and global partnerships, as emphasized by SDG 17 (Partnerships for the Goals), and accelerating actions to achieve the SDGs by 2030 and mid-century.",10_1,16_3,
"We have powerful tools at our disposal – zero-carbon energy, open-source AI, precision agriculture, biodiversity conservation.",No single member state of the United Nations can excuse itself from the responsibility to contribute fairly and adequately to the provision of global public goods and services.,10_0,17_0,
"We have powerful tools at our disposal – zero-carbon energy, open-source AI, precision agriculture, biodiversity conservation.","The job of finance is to bring the fruits of technological advances to benefit all of humanity, including our impoverished brothers and sisters in conflict zones and places hard hit by the ravages of high-intensity tropical cyclones, droughts, floods, heatwaves and forest fires that are occurring with increasing frequency as the result of human-induced climate change.",10_0,17_1,
"We have powerful tools at our disposal – zero-carbon energy, open-source AI, precision agriculture, biodiversity conservation.",There should be room for high-ambition initiatives by “coalitions of the willing”.,10_0,17_2,
"We have powerful tools at our disposal – zero-carbon energy, open-source AI, precision agriculture, biodiversity conservation.","Strengthening the means of implementation and revitalize the Global Partnership for Sustainable Development, as emphasized by SDG 17 (Partnerships for the Goals), is crucial to achieving the SDGs by 2030 and mid-century.",10_0,17_3,
The high-income UN member states must not be allowed to falter in the pursuit of justice.,No single member state of the United Nations can excuse itself from the responsibility to contribute fairly and adequately to the provision of global public goods and services.,10_1,17_0,
The high-income UN member states must not be allowed to falter in the pursuit of justice.,"The job of finance is to bring the fruits of technological advances to benefit all of humanity, including our impoverished brothers and sisters in conflict zones and places hard hit by the ravages of high-intensity tropical cyclones, droughts, floods, heatwaves and forest fires that are occurring with increasing frequency as the result of human-induced climate change.",10_1,17_1,
The high-income UN member states must not be allowed to falter in the pursuit of justice.,There should be room for high-ambition initiatives by “coalitions of the willing”.,10_1,17_2,
The high-income UN member states must not be allowed to falter in the pursuit of justice.,"Strengthening the means of implementation and revitalize the Global Partnership for Sustainable Development, as emphasized by SDG 17 (Partnerships for the Goals), is crucial to achieving the SDGs by 2030 and mid-century.",10_1,17_3,
"The job of finance is to bring the fruits of technological advances to benefit all of humanity, including our impoverished brothers and sisters in conflict zones and places hard hit by the ravages of high-intensity tropical cyclones, droughts, floods, heatwaves and forest fires that are occurring with increasing frequency as the result of human-induced climate change.",The world is also beset by violent conflicts that claim innocent lives and threaten global survival. We must redouble our efforts towards peace and ensure for all people the material conditions of survival and dignity that are necessary for peace.,11_0,16_0,
"The job of finance is to bring the fruits of technological advances to benefit all of humanity, including our impoverished brothers and sisters in conflict zones and places hard hit by the ravages of high-intensity tropical cyclones, droughts, floods, heatwaves and forest fires that are occurring with increasing frequency as the result of human-induced climate change.",The essential fact is that poorer countries offer higher growth potential and higher returns on capital than rich countries. Capital should flow to these countries.,11_0,16_1,
"The job of finance is to bring the fruits of technological advances to benefit all of humanity, including our impoverished brothers and sisters in conflict zones and places hard hit by the ravages of high-intensity tropical cyclones, droughts, floods, heatwaves and forest fires that are occurring with increasing frequency as the result of human-induced climate change.","We will redouble our efforts to build and sustain peaceful, inclusive and just societies and address the root causes of conflicts.",11_0,16_2,
"The job of finance is to bring the fruits of technological advances to benefit all of humanity, including our impoverished brothers and sisters in conflict zones and places hard hit by the ravages of high-intensity tropical cyclones, droughts, floods, heatwaves and forest fires that are occurring with increasing frequency as the result of human-induced climate change.","All countries should capitalize on the momentum of upcoming international conferences and summits – including in 2025 the FfD4 in Spain, the 80th UN General Assembly, COP 30 in Brazil, and the UN World Social Summit, as well as in 2027 the next SDG Summit at Heads-of-State level – to recommit to strengthening UN-based multilateralism and global partnerships, as emphasized by SDG 17 (Partnerships for the Goals), and accelerating actions to achieve the SDGs by 2030 and mid-century.",11_0,16_3,
"The job of finance is to bring the fruits of technological advances to benefit all of humanity, including our impoverished brothers and sisters in conflict zones and places hard hit by the ravages of high-intensity tropical cyclones, droughts, floods, heatwaves and forest fires that are occurring with increasing frequency as the result of human-induced climate change.",No single member state of the United Nations can excuse itself from the responsibility to contribute fairly and adequately to the provision of global public goods and services.,11_0,17_0,
"The job of finance is to bring the fruits of technological advances to benefit all of humanity, including our impoverished brothers and sisters in conflict zones and places hard hit by the ravages of high-intensity tropical cyclones, droughts, floods, heatwaves and forest fires that are occurring with increasing frequency as the result of human-induced climate change.","The job of finance is to bring the fruits of technological advances to benefit all of humanity, including our impoverished brothers and sisters in conflict zones and places hard hit by the ravages of high-intensity tropical cyclones, droughts, floods, heatwaves and forest fires that are occurring with increasing frequency as the result of human-induced climate change.",11_0,17_1,
"The job of finance is to bring the fruits of technological advances to benefit all of humanity, including our impoverished brothers and sisters in conflict zones and places hard hit by the ravages of high-intensity tropical cyclones, droughts, floods, heatwaves and forest fires that are occurring with increasing frequency as the result of human-induced climate change.",There should be room for high-ambition initiatives by “coalitions of the willing”.,11_0,17_2,
"The job of finance is to bring the fruits of technological advances to benefit all of humanity, including our impoverished brothers and sisters in conflict zones and places hard hit by the ravages of high-intensity tropical cyclones, droughts, floods, heatwaves and forest fires that are occurring with increasing frequency as the result of human-induced climate change.","Strengthening the means of implementation and revitalize the Global Partnership for Sustainable Development, as emphasized by SDG 17 (Partnerships for the Goals), is crucial to achieving the SDGs by 2030 and mid-century.",11_0,17_3,
The world is also beset by violent conflicts that claim innocent lives and threaten global survival. We must redouble our efforts towards peace and ensure for all people the material conditions of survival and dignity that are necessary for peace.,No single member state of the United Nations can excuse itself from the responsibility to contribute fairly and adequately to the provision of global public goods and services.,16_0,17_0,
The world is also beset by violent conflicts that claim innocent lives and threaten global survival. We must redouble our efforts towards peace and ensure for all people the material conditions of survival and dignity that are necessary for peace.,"The job of finance is to bring the fruits of technological advances to benefit all of humanity, including our impoverished brothers and sisters in conflict zones and places hard hit by the ravages of high-intensity tropical cyclones, droughts, floods, heatwaves and forest fires that are occurring with increasing frequency as the result of human-induced climate change.",16_0,17_1,
The world is also beset by violent conflicts that claim innocent lives and threaten global survival. We must redouble our efforts towards peace and ensure for all people the material conditions of survival and dignity that are necessary for peace.,There should be room for high-ambition initiatives by “coalitions of the willing”.,16_0,17_2,
The world is also beset by violent conflicts that claim innocent lives and threaten global survival. We must redouble our efforts towards peace and ensure for all people the material conditions of survival and dignity that are necessary for peace.,"Strengthening the means of implementation and revitalize the Global Partnership for Sustainable Development, as emphasized by SDG 17 (Partnerships for the Goals), is crucial to achieving the SDGs by 2030 and mid-century.",16_0,17_3,
The essential fact is that poorer countries offer higher growth potential and higher returns on capital than rich countries. Capital should flow to these countries.,No single member state of the United Nations can excuse itself from the responsibility to contribute fairly and adequately to the provision of global public goods and services.,16_1,17_0,
The essential fact is that poorer countries offer higher growth potential and higher returns on capital than rich countries. Capital should flow to these countries.,"The job of finance is to bring the fruits of technological advances to benefit all of humanity, including our impoverished brothers and sisters in conflict zones and places hard hit by the ravages of high-intensity tropical cyclones, droughts, floods, heatwaves and forest fires that are occurring with increasing frequency as the result of human-induced climate change.",16_1,17_1,
The essential fact is that poorer countries offer higher growth potential and higher returns on capital than rich countries. Capital should flow to these countries.,There should be room for high-ambition initiatives by “coalitions of the willing”.,16_1,17_2,
The essential fact is that poorer countries offer higher growth potential and higher returns on capital than rich countries. Capital should flow to these countries.,"Strengthening the means of implementation and revitalize the Global Partnership for Sustainable Development, as emphasized by SDG 17 (Partnerships for the Goals), is crucial to achieving the SDGs by 2030 and mid-century.",16_1,17_3,
"We will redouble our efforts to build and sustain peaceful, inclusive and just societies and address the root causes of conflicts.",No single member state of the United Nations can excuse itself from the responsibility to contribute fairly and adequately to the provision of global public goods and services.,16_2,17_0,
"We will redouble our efforts to build and sustain peaceful, inclusive and just societies and address the root causes of conflicts.","The job of finance is to bring the fruits of technological advances to benefit all of humanity, including our impoverished brothers and sisters in conflict zones and places hard hit by the ravages of high-intensity tropical cyclones, droughts, floods, heatwaves and forest fires that are occurring with increasing frequency as the result of human-induced climate change.",16_2,17_1,
"We will redouble our efforts to build and sustain peaceful, inclusive and just societies and address the root causes of conflicts.",There should be room for high-ambition initiatives by “coalitions of the willing”.,16_2,17_2,
"We will redouble our efforts to build and sustain peaceful, inclusive and just societies and address the root causes of conflicts.","Strengthening the means of implementation and revitalize the Global Partnership for Sustainable Development, as emphasized by SDG 17 (Partnerships for the Goals), is crucial to achieving the SDGs by 2030 and mid-century.",16_2,17_3,
"All countries should capitalize on the momentum of upcoming international conferences and summits – including in 2025 the FfD4 in Spain, the 80th UN General Assembly, COP 30 in Brazil, and the UN World Social Summit, as well as in 2027 the next SDG Summit at Heads-of-State level – to recommit to strengthening UN-based multilateralism and global partnerships, as emphasized by SDG 17 (Partnerships for the Goals), and accelerating actions to achieve the SDGs by 2030 and mid-century.",No single member state of the United Nations can excuse itself from the responsibility to contribute fairly and adequately to the provision of global public goods and services.,16_3,17_0,
"All countries should capitalize on the momentum of upcoming international conferences and summits – including in 2025 the FfD4 in Spain, the 80th UN General Assembly, COP 30 in Brazil, and the UN World Social Summit, as well as in 2027 the next SDG Summit at Heads-of-State level – to recommit to strengthening UN-based multilateralism and global partnerships, as emphasized by SDG 17 (Partnerships for the Goals), and accelerating actions to achieve the SDGs by 2030 and mid-century.","The job of finance is to bring the fruits of technological advances to benefit all of humanity, including our impoverished brothers and sisters in conflict zones and places hard hit by the ravages of high-intensity tropical cyclones, droughts, floods, heatwaves and forest fires that are occurring with increasing frequency as the result of human-induced climate change.",16_3,17_1,
"All countries should capitalize on the momentum of upcoming international conferences and summits – including in 2025 the FfD4 in Spain, the 80th UN General Assembly, COP 30 in Brazil, and the UN World Social Summit, as well as in 2027 the next SDG Summit at Heads-of-State level – to recommit to strengthening UN-based multilateralism and global partnerships, as emphasized by SDG 17 (Partnerships for the Goals), and accelerating actions to achieve the SDGs by 2030 and mid-century.",There should be room for high-ambition initiatives by “coalitions of the willing”.,16_3,17_2,
"All countries should capitalize on the momentum of upcoming international conferences and summits – including in 2025 the FfD4 in Spain, the 80th UN General Assembly, COP 30 in Brazil, and the UN World Social Summit, as well as in 2027 the next SDG Summit at Heads-of-State level – to recommit to strengthening UN-based multilateralism and global partnerships, as emphasized by SDG 17 (Partnerships for the Goals), and accelerating actions to achieve the SDGs by 2030 and mid-century.","Strengthening the means of implementation and revitalize the Global Partnership for Sustainable Development, as emphasized by SDG 17 (Partnerships for the Goals), is crucial to achieving the SDGs by 2030 and mid-century.",16_3,17_3,
