SDGarg1,SDGarg2,id_arg1,id_arg2,rel,rel_bart
"however, these important initiatives have been unilateral policy instruments that, largely, have not considered perspectives from the affected economies, potentially resulting in trade-offs (e.g., higher unemployment and poverty)",The G20 is an important international forum to promote the implementation of the 2030 Agenda for Sustainable Development.,1_0,0_0,,No Relationship
"however, these important initiatives have been unilateral policy instruments that, largely, have not considered perspectives from the affected economies, potentially resulting in trade-offs (e.g., higher unemployment and poverty)",A major obstacle to sustainable development worldwide that has so far received little attention are negative international spillover effects.,1_0,0_1,,No Relationship
"however, these important initiatives have been unilateral policy instruments that, largely, have not considered perspectives from the affected economies, potentially resulting in trade-offs (e.g., higher unemployment and poverty)","All countries, and especially the G20 given their combined economic weight, must better understand, monitor and manage their spillovers to allow all countries to meet the SDGs.",1_0,0_2,,No Relationship
"however, these important initiatives have been unilateral policy instruments that, largely, have not considered perspectives from the affected economies, potentially resulting in trade-offs (e.g., higher unemployment and poverty)","At the Agenda’s midpoint, however, the world is substantially off track.",1_0,0_3,,No Relationship
"however, these important initiatives have been unilateral policy instruments that, largely, have not considered perspectives from the affected economies, potentially resulting in trade-offs (e.g., higher unemployment and poverty)","Therefore, at the SDG Summit in 2023, heads of state called for accelerated global action towards sustainable development.",1_0,0_4,,No Relationship
"however, these important initiatives have been unilateral policy instruments that, largely, have not considered perspectives from the affected economies, potentially resulting in trade-offs (e.g., higher unemployment and poverty)",Addressing spillovers thus becomes crucial for ensuring that domestic progress in achieving the SDGs is not realized via externalizing negative effects abroad.,1_0,0_5,,No Relationship
"however, these important initiatives have been unilateral policy instruments that, largely, have not considered perspectives from the affected economies, potentially resulting in trade-offs (e.g., higher unemployment and poverty)","Developed within the Development Working Group, the Action Plans aim to enhance policy coherence and coordination across all G20 work streams for the SDGs achievement.",1_0,0_6,,No Relationship
"however, these important initiatives have been unilateral policy instruments that, largely, have not considered perspectives from the affected economies, potentially resulting in trade-offs (e.g., higher unemployment and poverty)","The G20 needs to use the action-oriented momentum of this Summit to accelerate the implementation of the 2030 Agenda by reducing spillover effects and increasing global policy coherence, a lever to tackle slowing and counterproductive effects on the SDGs.",1_0,0_7,,No Relationship
"however, these important initiatives have been unilateral policy instruments that, largely, have not considered perspectives from the affected economies, potentially resulting in trade-offs (e.g., higher unemployment and poverty)",The G20 will have included international spillovers in its updated 2030 Agenda Action Plan and agreed on concrete actions to improve the monitoring of spillover effects and on peer learning mechanisms to co-design appropriate policies to address spillover effects.,1_0,0_8,,No Relationship
"The 2023 Action Plan, under the Indian presidency, called for action in three key areas: digital transformation, gender equality, and just transitions.",The G20 is an important international forum to promote the implementation of the 2030 Agenda for Sustainable Development.,5_0,0_0,,No Relationship
"The 2023 Action Plan, under the Indian presidency, called for action in three key areas: digital transformation, gender equality, and just transitions.",A major obstacle to sustainable development worldwide that has so far received little attention are negative international spillover effects.,5_0,0_1,,No Relationship
"The 2023 Action Plan, under the Indian presidency, called for action in three key areas: digital transformation, gender equality, and just transitions.","All countries, and especially the G20 given their combined economic weight, must better understand, monitor and manage their spillovers to allow all countries to meet the SDGs.",5_0,0_2,,No Relationship
"The 2023 Action Plan, under the Indian presidency, called for action in three key areas: digital transformation, gender equality, and just transitions.","At the Agenda’s midpoint, however, the world is substantially off track.",5_0,0_3,,No Relationship
"The 2023 Action Plan, under the Indian presidency, called for action in three key areas: digital transformation, gender equality, and just transitions.","Therefore, at the SDG Summit in 2023, heads of state called for accelerated global action towards sustainable development.",5_0,0_4,,No Relationship
"The 2023 Action Plan, under the Indian presidency, called for action in three key areas: digital transformation, gender equality, and just transitions.",Addressing spillovers thus becomes crucial for ensuring that domestic progress in achieving the SDGs is not realized via externalizing negative effects abroad.,5_0,0_5,,No Relationship
"The 2023 Action Plan, under the Indian presidency, called for action in three key areas: digital transformation, gender equality, and just transitions.","Developed within the Development Working Group, the Action Plans aim to enhance policy coherence and coordination across all G20 work streams for the SDGs achievement.",5_0,0_6,,No Relationship
"The 2023 Action Plan, under the Indian presidency, called for action in three key areas: digital transformation, gender equality, and just transitions.","The G20 needs to use the action-oriented momentum of this Summit to accelerate the implementation of the 2030 Agenda by reducing spillover effects and increasing global policy coherence, a lever to tackle slowing and counterproductive effects on the SDGs.",5_0,0_7,,No Relationship
"The 2023 Action Plan, under the Indian presidency, called for action in three key areas: digital transformation, gender equality, and just transitions.",The G20 will have included international spillovers in its updated 2030 Agenda Action Plan and agreed on concrete actions to improve the monitoring of spillover effects and on peer learning mechanisms to co-design appropriate policies to address spillover effects.,5_0,0_8,,Attack
"The first JETP, launched at the COP-26, mobilizes $8.5 billion to 1) replace coal with renewable energy; 2) expand electric vehicles use; and 3) establish a green hydrogen industry in South Africa.",The G20 is an important international forum to promote the implementation of the 2030 Agenda for Sustainable Development.,7_0,0_0,,No Relationship
"The first JETP, launched at the COP-26, mobilizes $8.5 billion to 1) replace coal with renewable energy; 2) expand electric vehicles use; and 3) establish a green hydrogen industry in South Africa.",A major obstacle to sustainable development worldwide that has so far received little attention are negative international spillover effects.,7_0,0_1,,No Relationship
"The first JETP, launched at the COP-26, mobilizes $8.5 billion to 1) replace coal with renewable energy; 2) expand electric vehicles use; and 3) establish a green hydrogen industry in South Africa.","All countries, and especially the G20 given their combined economic weight, must better understand, monitor and manage their spillovers to allow all countries to meet the SDGs.",7_0,0_2,,No Relationship
"The first JETP, launched at the COP-26, mobilizes $8.5 billion to 1) replace coal with renewable energy; 2) expand electric vehicles use; and 3) establish a green hydrogen industry in South Africa.","At the Agenda’s midpoint, however, the world is substantially off track.",7_0,0_3,,No Relationship
"The first JETP, launched at the COP-26, mobilizes $8.5 billion to 1) replace coal with renewable energy; 2) expand electric vehicles use; and 3) establish a green hydrogen industry in South Africa.","Therefore, at the SDG Summit in 2023, heads of state called for accelerated global action towards sustainable development.",7_0,0_4,,No Relationship
"The first JETP, launched at the COP-26, mobilizes $8.5 billion to 1) replace coal with renewable energy; 2) expand electric vehicles use; and 3) establish a green hydrogen industry in South Africa.",Addressing spillovers thus becomes crucial for ensuring that domestic progress in achieving the SDGs is not realized via externalizing negative effects abroad.,7_0,0_5,,No Relationship
"The first JETP, launched at the COP-26, mobilizes $8.5 billion to 1) replace coal with renewable energy; 2) expand electric vehicles use; and 3) establish a green hydrogen industry in South Africa.","Developed within the Development Working Group, the Action Plans aim to enhance policy coherence and coordination across all G20 work streams for the SDGs achievement.",7_0,0_6,,No Relationship
"The first JETP, launched at the COP-26, mobilizes $8.5 billion to 1) replace coal with renewable energy; 2) expand electric vehicles use; and 3) establish a green hydrogen industry in South Africa.","The G20 needs to use the action-oriented momentum of this Summit to accelerate the implementation of the 2030 Agenda by reducing spillover effects and increasing global policy coherence, a lever to tackle slowing and counterproductive effects on the SDGs.",7_0,0_7,,No Relationship
"The first JETP, launched at the COP-26, mobilizes $8.5 billion to 1) replace coal with renewable energy; 2) expand electric vehicles use; and 3) establish a green hydrogen industry in South Africa.",The G20 will have included international spillovers in its updated 2030 Agenda Action Plan and agreed on concrete actions to improve the monitoring of spillover effects and on peer learning mechanisms to co-design appropriate policies to address spillover effects.,7_0,0_8,,No Relationship
"JETPs provide a blend of financing instruments, including concessional loans, grants, and guaranteed private funds, to support countries’ decarbonization efforts, especially those that are dependent on coal",The G20 is an important international forum to promote the implementation of the 2030 Agenda for Sustainable Development.,7_1,0_0,,No Relationship
"JETPs provide a blend of financing instruments, including concessional loans, grants, and guaranteed private funds, to support countries’ decarbonization efforts, especially those that are dependent on coal",A major obstacle to sustainable development worldwide that has so far received little attention are negative international spillover effects.,7_1,0_1,,No Relationship
"JETPs provide a blend of financing instruments, including concessional loans, grants, and guaranteed private funds, to support countries’ decarbonization efforts, especially those that are dependent on coal","All countries, and especially the G20 given their combined economic weight, must better understand, monitor and manage their spillovers to allow all countries to meet the SDGs.",7_1,0_2,,No Relationship
"JETPs provide a blend of financing instruments, including concessional loans, grants, and guaranteed private funds, to support countries’ decarbonization efforts, especially those that are dependent on coal","At the Agenda’s midpoint, however, the world is substantially off track.",7_1,0_3,,No Relationship
"JETPs provide a blend of financing instruments, including concessional loans, grants, and guaranteed private funds, to support countries’ decarbonization efforts, especially those that are dependent on coal","Therefore, at the SDG Summit in 2023, heads of state called for accelerated global action towards sustainable development.",7_1,0_4,,No Relationship
"JETPs provide a blend of financing instruments, including concessional loans, grants, and guaranteed private funds, to support countries’ decarbonization efforts, especially those that are dependent on coal",Addressing spillovers thus becomes crucial for ensuring that domestic progress in achieving the SDGs is not realized via externalizing negative effects abroad.,7_1,0_5,,No Relationship
"JETPs provide a blend of financing instruments, including concessional loans, grants, and guaranteed private funds, to support countries’ decarbonization efforts, especially those that are dependent on coal","Developed within the Development Working Group, the Action Plans aim to enhance policy coherence and coordination across all G20 work streams for the SDGs achievement.",7_1,0_6,,No Relationship
"JETPs provide a blend of financing instruments, including concessional loans, grants, and guaranteed private funds, to support countries’ decarbonization efforts, especially those that are dependent on coal","The G20 needs to use the action-oriented momentum of this Summit to accelerate the implementation of the 2030 Agenda by reducing spillover effects and increasing global policy coherence, a lever to tackle slowing and counterproductive effects on the SDGs.",7_1,0_7,,No Relationship
"JETPs provide a blend of financing instruments, including concessional loans, grants, and guaranteed private funds, to support countries’ decarbonization efforts, especially those that are dependent on coal",The G20 will have included international spillovers in its updated 2030 Agenda Action Plan and agreed on concrete actions to improve the monitoring of spillover effects and on peer learning mechanisms to co-design appropriate policies to address spillover effects.,7_1,0_8,,No Relationship
The G20 is an important international forum to promote the implementation of the 2030 Agenda for Sustainable Development.,"G20 countries should also track these effects against time-bound quantitative targets to hold themselves accountable for mitigating negative spillovers, such as labor exploitation (e.g., modern slavery and fatal accidents at work).",0_0,8_0,,No Relationship
The G20 is an important international forum to promote the implementation of the 2030 Agenda for Sustainable Development.,"Targets for trade-related spillovers should cover environmental and social impacts linked to global value chains, such as GHG emissions, air pollution, resource depletion (e.g., material footprints), and labor exploitation (e.g., modern slavery and fatal accidents at work).",0_0,8_1,,No Relationship
The G20 is an important international forum to promote the implementation of the 2030 Agenda for Sustainable Development.,"The partnership mobilizes stakeholders to facilitate an energy transition, but it will be important that implementation of the JETP addresses the social consequences of decarbonization (e.g., coal miners’ unemployment; Pilling, 2022).",0_0,8_2,,No Relationship
A major obstacle to sustainable development worldwide that has so far received little attention are negative international spillover effects.,"G20 countries should also track these effects against time-bound quantitative targets to hold themselves accountable for mitigating negative spillovers, such as labor exploitation (e.g., modern slavery and fatal accidents at work).",0_1,8_0,,No Relationship
A major obstacle to sustainable development worldwide that has so far received little attention are negative international spillover effects.,"Targets for trade-related spillovers should cover environmental and social impacts linked to global value chains, such as GHG emissions, air pollution, resource depletion (e.g., material footprints), and labor exploitation (e.g., modern slavery and fatal accidents at work).",0_1,8_1,,No Relationship
A major obstacle to sustainable development worldwide that has so far received little attention are negative international spillover effects.,"The partnership mobilizes stakeholders to facilitate an energy transition, but it will be important that implementation of the JETP addresses the social consequences of decarbonization (e.g., coal miners’ unemployment; Pilling, 2022).",0_1,8_2,,No Relationship
"All countries, and especially the G20 given their combined economic weight, must better understand, monitor and manage their spillovers to allow all countries to meet the SDGs.","G20 countries should also track these effects against time-bound quantitative targets to hold themselves accountable for mitigating negative spillovers, such as labor exploitation (e.g., modern slavery and fatal accidents at work).",0_2,8_0,,No Relationship
"All countries, and especially the G20 given their combined economic weight, must better understand, monitor and manage their spillovers to allow all countries to meet the SDGs.","Targets for trade-related spillovers should cover environmental and social impacts linked to global value chains, such as GHG emissions, air pollution, resource depletion (e.g., material footprints), and labor exploitation (e.g., modern slavery and fatal accidents at work).",0_2,8_1,,No Relationship
"All countries, and especially the G20 given their combined economic weight, must better understand, monitor and manage their spillovers to allow all countries to meet the SDGs.","The partnership mobilizes stakeholders to facilitate an energy transition, but it will be important that implementation of the JETP addresses the social consequences of decarbonization (e.g., coal miners’ unemployment; Pilling, 2022).",0_2,8_2,,No Relationship
"At the Agenda’s midpoint, however, the world is substantially off track.","G20 countries should also track these effects against time-bound quantitative targets to hold themselves accountable for mitigating negative spillovers, such as labor exploitation (e.g., modern slavery and fatal accidents at work).",0_3,8_0,,No Relationship
"At the Agenda’s midpoint, however, the world is substantially off track.","Targets for trade-related spillovers should cover environmental and social impacts linked to global value chains, such as GHG emissions, air pollution, resource depletion (e.g., material footprints), and labor exploitation (e.g., modern slavery and fatal accidents at work).",0_3,8_1,,No Relationship
"At the Agenda’s midpoint, however, the world is substantially off track.","The partnership mobilizes stakeholders to facilitate an energy transition, but it will be important that implementation of the JETP addresses the social consequences of decarbonization (e.g., coal miners’ unemployment; Pilling, 2022).",0_3,8_2,,No Relationship
"Therefore, at the SDG Summit in 2023, heads of state called for accelerated global action towards sustainable development.","G20 countries should also track these effects against time-bound quantitative targets to hold themselves accountable for mitigating negative spillovers, such as labor exploitation (e.g., modern slavery and fatal accidents at work).",0_4,8_0,,No Relationship
"Therefore, at the SDG Summit in 2023, heads of state called for accelerated global action towards sustainable development.","Targets for trade-related spillovers should cover environmental and social impacts linked to global value chains, such as GHG emissions, air pollution, resource depletion (e.g., material footprints), and labor exploitation (e.g., modern slavery and fatal accidents at work).",0_4,8_1,,No Relationship
"Therefore, at the SDG Summit in 2023, heads of state called for accelerated global action towards sustainable development.","The partnership mobilizes stakeholders to facilitate an energy transition, but it will be important that implementation of the JETP addresses the social consequences of decarbonization (e.g., coal miners’ unemployment; Pilling, 2022).",0_4,8_2,,No Relationship
Addressing spillovers thus becomes crucial for ensuring that domestic progress in achieving the SDGs is not realized via externalizing negative effects abroad.,"G20 countries should also track these effects against time-bound quantitative targets to hold themselves accountable for mitigating negative spillovers, such as labor exploitation (e.g., modern slavery and fatal accidents at work).",0_5,8_0,,No Relationship
Addressing spillovers thus becomes crucial for ensuring that domestic progress in achieving the SDGs is not realized via externalizing negative effects abroad.,"Targets for trade-related spillovers should cover environmental and social impacts linked to global value chains, such as GHG emissions, air pollution, resource depletion (e.g., material footprints), and labor exploitation (e.g., modern slavery and fatal accidents at work).",0_5,8_1,,No Relationship
Addressing spillovers thus becomes crucial for ensuring that domestic progress in achieving the SDGs is not realized via externalizing negative effects abroad.,"The partnership mobilizes stakeholders to facilitate an energy transition, but it will be important that implementation of the JETP addresses the social consequences of decarbonization (e.g., coal miners’ unemployment; Pilling, 2022).",0_5,8_2,,No Relationship
"Developed within the Development Working Group, the Action Plans aim to enhance policy coherence and coordination across all G20 work streams for the SDGs achievement.","G20 countries should also track these effects against time-bound quantitative targets to hold themselves accountable for mitigating negative spillovers, such as labor exploitation (e.g., modern slavery and fatal accidents at work).",0_6,8_0,,No Relationship
"Developed within the Development Working Group, the Action Plans aim to enhance policy coherence and coordination across all G20 work streams for the SDGs achievement.","Targets for trade-related spillovers should cover environmental and social impacts linked to global value chains, such as GHG emissions, air pollution, resource depletion (e.g., material footprints), and labor exploitation (e.g., modern slavery and fatal accidents at work).",0_6,8_1,,No Relationship
"Developed within the Development Working Group, the Action Plans aim to enhance policy coherence and coordination across all G20 work streams for the SDGs achievement.","The partnership mobilizes stakeholders to facilitate an energy transition, but it will be important that implementation of the JETP addresses the social consequences of decarbonization (e.g., coal miners’ unemployment; Pilling, 2022).",0_6,8_2,,No Relationship
"The G20 needs to use the action-oriented momentum of this Summit to accelerate the implementation of the 2030 Agenda by reducing spillover effects and increasing global policy coherence, a lever to tackle slowing and counterproductive effects on the SDGs.","G20 countries should also track these effects against time-bound quantitative targets to hold themselves accountable for mitigating negative spillovers, such as labor exploitation (e.g., modern slavery and fatal accidents at work).",0_7,8_0,,No Relationship
"The G20 needs to use the action-oriented momentum of this Summit to accelerate the implementation of the 2030 Agenda by reducing spillover effects and increasing global policy coherence, a lever to tackle slowing and counterproductive effects on the SDGs.","Targets for trade-related spillovers should cover environmental and social impacts linked to global value chains, such as GHG emissions, air pollution, resource depletion (e.g., material footprints), and labor exploitation (e.g., modern slavery and fatal accidents at work).",0_7,8_1,,No Relationship
"The G20 needs to use the action-oriented momentum of this Summit to accelerate the implementation of the 2030 Agenda by reducing spillover effects and increasing global policy coherence, a lever to tackle slowing and counterproductive effects on the SDGs.","The partnership mobilizes stakeholders to facilitate an energy transition, but it will be important that implementation of the JETP addresses the social consequences of decarbonization (e.g., coal miners’ unemployment; Pilling, 2022).",0_7,8_2,,No Relationship
The G20 will have included international spillovers in its updated 2030 Agenda Action Plan and agreed on concrete actions to improve the monitoring of spillover effects and on peer learning mechanisms to co-design appropriate policies to address spillover effects.,"G20 countries should also track these effects against time-bound quantitative targets to hold themselves accountable for mitigating negative spillovers, such as labor exploitation (e.g., modern slavery and fatal accidents at work).",0_8,8_0,,No Relationship
The G20 will have included international spillovers in its updated 2030 Agenda Action Plan and agreed on concrete actions to improve the monitoring of spillover effects and on peer learning mechanisms to co-design appropriate policies to address spillover effects.,"Targets for trade-related spillovers should cover environmental and social impacts linked to global value chains, such as GHG emissions, air pollution, resource depletion (e.g., material footprints), and labor exploitation (e.g., modern slavery and fatal accidents at work).",0_8,8_1,,No Relationship
The G20 will have included international spillovers in its updated 2030 Agenda Action Plan and agreed on concrete actions to improve the monitoring of spillover effects and on peer learning mechanisms to co-design appropriate policies to address spillover effects.,"The partnership mobilizes stakeholders to facilitate an energy transition, but it will be important that implementation of the JETP addresses the social consequences of decarbonization (e.g., coal miners’ unemployment; Pilling, 2022).",0_8,8_2,,No Relationship
The G20 is an important international forum to promote the implementation of the 2030 Agenda for Sustainable Development.,Negative spillovers may reinforce existing international injustices and divergences between countries of different income categories and regions.,0_0,10_0,,No Relationship
The G20 is an important international forum to promote the implementation of the 2030 Agenda for Sustainable Development.,"The 2023 Action Plan, under the Indian presidency, called for action in three key areas: digital transformation, gender equality, and just transitions.",0_0,10_1,,No Relationship
A major obstacle to sustainable development worldwide that has so far received little attention are negative international spillover effects.,Negative spillovers may reinforce existing international injustices and divergences between countries of different income categories and regions.,0_1,10_0,,No Relationship
A major obstacle to sustainable development worldwide that has so far received little attention are negative international spillover effects.,"The 2023 Action Plan, under the Indian presidency, called for action in three key areas: digital transformation, gender equality, and just transitions.",0_1,10_1,,No Relationship
"All countries, and especially the G20 given their combined economic weight, must better understand, monitor and manage their spillovers to allow all countries to meet the SDGs.",Negative spillovers may reinforce existing international injustices and divergences between countries of different income categories and regions.,0_2,10_0,,No Relationship
"All countries, and especially the G20 given their combined economic weight, must better understand, monitor and manage their spillovers to allow all countries to meet the SDGs.","The 2023 Action Plan, under the Indian presidency, called for action in three key areas: digital transformation, gender equality, and just transitions.",0_2,10_1,,No Relationship
"At the Agenda’s midpoint, however, the world is substantially off track.",Negative spillovers may reinforce existing international injustices and divergences between countries of different income categories and regions.,0_3,10_0,,No Relationship
"At the Agenda’s midpoint, however, the world is substantially off track.","The 2023 Action Plan, under the Indian presidency, called for action in three key areas: digital transformation, gender equality, and just transitions.",0_3,10_1,,No Relationship
"Therefore, at the SDG Summit in 2023, heads of state called for accelerated global action towards sustainable development.",Negative spillovers may reinforce existing international injustices and divergences between countries of different income categories and regions.,0_4,10_0,,No Relationship
"Therefore, at the SDG Summit in 2023, heads of state called for accelerated global action towards sustainable development.","The 2023 Action Plan, under the Indian presidency, called for action in three key areas: digital transformation, gender equality, and just transitions.",0_4,10_1,,No Relationship
Addressing spillovers thus becomes crucial for ensuring that domestic progress in achieving the SDGs is not realized via externalizing negative effects abroad.,Negative spillovers may reinforce existing international injustices and divergences between countries of different income categories and regions.,0_5,10_0,,No Relationship
Addressing spillovers thus becomes crucial for ensuring that domestic progress in achieving the SDGs is not realized via externalizing negative effects abroad.,"The 2023 Action Plan, under the Indian presidency, called for action in three key areas: digital transformation, gender equality, and just transitions.",0_5,10_1,,No Relationship
"Developed within the Development Working Group, the Action Plans aim to enhance policy coherence and coordination across all G20 work streams for the SDGs achievement.",Negative spillovers may reinforce existing international injustices and divergences between countries of different income categories and regions.,0_6,10_0,,No Relationship
"Developed within the Development Working Group, the Action Plans aim to enhance policy coherence and coordination across all G20 work streams for the SDGs achievement.","The 2023 Action Plan, under the Indian presidency, called for action in three key areas: digital transformation, gender equality, and just transitions.",0_6,10_1,,No Relationship
"The G20 needs to use the action-oriented momentum of this Summit to accelerate the implementation of the 2030 Agenda by reducing spillover effects and increasing global policy coherence, a lever to tackle slowing and counterproductive effects on the SDGs.",Negative spillovers may reinforce existing international injustices and divergences between countries of different income categories and regions.,0_7,10_0,,No Relationship
"The G20 needs to use the action-oriented momentum of this Summit to accelerate the implementation of the 2030 Agenda by reducing spillover effects and increasing global policy coherence, a lever to tackle slowing and counterproductive effects on the SDGs.","The 2023 Action Plan, under the Indian presidency, called for action in three key areas: digital transformation, gender equality, and just transitions.",0_7,10_1,,No Relationship
The G20 will have included international spillovers in its updated 2030 Agenda Action Plan and agreed on concrete actions to improve the monitoring of spillover effects and on peer learning mechanisms to co-design appropriate policies to address spillover effects.,Negative spillovers may reinforce existing international injustices and divergences between countries of different income categories and regions.,0_8,10_0,,No Relationship
The G20 will have included international spillovers in its updated 2030 Agenda Action Plan and agreed on concrete actions to improve the monitoring of spillover effects and on peer learning mechanisms to co-design appropriate policies to address spillover effects.,"The 2023 Action Plan, under the Indian presidency, called for action in three key areas: digital transformation, gender equality, and just transitions.",0_8,10_1,,Attack
The G20 is an important international forum to promote the implementation of the 2030 Agenda for Sustainable Development.,"G20 countries should also track these effects against time-bound quantitative targets to hold themselves accountable for mitigating negative spillovers, such as resource depletion (e.g., material footprints)",0_0,12_0,,No Relationship
A major obstacle to sustainable development worldwide that has so far received little attention are negative international spillover effects.,"G20 countries should also track these effects against time-bound quantitative targets to hold themselves accountable for mitigating negative spillovers, such as resource depletion (e.g., material footprints)",0_1,12_0,,No Relationship
"All countries, and especially the G20 given their combined economic weight, must better understand, monitor and manage their spillovers to allow all countries to meet the SDGs.","G20 countries should also track these effects against time-bound quantitative targets to hold themselves accountable for mitigating negative spillovers, such as resource depletion (e.g., material footprints)",0_2,12_0,,No Relationship
"At the Agenda’s midpoint, however, the world is substantially off track.","G20 countries should also track these effects against time-bound quantitative targets to hold themselves accountable for mitigating negative spillovers, such as resource depletion (e.g., material footprints)",0_3,12_0,,No Relationship
"Therefore, at the SDG Summit in 2023, heads of state called for accelerated global action towards sustainable development.","G20 countries should also track these effects against time-bound quantitative targets to hold themselves accountable for mitigating negative spillovers, such as resource depletion (e.g., material footprints)",0_4,12_0,,No Relationship
Addressing spillovers thus becomes crucial for ensuring that domestic progress in achieving the SDGs is not realized via externalizing negative effects abroad.,"G20 countries should also track these effects against time-bound quantitative targets to hold themselves accountable for mitigating negative spillovers, such as resource depletion (e.g., material footprints)",0_5,12_0,,No Relationship
"Developed within the Development Working Group, the Action Plans aim to enhance policy coherence and coordination across all G20 work streams for the SDGs achievement.","G20 countries should also track these effects against time-bound quantitative targets to hold themselves accountable for mitigating negative spillovers, such as resource depletion (e.g., material footprints)",0_6,12_0,,No Relationship
"The G20 needs to use the action-oriented momentum of this Summit to accelerate the implementation of the 2030 Agenda by reducing spillover effects and increasing global policy coherence, a lever to tackle slowing and counterproductive effects on the SDGs.","G20 countries should also track these effects against time-bound quantitative targets to hold themselves accountable for mitigating negative spillovers, such as resource depletion (e.g., material footprints)",0_7,12_0,,No Relationship
The G20 will have included international spillovers in its updated 2030 Agenda Action Plan and agreed on concrete actions to improve the monitoring of spillover effects and on peer learning mechanisms to co-design appropriate policies to address spillover effects.,"G20 countries should also track these effects against time-bound quantitative targets to hold themselves accountable for mitigating negative spillovers, such as resource depletion (e.g., material footprints)",0_8,12_0,,No Relationship
"For instance, in some G20 economies (e.g., Germany, France, the UK), offshore GHG emissions are more than 40 percent of their total GHG footprint (Figure 2).",The G20 is an important international forum to promote the implementation of the 2030 Agenda for Sustainable Development.,13_0,0_0,,No Relationship
"For instance, in some G20 economies (e.g., Germany, France, the UK), offshore GHG emissions are more than 40 percent of their total GHG footprint (Figure 2).",A major obstacle to sustainable development worldwide that has so far received little attention are negative international spillover effects.,13_0,0_1,,No Relationship
"For instance, in some G20 economies (e.g., Germany, France, the UK), offshore GHG emissions are more than 40 percent of their total GHG footprint (Figure 2).","All countries, and especially the G20 given their combined economic weight, must better understand, monitor and manage their spillovers to allow all countries to meet the SDGs.",13_0,0_2,,No Relationship
"For instance, in some G20 economies (e.g., Germany, France, the UK), offshore GHG emissions are more than 40 percent of their total GHG footprint (Figure 2).","At the Agenda’s midpoint, however, the world is substantially off track.",13_0,0_3,,No Relationship
"For instance, in some G20 economies (e.g., Germany, France, the UK), offshore GHG emissions are more than 40 percent of their total GHG footprint (Figure 2).","Therefore, at the SDG Summit in 2023, heads of state called for accelerated global action towards sustainable development.",13_0,0_4,,No Relationship
"For instance, in some G20 economies (e.g., Germany, France, the UK), offshore GHG emissions are more than 40 percent of their total GHG footprint (Figure 2).",Addressing spillovers thus becomes crucial for ensuring that domestic progress in achieving the SDGs is not realized via externalizing negative effects abroad.,13_0,0_5,,No Relationship
"For instance, in some G20 economies (e.g., Germany, France, the UK), offshore GHG emissions are more than 40 percent of their total GHG footprint (Figure 2).","Developed within the Development Working Group, the Action Plans aim to enhance policy coherence and coordination across all G20 work streams for the SDGs achievement.",13_0,0_6,,No Relationship
"For instance, in some G20 economies (e.g., Germany, France, the UK), offshore GHG emissions are more than 40 percent of their total GHG footprint (Figure 2).","The G20 needs to use the action-oriented momentum of this Summit to accelerate the implementation of the 2030 Agenda by reducing spillover effects and increasing global policy coherence, a lever to tackle slowing and counterproductive effects on the SDGs.",13_0,0_7,,No Relationship
"For instance, in some G20 economies (e.g., Germany, France, the UK), offshore GHG emissions are more than 40 percent of their total GHG footprint (Figure 2).",The G20 will have included international spillovers in its updated 2030 Agenda Action Plan and agreed on concrete actions to improve the monitoring of spillover effects and on peer learning mechanisms to co-design appropriate policies to address spillover effects.,13_0,0_8,,No Relationship
"JETPs provide a blend of financing instruments, including concessional loans, grants, and guaranteed private funds, to support countries’ decarbonization efforts, especially those that are dependent on coal",The G20 is an important international forum to promote the implementation of the 2030 Agenda for Sustainable Development.,13_1,0_0,,No Relationship
"JETPs provide a blend of financing instruments, including concessional loans, grants, and guaranteed private funds, to support countries’ decarbonization efforts, especially those that are dependent on coal",A major obstacle to sustainable development worldwide that has so far received little attention are negative international spillover effects.,13_1,0_1,,No Relationship
"JETPs provide a blend of financing instruments, including concessional loans, grants, and guaranteed private funds, to support countries’ decarbonization efforts, especially those that are dependent on coal","All countries, and especially the G20 given their combined economic weight, must better understand, monitor and manage their spillovers to allow all countries to meet the SDGs.",13_1,0_2,,No Relationship
"JETPs provide a blend of financing instruments, including concessional loans, grants, and guaranteed private funds, to support countries’ decarbonization efforts, especially those that are dependent on coal","At the Agenda’s midpoint, however, the world is substantially off track.",13_1,0_3,,No Relationship
"JETPs provide a blend of financing instruments, including concessional loans, grants, and guaranteed private funds, to support countries’ decarbonization efforts, especially those that are dependent on coal","Therefore, at the SDG Summit in 2023, heads of state called for accelerated global action towards sustainable development.",13_1,0_4,,No Relationship
"JETPs provide a blend of financing instruments, including concessional loans, grants, and guaranteed private funds, to support countries’ decarbonization efforts, especially those that are dependent on coal",Addressing spillovers thus becomes crucial for ensuring that domestic progress in achieving the SDGs is not realized via externalizing negative effects abroad.,13_1,0_5,,No Relationship
"JETPs provide a blend of financing instruments, including concessional loans, grants, and guaranteed private funds, to support countries’ decarbonization efforts, especially those that are dependent on coal","Developed within the Development Working Group, the Action Plans aim to enhance policy coherence and coordination across all G20 work streams for the SDGs achievement.",13_1,0_6,,No Relationship
"JETPs provide a blend of financing instruments, including concessional loans, grants, and guaranteed private funds, to support countries’ decarbonization efforts, especially those that are dependent on coal","The G20 needs to use the action-oriented momentum of this Summit to accelerate the implementation of the 2030 Agenda by reducing spillover effects and increasing global policy coherence, a lever to tackle slowing and counterproductive effects on the SDGs.",13_1,0_7,,No Relationship
"JETPs provide a blend of financing instruments, including concessional loans, grants, and guaranteed private funds, to support countries’ decarbonization efforts, especially those that are dependent on coal",The G20 will have included international spillovers in its updated 2030 Agenda Action Plan and agreed on concrete actions to improve the monitoring of spillover effects and on peer learning mechanisms to co-design appropriate policies to address spillover effects.,13_1,0_8,,No Relationship
"The first JETP, launched at the COP-26, mobilizes $8.5 billion to 1) replace coal with renewable energy; 2) expand electric vehicles use; and 3) establish a green hydrogen industry in South Africa",The G20 is an important international forum to promote the implementation of the 2030 Agenda for Sustainable Development.,13_2,0_0,,No Relationship
"The first JETP, launched at the COP-26, mobilizes $8.5 billion to 1) replace coal with renewable energy; 2) expand electric vehicles use; and 3) establish a green hydrogen industry in South Africa",A major obstacle to sustainable development worldwide that has so far received little attention are negative international spillover effects.,13_2,0_1,,No Relationship
"The first JETP, launched at the COP-26, mobilizes $8.5 billion to 1) replace coal with renewable energy; 2) expand electric vehicles use; and 3) establish a green hydrogen industry in South Africa","All countries, and especially the G20 given their combined economic weight, must better understand, monitor and manage their spillovers to allow all countries to meet the SDGs.",13_2,0_2,,No Relationship
"The first JETP, launched at the COP-26, mobilizes $8.5 billion to 1) replace coal with renewable energy; 2) expand electric vehicles use; and 3) establish a green hydrogen industry in South Africa","At the Agenda’s midpoint, however, the world is substantially off track.",13_2,0_3,,No Relationship
"The first JETP, launched at the COP-26, mobilizes $8.5 billion to 1) replace coal with renewable energy; 2) expand electric vehicles use; and 3) establish a green hydrogen industry in South Africa","Therefore, at the SDG Summit in 2023, heads of state called for accelerated global action towards sustainable development.",13_2,0_4,,No Relationship
"The first JETP, launched at the COP-26, mobilizes $8.5 billion to 1) replace coal with renewable energy; 2) expand electric vehicles use; and 3) establish a green hydrogen industry in South Africa",Addressing spillovers thus becomes crucial for ensuring that domestic progress in achieving the SDGs is not realized via externalizing negative effects abroad.,13_2,0_5,,No Relationship
"The first JETP, launched at the COP-26, mobilizes $8.5 billion to 1) replace coal with renewable energy; 2) expand electric vehicles use; and 3) establish a green hydrogen industry in South Africa","Developed within the Development Working Group, the Action Plans aim to enhance policy coherence and coordination across all G20 work streams for the SDGs achievement.",13_2,0_6,,No Relationship
"The first JETP, launched at the COP-26, mobilizes $8.5 billion to 1) replace coal with renewable energy; 2) expand electric vehicles use; and 3) establish a green hydrogen industry in South Africa","The G20 needs to use the action-oriented momentum of this Summit to accelerate the implementation of the 2030 Agenda by reducing spillover effects and increasing global policy coherence, a lever to tackle slowing and counterproductive effects on the SDGs.",13_2,0_7,,No Relationship
"The first JETP, launched at the COP-26, mobilizes $8.5 billion to 1) replace coal with renewable energy; 2) expand electric vehicles use; and 3) establish a green hydrogen industry in South Africa",The G20 will have included international spillovers in its updated 2030 Agenda Action Plan and agreed on concrete actions to improve the monitoring of spillover effects and on peer learning mechanisms to co-design appropriate policies to address spillover effects.,13_2,0_8,,No Relationship
"The partnership mobilizes stakeholders to facilitate an energy transition, but it will be important that implementation of the JETP addresses the social consequences of decarbonization (e.g., coal miners’ unemployment; Pilling, 2022)",The G20 is an important international forum to promote the implementation of the 2030 Agenda for Sustainable Development.,13_3,0_0,,No Relationship
"The partnership mobilizes stakeholders to facilitate an energy transition, but it will be important that implementation of the JETP addresses the social consequences of decarbonization (e.g., coal miners’ unemployment; Pilling, 2022)",A major obstacle to sustainable development worldwide that has so far received little attention are negative international spillover effects.,13_3,0_1,,No Relationship
"The partnership mobilizes stakeholders to facilitate an energy transition, but it will be important that implementation of the JETP addresses the social consequences of decarbonization (e.g., coal miners’ unemployment; Pilling, 2022)","All countries, and especially the G20 given their combined economic weight, must better understand, monitor and manage their spillovers to allow all countries to meet the SDGs.",13_3,0_2,,No Relationship
"The partnership mobilizes stakeholders to facilitate an energy transition, but it will be important that implementation of the JETP addresses the social consequences of decarbonization (e.g., coal miners’ unemployment; Pilling, 2022)","At the Agenda’s midpoint, however, the world is substantially off track.",13_3,0_3,,No Relationship
"The partnership mobilizes stakeholders to facilitate an energy transition, but it will be important that implementation of the JETP addresses the social consequences of decarbonization (e.g., coal miners’ unemployment; Pilling, 2022)","Therefore, at the SDG Summit in 2023, heads of state called for accelerated global action towards sustainable development.",13_3,0_4,,No Relationship
"The partnership mobilizes stakeholders to facilitate an energy transition, but it will be important that implementation of the JETP addresses the social consequences of decarbonization (e.g., coal miners’ unemployment; Pilling, 2022)",Addressing spillovers thus becomes crucial for ensuring that domestic progress in achieving the SDGs is not realized via externalizing negative effects abroad.,13_3,0_5,,No Relationship
"The partnership mobilizes stakeholders to facilitate an energy transition, but it will be important that implementation of the JETP addresses the social consequences of decarbonization (e.g., coal miners’ unemployment; Pilling, 2022)","Developed within the Development Working Group, the Action Plans aim to enhance policy coherence and coordination across all G20 work streams for the SDGs achievement.",13_3,0_6,,No Relationship
"The partnership mobilizes stakeholders to facilitate an energy transition, but it will be important that implementation of the JETP addresses the social consequences of decarbonization (e.g., coal miners’ unemployment; Pilling, 2022)","The G20 needs to use the action-oriented momentum of this Summit to accelerate the implementation of the 2030 Agenda by reducing spillover effects and increasing global policy coherence, a lever to tackle slowing and counterproductive effects on the SDGs.",13_3,0_7,,No Relationship
"The partnership mobilizes stakeholders to facilitate an energy transition, but it will be important that implementation of the JETP addresses the social consequences of decarbonization (e.g., coal miners’ unemployment; Pilling, 2022)",The G20 will have included international spillovers in its updated 2030 Agenda Action Plan and agreed on concrete actions to improve the monitoring of spillover effects and on peer learning mechanisms to co-design appropriate policies to address spillover effects.,13_3,0_8,,No Relationship
The G20 is an important international forum to promote the implementation of the 2030 Agenda for Sustainable Development.,"The Summit of the Future needs to demonstrate that international cooperation is possible and effective in tackling current global challenges, especially amid lacklustre SDG progress, widespread conflict, and growing polarization and authoritarian trends worldwide.",0_0,16_0,,No Relationship
A major obstacle to sustainable development worldwide that has so far received little attention are negative international spillover effects.,"The Summit of the Future needs to demonstrate that international cooperation is possible and effective in tackling current global challenges, especially amid lacklustre SDG progress, widespread conflict, and growing polarization and authoritarian trends worldwide.",0_1,16_0,,No Relationship
"All countries, and especially the G20 given their combined economic weight, must better understand, monitor and manage their spillovers to allow all countries to meet the SDGs.","The Summit of the Future needs to demonstrate that international cooperation is possible and effective in tackling current global challenges, especially amid lacklustre SDG progress, widespread conflict, and growing polarization and authoritarian trends worldwide.",0_2,16_0,,No Relationship
"At the Agenda’s midpoint, however, the world is substantially off track.","The Summit of the Future needs to demonstrate that international cooperation is possible and effective in tackling current global challenges, especially amid lacklustre SDG progress, widespread conflict, and growing polarization and authoritarian trends worldwide.",0_3,16_0,,No Relationship
"Therefore, at the SDG Summit in 2023, heads of state called for accelerated global action towards sustainable development.","The Summit of the Future needs to demonstrate that international cooperation is possible and effective in tackling current global challenges, especially amid lacklustre SDG progress, widespread conflict, and growing polarization and authoritarian trends worldwide.",0_4,16_0,,No Relationship
Addressing spillovers thus becomes crucial for ensuring that domestic progress in achieving the SDGs is not realized via externalizing negative effects abroad.,"The Summit of the Future needs to demonstrate that international cooperation is possible and effective in tackling current global challenges, especially amid lacklustre SDG progress, widespread conflict, and growing polarization and authoritarian trends worldwide.",0_5,16_0,,No Relationship
"Developed within the Development Working Group, the Action Plans aim to enhance policy coherence and coordination across all G20 work streams for the SDGs achievement.","The Summit of the Future needs to demonstrate that international cooperation is possible and effective in tackling current global challenges, especially amid lacklustre SDG progress, widespread conflict, and growing polarization and authoritarian trends worldwide.",0_6,16_0,,No Relationship
"The G20 needs to use the action-oriented momentum of this Summit to accelerate the implementation of the 2030 Agenda by reducing spillover effects and increasing global policy coherence, a lever to tackle slowing and counterproductive effects on the SDGs.","The Summit of the Future needs to demonstrate that international cooperation is possible and effective in tackling current global challenges, especially amid lacklustre SDG progress, widespread conflict, and growing polarization and authoritarian trends worldwide.",0_7,16_0,,No Relationship
The G20 will have included international spillovers in its updated 2030 Agenda Action Plan and agreed on concrete actions to improve the monitoring of spillover effects and on peer learning mechanisms to co-design appropriate policies to address spillover effects.,"The Summit of the Future needs to demonstrate that international cooperation is possible and effective in tackling current global challenges, especially amid lacklustre SDG progress, widespread conflict, and growing polarization and authoritarian trends worldwide.",0_8,16_0,,No Relationship
Establish inclusive processes that bring together stakeholders to co-develop multilateral policies and partnerships,The G20 is an important international forum to promote the implementation of the 2030 Agenda for Sustainable Development.,17_0,0_0,,No Relationship
Establish inclusive processes that bring together stakeholders to co-develop multilateral policies and partnerships,A major obstacle to sustainable development worldwide that has so far received little attention are negative international spillover effects.,17_0,0_1,,No Relationship
Establish inclusive processes that bring together stakeholders to co-develop multilateral policies and partnerships,"All countries, and especially the G20 given their combined economic weight, must better understand, monitor and manage their spillovers to allow all countries to meet the SDGs.",17_0,0_2,,No Relationship
Establish inclusive processes that bring together stakeholders to co-develop multilateral policies and partnerships,"At the Agenda’s midpoint, however, the world is substantially off track.",17_0,0_3,,No Relationship
Establish inclusive processes that bring together stakeholders to co-develop multilateral policies and partnerships,"Therefore, at the SDG Summit in 2023, heads of state called for accelerated global action towards sustainable development.",17_0,0_4,,No Relationship
Establish inclusive processes that bring together stakeholders to co-develop multilateral policies and partnerships,Addressing spillovers thus becomes crucial for ensuring that domestic progress in achieving the SDGs is not realized via externalizing negative effects abroad.,17_0,0_5,,No Relationship
Establish inclusive processes that bring together stakeholders to co-develop multilateral policies and partnerships,"Developed within the Development Working Group, the Action Plans aim to enhance policy coherence and coordination across all G20 work streams for the SDGs achievement.",17_0,0_6,,No Relationship
Establish inclusive processes that bring together stakeholders to co-develop multilateral policies and partnerships,"The G20 needs to use the action-oriented momentum of this Summit to accelerate the implementation of the 2030 Agenda by reducing spillover effects and increasing global policy coherence, a lever to tackle slowing and counterproductive effects on the SDGs.",17_0,0_7,,No Relationship
Establish inclusive processes that bring together stakeholders to co-develop multilateral policies and partnerships,The G20 will have included international spillovers in its updated 2030 Agenda Action Plan and agreed on concrete actions to improve the monitoring of spillover effects and on peer learning mechanisms to co-design appropriate policies to address spillover effects.,17_0,0_8,,No Relationship
The G20 is an important international forum to promote the implementation of the 2030 Agenda for Sustainable Development,The G20 is an important international forum to promote the implementation of the 2030 Agenda for Sustainable Development.,17_1,0_0,,Rephrase
The G20 is an important international forum to promote the implementation of the 2030 Agenda for Sustainable Development,A major obstacle to sustainable development worldwide that has so far received little attention are negative international spillover effects.,17_1,0_1,,No Relationship
The G20 is an important international forum to promote the implementation of the 2030 Agenda for Sustainable Development,"All countries, and especially the G20 given their combined economic weight, must better understand, monitor and manage their spillovers to allow all countries to meet the SDGs.",17_1,0_2,,No Relationship
The G20 is an important international forum to promote the implementation of the 2030 Agenda for Sustainable Development,"At the Agenda’s midpoint, however, the world is substantially off track.",17_1,0_3,,No Relationship
The G20 is an important international forum to promote the implementation of the 2030 Agenda for Sustainable Development,"Therefore, at the SDG Summit in 2023, heads of state called for accelerated global action towards sustainable development.",17_1,0_4,,No Relationship
The G20 is an important international forum to promote the implementation of the 2030 Agenda for Sustainable Development,Addressing spillovers thus becomes crucial for ensuring that domestic progress in achieving the SDGs is not realized via externalizing negative effects abroad.,17_1,0_5,,No Relationship
The G20 is an important international forum to promote the implementation of the 2030 Agenda for Sustainable Development,"Developed within the Development Working Group, the Action Plans aim to enhance policy coherence and coordination across all G20 work streams for the SDGs achievement.",17_1,0_6,,No Relationship
The G20 is an important international forum to promote the implementation of the 2030 Agenda for Sustainable Development,"The G20 needs to use the action-oriented momentum of this Summit to accelerate the implementation of the 2030 Agenda by reducing spillover effects and increasing global policy coherence, a lever to tackle slowing and counterproductive effects on the SDGs.",17_1,0_7,,No Relationship
The G20 is an important international forum to promote the implementation of the 2030 Agenda for Sustainable Development,The G20 will have included international spillovers in its updated 2030 Agenda Action Plan and agreed on concrete actions to improve the monitoring of spillover effects and on peer learning mechanisms to co-design appropriate policies to address spillover effects.,17_1,0_8,,No Relationship
"Curbing negative international spillovers requires multilateral solutions, especially across resource-rich and high income consumer countries",The G20 is an important international forum to promote the implementation of the 2030 Agenda for Sustainable Development.,17_2,0_0,,No Relationship
"Curbing negative international spillovers requires multilateral solutions, especially across resource-rich and high income consumer countries",A major obstacle to sustainable development worldwide that has so far received little attention are negative international spillover effects.,17_2,0_1,,No Relationship
"Curbing negative international spillovers requires multilateral solutions, especially across resource-rich and high income consumer countries","All countries, and especially the G20 given their combined economic weight, must better understand, monitor and manage their spillovers to allow all countries to meet the SDGs.",17_2,0_2,,No Relationship
"Curbing negative international spillovers requires multilateral solutions, especially across resource-rich and high income consumer countries","At the Agenda’s midpoint, however, the world is substantially off track.",17_2,0_3,,No Relationship
"Curbing negative international spillovers requires multilateral solutions, especially across resource-rich and high income consumer countries","Therefore, at the SDG Summit in 2023, heads of state called for accelerated global action towards sustainable development.",17_2,0_4,,No Relationship
"Curbing negative international spillovers requires multilateral solutions, especially across resource-rich and high income consumer countries",Addressing spillovers thus becomes crucial for ensuring that domestic progress in achieving the SDGs is not realized via externalizing negative effects abroad.,17_2,0_5,,No Relationship
"Curbing negative international spillovers requires multilateral solutions, especially across resource-rich and high income consumer countries","Developed within the Development Working Group, the Action Plans aim to enhance policy coherence and coordination across all G20 work streams for the SDGs achievement.",17_2,0_6,,No Relationship
"Curbing negative international spillovers requires multilateral solutions, especially across resource-rich and high income consumer countries","The G20 needs to use the action-oriented momentum of this Summit to accelerate the implementation of the 2030 Agenda by reducing spillover effects and increasing global policy coherence, a lever to tackle slowing and counterproductive effects on the SDGs.",17_2,0_7,,No Relationship
"Curbing negative international spillovers requires multilateral solutions, especially across resource-rich and high income consumer countries",The G20 will have included international spillovers in its updated 2030 Agenda Action Plan and agreed on concrete actions to improve the monitoring of spillover effects and on peer learning mechanisms to co-design appropriate policies to address spillover effects.,17_2,0_8,,No Relationship
"The G20’s immediate aim should be to build momentum for a successful Summit of the Future by restoring trust through high-level policy discussions on international spillovers, which have the potential to accelerate the SDG progress",The G20 is an important international forum to promote the implementation of the 2030 Agenda for Sustainable Development.,17_3,0_0,,No Relationship
"The G20’s immediate aim should be to build momentum for a successful Summit of the Future by restoring trust through high-level policy discussions on international spillovers, which have the potential to accelerate the SDG progress",A major obstacle to sustainable development worldwide that has so far received little attention are negative international spillover effects.,17_3,0_1,,No Relationship
"The G20’s immediate aim should be to build momentum for a successful Summit of the Future by restoring trust through high-level policy discussions on international spillovers, which have the potential to accelerate the SDG progress","All countries, and especially the G20 given their combined economic weight, must better understand, monitor and manage their spillovers to allow all countries to meet the SDGs.",17_3,0_2,,No Relationship
"The G20’s immediate aim should be to build momentum for a successful Summit of the Future by restoring trust through high-level policy discussions on international spillovers, which have the potential to accelerate the SDG progress","At the Agenda’s midpoint, however, the world is substantially off track.",17_3,0_3,,No Relationship
"The G20’s immediate aim should be to build momentum for a successful Summit of the Future by restoring trust through high-level policy discussions on international spillovers, which have the potential to accelerate the SDG progress","Therefore, at the SDG Summit in 2023, heads of state called for accelerated global action towards sustainable development.",17_3,0_4,,No Relationship
"The G20’s immediate aim should be to build momentum for a successful Summit of the Future by restoring trust through high-level policy discussions on international spillovers, which have the potential to accelerate the SDG progress",Addressing spillovers thus becomes crucial for ensuring that domestic progress in achieving the SDGs is not realized via externalizing negative effects abroad.,17_3,0_5,,No Relationship
"The G20’s immediate aim should be to build momentum for a successful Summit of the Future by restoring trust through high-level policy discussions on international spillovers, which have the potential to accelerate the SDG progress","Developed within the Development Working Group, the Action Plans aim to enhance policy coherence and coordination across all G20 work streams for the SDGs achievement.",17_3,0_6,,No Relationship
"The G20’s immediate aim should be to build momentum for a successful Summit of the Future by restoring trust through high-level policy discussions on international spillovers, which have the potential to accelerate the SDG progress","The G20 needs to use the action-oriented momentum of this Summit to accelerate the implementation of the 2030 Agenda by reducing spillover effects and increasing global policy coherence, a lever to tackle slowing and counterproductive effects on the SDGs.",17_3,0_7,,No Relationship
"The G20’s immediate aim should be to build momentum for a successful Summit of the Future by restoring trust through high-level policy discussions on international spillovers, which have the potential to accelerate the SDG progress",The G20 will have included international spillovers in its updated 2030 Agenda Action Plan and agreed on concrete actions to improve the monitoring of spillover effects and on peer learning mechanisms to co-design appropriate policies to address spillover effects.,17_3,0_8,,No Relationship
"A critical, yet underappreciated, factor in achieving the SDGs is addressing “spillover effects”. Namely, how a country’s actions affect other countries’ efforts to achieve the SDGs. These externalities, or spillovers, must be understood, monitored, and managed effectively through actions by the countries causing them and through international partnerships.",The G20 is an important international forum to promote the implementation of the 2030 Agenda for Sustainable Development.,17_4,0_0,,No Relationship
"A critical, yet underappreciated, factor in achieving the SDGs is addressing “spillover effects”. Namely, how a country’s actions affect other countries’ efforts to achieve the SDGs. These externalities, or spillovers, must be understood, monitored, and managed effectively through actions by the countries causing them and through international partnerships.",A major obstacle to sustainable development worldwide that has so far received little attention are negative international spillover effects.,17_4,0_1,,No Relationship
"A critical, yet underappreciated, factor in achieving the SDGs is addressing “spillover effects”. Namely, how a country’s actions affect other countries’ efforts to achieve the SDGs. These externalities, or spillovers, must be understood, monitored, and managed effectively through actions by the countries causing them and through international partnerships.","All countries, and especially the G20 given their combined economic weight, must better understand, monitor and manage their spillovers to allow all countries to meet the SDGs.",17_4,0_2,,No Relationship
"A critical, yet underappreciated, factor in achieving the SDGs is addressing “spillover effects”. Namely, how a country’s actions affect other countries’ efforts to achieve the SDGs. These externalities, or spillovers, must be understood, monitored, and managed effectively through actions by the countries causing them and through international partnerships.","At the Agenda’s midpoint, however, the world is substantially off track.",17_4,0_3,,No Relationship
"A critical, yet underappreciated, factor in achieving the SDGs is addressing “spillover effects”. Namely, how a country’s actions affect other countries’ efforts to achieve the SDGs. These externalities, or spillovers, must be understood, monitored, and managed effectively through actions by the countries causing them and through international partnerships.","Therefore, at the SDG Summit in 2023, heads of state called for accelerated global action towards sustainable development.",17_4,0_4,,No Relationship
"A critical, yet underappreciated, factor in achieving the SDGs is addressing “spillover effects”. Namely, how a country’s actions affect other countries’ efforts to achieve the SDGs. These externalities, or spillovers, must be understood, monitored, and managed effectively through actions by the countries causing them and through international partnerships.",Addressing spillovers thus becomes crucial for ensuring that domestic progress in achieving the SDGs is not realized via externalizing negative effects abroad.,17_4,0_5,,No Relationship
"A critical, yet underappreciated, factor in achieving the SDGs is addressing “spillover effects”. Namely, how a country’s actions affect other countries’ efforts to achieve the SDGs. These externalities, or spillovers, must be understood, monitored, and managed effectively through actions by the countries causing them and through international partnerships.","Developed within the Development Working Group, the Action Plans aim to enhance policy coherence and coordination across all G20 work streams for the SDGs achievement.",17_4,0_6,,No Relationship
"A critical, yet underappreciated, factor in achieving the SDGs is addressing “spillover effects”. Namely, how a country’s actions affect other countries’ efforts to achieve the SDGs. These externalities, or spillovers, must be understood, monitored, and managed effectively through actions by the countries causing them and through international partnerships.","The G20 needs to use the action-oriented momentum of this Summit to accelerate the implementation of the 2030 Agenda by reducing spillover effects and increasing global policy coherence, a lever to tackle slowing and counterproductive effects on the SDGs.",17_4,0_7,,No Relationship
"A critical, yet underappreciated, factor in achieving the SDGs is addressing “spillover effects”. Namely, how a country’s actions affect other countries’ efforts to achieve the SDGs. These externalities, or spillovers, must be understood, monitored, and managed effectively through actions by the countries causing them and through international partnerships.",The G20 will have included international spillovers in its updated 2030 Agenda Action Plan and agreed on concrete actions to improve the monitoring of spillover effects and on peer learning mechanisms to co-design appropriate policies to address spillover effects.,17_4,0_8,,No Relationship
"Ultimately, curbing negative spillovers requires multilateral solutions, especially between resource-rich and labor-rich countries with high income consumer countries.",The G20 is an important international forum to promote the implementation of the 2030 Agenda for Sustainable Development.,17_5,0_0,,No Relationship
"Ultimately, curbing negative spillovers requires multilateral solutions, especially between resource-rich and labor-rich countries with high income consumer countries.",A major obstacle to sustainable development worldwide that has so far received little attention are negative international spillover effects.,17_5,0_1,,No Relationship
"Ultimately, curbing negative spillovers requires multilateral solutions, especially between resource-rich and labor-rich countries with high income consumer countries.","All countries, and especially the G20 given their combined economic weight, must better understand, monitor and manage their spillovers to allow all countries to meet the SDGs.",17_5,0_2,,No Relationship
"Ultimately, curbing negative spillovers requires multilateral solutions, especially between resource-rich and labor-rich countries with high income consumer countries.","At the Agenda’s midpoint, however, the world is substantially off track.",17_5,0_3,,No Relationship
"Ultimately, curbing negative spillovers requires multilateral solutions, especially between resource-rich and labor-rich countries with high income consumer countries.","Therefore, at the SDG Summit in 2023, heads of state called for accelerated global action towards sustainable development.",17_5,0_4,,No Relationship
"Ultimately, curbing negative spillovers requires multilateral solutions, especially between resource-rich and labor-rich countries with high income consumer countries.",Addressing spillovers thus becomes crucial for ensuring that domestic progress in achieving the SDGs is not realized via externalizing negative effects abroad.,17_5,0_5,,No Relationship
"Ultimately, curbing negative spillovers requires multilateral solutions, especially between resource-rich and labor-rich countries with high income consumer countries.","Developed within the Development Working Group, the Action Plans aim to enhance policy coherence and coordination across all G20 work streams for the SDGs achievement.",17_5,0_6,,No Relationship
"Ultimately, curbing negative spillovers requires multilateral solutions, especially between resource-rich and labor-rich countries with high income consumer countries.","The G20 needs to use the action-oriented momentum of this Summit to accelerate the implementation of the 2030 Agenda by reducing spillover effects and increasing global policy coherence, a lever to tackle slowing and counterproductive effects on the SDGs.",17_5,0_7,,No Relationship
"Ultimately, curbing negative spillovers requires multilateral solutions, especially between resource-rich and labor-rich countries with high income consumer countries.",The G20 will have included international spillovers in its updated 2030 Agenda Action Plan and agreed on concrete actions to improve the monitoring of spillover effects and on peer learning mechanisms to co-design appropriate policies to address spillover effects.,17_5,0_8,,No Relationship
"Given the global nature of this challenge, the G20 is a suitable platform for tackling international spillovers.",The G20 is an important international forum to promote the implementation of the 2030 Agenda for Sustainable Development.,17_6,0_0,,No Relationship
"Given the global nature of this challenge, the G20 is a suitable platform for tackling international spillovers.",A major obstacle to sustainable development worldwide that has so far received little attention are negative international spillover effects.,17_6,0_1,,No Relationship
"Given the global nature of this challenge, the G20 is a suitable platform for tackling international spillovers.","All countries, and especially the G20 given their combined economic weight, must better understand, monitor and manage their spillovers to allow all countries to meet the SDGs.",17_6,0_2,,No Relationship
"Given the global nature of this challenge, the G20 is a suitable platform for tackling international spillovers.","At the Agenda’s midpoint, however, the world is substantially off track.",17_6,0_3,,No Relationship
"Given the global nature of this challenge, the G20 is a suitable platform for tackling international spillovers.","Therefore, at the SDG Summit in 2023, heads of state called for accelerated global action towards sustainable development.",17_6,0_4,,No Relationship
"Given the global nature of this challenge, the G20 is a suitable platform for tackling international spillovers.",Addressing spillovers thus becomes crucial for ensuring that domestic progress in achieving the SDGs is not realized via externalizing negative effects abroad.,17_6,0_5,,No Relationship
"Given the global nature of this challenge, the G20 is a suitable platform for tackling international spillovers.","Developed within the Development Working Group, the Action Plans aim to enhance policy coherence and coordination across all G20 work streams for the SDGs achievement.",17_6,0_6,,No Relationship
"Given the global nature of this challenge, the G20 is a suitable platform for tackling international spillovers.","The G20 needs to use the action-oriented momentum of this Summit to accelerate the implementation of the 2030 Agenda by reducing spillover effects and increasing global policy coherence, a lever to tackle slowing and counterproductive effects on the SDGs.",17_6,0_7,,No Relationship
"Given the global nature of this challenge, the G20 is a suitable platform for tackling international spillovers.",The G20 will have included international spillovers in its updated 2030 Agenda Action Plan and agreed on concrete actions to improve the monitoring of spillover effects and on peer learning mechanisms to co-design appropriate policies to address spillover effects.,17_6,0_8,,No Relationship
2) Establish inclusive processes that bring together stakeholders to co-develop multilateral policies and partnerships;,The G20 is an important international forum to promote the implementation of the 2030 Agenda for Sustainable Development.,17_7,0_0,,No Relationship
2) Establish inclusive processes that bring together stakeholders to co-develop multilateral policies and partnerships;,A major obstacle to sustainable development worldwide that has so far received little attention are negative international spillover effects.,17_7,0_1,,No Relationship
2) Establish inclusive processes that bring together stakeholders to co-develop multilateral policies and partnerships;,"All countries, and especially the G20 given their combined economic weight, must better understand, monitor and manage their spillovers to allow all countries to meet the SDGs.",17_7,0_2,,No Relationship
2) Establish inclusive processes that bring together stakeholders to co-develop multilateral policies and partnerships;,"At the Agenda’s midpoint, however, the world is substantially off track.",17_7,0_3,,No Relationship
2) Establish inclusive processes that bring together stakeholders to co-develop multilateral policies and partnerships;,"Therefore, at the SDG Summit in 2023, heads of state called for accelerated global action towards sustainable development.",17_7,0_4,,No Relationship
2) Establish inclusive processes that bring together stakeholders to co-develop multilateral policies and partnerships;,Addressing spillovers thus becomes crucial for ensuring that domestic progress in achieving the SDGs is not realized via externalizing negative effects abroad.,17_7,0_5,,No Relationship
2) Establish inclusive processes that bring together stakeholders to co-develop multilateral policies and partnerships;,"Developed within the Development Working Group, the Action Plans aim to enhance policy coherence and coordination across all G20 work streams for the SDGs achievement.",17_7,0_6,,No Relationship
2) Establish inclusive processes that bring together stakeholders to co-develop multilateral policies and partnerships;,"The G20 needs to use the action-oriented momentum of this Summit to accelerate the implementation of the 2030 Agenda by reducing spillover effects and increasing global policy coherence, a lever to tackle slowing and counterproductive effects on the SDGs.",17_7,0_7,,No Relationship
2) Establish inclusive processes that bring together stakeholders to co-develop multilateral policies and partnerships;,The G20 will have included international spillovers in its updated 2030 Agenda Action Plan and agreed on concrete actions to improve the monitoring of spillover effects and on peer learning mechanisms to co-design appropriate policies to address spillover effects.,17_7,0_8,,No Relationship
"The G20’s immediate aim should be to build momentum for a successful Summit of the Future by restoring trust through high-level policy discussions on international spillover effects, which have the potential to accelerate progress on the SDGs.",The G20 is an important international forum to promote the implementation of the 2030 Agenda for Sustainable Development.,17_8,0_0,,No Relationship
"The G20’s immediate aim should be to build momentum for a successful Summit of the Future by restoring trust through high-level policy discussions on international spillover effects, which have the potential to accelerate progress on the SDGs.",A major obstacle to sustainable development worldwide that has so far received little attention are negative international spillover effects.,17_8,0_1,,No Relationship
"The G20’s immediate aim should be to build momentum for a successful Summit of the Future by restoring trust through high-level policy discussions on international spillover effects, which have the potential to accelerate progress on the SDGs.","All countries, and especially the G20 given their combined economic weight, must better understand, monitor and manage their spillovers to allow all countries to meet the SDGs.",17_8,0_2,,No Relationship
"The G20’s immediate aim should be to build momentum for a successful Summit of the Future by restoring trust through high-level policy discussions on international spillover effects, which have the potential to accelerate progress on the SDGs.","At the Agenda’s midpoint, however, the world is substantially off track.",17_8,0_3,,No Relationship
"The G20’s immediate aim should be to build momentum for a successful Summit of the Future by restoring trust through high-level policy discussions on international spillover effects, which have the potential to accelerate progress on the SDGs.","Therefore, at the SDG Summit in 2023, heads of state called for accelerated global action towards sustainable development.",17_8,0_4,,No Relationship
"The G20’s immediate aim should be to build momentum for a successful Summit of the Future by restoring trust through high-level policy discussions on international spillover effects, which have the potential to accelerate progress on the SDGs.",Addressing spillovers thus becomes crucial for ensuring that domestic progress in achieving the SDGs is not realized via externalizing negative effects abroad.,17_8,0_5,,No Relationship
"The G20’s immediate aim should be to build momentum for a successful Summit of the Future by restoring trust through high-level policy discussions on international spillover effects, which have the potential to accelerate progress on the SDGs.","Developed within the Development Working Group, the Action Plans aim to enhance policy coherence and coordination across all G20 work streams for the SDGs achievement.",17_8,0_6,,No Relationship
"The G20’s immediate aim should be to build momentum for a successful Summit of the Future by restoring trust through high-level policy discussions on international spillover effects, which have the potential to accelerate progress on the SDGs.","The G20 needs to use the action-oriented momentum of this Summit to accelerate the implementation of the 2030 Agenda by reducing spillover effects and increasing global policy coherence, a lever to tackle slowing and counterproductive effects on the SDGs.",17_8,0_7,,Attack
"The G20’s immediate aim should be to build momentum for a successful Summit of the Future by restoring trust through high-level policy discussions on international spillover effects, which have the potential to accelerate progress on the SDGs.",The G20 will have included international spillovers in its updated 2030 Agenda Action Plan and agreed on concrete actions to improve the monitoring of spillover effects and on peer learning mechanisms to co-design appropriate policies to address spillover effects.,17_8,0_8,,No Relationship
"To tackle spillovers effectively, G20 countries must assist low and middle income countries in strengthening their statistical capacity.",The G20 is an important international forum to promote the implementation of the 2030 Agenda for Sustainable Development.,17_9,0_0,,No Relationship
"To tackle spillovers effectively, G20 countries must assist low and middle income countries in strengthening their statistical capacity.",A major obstacle to sustainable development worldwide that has so far received little attention are negative international spillover effects.,17_9,0_1,,No Relationship
"To tackle spillovers effectively, G20 countries must assist low and middle income countries in strengthening their statistical capacity.","All countries, and especially the G20 given their combined economic weight, must better understand, monitor and manage their spillovers to allow all countries to meet the SDGs.",17_9,0_2,,No Relationship
"To tackle spillovers effectively, G20 countries must assist low and middle income countries in strengthening their statistical capacity.","At the Agenda’s midpoint, however, the world is substantially off track.",17_9,0_3,,No Relationship
"To tackle spillovers effectively, G20 countries must assist low and middle income countries in strengthening their statistical capacity.","Therefore, at the SDG Summit in 2023, heads of state called for accelerated global action towards sustainable development.",17_9,0_4,,No Relationship
"To tackle spillovers effectively, G20 countries must assist low and middle income countries in strengthening their statistical capacity.",Addressing spillovers thus becomes crucial for ensuring that domestic progress in achieving the SDGs is not realized via externalizing negative effects abroad.,17_9,0_5,,No Relationship
"To tackle spillovers effectively, G20 countries must assist low and middle income countries in strengthening their statistical capacity.","Developed within the Development Working Group, the Action Plans aim to enhance policy coherence and coordination across all G20 work streams for the SDGs achievement.",17_9,0_6,,No Relationship
"To tackle spillovers effectively, G20 countries must assist low and middle income countries in strengthening their statistical capacity.","The G20 needs to use the action-oriented momentum of this Summit to accelerate the implementation of the 2030 Agenda by reducing spillover effects and increasing global policy coherence, a lever to tackle slowing and counterproductive effects on the SDGs.",17_9,0_7,,No Relationship
"To tackle spillovers effectively, G20 countries must assist low and middle income countries in strengthening their statistical capacity.",The G20 will have included international spillovers in its updated 2030 Agenda Action Plan and agreed on concrete actions to improve the monitoring of spillover effects and on peer learning mechanisms to co-design appropriate policies to address spillover effects.,17_9,0_8,,No Relationship
"This is consistent with SDG target 17.19, which calls for supporting statistical capacity building in developing countries and tracks, via indicator 17.19.1, financial assistance to developing countries for this purpose.",The G20 is an important international forum to promote the implementation of the 2030 Agenda for Sustainable Development.,17_10,0_0,,No Relationship
"This is consistent with SDG target 17.19, which calls for supporting statistical capacity building in developing countries and tracks, via indicator 17.19.1, financial assistance to developing countries for this purpose.",A major obstacle to sustainable development worldwide that has so far received little attention are negative international spillover effects.,17_10,0_1,,No Relationship
"This is consistent with SDG target 17.19, which calls for supporting statistical capacity building in developing countries and tracks, via indicator 17.19.1, financial assistance to developing countries for this purpose.","All countries, and especially the G20 given their combined economic weight, must better understand, monitor and manage their spillovers to allow all countries to meet the SDGs.",17_10,0_2,,No Relationship
"This is consistent with SDG target 17.19, which calls for supporting statistical capacity building in developing countries and tracks, via indicator 17.19.1, financial assistance to developing countries for this purpose.","At the Agenda’s midpoint, however, the world is substantially off track.",17_10,0_3,,No Relationship
"This is consistent with SDG target 17.19, which calls for supporting statistical capacity building in developing countries and tracks, via indicator 17.19.1, financial assistance to developing countries for this purpose.","Therefore, at the SDG Summit in 2023, heads of state called for accelerated global action towards sustainable development.",17_10,0_4,,No Relationship
"This is consistent with SDG target 17.19, which calls for supporting statistical capacity building in developing countries and tracks, via indicator 17.19.1, financial assistance to developing countries for this purpose.",Addressing spillovers thus becomes crucial for ensuring that domestic progress in achieving the SDGs is not realized via externalizing negative effects abroad.,17_10,0_5,,No Relationship
"This is consistent with SDG target 17.19, which calls for supporting statistical capacity building in developing countries and tracks, via indicator 17.19.1, financial assistance to developing countries for this purpose.","Developed within the Development Working Group, the Action Plans aim to enhance policy coherence and coordination across all G20 work streams for the SDGs achievement.",17_10,0_6,,No Relationship
"This is consistent with SDG target 17.19, which calls for supporting statistical capacity building in developing countries and tracks, via indicator 17.19.1, financial assistance to developing countries for this purpose.","The G20 needs to use the action-oriented momentum of this Summit to accelerate the implementation of the 2030 Agenda by reducing spillover effects and increasing global policy coherence, a lever to tackle slowing and counterproductive effects on the SDGs.",17_10,0_7,,No Relationship
"This is consistent with SDG target 17.19, which calls for supporting statistical capacity building in developing countries and tracks, via indicator 17.19.1, financial assistance to developing countries for this purpose.",The G20 will have included international spillovers in its updated 2030 Agenda Action Plan and agreed on concrete actions to improve the monitoring of spillover effects and on peer learning mechanisms to co-design appropriate policies to address spillover effects.,17_10,0_8,,No Relationship
"The G20 should, therefore, create and support new inclusive platforms and partnerships to ensure that production processes include robust safeguards to protect the environment and human rights.",The G20 is an important international forum to promote the implementation of the 2030 Agenda for Sustainable Development.,17_11,0_0,,No Relationship
"The G20 should, therefore, create and support new inclusive platforms and partnerships to ensure that production processes include robust safeguards to protect the environment and human rights.",A major obstacle to sustainable development worldwide that has so far received little attention are negative international spillover effects.,17_11,0_1,,No Relationship
"The G20 should, therefore, create and support new inclusive platforms and partnerships to ensure that production processes include robust safeguards to protect the environment and human rights.","All countries, and especially the G20 given their combined economic weight, must better understand, monitor and manage their spillovers to allow all countries to meet the SDGs.",17_11,0_2,,No Relationship
"The G20 should, therefore, create and support new inclusive platforms and partnerships to ensure that production processes include robust safeguards to protect the environment and human rights.","At the Agenda’s midpoint, however, the world is substantially off track.",17_11,0_3,,No Relationship
"The G20 should, therefore, create and support new inclusive platforms and partnerships to ensure that production processes include robust safeguards to protect the environment and human rights.","Therefore, at the SDG Summit in 2023, heads of state called for accelerated global action towards sustainable development.",17_11,0_4,,No Relationship
"The G20 should, therefore, create and support new inclusive platforms and partnerships to ensure that production processes include robust safeguards to protect the environment and human rights.",Addressing spillovers thus becomes crucial for ensuring that domestic progress in achieving the SDGs is not realized via externalizing negative effects abroad.,17_11,0_5,,No Relationship
"The G20 should, therefore, create and support new inclusive platforms and partnerships to ensure that production processes include robust safeguards to protect the environment and human rights.","Developed within the Development Working Group, the Action Plans aim to enhance policy coherence and coordination across all G20 work streams for the SDGs achievement.",17_11,0_6,,No Relationship
"The G20 should, therefore, create and support new inclusive platforms and partnerships to ensure that production processes include robust safeguards to protect the environment and human rights.","The G20 needs to use the action-oriented momentum of this Summit to accelerate the implementation of the 2030 Agenda by reducing spillover effects and increasing global policy coherence, a lever to tackle slowing and counterproductive effects on the SDGs.",17_11,0_7,,No Relationship
"The G20 should, therefore, create and support new inclusive platforms and partnerships to ensure that production processes include robust safeguards to protect the environment and human rights.",The G20 will have included international spillovers in its updated 2030 Agenda Action Plan and agreed on concrete actions to improve the monitoring of spillover effects and on peer learning mechanisms to co-design appropriate policies to address spillover effects.,17_11,0_8,,No Relationship
"The G20 should endorse and expand such initiatives, ensuring their effectiveness.",The G20 is an important international forum to promote the implementation of the 2030 Agenda for Sustainable Development.,17_12,0_0,,No Relationship
"The G20 should endorse and expand such initiatives, ensuring their effectiveness.",A major obstacle to sustainable development worldwide that has so far received little attention are negative international spillover effects.,17_12,0_1,,No Relationship
"The G20 should endorse and expand such initiatives, ensuring their effectiveness.","All countries, and especially the G20 given their combined economic weight, must better understand, monitor and manage their spillovers to allow all countries to meet the SDGs.",17_12,0_2,,No Relationship
"The G20 should endorse and expand such initiatives, ensuring their effectiveness.","At the Agenda’s midpoint, however, the world is substantially off track.",17_12,0_3,,No Relationship
"The G20 should endorse and expand such initiatives, ensuring their effectiveness.","Therefore, at the SDG Summit in 2023, heads of state called for accelerated global action towards sustainable development.",17_12,0_4,,No Relationship
"The G20 should endorse and expand such initiatives, ensuring their effectiveness.",Addressing spillovers thus becomes crucial for ensuring that domestic progress in achieving the SDGs is not realized via externalizing negative effects abroad.,17_12,0_5,,No Relationship
"The G20 should endorse and expand such initiatives, ensuring their effectiveness.","Developed within the Development Working Group, the Action Plans aim to enhance policy coherence and coordination across all G20 work streams for the SDGs achievement.",17_12,0_6,,No Relationship
"The G20 should endorse and expand such initiatives, ensuring their effectiveness.","The G20 needs to use the action-oriented momentum of this Summit to accelerate the implementation of the 2030 Agenda by reducing spillover effects and increasing global policy coherence, a lever to tackle slowing and counterproductive effects on the SDGs.",17_12,0_7,,No Relationship
"The G20 should endorse and expand such initiatives, ensuring their effectiveness.",The G20 will have included international spillovers in its updated 2030 Agenda Action Plan and agreed on concrete actions to improve the monitoring of spillover effects and on peer learning mechanisms to co-design appropriate policies to address spillover effects.,17_12,0_8,,No Relationship
"The G20, serving as a high-level forum, is well positioned to facilitate dialogue on spillover effects.",The G20 is an important international forum to promote the implementation of the 2030 Agenda for Sustainable Development.,17_13,0_0,,No Relationship
"The G20, serving as a high-level forum, is well positioned to facilitate dialogue on spillover effects.",A major obstacle to sustainable development worldwide that has so far received little attention are negative international spillover effects.,17_13,0_1,,No Relationship
"The G20, serving as a high-level forum, is well positioned to facilitate dialogue on spillover effects.","All countries, and especially the G20 given their combined economic weight, must better understand, monitor and manage their spillovers to allow all countries to meet the SDGs.",17_13,0_2,,No Relationship
"The G20, serving as a high-level forum, is well positioned to facilitate dialogue on spillover effects.","At the Agenda’s midpoint, however, the world is substantially off track.",17_13,0_3,,No Relationship
"The G20, serving as a high-level forum, is well positioned to facilitate dialogue on spillover effects.","Therefore, at the SDG Summit in 2023, heads of state called for accelerated global action towards sustainable development.",17_13,0_4,,No Relationship
"The G20, serving as a high-level forum, is well positioned to facilitate dialogue on spillover effects.",Addressing spillovers thus becomes crucial for ensuring that domestic progress in achieving the SDGs is not realized via externalizing negative effects abroad.,17_13,0_5,,No Relationship
"The G20, serving as a high-level forum, is well positioned to facilitate dialogue on spillover effects.","Developed within the Development Working Group, the Action Plans aim to enhance policy coherence and coordination across all G20 work streams for the SDGs achievement.",17_13,0_6,,No Relationship
"The G20, serving as a high-level forum, is well positioned to facilitate dialogue on spillover effects.","The G20 needs to use the action-oriented momentum of this Summit to accelerate the implementation of the 2030 Agenda by reducing spillover effects and increasing global policy coherence, a lever to tackle slowing and counterproductive effects on the SDGs.",17_13,0_7,,No Relationship
"The G20, serving as a high-level forum, is well positioned to facilitate dialogue on spillover effects.",The G20 will have included international spillovers in its updated 2030 Agenda Action Plan and agreed on concrete actions to improve the monitoring of spillover effects and on peer learning mechanisms to co-design appropriate policies to address spillover effects.,17_13,0_8,,No Relationship
"Leveraging its various working groups (such as the working groups on Development, Trade and Investment, Employment, and Climate and Environmental Sustainability), the G20 should lead a dedicated agenda to curb negative spillover effects.",The G20 is an important international forum to promote the implementation of the 2030 Agenda for Sustainable Development.,17_14,0_0,,No Relationship
"Leveraging its various working groups (such as the working groups on Development, Trade and Investment, Employment, and Climate and Environmental Sustainability), the G20 should lead a dedicated agenda to curb negative spillover effects.",A major obstacle to sustainable development worldwide that has so far received little attention are negative international spillover effects.,17_14,0_1,,No Relationship
"Leveraging its various working groups (such as the working groups on Development, Trade and Investment, Employment, and Climate and Environmental Sustainability), the G20 should lead a dedicated agenda to curb negative spillover effects.","All countries, and especially the G20 given their combined economic weight, must better understand, monitor and manage their spillovers to allow all countries to meet the SDGs.",17_14,0_2,,No Relationship
"Leveraging its various working groups (such as the working groups on Development, Trade and Investment, Employment, and Climate and Environmental Sustainability), the G20 should lead a dedicated agenda to curb negative spillover effects.","At the Agenda’s midpoint, however, the world is substantially off track.",17_14,0_3,,No Relationship
"Leveraging its various working groups (such as the working groups on Development, Trade and Investment, Employment, and Climate and Environmental Sustainability), the G20 should lead a dedicated agenda to curb negative spillover effects.","Therefore, at the SDG Summit in 2023, heads of state called for accelerated global action towards sustainable development.",17_14,0_4,,No Relationship
"Leveraging its various working groups (such as the working groups on Development, Trade and Investment, Employment, and Climate and Environmental Sustainability), the G20 should lead a dedicated agenda to curb negative spillover effects.",Addressing spillovers thus becomes crucial for ensuring that domestic progress in achieving the SDGs is not realized via externalizing negative effects abroad.,17_14,0_5,,No Relationship
"Leveraging its various working groups (such as the working groups on Development, Trade and Investment, Employment, and Climate and Environmental Sustainability), the G20 should lead a dedicated agenda to curb negative spillover effects.","Developed within the Development Working Group, the Action Plans aim to enhance policy coherence and coordination across all G20 work streams for the SDGs achievement.",17_14,0_6,,No Relationship
"Leveraging its various working groups (such as the working groups on Development, Trade and Investment, Employment, and Climate and Environmental Sustainability), the G20 should lead a dedicated agenda to curb negative spillover effects.","The G20 needs to use the action-oriented momentum of this Summit to accelerate the implementation of the 2030 Agenda by reducing spillover effects and increasing global policy coherence, a lever to tackle slowing and counterproductive effects on the SDGs.",17_14,0_7,,No Relationship
"Leveraging its various working groups (such as the working groups on Development, Trade and Investment, Employment, and Climate and Environmental Sustainability), the G20 should lead a dedicated agenda to curb negative spillover effects.",The G20 will have included international spillovers in its updated 2030 Agenda Action Plan and agreed on concrete actions to improve the monitoring of spillover effects and on peer learning mechanisms to co-design appropriate policies to address spillover effects.,17_14,0_8,,No Relationship
Joint workshops among the relevant G20 working groups should be a first step towards developing a structured agenda for upcoming G20 presidencies.,The G20 is an important international forum to promote the implementation of the 2030 Agenda for Sustainable Development.,17_15,0_0,,No Relationship
Joint workshops among the relevant G20 working groups should be a first step towards developing a structured agenda for upcoming G20 presidencies.,A major obstacle to sustainable development worldwide that has so far received little attention are negative international spillover effects.,17_15,0_1,,No Relationship
Joint workshops among the relevant G20 working groups should be a first step towards developing a structured agenda for upcoming G20 presidencies.,"All countries, and especially the G20 given their combined economic weight, must better understand, monitor and manage their spillovers to allow all countries to meet the SDGs.",17_15,0_2,,No Relationship
Joint workshops among the relevant G20 working groups should be a first step towards developing a structured agenda for upcoming G20 presidencies.,"At the Agenda’s midpoint, however, the world is substantially off track.",17_15,0_3,,No Relationship
Joint workshops among the relevant G20 working groups should be a first step towards developing a structured agenda for upcoming G20 presidencies.,"Therefore, at the SDG Summit in 2023, heads of state called for accelerated global action towards sustainable development.",17_15,0_4,,No Relationship
Joint workshops among the relevant G20 working groups should be a first step towards developing a structured agenda for upcoming G20 presidencies.,Addressing spillovers thus becomes crucial for ensuring that domestic progress in achieving the SDGs is not realized via externalizing negative effects abroad.,17_15,0_5,,No Relationship
Joint workshops among the relevant G20 working groups should be a first step towards developing a structured agenda for upcoming G20 presidencies.,"Developed within the Development Working Group, the Action Plans aim to enhance policy coherence and coordination across all G20 work streams for the SDGs achievement.",17_15,0_6,,No Relationship
Joint workshops among the relevant G20 working groups should be a first step towards developing a structured agenda for upcoming G20 presidencies.,"The G20 needs to use the action-oriented momentum of this Summit to accelerate the implementation of the 2030 Agenda by reducing spillover effects and increasing global policy coherence, a lever to tackle slowing and counterproductive effects on the SDGs.",17_15,0_7,,No Relationship
Joint workshops among the relevant G20 working groups should be a first step towards developing a structured agenda for upcoming G20 presidencies.,The G20 will have included international spillovers in its updated 2030 Agenda Action Plan and agreed on concrete actions to improve the monitoring of spillover effects and on peer learning mechanisms to co-design appropriate policies to address spillover effects.,17_15,0_8,,No Relationship
"Developed within the Development Working Group, the Action Plans aim to enhance policy coherence and coordination across all G20 work streams for the SDGs achievement.",The G20 is an important international forum to promote the implementation of the 2030 Agenda for Sustainable Development.,17_16,0_0,,No Relationship
"Developed within the Development Working Group, the Action Plans aim to enhance policy coherence and coordination across all G20 work streams for the SDGs achievement.",A major obstacle to sustainable development worldwide that has so far received little attention are negative international spillover effects.,17_16,0_1,,No Relationship
"Developed within the Development Working Group, the Action Plans aim to enhance policy coherence and coordination across all G20 work streams for the SDGs achievement.","All countries, and especially the G20 given their combined economic weight, must better understand, monitor and manage their spillovers to allow all countries to meet the SDGs.",17_16,0_2,,No Relationship
"Developed within the Development Working Group, the Action Plans aim to enhance policy coherence and coordination across all G20 work streams for the SDGs achievement.","At the Agenda’s midpoint, however, the world is substantially off track.",17_16,0_3,,No Relationship
"Developed within the Development Working Group, the Action Plans aim to enhance policy coherence and coordination across all G20 work streams for the SDGs achievement.","Therefore, at the SDG Summit in 2023, heads of state called for accelerated global action towards sustainable development.",17_16,0_4,,No Relationship
"Developed within the Development Working Group, the Action Plans aim to enhance policy coherence and coordination across all G20 work streams for the SDGs achievement.",Addressing spillovers thus becomes crucial for ensuring that domestic progress in achieving the SDGs is not realized via externalizing negative effects abroad.,17_16,0_5,,No Relationship
"Developed within the Development Working Group, the Action Plans aim to enhance policy coherence and coordination across all G20 work streams for the SDGs achievement.","Developed within the Development Working Group, the Action Plans aim to enhance policy coherence and coordination across all G20 work streams for the SDGs achievement.",17_16,0_6,,Rephrase
"Developed within the Development Working Group, the Action Plans aim to enhance policy coherence and coordination across all G20 work streams for the SDGs achievement.","The G20 needs to use the action-oriented momentum of this Summit to accelerate the implementation of the 2030 Agenda by reducing spillover effects and increasing global policy coherence, a lever to tackle slowing and counterproductive effects on the SDGs.",17_16,0_7,,No Relationship
"Developed within the Development Working Group, the Action Plans aim to enhance policy coherence and coordination across all G20 work streams for the SDGs achievement.",The G20 will have included international spillovers in its updated 2030 Agenda Action Plan and agreed on concrete actions to improve the monitoring of spillover effects and on peer learning mechanisms to co-design appropriate policies to address spillover effects.,17_16,0_8,,No Relationship
"The Summit of the Future needs to demonstrate that international cooperation is possible and effective in tackling current global challenges, especially amid lacklustre SDG progress, widespread conflict, and growing polarization and authoritarian trends worldwide.",The G20 is an important international forum to promote the implementation of the 2030 Agenda for Sustainable Development.,17_17,0_0,,No Relationship
"The Summit of the Future needs to demonstrate that international cooperation is possible and effective in tackling current global challenges, especially amid lacklustre SDG progress, widespread conflict, and growing polarization and authoritarian trends worldwide.",A major obstacle to sustainable development worldwide that has so far received little attention are negative international spillover effects.,17_17,0_1,,No Relationship
"The Summit of the Future needs to demonstrate that international cooperation is possible and effective in tackling current global challenges, especially amid lacklustre SDG progress, widespread conflict, and growing polarization and authoritarian trends worldwide.","All countries, and especially the G20 given their combined economic weight, must better understand, monitor and manage their spillovers to allow all countries to meet the SDGs.",17_17,0_2,,No Relationship
"The Summit of the Future needs to demonstrate that international cooperation is possible and effective in tackling current global challenges, especially amid lacklustre SDG progress, widespread conflict, and growing polarization and authoritarian trends worldwide.","At the Agenda’s midpoint, however, the world is substantially off track.",17_17,0_3,,No Relationship
"The Summit of the Future needs to demonstrate that international cooperation is possible and effective in tackling current global challenges, especially amid lacklustre SDG progress, widespread conflict, and growing polarization and authoritarian trends worldwide.","Therefore, at the SDG Summit in 2023, heads of state called for accelerated global action towards sustainable development.",17_17,0_4,,No Relationship
"The Summit of the Future needs to demonstrate that international cooperation is possible and effective in tackling current global challenges, especially amid lacklustre SDG progress, widespread conflict, and growing polarization and authoritarian trends worldwide.",Addressing spillovers thus becomes crucial for ensuring that domestic progress in achieving the SDGs is not realized via externalizing negative effects abroad.,17_17,0_5,,No Relationship
"The Summit of the Future needs to demonstrate that international cooperation is possible and effective in tackling current global challenges, especially amid lacklustre SDG progress, widespread conflict, and growing polarization and authoritarian trends worldwide.","Developed within the Development Working Group, the Action Plans aim to enhance policy coherence and coordination across all G20 work streams for the SDGs achievement.",17_17,0_6,,No Relationship
"The Summit of the Future needs to demonstrate that international cooperation is possible and effective in tackling current global challenges, especially amid lacklustre SDG progress, widespread conflict, and growing polarization and authoritarian trends worldwide.","The G20 needs to use the action-oriented momentum of this Summit to accelerate the implementation of the 2030 Agenda by reducing spillover effects and increasing global policy coherence, a lever to tackle slowing and counterproductive effects on the SDGs.",17_17,0_7,,No Relationship
"The Summit of the Future needs to demonstrate that international cooperation is possible and effective in tackling current global challenges, especially amid lacklustre SDG progress, widespread conflict, and growing polarization and authoritarian trends worldwide.",The G20 will have included international spillovers in its updated 2030 Agenda Action Plan and agreed on concrete actions to improve the monitoring of spillover effects and on peer learning mechanisms to co-design appropriate policies to address spillover effects.,17_17,0_8,,No Relationship
"The G20 needs to use the action-oriented momentum of this Summit to accelerate the implementation of the 2030 Agenda by reducing spillover effects and increasing global policy coherence, a lever to tackle slowing and counterproductive effects on the SDGs.",The G20 is an important international forum to promote the implementation of the 2030 Agenda for Sustainable Development.,17_18,0_0,,No Relationship
"The G20 needs to use the action-oriented momentum of this Summit to accelerate the implementation of the 2030 Agenda by reducing spillover effects and increasing global policy coherence, a lever to tackle slowing and counterproductive effects on the SDGs.",A major obstacle to sustainable development worldwide that has so far received little attention are negative international spillover effects.,17_18,0_1,,No Relationship
"The G20 needs to use the action-oriented momentum of this Summit to accelerate the implementation of the 2030 Agenda by reducing spillover effects and increasing global policy coherence, a lever to tackle slowing and counterproductive effects on the SDGs.","All countries, and especially the G20 given their combined economic weight, must better understand, monitor and manage their spillovers to allow all countries to meet the SDGs.",17_18,0_2,,No Relationship
"The G20 needs to use the action-oriented momentum of this Summit to accelerate the implementation of the 2030 Agenda by reducing spillover effects and increasing global policy coherence, a lever to tackle slowing and counterproductive effects on the SDGs.","At the Agenda’s midpoint, however, the world is substantially off track.",17_18,0_3,,No Relationship
"The G20 needs to use the action-oriented momentum of this Summit to accelerate the implementation of the 2030 Agenda by reducing spillover effects and increasing global policy coherence, a lever to tackle slowing and counterproductive effects on the SDGs.","Therefore, at the SDG Summit in 2023, heads of state called for accelerated global action towards sustainable development.",17_18,0_4,,No Relationship
"The G20 needs to use the action-oriented momentum of this Summit to accelerate the implementation of the 2030 Agenda by reducing spillover effects and increasing global policy coherence, a lever to tackle slowing and counterproductive effects on the SDGs.",Addressing spillovers thus becomes crucial for ensuring that domestic progress in achieving the SDGs is not realized via externalizing negative effects abroad.,17_18,0_5,,No Relationship
"The G20 needs to use the action-oriented momentum of this Summit to accelerate the implementation of the 2030 Agenda by reducing spillover effects and increasing global policy coherence, a lever to tackle slowing and counterproductive effects on the SDGs.","Developed within the Development Working Group, the Action Plans aim to enhance policy coherence and coordination across all G20 work streams for the SDGs achievement.",17_18,0_6,,No Relationship
"The G20 needs to use the action-oriented momentum of this Summit to accelerate the implementation of the 2030 Agenda by reducing spillover effects and increasing global policy coherence, a lever to tackle slowing and counterproductive effects on the SDGs.","The G20 needs to use the action-oriented momentum of this Summit to accelerate the implementation of the 2030 Agenda by reducing spillover effects and increasing global policy coherence, a lever to tackle slowing and counterproductive effects on the SDGs.",17_18,0_7,,Rephrase
"The G20 needs to use the action-oriented momentum of this Summit to accelerate the implementation of the 2030 Agenda by reducing spillover effects and increasing global policy coherence, a lever to tackle slowing and counterproductive effects on the SDGs.",The G20 will have included international spillovers in its updated 2030 Agenda Action Plan and agreed on concrete actions to improve the monitoring of spillover effects and on peer learning mechanisms to co-design appropriate policies to address spillover effects.,17_18,0_8,,No Relationship
"Under a positive scenario, the G20 (especially through its Development Working Group) will be able to foster a high-level policy dialogue on the importance of international spillover effects as an important factor to accelerate the achievement of the SDGs.",The G20 is an important international forum to promote the implementation of the 2030 Agenda for Sustainable Development.,17_19,0_0,,No Relationship
"Under a positive scenario, the G20 (especially through its Development Working Group) will be able to foster a high-level policy dialogue on the importance of international spillover effects as an important factor to accelerate the achievement of the SDGs.",A major obstacle to sustainable development worldwide that has so far received little attention are negative international spillover effects.,17_19,0_1,,No Relationship
"Under a positive scenario, the G20 (especially through its Development Working Group) will be able to foster a high-level policy dialogue on the importance of international spillover effects as an important factor to accelerate the achievement of the SDGs.","All countries, and especially the G20 given their combined economic weight, must better understand, monitor and manage their spillovers to allow all countries to meet the SDGs.",17_19,0_2,,No Relationship
"Under a positive scenario, the G20 (especially through its Development Working Group) will be able to foster a high-level policy dialogue on the importance of international spillover effects as an important factor to accelerate the achievement of the SDGs.","At the Agenda’s midpoint, however, the world is substantially off track.",17_19,0_3,,No Relationship
"Under a positive scenario, the G20 (especially through its Development Working Group) will be able to foster a high-level policy dialogue on the importance of international spillover effects as an important factor to accelerate the achievement of the SDGs.","Therefore, at the SDG Summit in 2023, heads of state called for accelerated global action towards sustainable development.",17_19,0_4,,No Relationship
"Under a positive scenario, the G20 (especially through its Development Working Group) will be able to foster a high-level policy dialogue on the importance of international spillover effects as an important factor to accelerate the achievement of the SDGs.",Addressing spillovers thus becomes crucial for ensuring that domestic progress in achieving the SDGs is not realized via externalizing negative effects abroad.,17_19,0_5,,No Relationship
"Under a positive scenario, the G20 (especially through its Development Working Group) will be able to foster a high-level policy dialogue on the importance of international spillover effects as an important factor to accelerate the achievement of the SDGs.","Developed within the Development Working Group, the Action Plans aim to enhance policy coherence and coordination across all G20 work streams for the SDGs achievement.",17_19,0_6,,No Relationship
"Under a positive scenario, the G20 (especially through its Development Working Group) will be able to foster a high-level policy dialogue on the importance of international spillover effects as an important factor to accelerate the achievement of the SDGs.","The G20 needs to use the action-oriented momentum of this Summit to accelerate the implementation of the 2030 Agenda by reducing spillover effects and increasing global policy coherence, a lever to tackle slowing and counterproductive effects on the SDGs.",17_19,0_7,,No Relationship
"Under a positive scenario, the G20 (especially through its Development Working Group) will be able to foster a high-level policy dialogue on the importance of international spillover effects as an important factor to accelerate the achievement of the SDGs.",The G20 will have included international spillovers in its updated 2030 Agenda Action Plan and agreed on concrete actions to improve the monitoring of spillover effects and on peer learning mechanisms to co-design appropriate policies to address spillover effects.,17_19,0_8,,No Relationship
"however, these important initiatives have been unilateral policy instruments that, largely, have not considered perspectives from the affected economies, potentially resulting in trade-offs (e.g., higher unemployment and poverty)","The 2023 Action Plan, under the Indian presidency, called for action in three key areas: digital transformation, gender equality, and just transitions.",1_0,5_0,,No Relationship
"however, these important initiatives have been unilateral policy instruments that, largely, have not considered perspectives from the affected economies, potentially resulting in trade-offs (e.g., higher unemployment and poverty)","The first JETP, launched at the COP-26, mobilizes $8.5 billion to 1) replace coal with renewable energy; 2) expand electric vehicles use; and 3) establish a green hydrogen industry in South Africa.",1_0,7_0,,No Relationship
"however, these important initiatives have been unilateral policy instruments that, largely, have not considered perspectives from the affected economies, potentially resulting in trade-offs (e.g., higher unemployment and poverty)","JETPs provide a blend of financing instruments, including concessional loans, grants, and guaranteed private funds, to support countries’ decarbonization efforts, especially those that are dependent on coal",1_0,7_1,,No Relationship
"G20 countries should also track these effects against time-bound quantitative targets to hold themselves accountable for mitigating negative spillovers, such as labor exploitation (e.g., modern slavery and fatal accidents at work).","however, these important initiatives have been unilateral policy instruments that, largely, have not considered perspectives from the affected economies, potentially resulting in trade-offs (e.g., higher unemployment and poverty)",8_0,1_0,,No Relationship
"Targets for trade-related spillovers should cover environmental and social impacts linked to global value chains, such as GHG emissions, air pollution, resource depletion (e.g., material footprints), and labor exploitation (e.g., modern slavery and fatal accidents at work).","however, these important initiatives have been unilateral policy instruments that, largely, have not considered perspectives from the affected economies, potentially resulting in trade-offs (e.g., higher unemployment and poverty)",8_1,1_0,,No Relationship
"The partnership mobilizes stakeholders to facilitate an energy transition, but it will be important that implementation of the JETP addresses the social consequences of decarbonization (e.g., coal miners’ unemployment; Pilling, 2022).","however, these important initiatives have been unilateral policy instruments that, largely, have not considered perspectives from the affected economies, potentially resulting in trade-offs (e.g., higher unemployment and poverty)",8_2,1_0,,No Relationship
Negative spillovers may reinforce existing international injustices and divergences between countries of different income categories and regions.,"however, these important initiatives have been unilateral policy instruments that, largely, have not considered perspectives from the affected economies, potentially resulting in trade-offs (e.g., higher unemployment and poverty)",10_0,1_0,,No Relationship
"The 2023 Action Plan, under the Indian presidency, called for action in three key areas: digital transformation, gender equality, and just transitions.","however, these important initiatives have been unilateral policy instruments that, largely, have not considered perspectives from the affected economies, potentially resulting in trade-offs (e.g., higher unemployment and poverty)",10_1,1_0,,No Relationship
"G20 countries should also track these effects against time-bound quantitative targets to hold themselves accountable for mitigating negative spillovers, such as resource depletion (e.g., material footprints)","however, these important initiatives have been unilateral policy instruments that, largely, have not considered perspectives from the affected economies, potentially resulting in trade-offs (e.g., higher unemployment and poverty)",12_0,1_0,,No Relationship
"however, these important initiatives have been unilateral policy instruments that, largely, have not considered perspectives from the affected economies, potentially resulting in trade-offs (e.g., higher unemployment and poverty)","For instance, in some G20 economies (e.g., Germany, France, the UK), offshore GHG emissions are more than 40 percent of their total GHG footprint (Figure 2).",1_0,13_0,,No Relationship
"however, these important initiatives have been unilateral policy instruments that, largely, have not considered perspectives from the affected economies, potentially resulting in trade-offs (e.g., higher unemployment and poverty)","JETPs provide a blend of financing instruments, including concessional loans, grants, and guaranteed private funds, to support countries’ decarbonization efforts, especially those that are dependent on coal",1_0,13_1,,No Relationship
"however, these important initiatives have been unilateral policy instruments that, largely, have not considered perspectives from the affected economies, potentially resulting in trade-offs (e.g., higher unemployment and poverty)","The first JETP, launched at the COP-26, mobilizes $8.5 billion to 1) replace coal with renewable energy; 2) expand electric vehicles use; and 3) establish a green hydrogen industry in South Africa",1_0,13_2,,No Relationship
"however, these important initiatives have been unilateral policy instruments that, largely, have not considered perspectives from the affected economies, potentially resulting in trade-offs (e.g., higher unemployment and poverty)","The partnership mobilizes stakeholders to facilitate an energy transition, but it will be important that implementation of the JETP addresses the social consequences of decarbonization (e.g., coal miners’ unemployment; Pilling, 2022)",1_0,13_3,,No Relationship
"The Summit of the Future needs to demonstrate that international cooperation is possible and effective in tackling current global challenges, especially amid lacklustre SDG progress, widespread conflict, and growing polarization and authoritarian trends worldwide.","however, these important initiatives have been unilateral policy instruments that, largely, have not considered perspectives from the affected economies, potentially resulting in trade-offs (e.g., higher unemployment and poverty)",16_0,1_0,,No Relationship
"however, these important initiatives have been unilateral policy instruments that, largely, have not considered perspectives from the affected economies, potentially resulting in trade-offs (e.g., higher unemployment and poverty)",Establish inclusive processes that bring together stakeholders to co-develop multilateral policies and partnerships,1_0,17_0,,Attack
"however, these important initiatives have been unilateral policy instruments that, largely, have not considered perspectives from the affected economies, potentially resulting in trade-offs (e.g., higher unemployment and poverty)",The G20 is an important international forum to promote the implementation of the 2030 Agenda for Sustainable Development,1_0,17_1,,No Relationship
"however, these important initiatives have been unilateral policy instruments that, largely, have not considered perspectives from the affected economies, potentially resulting in trade-offs (e.g., higher unemployment and poverty)","Curbing negative international spillovers requires multilateral solutions, especially across resource-rich and high income consumer countries",1_0,17_2,,No Relationship
"however, these important initiatives have been unilateral policy instruments that, largely, have not considered perspectives from the affected economies, potentially resulting in trade-offs (e.g., higher unemployment and poverty)","The G20’s immediate aim should be to build momentum for a successful Summit of the Future by restoring trust through high-level policy discussions on international spillovers, which have the potential to accelerate the SDG progress",1_0,17_3,,No Relationship
"however, these important initiatives have been unilateral policy instruments that, largely, have not considered perspectives from the affected economies, potentially resulting in trade-offs (e.g., higher unemployment and poverty)","A critical, yet underappreciated, factor in achieving the SDGs is addressing “spillover effects”. Namely, how a country’s actions affect other countries’ efforts to achieve the SDGs. These externalities, or spillovers, must be understood, monitored, and managed effectively through actions by the countries causing them and through international partnerships.",1_0,17_4,,No Relationship
"however, these important initiatives have been unilateral policy instruments that, largely, have not considered perspectives from the affected economies, potentially resulting in trade-offs (e.g., higher unemployment and poverty)","Ultimately, curbing negative spillovers requires multilateral solutions, especially between resource-rich and labor-rich countries with high income consumer countries.",1_0,17_5,,No Relationship
"however, these important initiatives have been unilateral policy instruments that, largely, have not considered perspectives from the affected economies, potentially resulting in trade-offs (e.g., higher unemployment and poverty)","Given the global nature of this challenge, the G20 is a suitable platform for tackling international spillovers.",1_0,17_6,,No Relationship
"however, these important initiatives have been unilateral policy instruments that, largely, have not considered perspectives from the affected economies, potentially resulting in trade-offs (e.g., higher unemployment and poverty)",2) Establish inclusive processes that bring together stakeholders to co-develop multilateral policies and partnerships;,1_0,17_7,,No Relationship
"however, these important initiatives have been unilateral policy instruments that, largely, have not considered perspectives from the affected economies, potentially resulting in trade-offs (e.g., higher unemployment and poverty)","The G20’s immediate aim should be to build momentum for a successful Summit of the Future by restoring trust through high-level policy discussions on international spillover effects, which have the potential to accelerate progress on the SDGs.",1_0,17_8,,No Relationship
"however, these important initiatives have been unilateral policy instruments that, largely, have not considered perspectives from the affected economies, potentially resulting in trade-offs (e.g., higher unemployment and poverty)","To tackle spillovers effectively, G20 countries must assist low and middle income countries in strengthening their statistical capacity.",1_0,17_9,,No Relationship
"however, these important initiatives have been unilateral policy instruments that, largely, have not considered perspectives from the affected economies, potentially resulting in trade-offs (e.g., higher unemployment and poverty)","This is consistent with SDG target 17.19, which calls for supporting statistical capacity building in developing countries and tracks, via indicator 17.19.1, financial assistance to developing countries for this purpose.",1_0,17_10,,No Relationship
"however, these important initiatives have been unilateral policy instruments that, largely, have not considered perspectives from the affected economies, potentially resulting in trade-offs (e.g., higher unemployment and poverty)","The G20 should, therefore, create and support new inclusive platforms and partnerships to ensure that production processes include robust safeguards to protect the environment and human rights.",1_0,17_11,,No Relationship
"however, these important initiatives have been unilateral policy instruments that, largely, have not considered perspectives from the affected economies, potentially resulting in trade-offs (e.g., higher unemployment and poverty)","The G20 should endorse and expand such initiatives, ensuring their effectiveness.",1_0,17_12,,No Relationship
"however, these important initiatives have been unilateral policy instruments that, largely, have not considered perspectives from the affected economies, potentially resulting in trade-offs (e.g., higher unemployment and poverty)","The G20, serving as a high-level forum, is well positioned to facilitate dialogue on spillover effects.",1_0,17_13,,No Relationship
"however, these important initiatives have been unilateral policy instruments that, largely, have not considered perspectives from the affected economies, potentially resulting in trade-offs (e.g., higher unemployment and poverty)","Leveraging its various working groups (such as the working groups on Development, Trade and Investment, Employment, and Climate and Environmental Sustainability), the G20 should lead a dedicated agenda to curb negative spillover effects.",1_0,17_14,,No Relationship
"however, these important initiatives have been unilateral policy instruments that, largely, have not considered perspectives from the affected economies, potentially resulting in trade-offs (e.g., higher unemployment and poverty)",Joint workshops among the relevant G20 working groups should be a first step towards developing a structured agenda for upcoming G20 presidencies.,1_0,17_15,,No Relationship
"however, these important initiatives have been unilateral policy instruments that, largely, have not considered perspectives from the affected economies, potentially resulting in trade-offs (e.g., higher unemployment and poverty)","Developed within the Development Working Group, the Action Plans aim to enhance policy coherence and coordination across all G20 work streams for the SDGs achievement.",1_0,17_16,,No Relationship
"however, these important initiatives have been unilateral policy instruments that, largely, have not considered perspectives from the affected economies, potentially resulting in trade-offs (e.g., higher unemployment and poverty)","The Summit of the Future needs to demonstrate that international cooperation is possible and effective in tackling current global challenges, especially amid lacklustre SDG progress, widespread conflict, and growing polarization and authoritarian trends worldwide.",1_0,17_17,,No Relationship
"however, these important initiatives have been unilateral policy instruments that, largely, have not considered perspectives from the affected economies, potentially resulting in trade-offs (e.g., higher unemployment and poverty)","The G20 needs to use the action-oriented momentum of this Summit to accelerate the implementation of the 2030 Agenda by reducing spillover effects and increasing global policy coherence, a lever to tackle slowing and counterproductive effects on the SDGs.",1_0,17_18,,No Relationship
"however, these important initiatives have been unilateral policy instruments that, largely, have not considered perspectives from the affected economies, potentially resulting in trade-offs (e.g., higher unemployment and poverty)","Under a positive scenario, the G20 (especially through its Development Working Group) will be able to foster a high-level policy dialogue on the importance of international spillover effects as an important factor to accelerate the achievement of the SDGs.",1_0,17_19,,No Relationship
"The 2023 Action Plan, under the Indian presidency, called for action in three key areas: digital transformation, gender equality, and just transitions.","The first JETP, launched at the COP-26, mobilizes $8.5 billion to 1) replace coal with renewable energy; 2) expand electric vehicles use; and 3) establish a green hydrogen industry in South Africa.",5_0,7_0,,Attack
"The 2023 Action Plan, under the Indian presidency, called for action in three key areas: digital transformation, gender equality, and just transitions.","JETPs provide a blend of financing instruments, including concessional loans, grants, and guaranteed private funds, to support countries’ decarbonization efforts, especially those that are dependent on coal",5_0,7_1,,No Relationship
"G20 countries should also track these effects against time-bound quantitative targets to hold themselves accountable for mitigating negative spillovers, such as labor exploitation (e.g., modern slavery and fatal accidents at work).","The 2023 Action Plan, under the Indian presidency, called for action in three key areas: digital transformation, gender equality, and just transitions.",8_0,5_0,,No Relationship
"Targets for trade-related spillovers should cover environmental and social impacts linked to global value chains, such as GHG emissions, air pollution, resource depletion (e.g., material footprints), and labor exploitation (e.g., modern slavery and fatal accidents at work).","The 2023 Action Plan, under the Indian presidency, called for action in three key areas: digital transformation, gender equality, and just transitions.",8_1,5_0,,No Relationship
"The partnership mobilizes stakeholders to facilitate an energy transition, but it will be important that implementation of the JETP addresses the social consequences of decarbonization (e.g., coal miners’ unemployment; Pilling, 2022).","The 2023 Action Plan, under the Indian presidency, called for action in three key areas: digital transformation, gender equality, and just transitions.",8_2,5_0,,No Relationship
Negative spillovers may reinforce existing international injustices and divergences between countries of different income categories and regions.,"The 2023 Action Plan, under the Indian presidency, called for action in three key areas: digital transformation, gender equality, and just transitions.",10_0,5_0,,No Relationship
"The 2023 Action Plan, under the Indian presidency, called for action in three key areas: digital transformation, gender equality, and just transitions.","The 2023 Action Plan, under the Indian presidency, called for action in three key areas: digital transformation, gender equality, and just transitions.",10_1,5_0,,Rephrase
"G20 countries should also track these effects against time-bound quantitative targets to hold themselves accountable for mitigating negative spillovers, such as resource depletion (e.g., material footprints)","The 2023 Action Plan, under the Indian presidency, called for action in three key areas: digital transformation, gender equality, and just transitions.",12_0,5_0,,No Relationship
"The 2023 Action Plan, under the Indian presidency, called for action in three key areas: digital transformation, gender equality, and just transitions.","For instance, in some G20 economies (e.g., Germany, France, the UK), offshore GHG emissions are more than 40 percent of their total GHG footprint (Figure 2).",5_0,13_0,,No Relationship
"The 2023 Action Plan, under the Indian presidency, called for action in three key areas: digital transformation, gender equality, and just transitions.","JETPs provide a blend of financing instruments, including concessional loans, grants, and guaranteed private funds, to support countries’ decarbonization efforts, especially those that are dependent on coal",5_0,13_1,,No Relationship
"The 2023 Action Plan, under the Indian presidency, called for action in three key areas: digital transformation, gender equality, and just transitions.","The first JETP, launched at the COP-26, mobilizes $8.5 billion to 1) replace coal with renewable energy; 2) expand electric vehicles use; and 3) establish a green hydrogen industry in South Africa",5_0,13_2,,No Relationship
"The 2023 Action Plan, under the Indian presidency, called for action in three key areas: digital transformation, gender equality, and just transitions.","The partnership mobilizes stakeholders to facilitate an energy transition, but it will be important that implementation of the JETP addresses the social consequences of decarbonization (e.g., coal miners’ unemployment; Pilling, 2022)",5_0,13_3,,No Relationship
"The Summit of the Future needs to demonstrate that international cooperation is possible and effective in tackling current global challenges, especially amid lacklustre SDG progress, widespread conflict, and growing polarization and authoritarian trends worldwide.","The 2023 Action Plan, under the Indian presidency, called for action in three key areas: digital transformation, gender equality, and just transitions.",16_0,5_0,,No Relationship
"The 2023 Action Plan, under the Indian presidency, called for action in three key areas: digital transformation, gender equality, and just transitions.",Establish inclusive processes that bring together stakeholders to co-develop multilateral policies and partnerships,5_0,17_0,,No Relationship
"The 2023 Action Plan, under the Indian presidency, called for action in three key areas: digital transformation, gender equality, and just transitions.",The G20 is an important international forum to promote the implementation of the 2030 Agenda for Sustainable Development,5_0,17_1,,No Relationship
"The 2023 Action Plan, under the Indian presidency, called for action in three key areas: digital transformation, gender equality, and just transitions.","Curbing negative international spillovers requires multilateral solutions, especially across resource-rich and high income consumer countries",5_0,17_2,,No Relationship
"The 2023 Action Plan, under the Indian presidency, called for action in three key areas: digital transformation, gender equality, and just transitions.","The G20’s immediate aim should be to build momentum for a successful Summit of the Future by restoring trust through high-level policy discussions on international spillovers, which have the potential to accelerate the SDG progress",5_0,17_3,,No Relationship
"The 2023 Action Plan, under the Indian presidency, called for action in three key areas: digital transformation, gender equality, and just transitions.","A critical, yet underappreciated, factor in achieving the SDGs is addressing “spillover effects”. Namely, how a country’s actions affect other countries’ efforts to achieve the SDGs. These externalities, or spillovers, must be understood, monitored, and managed effectively through actions by the countries causing them and through international partnerships.",5_0,17_4,,No Relationship
"The 2023 Action Plan, under the Indian presidency, called for action in three key areas: digital transformation, gender equality, and just transitions.","Ultimately, curbing negative spillovers requires multilateral solutions, especially between resource-rich and labor-rich countries with high income consumer countries.",5_0,17_5,,No Relationship
"The 2023 Action Plan, under the Indian presidency, called for action in three key areas: digital transformation, gender equality, and just transitions.","Given the global nature of this challenge, the G20 is a suitable platform for tackling international spillovers.",5_0,17_6,,No Relationship
"The 2023 Action Plan, under the Indian presidency, called for action in three key areas: digital transformation, gender equality, and just transitions.",2) Establish inclusive processes that bring together stakeholders to co-develop multilateral policies and partnerships;,5_0,17_7,,No Relationship
"The 2023 Action Plan, under the Indian presidency, called for action in three key areas: digital transformation, gender equality, and just transitions.","The G20’s immediate aim should be to build momentum for a successful Summit of the Future by restoring trust through high-level policy discussions on international spillover effects, which have the potential to accelerate progress on the SDGs.",5_0,17_8,,No Relationship
"The 2023 Action Plan, under the Indian presidency, called for action in three key areas: digital transformation, gender equality, and just transitions.","To tackle spillovers effectively, G20 countries must assist low and middle income countries in strengthening their statistical capacity.",5_0,17_9,,No Relationship
"The 2023 Action Plan, under the Indian presidency, called for action in three key areas: digital transformation, gender equality, and just transitions.","This is consistent with SDG target 17.19, which calls for supporting statistical capacity building in developing countries and tracks, via indicator 17.19.1, financial assistance to developing countries for this purpose.",5_0,17_10,,No Relationship
"The 2023 Action Plan, under the Indian presidency, called for action in three key areas: digital transformation, gender equality, and just transitions.","The G20 should, therefore, create and support new inclusive platforms and partnerships to ensure that production processes include robust safeguards to protect the environment and human rights.",5_0,17_11,,No Relationship
"The 2023 Action Plan, under the Indian presidency, called for action in three key areas: digital transformation, gender equality, and just transitions.","The G20 should endorse and expand such initiatives, ensuring their effectiveness.",5_0,17_12,,No Relationship
"The 2023 Action Plan, under the Indian presidency, called for action in three key areas: digital transformation, gender equality, and just transitions.","The G20, serving as a high-level forum, is well positioned to facilitate dialogue on spillover effects.",5_0,17_13,,No Relationship
"The 2023 Action Plan, under the Indian presidency, called for action in three key areas: digital transformation, gender equality, and just transitions.","Leveraging its various working groups (such as the working groups on Development, Trade and Investment, Employment, and Climate and Environmental Sustainability), the G20 should lead a dedicated agenda to curb negative spillover effects.",5_0,17_14,,No Relationship
"The 2023 Action Plan, under the Indian presidency, called for action in three key areas: digital transformation, gender equality, and just transitions.",Joint workshops among the relevant G20 working groups should be a first step towards developing a structured agenda for upcoming G20 presidencies.,5_0,17_15,,No Relationship
"The 2023 Action Plan, under the Indian presidency, called for action in three key areas: digital transformation, gender equality, and just transitions.","Developed within the Development Working Group, the Action Plans aim to enhance policy coherence and coordination across all G20 work streams for the SDGs achievement.",5_0,17_16,,No Relationship
"The 2023 Action Plan, under the Indian presidency, called for action in three key areas: digital transformation, gender equality, and just transitions.","The Summit of the Future needs to demonstrate that international cooperation is possible and effective in tackling current global challenges, especially amid lacklustre SDG progress, widespread conflict, and growing polarization and authoritarian trends worldwide.",5_0,17_17,,No Relationship
"The 2023 Action Plan, under the Indian presidency, called for action in three key areas: digital transformation, gender equality, and just transitions.","The G20 needs to use the action-oriented momentum of this Summit to accelerate the implementation of the 2030 Agenda by reducing spillover effects and increasing global policy coherence, a lever to tackle slowing and counterproductive effects on the SDGs.",5_0,17_18,,No Relationship
"The 2023 Action Plan, under the Indian presidency, called for action in three key areas: digital transformation, gender equality, and just transitions.","Under a positive scenario, the G20 (especially through its Development Working Group) will be able to foster a high-level policy dialogue on the importance of international spillover effects as an important factor to accelerate the achievement of the SDGs.",5_0,17_19,,No Relationship
"G20 countries should also track these effects against time-bound quantitative targets to hold themselves accountable for mitigating negative spillovers, such as labor exploitation (e.g., modern slavery and fatal accidents at work).","The first JETP, launched at the COP-26, mobilizes $8.5 billion to 1) replace coal with renewable energy; 2) expand electric vehicles use; and 3) establish a green hydrogen industry in South Africa.",8_0,7_0,,No Relationship
"G20 countries should also track these effects against time-bound quantitative targets to hold themselves accountable for mitigating negative spillovers, such as labor exploitation (e.g., modern slavery and fatal accidents at work).","JETPs provide a blend of financing instruments, including concessional loans, grants, and guaranteed private funds, to support countries’ decarbonization efforts, especially those that are dependent on coal",8_0,7_1,,No Relationship
"Targets for trade-related spillovers should cover environmental and social impacts linked to global value chains, such as GHG emissions, air pollution, resource depletion (e.g., material footprints), and labor exploitation (e.g., modern slavery and fatal accidents at work).","The first JETP, launched at the COP-26, mobilizes $8.5 billion to 1) replace coal with renewable energy; 2) expand electric vehicles use; and 3) establish a green hydrogen industry in South Africa.",8_1,7_0,,No Relationship
"Targets for trade-related spillovers should cover environmental and social impacts linked to global value chains, such as GHG emissions, air pollution, resource depletion (e.g., material footprints), and labor exploitation (e.g., modern slavery and fatal accidents at work).","JETPs provide a blend of financing instruments, including concessional loans, grants, and guaranteed private funds, to support countries’ decarbonization efforts, especially those that are dependent on coal",8_1,7_1,,No Relationship
"The partnership mobilizes stakeholders to facilitate an energy transition, but it will be important that implementation of the JETP addresses the social consequences of decarbonization (e.g., coal miners’ unemployment; Pilling, 2022).","The first JETP, launched at the COP-26, mobilizes $8.5 billion to 1) replace coal with renewable energy; 2) expand electric vehicles use; and 3) establish a green hydrogen industry in South Africa.",8_2,7_0,,No Relationship
"The partnership mobilizes stakeholders to facilitate an energy transition, but it will be important that implementation of the JETP addresses the social consequences of decarbonization (e.g., coal miners’ unemployment; Pilling, 2022).","JETPs provide a blend of financing instruments, including concessional loans, grants, and guaranteed private funds, to support countries’ decarbonization efforts, especially those that are dependent on coal",8_2,7_1,,No Relationship
Negative spillovers may reinforce existing international injustices and divergences between countries of different income categories and regions.,"The first JETP, launched at the COP-26, mobilizes $8.5 billion to 1) replace coal with renewable energy; 2) expand electric vehicles use; and 3) establish a green hydrogen industry in South Africa.",10_0,7_0,,No Relationship
Negative spillovers may reinforce existing international injustices and divergences between countries of different income categories and regions.,"JETPs provide a blend of financing instruments, including concessional loans, grants, and guaranteed private funds, to support countries’ decarbonization efforts, especially those that are dependent on coal",10_0,7_1,,No Relationship
"The 2023 Action Plan, under the Indian presidency, called for action in three key areas: digital transformation, gender equality, and just transitions.","The first JETP, launched at the COP-26, mobilizes $8.5 billion to 1) replace coal with renewable energy; 2) expand electric vehicles use; and 3) establish a green hydrogen industry in South Africa.",10_1,7_0,,Attack
"The 2023 Action Plan, under the Indian presidency, called for action in three key areas: digital transformation, gender equality, and just transitions.","JETPs provide a blend of financing instruments, including concessional loans, grants, and guaranteed private funds, to support countries’ decarbonization efforts, especially those that are dependent on coal",10_1,7_1,,No Relationship
"G20 countries should also track these effects against time-bound quantitative targets to hold themselves accountable for mitigating negative spillovers, such as resource depletion (e.g., material footprints)","The first JETP, launched at the COP-26, mobilizes $8.5 billion to 1) replace coal with renewable energy; 2) expand electric vehicles use; and 3) establish a green hydrogen industry in South Africa.",12_0,7_0,,No Relationship
"G20 countries should also track these effects against time-bound quantitative targets to hold themselves accountable for mitigating negative spillovers, such as resource depletion (e.g., material footprints)","JETPs provide a blend of financing instruments, including concessional loans, grants, and guaranteed private funds, to support countries’ decarbonization efforts, especially those that are dependent on coal",12_0,7_1,,No Relationship
"The first JETP, launched at the COP-26, mobilizes $8.5 billion to 1) replace coal with renewable energy; 2) expand electric vehicles use; and 3) establish a green hydrogen industry in South Africa.","For instance, in some G20 economies (e.g., Germany, France, the UK), offshore GHG emissions are more than 40 percent of their total GHG footprint (Figure 2).",7_0,13_0,,No Relationship
"The first JETP, launched at the COP-26, mobilizes $8.5 billion to 1) replace coal with renewable energy; 2) expand electric vehicles use; and 3) establish a green hydrogen industry in South Africa.","JETPs provide a blend of financing instruments, including concessional loans, grants, and guaranteed private funds, to support countries’ decarbonization efforts, especially those that are dependent on coal",7_0,13_1,,No Relationship
"The first JETP, launched at the COP-26, mobilizes $8.5 billion to 1) replace coal with renewable energy; 2) expand electric vehicles use; and 3) establish a green hydrogen industry in South Africa.","The first JETP, launched at the COP-26, mobilizes $8.5 billion to 1) replace coal with renewable energy; 2) expand electric vehicles use; and 3) establish a green hydrogen industry in South Africa",7_0,13_2,,Support
"The first JETP, launched at the COP-26, mobilizes $8.5 billion to 1) replace coal with renewable energy; 2) expand electric vehicles use; and 3) establish a green hydrogen industry in South Africa.","The partnership mobilizes stakeholders to facilitate an energy transition, but it will be important that implementation of the JETP addresses the social consequences of decarbonization (e.g., coal miners’ unemployment; Pilling, 2022)",7_0,13_3,,No Relationship
"JETPs provide a blend of financing instruments, including concessional loans, grants, and guaranteed private funds, to support countries’ decarbonization efforts, especially those that are dependent on coal","For instance, in some G20 economies (e.g., Germany, France, the UK), offshore GHG emissions are more than 40 percent of their total GHG footprint (Figure 2).",7_1,13_0,,No Relationship
"JETPs provide a blend of financing instruments, including concessional loans, grants, and guaranteed private funds, to support countries’ decarbonization efforts, especially those that are dependent on coal","JETPs provide a blend of financing instruments, including concessional loans, grants, and guaranteed private funds, to support countries’ decarbonization efforts, especially those that are dependent on coal",7_1,13_1,,Rephrase
"JETPs provide a blend of financing instruments, including concessional loans, grants, and guaranteed private funds, to support countries’ decarbonization efforts, especially those that are dependent on coal","The first JETP, launched at the COP-26, mobilizes $8.5 billion to 1) replace coal with renewable energy; 2) expand electric vehicles use; and 3) establish a green hydrogen industry in South Africa",7_1,13_2,,No Relationship
"JETPs provide a blend of financing instruments, including concessional loans, grants, and guaranteed private funds, to support countries’ decarbonization efforts, especially those that are dependent on coal","The partnership mobilizes stakeholders to facilitate an energy transition, but it will be important that implementation of the JETP addresses the social consequences of decarbonization (e.g., coal miners’ unemployment; Pilling, 2022)",7_1,13_3,,No Relationship
"The Summit of the Future needs to demonstrate that international cooperation is possible and effective in tackling current global challenges, especially amid lacklustre SDG progress, widespread conflict, and growing polarization and authoritarian trends worldwide.","The first JETP, launched at the COP-26, mobilizes $8.5 billion to 1) replace coal with renewable energy; 2) expand electric vehicles use; and 3) establish a green hydrogen industry in South Africa.",16_0,7_0,,No Relationship
"The Summit of the Future needs to demonstrate that international cooperation is possible and effective in tackling current global challenges, especially amid lacklustre SDG progress, widespread conflict, and growing polarization and authoritarian trends worldwide.","JETPs provide a blend of financing instruments, including concessional loans, grants, and guaranteed private funds, to support countries’ decarbonization efforts, especially those that are dependent on coal",16_0,7_1,,No Relationship
"The first JETP, launched at the COP-26, mobilizes $8.5 billion to 1) replace coal with renewable energy; 2) expand electric vehicles use; and 3) establish a green hydrogen industry in South Africa.",Establish inclusive processes that bring together stakeholders to co-develop multilateral policies and partnerships,7_0,17_0,,No Relationship
"The first JETP, launched at the COP-26, mobilizes $8.5 billion to 1) replace coal with renewable energy; 2) expand electric vehicles use; and 3) establish a green hydrogen industry in South Africa.",The G20 is an important international forum to promote the implementation of the 2030 Agenda for Sustainable Development,7_0,17_1,,No Relationship
"The first JETP, launched at the COP-26, mobilizes $8.5 billion to 1) replace coal with renewable energy; 2) expand electric vehicles use; and 3) establish a green hydrogen industry in South Africa.","Curbing negative international spillovers requires multilateral solutions, especially across resource-rich and high income consumer countries",7_0,17_2,,No Relationship
"The first JETP, launched at the COP-26, mobilizes $8.5 billion to 1) replace coal with renewable energy; 2) expand electric vehicles use; and 3) establish a green hydrogen industry in South Africa.","The G20’s immediate aim should be to build momentum for a successful Summit of the Future by restoring trust through high-level policy discussions on international spillovers, which have the potential to accelerate the SDG progress",7_0,17_3,,No Relationship
"The first JETP, launched at the COP-26, mobilizes $8.5 billion to 1) replace coal with renewable energy; 2) expand electric vehicles use; and 3) establish a green hydrogen industry in South Africa.","A critical, yet underappreciated, factor in achieving the SDGs is addressing “spillover effects”. Namely, how a country’s actions affect other countries’ efforts to achieve the SDGs. These externalities, or spillovers, must be understood, monitored, and managed effectively through actions by the countries causing them and through international partnerships.",7_0,17_4,,No Relationship
"The first JETP, launched at the COP-26, mobilizes $8.5 billion to 1) replace coal with renewable energy; 2) expand electric vehicles use; and 3) establish a green hydrogen industry in South Africa.","Ultimately, curbing negative spillovers requires multilateral solutions, especially between resource-rich and labor-rich countries with high income consumer countries.",7_0,17_5,,No Relationship
"The first JETP, launched at the COP-26, mobilizes $8.5 billion to 1) replace coal with renewable energy; 2) expand electric vehicles use; and 3) establish a green hydrogen industry in South Africa.","Given the global nature of this challenge, the G20 is a suitable platform for tackling international spillovers.",7_0,17_6,,No Relationship
"The first JETP, launched at the COP-26, mobilizes $8.5 billion to 1) replace coal with renewable energy; 2) expand electric vehicles use; and 3) establish a green hydrogen industry in South Africa.",2) Establish inclusive processes that bring together stakeholders to co-develop multilateral policies and partnerships;,7_0,17_7,,No Relationship
"The first JETP, launched at the COP-26, mobilizes $8.5 billion to 1) replace coal with renewable energy; 2) expand electric vehicles use; and 3) establish a green hydrogen industry in South Africa.","The G20’s immediate aim should be to build momentum for a successful Summit of the Future by restoring trust through high-level policy discussions on international spillover effects, which have the potential to accelerate progress on the SDGs.",7_0,17_8,,No Relationship
"The first JETP, launched at the COP-26, mobilizes $8.5 billion to 1) replace coal with renewable energy; 2) expand electric vehicles use; and 3) establish a green hydrogen industry in South Africa.","To tackle spillovers effectively, G20 countries must assist low and middle income countries in strengthening their statistical capacity.",7_0,17_9,,No Relationship
"The first JETP, launched at the COP-26, mobilizes $8.5 billion to 1) replace coal with renewable energy; 2) expand electric vehicles use; and 3) establish a green hydrogen industry in South Africa.","This is consistent with SDG target 17.19, which calls for supporting statistical capacity building in developing countries and tracks, via indicator 17.19.1, financial assistance to developing countries for this purpose.",7_0,17_10,,No Relationship
"The first JETP, launched at the COP-26, mobilizes $8.5 billion to 1) replace coal with renewable energy; 2) expand electric vehicles use; and 3) establish a green hydrogen industry in South Africa.","The G20 should, therefore, create and support new inclusive platforms and partnerships to ensure that production processes include robust safeguards to protect the environment and human rights.",7_0,17_11,,No Relationship
"The first JETP, launched at the COP-26, mobilizes $8.5 billion to 1) replace coal with renewable energy; 2) expand electric vehicles use; and 3) establish a green hydrogen industry in South Africa.","The G20 should endorse and expand such initiatives, ensuring their effectiveness.",7_0,17_12,,No Relationship
"The first JETP, launched at the COP-26, mobilizes $8.5 billion to 1) replace coal with renewable energy; 2) expand electric vehicles use; and 3) establish a green hydrogen industry in South Africa.","The G20, serving as a high-level forum, is well positioned to facilitate dialogue on spillover effects.",7_0,17_13,,No Relationship
"The first JETP, launched at the COP-26, mobilizes $8.5 billion to 1) replace coal with renewable energy; 2) expand electric vehicles use; and 3) establish a green hydrogen industry in South Africa.","Leveraging its various working groups (such as the working groups on Development, Trade and Investment, Employment, and Climate and Environmental Sustainability), the G20 should lead a dedicated agenda to curb negative spillover effects.",7_0,17_14,,No Relationship
"The first JETP, launched at the COP-26, mobilizes $8.5 billion to 1) replace coal with renewable energy; 2) expand electric vehicles use; and 3) establish a green hydrogen industry in South Africa.",Joint workshops among the relevant G20 working groups should be a first step towards developing a structured agenda for upcoming G20 presidencies.,7_0,17_15,,No Relationship
"The first JETP, launched at the COP-26, mobilizes $8.5 billion to 1) replace coal with renewable energy; 2) expand electric vehicles use; and 3) establish a green hydrogen industry in South Africa.","Developed within the Development Working Group, the Action Plans aim to enhance policy coherence and coordination across all G20 work streams for the SDGs achievement.",7_0,17_16,,No Relationship
"The first JETP, launched at the COP-26, mobilizes $8.5 billion to 1) replace coal with renewable energy; 2) expand electric vehicles use; and 3) establish a green hydrogen industry in South Africa.","The Summit of the Future needs to demonstrate that international cooperation is possible and effective in tackling current global challenges, especially amid lacklustre SDG progress, widespread conflict, and growing polarization and authoritarian trends worldwide.",7_0,17_17,,No Relationship
"The first JETP, launched at the COP-26, mobilizes $8.5 billion to 1) replace coal with renewable energy; 2) expand electric vehicles use; and 3) establish a green hydrogen industry in South Africa.","The G20 needs to use the action-oriented momentum of this Summit to accelerate the implementation of the 2030 Agenda by reducing spillover effects and increasing global policy coherence, a lever to tackle slowing and counterproductive effects on the SDGs.",7_0,17_18,,No Relationship
"The first JETP, launched at the COP-26, mobilizes $8.5 billion to 1) replace coal with renewable energy; 2) expand electric vehicles use; and 3) establish a green hydrogen industry in South Africa.","Under a positive scenario, the G20 (especially through its Development Working Group) will be able to foster a high-level policy dialogue on the importance of international spillover effects as an important factor to accelerate the achievement of the SDGs.",7_0,17_19,,No Relationship
"JETPs provide a blend of financing instruments, including concessional loans, grants, and guaranteed private funds, to support countries’ decarbonization efforts, especially those that are dependent on coal",Establish inclusive processes that bring together stakeholders to co-develop multilateral policies and partnerships,7_1,17_0,,No Relationship
"JETPs provide a blend of financing instruments, including concessional loans, grants, and guaranteed private funds, to support countries’ decarbonization efforts, especially those that are dependent on coal",The G20 is an important international forum to promote the implementation of the 2030 Agenda for Sustainable Development,7_1,17_1,,No Relationship
"JETPs provide a blend of financing instruments, including concessional loans, grants, and guaranteed private funds, to support countries’ decarbonization efforts, especially those that are dependent on coal","Curbing negative international spillovers requires multilateral solutions, especially across resource-rich and high income consumer countries",7_1,17_2,,No Relationship
"JETPs provide a blend of financing instruments, including concessional loans, grants, and guaranteed private funds, to support countries’ decarbonization efforts, especially those that are dependent on coal","The G20’s immediate aim should be to build momentum for a successful Summit of the Future by restoring trust through high-level policy discussions on international spillovers, which have the potential to accelerate the SDG progress",7_1,17_3,,No Relationship
"JETPs provide a blend of financing instruments, including concessional loans, grants, and guaranteed private funds, to support countries’ decarbonization efforts, especially those that are dependent on coal","A critical, yet underappreciated, factor in achieving the SDGs is addressing “spillover effects”. Namely, how a country’s actions affect other countries’ efforts to achieve the SDGs. These externalities, or spillovers, must be understood, monitored, and managed effectively through actions by the countries causing them and through international partnerships.",7_1,17_4,,No Relationship
"JETPs provide a blend of financing instruments, including concessional loans, grants, and guaranteed private funds, to support countries’ decarbonization efforts, especially those that are dependent on coal","Ultimately, curbing negative spillovers requires multilateral solutions, especially between resource-rich and labor-rich countries with high income consumer countries.",7_1,17_5,,No Relationship
"JETPs provide a blend of financing instruments, including concessional loans, grants, and guaranteed private funds, to support countries’ decarbonization efforts, especially those that are dependent on coal","Given the global nature of this challenge, the G20 is a suitable platform for tackling international spillovers.",7_1,17_6,,No Relationship
"JETPs provide a blend of financing instruments, including concessional loans, grants, and guaranteed private funds, to support countries’ decarbonization efforts, especially those that are dependent on coal",2) Establish inclusive processes that bring together stakeholders to co-develop multilateral policies and partnerships;,7_1,17_7,,No Relationship
"JETPs provide a blend of financing instruments, including concessional loans, grants, and guaranteed private funds, to support countries’ decarbonization efforts, especially those that are dependent on coal","The G20’s immediate aim should be to build momentum for a successful Summit of the Future by restoring trust through high-level policy discussions on international spillover effects, which have the potential to accelerate progress on the SDGs.",7_1,17_8,,No Relationship
"JETPs provide a blend of financing instruments, including concessional loans, grants, and guaranteed private funds, to support countries’ decarbonization efforts, especially those that are dependent on coal","To tackle spillovers effectively, G20 countries must assist low and middle income countries in strengthening their statistical capacity.",7_1,17_9,,No Relationship
"JETPs provide a blend of financing instruments, including concessional loans, grants, and guaranteed private funds, to support countries’ decarbonization efforts, especially those that are dependent on coal","This is consistent with SDG target 17.19, which calls for supporting statistical capacity building in developing countries and tracks, via indicator 17.19.1, financial assistance to developing countries for this purpose.",7_1,17_10,,No Relationship
"JETPs provide a blend of financing instruments, including concessional loans, grants, and guaranteed private funds, to support countries’ decarbonization efforts, especially those that are dependent on coal","The G20 should, therefore, create and support new inclusive platforms and partnerships to ensure that production processes include robust safeguards to protect the environment and human rights.",7_1,17_11,,No Relationship
"JETPs provide a blend of financing instruments, including concessional loans, grants, and guaranteed private funds, to support countries’ decarbonization efforts, especially those that are dependent on coal","The G20 should endorse and expand such initiatives, ensuring their effectiveness.",7_1,17_12,,No Relationship
"JETPs provide a blend of financing instruments, including concessional loans, grants, and guaranteed private funds, to support countries’ decarbonization efforts, especially those that are dependent on coal","The G20, serving as a high-level forum, is well positioned to facilitate dialogue on spillover effects.",7_1,17_13,,No Relationship
"JETPs provide a blend of financing instruments, including concessional loans, grants, and guaranteed private funds, to support countries’ decarbonization efforts, especially those that are dependent on coal","Leveraging its various working groups (such as the working groups on Development, Trade and Investment, Employment, and Climate and Environmental Sustainability), the G20 should lead a dedicated agenda to curb negative spillover effects.",7_1,17_14,,No Relationship
"JETPs provide a blend of financing instruments, including concessional loans, grants, and guaranteed private funds, to support countries’ decarbonization efforts, especially those that are dependent on coal",Joint workshops among the relevant G20 working groups should be a first step towards developing a structured agenda for upcoming G20 presidencies.,7_1,17_15,,No Relationship
"JETPs provide a blend of financing instruments, including concessional loans, grants, and guaranteed private funds, to support countries’ decarbonization efforts, especially those that are dependent on coal","Developed within the Development Working Group, the Action Plans aim to enhance policy coherence and coordination across all G20 work streams for the SDGs achievement.",7_1,17_16,,No Relationship
"JETPs provide a blend of financing instruments, including concessional loans, grants, and guaranteed private funds, to support countries’ decarbonization efforts, especially those that are dependent on coal","The Summit of the Future needs to demonstrate that international cooperation is possible and effective in tackling current global challenges, especially amid lacklustre SDG progress, widespread conflict, and growing polarization and authoritarian trends worldwide.",7_1,17_17,,No Relationship
"JETPs provide a blend of financing instruments, including concessional loans, grants, and guaranteed private funds, to support countries’ decarbonization efforts, especially those that are dependent on coal","The G20 needs to use the action-oriented momentum of this Summit to accelerate the implementation of the 2030 Agenda by reducing spillover effects and increasing global policy coherence, a lever to tackle slowing and counterproductive effects on the SDGs.",7_1,17_18,,No Relationship
"JETPs provide a blend of financing instruments, including concessional loans, grants, and guaranteed private funds, to support countries’ decarbonization efforts, especially those that are dependent on coal","Under a positive scenario, the G20 (especially through its Development Working Group) will be able to foster a high-level policy dialogue on the importance of international spillover effects as an important factor to accelerate the achievement of the SDGs.",7_1,17_19,,No Relationship
"G20 countries should also track these effects against time-bound quantitative targets to hold themselves accountable for mitigating negative spillovers, such as labor exploitation (e.g., modern slavery and fatal accidents at work).",Negative spillovers may reinforce existing international injustices and divergences between countries of different income categories and regions.,8_0,10_0,,No Relationship
"G20 countries should also track these effects against time-bound quantitative targets to hold themselves accountable for mitigating negative spillovers, such as labor exploitation (e.g., modern slavery and fatal accidents at work).","The 2023 Action Plan, under the Indian presidency, called for action in three key areas: digital transformation, gender equality, and just transitions.",8_0,10_1,,No Relationship
"Targets for trade-related spillovers should cover environmental and social impacts linked to global value chains, such as GHG emissions, air pollution, resource depletion (e.g., material footprints), and labor exploitation (e.g., modern slavery and fatal accidents at work).",Negative spillovers may reinforce existing international injustices and divergences between countries of different income categories and regions.,8_1,10_0,,No Relationship
"Targets for trade-related spillovers should cover environmental and social impacts linked to global value chains, such as GHG emissions, air pollution, resource depletion (e.g., material footprints), and labor exploitation (e.g., modern slavery and fatal accidents at work).","The 2023 Action Plan, under the Indian presidency, called for action in three key areas: digital transformation, gender equality, and just transitions.",8_1,10_1,,No Relationship
"The partnership mobilizes stakeholders to facilitate an energy transition, but it will be important that implementation of the JETP addresses the social consequences of decarbonization (e.g., coal miners’ unemployment; Pilling, 2022).",Negative spillovers may reinforce existing international injustices and divergences between countries of different income categories and regions.,8_2,10_0,,No Relationship
"The partnership mobilizes stakeholders to facilitate an energy transition, but it will be important that implementation of the JETP addresses the social consequences of decarbonization (e.g., coal miners’ unemployment; Pilling, 2022).","The 2023 Action Plan, under the Indian presidency, called for action in three key areas: digital transformation, gender equality, and just transitions.",8_2,10_1,,No Relationship
"G20 countries should also track these effects against time-bound quantitative targets to hold themselves accountable for mitigating negative spillovers, such as labor exploitation (e.g., modern slavery and fatal accidents at work).","G20 countries should also track these effects against time-bound quantitative targets to hold themselves accountable for mitigating negative spillovers, such as resource depletion (e.g., material footprints)",8_0,12_0,,No Relationship
"Targets for trade-related spillovers should cover environmental and social impacts linked to global value chains, such as GHG emissions, air pollution, resource depletion (e.g., material footprints), and labor exploitation (e.g., modern slavery and fatal accidents at work).","G20 countries should also track these effects against time-bound quantitative targets to hold themselves accountable for mitigating negative spillovers, such as resource depletion (e.g., material footprints)",8_1,12_0,,No Relationship
"The partnership mobilizes stakeholders to facilitate an energy transition, but it will be important that implementation of the JETP addresses the social consequences of decarbonization (e.g., coal miners’ unemployment; Pilling, 2022).","G20 countries should also track these effects against time-bound quantitative targets to hold themselves accountable for mitigating negative spillovers, such as resource depletion (e.g., material footprints)",8_2,12_0,,No Relationship
"For instance, in some G20 economies (e.g., Germany, France, the UK), offshore GHG emissions are more than 40 percent of their total GHG footprint (Figure 2).","G20 countries should also track these effects against time-bound quantitative targets to hold themselves accountable for mitigating negative spillovers, such as labor exploitation (e.g., modern slavery and fatal accidents at work).",13_0,8_0,,No Relationship
"For instance, in some G20 economies (e.g., Germany, France, the UK), offshore GHG emissions are more than 40 percent of their total GHG footprint (Figure 2).","Targets for trade-related spillovers should cover environmental and social impacts linked to global value chains, such as GHG emissions, air pollution, resource depletion (e.g., material footprints), and labor exploitation (e.g., modern slavery and fatal accidents at work).",13_0,8_1,,No Relationship
"For instance, in some G20 economies (e.g., Germany, France, the UK), offshore GHG emissions are more than 40 percent of their total GHG footprint (Figure 2).","The partnership mobilizes stakeholders to facilitate an energy transition, but it will be important that implementation of the JETP addresses the social consequences of decarbonization (e.g., coal miners’ unemployment; Pilling, 2022).",13_0,8_2,,No Relationship
"JETPs provide a blend of financing instruments, including concessional loans, grants, and guaranteed private funds, to support countries’ decarbonization efforts, especially those that are dependent on coal","G20 countries should also track these effects against time-bound quantitative targets to hold themselves accountable for mitigating negative spillovers, such as labor exploitation (e.g., modern slavery and fatal accidents at work).",13_1,8_0,,No Relationship
"JETPs provide a blend of financing instruments, including concessional loans, grants, and guaranteed private funds, to support countries’ decarbonization efforts, especially those that are dependent on coal","Targets for trade-related spillovers should cover environmental and social impacts linked to global value chains, such as GHG emissions, air pollution, resource depletion (e.g., material footprints), and labor exploitation (e.g., modern slavery and fatal accidents at work).",13_1,8_1,,No Relationship
"JETPs provide a blend of financing instruments, including concessional loans, grants, and guaranteed private funds, to support countries’ decarbonization efforts, especially those that are dependent on coal","The partnership mobilizes stakeholders to facilitate an energy transition, but it will be important that implementation of the JETP addresses the social consequences of decarbonization (e.g., coal miners’ unemployment; Pilling, 2022).",13_1,8_2,,No Relationship
"The first JETP, launched at the COP-26, mobilizes $8.5 billion to 1) replace coal with renewable energy; 2) expand electric vehicles use; and 3) establish a green hydrogen industry in South Africa","G20 countries should also track these effects against time-bound quantitative targets to hold themselves accountable for mitigating negative spillovers, such as labor exploitation (e.g., modern slavery and fatal accidents at work).",13_2,8_0,,No Relationship
"The first JETP, launched at the COP-26, mobilizes $8.5 billion to 1) replace coal with renewable energy; 2) expand electric vehicles use; and 3) establish a green hydrogen industry in South Africa","Targets for trade-related spillovers should cover environmental and social impacts linked to global value chains, such as GHG emissions, air pollution, resource depletion (e.g., material footprints), and labor exploitation (e.g., modern slavery and fatal accidents at work).",13_2,8_1,,No Relationship
"The first JETP, launched at the COP-26, mobilizes $8.5 billion to 1) replace coal with renewable energy; 2) expand electric vehicles use; and 3) establish a green hydrogen industry in South Africa","The partnership mobilizes stakeholders to facilitate an energy transition, but it will be important that implementation of the JETP addresses the social consequences of decarbonization (e.g., coal miners’ unemployment; Pilling, 2022).",13_2,8_2,,No Relationship
"The partnership mobilizes stakeholders to facilitate an energy transition, but it will be important that implementation of the JETP addresses the social consequences of decarbonization (e.g., coal miners’ unemployment; Pilling, 2022)","G20 countries should also track these effects against time-bound quantitative targets to hold themselves accountable for mitigating negative spillovers, such as labor exploitation (e.g., modern slavery and fatal accidents at work).",13_3,8_0,,No Relationship
"The partnership mobilizes stakeholders to facilitate an energy transition, but it will be important that implementation of the JETP addresses the social consequences of decarbonization (e.g., coal miners’ unemployment; Pilling, 2022)","Targets for trade-related spillovers should cover environmental and social impacts linked to global value chains, such as GHG emissions, air pollution, resource depletion (e.g., material footprints), and labor exploitation (e.g., modern slavery and fatal accidents at work).",13_3,8_1,,No Relationship
"The partnership mobilizes stakeholders to facilitate an energy transition, but it will be important that implementation of the JETP addresses the social consequences of decarbonization (e.g., coal miners’ unemployment; Pilling, 2022)","The partnership mobilizes stakeholders to facilitate an energy transition, but it will be important that implementation of the JETP addresses the social consequences of decarbonization (e.g., coal miners’ unemployment; Pilling, 2022).",13_3,8_2,,Support
"G20 countries should also track these effects against time-bound quantitative targets to hold themselves accountable for mitigating negative spillovers, such as labor exploitation (e.g., modern slavery and fatal accidents at work).","The Summit of the Future needs to demonstrate that international cooperation is possible and effective in tackling current global challenges, especially amid lacklustre SDG progress, widespread conflict, and growing polarization and authoritarian trends worldwide.",8_0,16_0,,No Relationship
"Targets for trade-related spillovers should cover environmental and social impacts linked to global value chains, such as GHG emissions, air pollution, resource depletion (e.g., material footprints), and labor exploitation (e.g., modern slavery and fatal accidents at work).","The Summit of the Future needs to demonstrate that international cooperation is possible and effective in tackling current global challenges, especially amid lacklustre SDG progress, widespread conflict, and growing polarization and authoritarian trends worldwide.",8_1,16_0,,No Relationship
"The partnership mobilizes stakeholders to facilitate an energy transition, but it will be important that implementation of the JETP addresses the social consequences of decarbonization (e.g., coal miners’ unemployment; Pilling, 2022).","The Summit of the Future needs to demonstrate that international cooperation is possible and effective in tackling current global challenges, especially amid lacklustre SDG progress, widespread conflict, and growing polarization and authoritarian trends worldwide.",8_2,16_0,,No Relationship
Establish inclusive processes that bring together stakeholders to co-develop multilateral policies and partnerships,"G20 countries should also track these effects against time-bound quantitative targets to hold themselves accountable for mitigating negative spillovers, such as labor exploitation (e.g., modern slavery and fatal accidents at work).",17_0,8_0,,No Relationship
Establish inclusive processes that bring together stakeholders to co-develop multilateral policies and partnerships,"Targets for trade-related spillovers should cover environmental and social impacts linked to global value chains, such as GHG emissions, air pollution, resource depletion (e.g., material footprints), and labor exploitation (e.g., modern slavery and fatal accidents at work).",17_0,8_1,,No Relationship
Establish inclusive processes that bring together stakeholders to co-develop multilateral policies and partnerships,"The partnership mobilizes stakeholders to facilitate an energy transition, but it will be important that implementation of the JETP addresses the social consequences of decarbonization (e.g., coal miners’ unemployment; Pilling, 2022).",17_0,8_2,,No Relationship
The G20 is an important international forum to promote the implementation of the 2030 Agenda for Sustainable Development,"G20 countries should also track these effects against time-bound quantitative targets to hold themselves accountable for mitigating negative spillovers, such as labor exploitation (e.g., modern slavery and fatal accidents at work).",17_1,8_0,,No Relationship
The G20 is an important international forum to promote the implementation of the 2030 Agenda for Sustainable Development,"Targets for trade-related spillovers should cover environmental and social impacts linked to global value chains, such as GHG emissions, air pollution, resource depletion (e.g., material footprints), and labor exploitation (e.g., modern slavery and fatal accidents at work).",17_1,8_1,,No Relationship
The G20 is an important international forum to promote the implementation of the 2030 Agenda for Sustainable Development,"The partnership mobilizes stakeholders to facilitate an energy transition, but it will be important that implementation of the JETP addresses the social consequences of decarbonization (e.g., coal miners’ unemployment; Pilling, 2022).",17_1,8_2,,No Relationship
"Curbing negative international spillovers requires multilateral solutions, especially across resource-rich and high income consumer countries","G20 countries should also track these effects against time-bound quantitative targets to hold themselves accountable for mitigating negative spillovers, such as labor exploitation (e.g., modern slavery and fatal accidents at work).",17_2,8_0,,No Relationship
"Curbing negative international spillovers requires multilateral solutions, especially across resource-rich and high income consumer countries","Targets for trade-related spillovers should cover environmental and social impacts linked to global value chains, such as GHG emissions, air pollution, resource depletion (e.g., material footprints), and labor exploitation (e.g., modern slavery and fatal accidents at work).",17_2,8_1,,No Relationship
"Curbing negative international spillovers requires multilateral solutions, especially across resource-rich and high income consumer countries","The partnership mobilizes stakeholders to facilitate an energy transition, but it will be important that implementation of the JETP addresses the social consequences of decarbonization (e.g., coal miners’ unemployment; Pilling, 2022).",17_2,8_2,,No Relationship
"The G20’s immediate aim should be to build momentum for a successful Summit of the Future by restoring trust through high-level policy discussions on international spillovers, which have the potential to accelerate the SDG progress","G20 countries should also track these effects against time-bound quantitative targets to hold themselves accountable for mitigating negative spillovers, such as labor exploitation (e.g., modern slavery and fatal accidents at work).",17_3,8_0,,No Relationship
"The G20’s immediate aim should be to build momentum for a successful Summit of the Future by restoring trust through high-level policy discussions on international spillovers, which have the potential to accelerate the SDG progress","Targets for trade-related spillovers should cover environmental and social impacts linked to global value chains, such as GHG emissions, air pollution, resource depletion (e.g., material footprints), and labor exploitation (e.g., modern slavery and fatal accidents at work).",17_3,8_1,,No Relationship
"The G20’s immediate aim should be to build momentum for a successful Summit of the Future by restoring trust through high-level policy discussions on international spillovers, which have the potential to accelerate the SDG progress","The partnership mobilizes stakeholders to facilitate an energy transition, but it will be important that implementation of the JETP addresses the social consequences of decarbonization (e.g., coal miners’ unemployment; Pilling, 2022).",17_3,8_2,,No Relationship
"A critical, yet underappreciated, factor in achieving the SDGs is addressing “spillover effects”. Namely, how a country’s actions affect other countries’ efforts to achieve the SDGs. These externalities, or spillovers, must be understood, monitored, and managed effectively through actions by the countries causing them and through international partnerships.","G20 countries should also track these effects against time-bound quantitative targets to hold themselves accountable for mitigating negative spillovers, such as labor exploitation (e.g., modern slavery and fatal accidents at work).",17_4,8_0,,No Relationship
"A critical, yet underappreciated, factor in achieving the SDGs is addressing “spillover effects”. Namely, how a country’s actions affect other countries’ efforts to achieve the SDGs. These externalities, or spillovers, must be understood, monitored, and managed effectively through actions by the countries causing them and through international partnerships.","Targets for trade-related spillovers should cover environmental and social impacts linked to global value chains, such as GHG emissions, air pollution, resource depletion (e.g., material footprints), and labor exploitation (e.g., modern slavery and fatal accidents at work).",17_4,8_1,,No Relationship
"A critical, yet underappreciated, factor in achieving the SDGs is addressing “spillover effects”. Namely, how a country’s actions affect other countries’ efforts to achieve the SDGs. These externalities, or spillovers, must be understood, monitored, and managed effectively through actions by the countries causing them and through international partnerships.","The partnership mobilizes stakeholders to facilitate an energy transition, but it will be important that implementation of the JETP addresses the social consequences of decarbonization (e.g., coal miners’ unemployment; Pilling, 2022).",17_4,8_2,,No Relationship
"Ultimately, curbing negative spillovers requires multilateral solutions, especially between resource-rich and labor-rich countries with high income consumer countries.","G20 countries should also track these effects against time-bound quantitative targets to hold themselves accountable for mitigating negative spillovers, such as labor exploitation (e.g., modern slavery and fatal accidents at work).",17_5,8_0,,No Relationship
"Ultimately, curbing negative spillovers requires multilateral solutions, especially between resource-rich and labor-rich countries with high income consumer countries.","Targets for trade-related spillovers should cover environmental and social impacts linked to global value chains, such as GHG emissions, air pollution, resource depletion (e.g., material footprints), and labor exploitation (e.g., modern slavery and fatal accidents at work).",17_5,8_1,,No Relationship
"Ultimately, curbing negative spillovers requires multilateral solutions, especially between resource-rich and labor-rich countries with high income consumer countries.","The partnership mobilizes stakeholders to facilitate an energy transition, but it will be important that implementation of the JETP addresses the social consequences of decarbonization (e.g., coal miners’ unemployment; Pilling, 2022).",17_5,8_2,,No Relationship
"Given the global nature of this challenge, the G20 is a suitable platform for tackling international spillovers.","G20 countries should also track these effects against time-bound quantitative targets to hold themselves accountable for mitigating negative spillovers, such as labor exploitation (e.g., modern slavery and fatal accidents at work).",17_6,8_0,,No Relationship
"Given the global nature of this challenge, the G20 is a suitable platform for tackling international spillovers.","Targets for trade-related spillovers should cover environmental and social impacts linked to global value chains, such as GHG emissions, air pollution, resource depletion (e.g., material footprints), and labor exploitation (e.g., modern slavery and fatal accidents at work).",17_6,8_1,,No Relationship
"Given the global nature of this challenge, the G20 is a suitable platform for tackling international spillovers.","The partnership mobilizes stakeholders to facilitate an energy transition, but it will be important that implementation of the JETP addresses the social consequences of decarbonization (e.g., coal miners’ unemployment; Pilling, 2022).",17_6,8_2,,No Relationship
2) Establish inclusive processes that bring together stakeholders to co-develop multilateral policies and partnerships;,"G20 countries should also track these effects against time-bound quantitative targets to hold themselves accountable for mitigating negative spillovers, such as labor exploitation (e.g., modern slavery and fatal accidents at work).",17_7,8_0,,No Relationship
2) Establish inclusive processes that bring together stakeholders to co-develop multilateral policies and partnerships;,"Targets for trade-related spillovers should cover environmental and social impacts linked to global value chains, such as GHG emissions, air pollution, resource depletion (e.g., material footprints), and labor exploitation (e.g., modern slavery and fatal accidents at work).",17_7,8_1,,No Relationship
2) Establish inclusive processes that bring together stakeholders to co-develop multilateral policies and partnerships;,"The partnership mobilizes stakeholders to facilitate an energy transition, but it will be important that implementation of the JETP addresses the social consequences of decarbonization (e.g., coal miners’ unemployment; Pilling, 2022).",17_7,8_2,,No Relationship
"The G20’s immediate aim should be to build momentum for a successful Summit of the Future by restoring trust through high-level policy discussions on international spillover effects, which have the potential to accelerate progress on the SDGs.","G20 countries should also track these effects against time-bound quantitative targets to hold themselves accountable for mitigating negative spillovers, such as labor exploitation (e.g., modern slavery and fatal accidents at work).",17_8,8_0,,No Relationship
"The G20’s immediate aim should be to build momentum for a successful Summit of the Future by restoring trust through high-level policy discussions on international spillover effects, which have the potential to accelerate progress on the SDGs.","Targets for trade-related spillovers should cover environmental and social impacts linked to global value chains, such as GHG emissions, air pollution, resource depletion (e.g., material footprints), and labor exploitation (e.g., modern slavery and fatal accidents at work).",17_8,8_1,,No Relationship
"The G20’s immediate aim should be to build momentum for a successful Summit of the Future by restoring trust through high-level policy discussions on international spillover effects, which have the potential to accelerate progress on the SDGs.","The partnership mobilizes stakeholders to facilitate an energy transition, but it will be important that implementation of the JETP addresses the social consequences of decarbonization (e.g., coal miners’ unemployment; Pilling, 2022).",17_8,8_2,,No Relationship
"To tackle spillovers effectively, G20 countries must assist low and middle income countries in strengthening their statistical capacity.","G20 countries should also track these effects against time-bound quantitative targets to hold themselves accountable for mitigating negative spillovers, such as labor exploitation (e.g., modern slavery and fatal accidents at work).",17_9,8_0,,No Relationship
"To tackle spillovers effectively, G20 countries must assist low and middle income countries in strengthening their statistical capacity.","Targets for trade-related spillovers should cover environmental and social impacts linked to global value chains, such as GHG emissions, air pollution, resource depletion (e.g., material footprints), and labor exploitation (e.g., modern slavery and fatal accidents at work).",17_9,8_1,,No Relationship
"To tackle spillovers effectively, G20 countries must assist low and middle income countries in strengthening their statistical capacity.","The partnership mobilizes stakeholders to facilitate an energy transition, but it will be important that implementation of the JETP addresses the social consequences of decarbonization (e.g., coal miners’ unemployment; Pilling, 2022).",17_9,8_2,,No Relationship
"This is consistent with SDG target 17.19, which calls for supporting statistical capacity building in developing countries and tracks, via indicator 17.19.1, financial assistance to developing countries for this purpose.","G20 countries should also track these effects against time-bound quantitative targets to hold themselves accountable for mitigating negative spillovers, such as labor exploitation (e.g., modern slavery and fatal accidents at work).",17_10,8_0,,No Relationship
"This is consistent with SDG target 17.19, which calls for supporting statistical capacity building in developing countries and tracks, via indicator 17.19.1, financial assistance to developing countries for this purpose.","Targets for trade-related spillovers should cover environmental and social impacts linked to global value chains, such as GHG emissions, air pollution, resource depletion (e.g., material footprints), and labor exploitation (e.g., modern slavery and fatal accidents at work).",17_10,8_1,,No Relationship
"This is consistent with SDG target 17.19, which calls for supporting statistical capacity building in developing countries and tracks, via indicator 17.19.1, financial assistance to developing countries for this purpose.","The partnership mobilizes stakeholders to facilitate an energy transition, but it will be important that implementation of the JETP addresses the social consequences of decarbonization (e.g., coal miners’ unemployment; Pilling, 2022).",17_10,8_2,,No Relationship
"The G20 should, therefore, create and support new inclusive platforms and partnerships to ensure that production processes include robust safeguards to protect the environment and human rights.","G20 countries should also track these effects against time-bound quantitative targets to hold themselves accountable for mitigating negative spillovers, such as labor exploitation (e.g., modern slavery and fatal accidents at work).",17_11,8_0,,No Relationship
"The G20 should, therefore, create and support new inclusive platforms and partnerships to ensure that production processes include robust safeguards to protect the environment and human rights.","Targets for trade-related spillovers should cover environmental and social impacts linked to global value chains, such as GHG emissions, air pollution, resource depletion (e.g., material footprints), and labor exploitation (e.g., modern slavery and fatal accidents at work).",17_11,8_1,,No Relationship
"The G20 should, therefore, create and support new inclusive platforms and partnerships to ensure that production processes include robust safeguards to protect the environment and human rights.","The partnership mobilizes stakeholders to facilitate an energy transition, but it will be important that implementation of the JETP addresses the social consequences of decarbonization (e.g., coal miners’ unemployment; Pilling, 2022).",17_11,8_2,,No Relationship
"The G20 should endorse and expand such initiatives, ensuring their effectiveness.","G20 countries should also track these effects against time-bound quantitative targets to hold themselves accountable for mitigating negative spillovers, such as labor exploitation (e.g., modern slavery and fatal accidents at work).",17_12,8_0,,No Relationship
"The G20 should endorse and expand such initiatives, ensuring their effectiveness.","Targets for trade-related spillovers should cover environmental and social impacts linked to global value chains, such as GHG emissions, air pollution, resource depletion (e.g., material footprints), and labor exploitation (e.g., modern slavery and fatal accidents at work).",17_12,8_1,,No Relationship
"The G20 should endorse and expand such initiatives, ensuring their effectiveness.","The partnership mobilizes stakeholders to facilitate an energy transition, but it will be important that implementation of the JETP addresses the social consequences of decarbonization (e.g., coal miners’ unemployment; Pilling, 2022).",17_12,8_2,,No Relationship
"The G20, serving as a high-level forum, is well positioned to facilitate dialogue on spillover effects.","G20 countries should also track these effects against time-bound quantitative targets to hold themselves accountable for mitigating negative spillovers, such as labor exploitation (e.g., modern slavery and fatal accidents at work).",17_13,8_0,,No Relationship
"The G20, serving as a high-level forum, is well positioned to facilitate dialogue on spillover effects.","Targets for trade-related spillovers should cover environmental and social impacts linked to global value chains, such as GHG emissions, air pollution, resource depletion (e.g., material footprints), and labor exploitation (e.g., modern slavery and fatal accidents at work).",17_13,8_1,,No Relationship
"The G20, serving as a high-level forum, is well positioned to facilitate dialogue on spillover effects.","The partnership mobilizes stakeholders to facilitate an energy transition, but it will be important that implementation of the JETP addresses the social consequences of decarbonization (e.g., coal miners’ unemployment; Pilling, 2022).",17_13,8_2,,No Relationship
"Leveraging its various working groups (such as the working groups on Development, Trade and Investment, Employment, and Climate and Environmental Sustainability), the G20 should lead a dedicated agenda to curb negative spillover effects.","G20 countries should also track these effects against time-bound quantitative targets to hold themselves accountable for mitigating negative spillovers, such as labor exploitation (e.g., modern slavery and fatal accidents at work).",17_14,8_0,,No Relationship
"Leveraging its various working groups (such as the working groups on Development, Trade and Investment, Employment, and Climate and Environmental Sustainability), the G20 should lead a dedicated agenda to curb negative spillover effects.","Targets for trade-related spillovers should cover environmental and social impacts linked to global value chains, such as GHG emissions, air pollution, resource depletion (e.g., material footprints), and labor exploitation (e.g., modern slavery and fatal accidents at work).",17_14,8_1,,No Relationship
"Leveraging its various working groups (such as the working groups on Development, Trade and Investment, Employment, and Climate and Environmental Sustainability), the G20 should lead a dedicated agenda to curb negative spillover effects.","The partnership mobilizes stakeholders to facilitate an energy transition, but it will be important that implementation of the JETP addresses the social consequences of decarbonization (e.g., coal miners’ unemployment; Pilling, 2022).",17_14,8_2,,No Relationship
Joint workshops among the relevant G20 working groups should be a first step towards developing a structured agenda for upcoming G20 presidencies.,"G20 countries should also track these effects against time-bound quantitative targets to hold themselves accountable for mitigating negative spillovers, such as labor exploitation (e.g., modern slavery and fatal accidents at work).",17_15,8_0,,No Relationship
Joint workshops among the relevant G20 working groups should be a first step towards developing a structured agenda for upcoming G20 presidencies.,"Targets for trade-related spillovers should cover environmental and social impacts linked to global value chains, such as GHG emissions, air pollution, resource depletion (e.g., material footprints), and labor exploitation (e.g., modern slavery and fatal accidents at work).",17_15,8_1,,No Relationship
Joint workshops among the relevant G20 working groups should be a first step towards developing a structured agenda for upcoming G20 presidencies.,"The partnership mobilizes stakeholders to facilitate an energy transition, but it will be important that implementation of the JETP addresses the social consequences of decarbonization (e.g., coal miners’ unemployment; Pilling, 2022).",17_15,8_2,,No Relationship
"Developed within the Development Working Group, the Action Plans aim to enhance policy coherence and coordination across all G20 work streams for the SDGs achievement.","G20 countries should also track these effects against time-bound quantitative targets to hold themselves accountable for mitigating negative spillovers, such as labor exploitation (e.g., modern slavery and fatal accidents at work).",17_16,8_0,,No Relationship
"Developed within the Development Working Group, the Action Plans aim to enhance policy coherence and coordination across all G20 work streams for the SDGs achievement.","Targets for trade-related spillovers should cover environmental and social impacts linked to global value chains, such as GHG emissions, air pollution, resource depletion (e.g., material footprints), and labor exploitation (e.g., modern slavery and fatal accidents at work).",17_16,8_1,,No Relationship
"Developed within the Development Working Group, the Action Plans aim to enhance policy coherence and coordination across all G20 work streams for the SDGs achievement.","The partnership mobilizes stakeholders to facilitate an energy transition, but it will be important that implementation of the JETP addresses the social consequences of decarbonization (e.g., coal miners’ unemployment; Pilling, 2022).",17_16,8_2,,No Relationship
"The Summit of the Future needs to demonstrate that international cooperation is possible and effective in tackling current global challenges, especially amid lacklustre SDG progress, widespread conflict, and growing polarization and authoritarian trends worldwide.","G20 countries should also track these effects against time-bound quantitative targets to hold themselves accountable for mitigating negative spillovers, such as labor exploitation (e.g., modern slavery and fatal accidents at work).",17_17,8_0,,No Relationship
"The Summit of the Future needs to demonstrate that international cooperation is possible and effective in tackling current global challenges, especially amid lacklustre SDG progress, widespread conflict, and growing polarization and authoritarian trends worldwide.","Targets for trade-related spillovers should cover environmental and social impacts linked to global value chains, such as GHG emissions, air pollution, resource depletion (e.g., material footprints), and labor exploitation (e.g., modern slavery and fatal accidents at work).",17_17,8_1,,No Relationship
"The Summit of the Future needs to demonstrate that international cooperation is possible and effective in tackling current global challenges, especially amid lacklustre SDG progress, widespread conflict, and growing polarization and authoritarian trends worldwide.","The partnership mobilizes stakeholders to facilitate an energy transition, but it will be important that implementation of the JETP addresses the social consequences of decarbonization (e.g., coal miners’ unemployment; Pilling, 2022).",17_17,8_2,,No Relationship
"The G20 needs to use the action-oriented momentum of this Summit to accelerate the implementation of the 2030 Agenda by reducing spillover effects and increasing global policy coherence, a lever to tackle slowing and counterproductive effects on the SDGs.","G20 countries should also track these effects against time-bound quantitative targets to hold themselves accountable for mitigating negative spillovers, such as labor exploitation (e.g., modern slavery and fatal accidents at work).",17_18,8_0,,No Relationship
"The G20 needs to use the action-oriented momentum of this Summit to accelerate the implementation of the 2030 Agenda by reducing spillover effects and increasing global policy coherence, a lever to tackle slowing and counterproductive effects on the SDGs.","Targets for trade-related spillovers should cover environmental and social impacts linked to global value chains, such as GHG emissions, air pollution, resource depletion (e.g., material footprints), and labor exploitation (e.g., modern slavery and fatal accidents at work).",17_18,8_1,,No Relationship
"The G20 needs to use the action-oriented momentum of this Summit to accelerate the implementation of the 2030 Agenda by reducing spillover effects and increasing global policy coherence, a lever to tackle slowing and counterproductive effects on the SDGs.","The partnership mobilizes stakeholders to facilitate an energy transition, but it will be important that implementation of the JETP addresses the social consequences of decarbonization (e.g., coal miners’ unemployment; Pilling, 2022).",17_18,8_2,,No Relationship
"Under a positive scenario, the G20 (especially through its Development Working Group) will be able to foster a high-level policy dialogue on the importance of international spillover effects as an important factor to accelerate the achievement of the SDGs.","G20 countries should also track these effects against time-bound quantitative targets to hold themselves accountable for mitigating negative spillovers, such as labor exploitation (e.g., modern slavery and fatal accidents at work).",17_19,8_0,,No Relationship
"Under a positive scenario, the G20 (especially through its Development Working Group) will be able to foster a high-level policy dialogue on the importance of international spillover effects as an important factor to accelerate the achievement of the SDGs.","Targets for trade-related spillovers should cover environmental and social impacts linked to global value chains, such as GHG emissions, air pollution, resource depletion (e.g., material footprints), and labor exploitation (e.g., modern slavery and fatal accidents at work).",17_19,8_1,,No Relationship
"Under a positive scenario, the G20 (especially through its Development Working Group) will be able to foster a high-level policy dialogue on the importance of international spillover effects as an important factor to accelerate the achievement of the SDGs.","The partnership mobilizes stakeholders to facilitate an energy transition, but it will be important that implementation of the JETP addresses the social consequences of decarbonization (e.g., coal miners’ unemployment; Pilling, 2022).",17_19,8_2,,No Relationship
Negative spillovers may reinforce existing international injustices and divergences between countries of different income categories and regions.,"G20 countries should also track these effects against time-bound quantitative targets to hold themselves accountable for mitigating negative spillovers, such as resource depletion (e.g., material footprints)",10_0,12_0,,No Relationship
"The 2023 Action Plan, under the Indian presidency, called for action in three key areas: digital transformation, gender equality, and just transitions.","G20 countries should also track these effects against time-bound quantitative targets to hold themselves accountable for mitigating negative spillovers, such as resource depletion (e.g., material footprints)",10_1,12_0,,No Relationship
"For instance, in some G20 economies (e.g., Germany, France, the UK), offshore GHG emissions are more than 40 percent of their total GHG footprint (Figure 2).",Negative spillovers may reinforce existing international injustices and divergences between countries of different income categories and regions.,13_0,10_0,,No Relationship
"For instance, in some G20 economies (e.g., Germany, France, the UK), offshore GHG emissions are more than 40 percent of their total GHG footprint (Figure 2).","The 2023 Action Plan, under the Indian presidency, called for action in three key areas: digital transformation, gender equality, and just transitions.",13_0,10_1,,No Relationship
"JETPs provide a blend of financing instruments, including concessional loans, grants, and guaranteed private funds, to support countries’ decarbonization efforts, especially those that are dependent on coal",Negative spillovers may reinforce existing international injustices and divergences between countries of different income categories and regions.,13_1,10_0,,No Relationship
"JETPs provide a blend of financing instruments, including concessional loans, grants, and guaranteed private funds, to support countries’ decarbonization efforts, especially those that are dependent on coal","The 2023 Action Plan, under the Indian presidency, called for action in three key areas: digital transformation, gender equality, and just transitions.",13_1,10_1,,No Relationship
"The first JETP, launched at the COP-26, mobilizes $8.5 billion to 1) replace coal with renewable energy; 2) expand electric vehicles use; and 3) establish a green hydrogen industry in South Africa",Negative spillovers may reinforce existing international injustices and divergences between countries of different income categories and regions.,13_2,10_0,,No Relationship
"The first JETP, launched at the COP-26, mobilizes $8.5 billion to 1) replace coal with renewable energy; 2) expand electric vehicles use; and 3) establish a green hydrogen industry in South Africa","The 2023 Action Plan, under the Indian presidency, called for action in three key areas: digital transformation, gender equality, and just transitions.",13_2,10_1,,No Relationship
"The partnership mobilizes stakeholders to facilitate an energy transition, but it will be important that implementation of the JETP addresses the social consequences of decarbonization (e.g., coal miners’ unemployment; Pilling, 2022)",Negative spillovers may reinforce existing international injustices and divergences between countries of different income categories and regions.,13_3,10_0,,No Relationship
"The partnership mobilizes stakeholders to facilitate an energy transition, but it will be important that implementation of the JETP addresses the social consequences of decarbonization (e.g., coal miners’ unemployment; Pilling, 2022)","The 2023 Action Plan, under the Indian presidency, called for action in three key areas: digital transformation, gender equality, and just transitions.",13_3,10_1,,No Relationship
Negative spillovers may reinforce existing international injustices and divergences between countries of different income categories and regions.,"The Summit of the Future needs to demonstrate that international cooperation is possible and effective in tackling current global challenges, especially amid lacklustre SDG progress, widespread conflict, and growing polarization and authoritarian trends worldwide.",10_0,16_0,,No Relationship
"The 2023 Action Plan, under the Indian presidency, called for action in three key areas: digital transformation, gender equality, and just transitions.","The Summit of the Future needs to demonstrate that international cooperation is possible and effective in tackling current global challenges, especially amid lacklustre SDG progress, widespread conflict, and growing polarization and authoritarian trends worldwide.",10_1,16_0,,No Relationship
Establish inclusive processes that bring together stakeholders to co-develop multilateral policies and partnerships,Negative spillovers may reinforce existing international injustices and divergences between countries of different income categories and regions.,17_0,10_0,,No Relationship
Establish inclusive processes that bring together stakeholders to co-develop multilateral policies and partnerships,"The 2023 Action Plan, under the Indian presidency, called for action in three key areas: digital transformation, gender equality, and just transitions.",17_0,10_1,,No Relationship
The G20 is an important international forum to promote the implementation of the 2030 Agenda for Sustainable Development,Negative spillovers may reinforce existing international injustices and divergences between countries of different income categories and regions.,17_1,10_0,,No Relationship
The G20 is an important international forum to promote the implementation of the 2030 Agenda for Sustainable Development,"The 2023 Action Plan, under the Indian presidency, called for action in three key areas: digital transformation, gender equality, and just transitions.",17_1,10_1,,No Relationship
"Curbing negative international spillovers requires multilateral solutions, especially across resource-rich and high income consumer countries",Negative spillovers may reinforce existing international injustices and divergences between countries of different income categories and regions.,17_2,10_0,,No Relationship
"Curbing negative international spillovers requires multilateral solutions, especially across resource-rich and high income consumer countries","The 2023 Action Plan, under the Indian presidency, called for action in three key areas: digital transformation, gender equality, and just transitions.",17_2,10_1,,No Relationship
"The G20’s immediate aim should be to build momentum for a successful Summit of the Future by restoring trust through high-level policy discussions on international spillovers, which have the potential to accelerate the SDG progress",Negative spillovers may reinforce existing international injustices and divergences between countries of different income categories and regions.,17_3,10_0,,No Relationship
"The G20’s immediate aim should be to build momentum for a successful Summit of the Future by restoring trust through high-level policy discussions on international spillovers, which have the potential to accelerate the SDG progress","The 2023 Action Plan, under the Indian presidency, called for action in three key areas: digital transformation, gender equality, and just transitions.",17_3,10_1,,No Relationship
"A critical, yet underappreciated, factor in achieving the SDGs is addressing “spillover effects”. Namely, how a country’s actions affect other countries’ efforts to achieve the SDGs. These externalities, or spillovers, must be understood, monitored, and managed effectively through actions by the countries causing them and through international partnerships.",Negative spillovers may reinforce existing international injustices and divergences between countries of different income categories and regions.,17_4,10_0,,No Relationship
"A critical, yet underappreciated, factor in achieving the SDGs is addressing “spillover effects”. Namely, how a country’s actions affect other countries’ efforts to achieve the SDGs. These externalities, or spillovers, must be understood, monitored, and managed effectively through actions by the countries causing them and through international partnerships.","The 2023 Action Plan, under the Indian presidency, called for action in three key areas: digital transformation, gender equality, and just transitions.",17_4,10_1,,No Relationship
"Ultimately, curbing negative spillovers requires multilateral solutions, especially between resource-rich and labor-rich countries with high income consumer countries.",Negative spillovers may reinforce existing international injustices and divergences between countries of different income categories and regions.,17_5,10_0,,No Relationship
"Ultimately, curbing negative spillovers requires multilateral solutions, especially between resource-rich and labor-rich countries with high income consumer countries.","The 2023 Action Plan, under the Indian presidency, called for action in three key areas: digital transformation, gender equality, and just transitions.",17_5,10_1,,No Relationship
"Given the global nature of this challenge, the G20 is a suitable platform for tackling international spillovers.",Negative spillovers may reinforce existing international injustices and divergences between countries of different income categories and regions.,17_6,10_0,,No Relationship
"Given the global nature of this challenge, the G20 is a suitable platform for tackling international spillovers.","The 2023 Action Plan, under the Indian presidency, called for action in three key areas: digital transformation, gender equality, and just transitions.",17_6,10_1,,No Relationship
2) Establish inclusive processes that bring together stakeholders to co-develop multilateral policies and partnerships;,Negative spillovers may reinforce existing international injustices and divergences between countries of different income categories and regions.,17_7,10_0,,No Relationship
2) Establish inclusive processes that bring together stakeholders to co-develop multilateral policies and partnerships;,"The 2023 Action Plan, under the Indian presidency, called for action in three key areas: digital transformation, gender equality, and just transitions.",17_7,10_1,,No Relationship
"The G20’s immediate aim should be to build momentum for a successful Summit of the Future by restoring trust through high-level policy discussions on international spillover effects, which have the potential to accelerate progress on the SDGs.",Negative spillovers may reinforce existing international injustices and divergences between countries of different income categories and regions.,17_8,10_0,,No Relationship
"The G20’s immediate aim should be to build momentum for a successful Summit of the Future by restoring trust through high-level policy discussions on international spillover effects, which have the potential to accelerate progress on the SDGs.","The 2023 Action Plan, under the Indian presidency, called for action in three key areas: digital transformation, gender equality, and just transitions.",17_8,10_1,,No Relationship
"To tackle spillovers effectively, G20 countries must assist low and middle income countries in strengthening their statistical capacity.",Negative spillovers may reinforce existing international injustices and divergences between countries of different income categories and regions.,17_9,10_0,,No Relationship
"To tackle spillovers effectively, G20 countries must assist low and middle income countries in strengthening their statistical capacity.","The 2023 Action Plan, under the Indian presidency, called for action in three key areas: digital transformation, gender equality, and just transitions.",17_9,10_1,,No Relationship
"This is consistent with SDG target 17.19, which calls for supporting statistical capacity building in developing countries and tracks, via indicator 17.19.1, financial assistance to developing countries for this purpose.",Negative spillovers may reinforce existing international injustices and divergences between countries of different income categories and regions.,17_10,10_0,,No Relationship
"This is consistent with SDG target 17.19, which calls for supporting statistical capacity building in developing countries and tracks, via indicator 17.19.1, financial assistance to developing countries for this purpose.","The 2023 Action Plan, under the Indian presidency, called for action in three key areas: digital transformation, gender equality, and just transitions.",17_10,10_1,,No Relationship
"The G20 should, therefore, create and support new inclusive platforms and partnerships to ensure that production processes include robust safeguards to protect the environment and human rights.",Negative spillovers may reinforce existing international injustices and divergences between countries of different income categories and regions.,17_11,10_0,,No Relationship
"The G20 should, therefore, create and support new inclusive platforms and partnerships to ensure that production processes include robust safeguards to protect the environment and human rights.","The 2023 Action Plan, under the Indian presidency, called for action in three key areas: digital transformation, gender equality, and just transitions.",17_11,10_1,,No Relationship
"The G20 should endorse and expand such initiatives, ensuring their effectiveness.",Negative spillovers may reinforce existing international injustices and divergences between countries of different income categories and regions.,17_12,10_0,,No Relationship
"The G20 should endorse and expand such initiatives, ensuring their effectiveness.","The 2023 Action Plan, under the Indian presidency, called for action in three key areas: digital transformation, gender equality, and just transitions.",17_12,10_1,,No Relationship
"The G20, serving as a high-level forum, is well positioned to facilitate dialogue on spillover effects.",Negative spillovers may reinforce existing international injustices and divergences between countries of different income categories and regions.,17_13,10_0,,No Relationship
"The G20, serving as a high-level forum, is well positioned to facilitate dialogue on spillover effects.","The 2023 Action Plan, under the Indian presidency, called for action in three key areas: digital transformation, gender equality, and just transitions.",17_13,10_1,,No Relationship
"Leveraging its various working groups (such as the working groups on Development, Trade and Investment, Employment, and Climate and Environmental Sustainability), the G20 should lead a dedicated agenda to curb negative spillover effects.",Negative spillovers may reinforce existing international injustices and divergences between countries of different income categories and regions.,17_14,10_0,,No Relationship
"Leveraging its various working groups (such as the working groups on Development, Trade and Investment, Employment, and Climate and Environmental Sustainability), the G20 should lead a dedicated agenda to curb negative spillover effects.","The 2023 Action Plan, under the Indian presidency, called for action in three key areas: digital transformation, gender equality, and just transitions.",17_14,10_1,,No Relationship
Joint workshops among the relevant G20 working groups should be a first step towards developing a structured agenda for upcoming G20 presidencies.,Negative spillovers may reinforce existing international injustices and divergences between countries of different income categories and regions.,17_15,10_0,,No Relationship
Joint workshops among the relevant G20 working groups should be a first step towards developing a structured agenda for upcoming G20 presidencies.,"The 2023 Action Plan, under the Indian presidency, called for action in three key areas: digital transformation, gender equality, and just transitions.",17_15,10_1,,No Relationship
"Developed within the Development Working Group, the Action Plans aim to enhance policy coherence and coordination across all G20 work streams for the SDGs achievement.",Negative spillovers may reinforce existing international injustices and divergences between countries of different income categories and regions.,17_16,10_0,,No Relationship
"Developed within the Development Working Group, the Action Plans aim to enhance policy coherence and coordination across all G20 work streams for the SDGs achievement.","The 2023 Action Plan, under the Indian presidency, called for action in three key areas: digital transformation, gender equality, and just transitions.",17_16,10_1,,No Relationship
"The Summit of the Future needs to demonstrate that international cooperation is possible and effective in tackling current global challenges, especially amid lacklustre SDG progress, widespread conflict, and growing polarization and authoritarian trends worldwide.",Negative spillovers may reinforce existing international injustices and divergences between countries of different income categories and regions.,17_17,10_0,,No Relationship
"The Summit of the Future needs to demonstrate that international cooperation is possible and effective in tackling current global challenges, especially amid lacklustre SDG progress, widespread conflict, and growing polarization and authoritarian trends worldwide.","The 2023 Action Plan, under the Indian presidency, called for action in three key areas: digital transformation, gender equality, and just transitions.",17_17,10_1,,No Relationship
"The G20 needs to use the action-oriented momentum of this Summit to accelerate the implementation of the 2030 Agenda by reducing spillover effects and increasing global policy coherence, a lever to tackle slowing and counterproductive effects on the SDGs.",Negative spillovers may reinforce existing international injustices and divergences between countries of different income categories and regions.,17_18,10_0,,No Relationship
"The G20 needs to use the action-oriented momentum of this Summit to accelerate the implementation of the 2030 Agenda by reducing spillover effects and increasing global policy coherence, a lever to tackle slowing and counterproductive effects on the SDGs.","The 2023 Action Plan, under the Indian presidency, called for action in three key areas: digital transformation, gender equality, and just transitions.",17_18,10_1,,No Relationship
"Under a positive scenario, the G20 (especially through its Development Working Group) will be able to foster a high-level policy dialogue on the importance of international spillover effects as an important factor to accelerate the achievement of the SDGs.",Negative spillovers may reinforce existing international injustices and divergences between countries of different income categories and regions.,17_19,10_0,,No Relationship
"Under a positive scenario, the G20 (especially through its Development Working Group) will be able to foster a high-level policy dialogue on the importance of international spillover effects as an important factor to accelerate the achievement of the SDGs.","The 2023 Action Plan, under the Indian presidency, called for action in three key areas: digital transformation, gender equality, and just transitions.",17_19,10_1,,No Relationship
"For instance, in some G20 economies (e.g., Germany, France, the UK), offshore GHG emissions are more than 40 percent of their total GHG footprint (Figure 2).","G20 countries should also track these effects against time-bound quantitative targets to hold themselves accountable for mitigating negative spillovers, such as resource depletion (e.g., material footprints)",13_0,12_0,,No Relationship
"JETPs provide a blend of financing instruments, including concessional loans, grants, and guaranteed private funds, to support countries’ decarbonization efforts, especially those that are dependent on coal","G20 countries should also track these effects against time-bound quantitative targets to hold themselves accountable for mitigating negative spillovers, such as resource depletion (e.g., material footprints)",13_1,12_0,,No Relationship
"The first JETP, launched at the COP-26, mobilizes $8.5 billion to 1) replace coal with renewable energy; 2) expand electric vehicles use; and 3) establish a green hydrogen industry in South Africa","G20 countries should also track these effects against time-bound quantitative targets to hold themselves accountable for mitigating negative spillovers, such as resource depletion (e.g., material footprints)",13_2,12_0,,No Relationship
"The partnership mobilizes stakeholders to facilitate an energy transition, but it will be important that implementation of the JETP addresses the social consequences of decarbonization (e.g., coal miners’ unemployment; Pilling, 2022)","G20 countries should also track these effects against time-bound quantitative targets to hold themselves accountable for mitigating negative spillovers, such as resource depletion (e.g., material footprints)",13_3,12_0,,No Relationship
"G20 countries should also track these effects against time-bound quantitative targets to hold themselves accountable for mitigating negative spillovers, such as resource depletion (e.g., material footprints)","The Summit of the Future needs to demonstrate that international cooperation is possible and effective in tackling current global challenges, especially amid lacklustre SDG progress, widespread conflict, and growing polarization and authoritarian trends worldwide.",12_0,16_0,,No Relationship
Establish inclusive processes that bring together stakeholders to co-develop multilateral policies and partnerships,"G20 countries should also track these effects against time-bound quantitative targets to hold themselves accountable for mitigating negative spillovers, such as resource depletion (e.g., material footprints)",17_0,12_0,,No Relationship
The G20 is an important international forum to promote the implementation of the 2030 Agenda for Sustainable Development,"G20 countries should also track these effects against time-bound quantitative targets to hold themselves accountable for mitigating negative spillovers, such as resource depletion (e.g., material footprints)",17_1,12_0,,No Relationship
"Curbing negative international spillovers requires multilateral solutions, especially across resource-rich and high income consumer countries","G20 countries should also track these effects against time-bound quantitative targets to hold themselves accountable for mitigating negative spillovers, such as resource depletion (e.g., material footprints)",17_2,12_0,,No Relationship
"The G20’s immediate aim should be to build momentum for a successful Summit of the Future by restoring trust through high-level policy discussions on international spillovers, which have the potential to accelerate the SDG progress","G20 countries should also track these effects against time-bound quantitative targets to hold themselves accountable for mitigating negative spillovers, such as resource depletion (e.g., material footprints)",17_3,12_0,,No Relationship
"A critical, yet underappreciated, factor in achieving the SDGs is addressing “spillover effects”. Namely, how a country’s actions affect other countries’ efforts to achieve the SDGs. These externalities, or spillovers, must be understood, monitored, and managed effectively through actions by the countries causing them and through international partnerships.","G20 countries should also track these effects against time-bound quantitative targets to hold themselves accountable for mitigating negative spillovers, such as resource depletion (e.g., material footprints)",17_4,12_0,,No Relationship
"Ultimately, curbing negative spillovers requires multilateral solutions, especially between resource-rich and labor-rich countries with high income consumer countries.","G20 countries should also track these effects against time-bound quantitative targets to hold themselves accountable for mitigating negative spillovers, such as resource depletion (e.g., material footprints)",17_5,12_0,,No Relationship
"Given the global nature of this challenge, the G20 is a suitable platform for tackling international spillovers.","G20 countries should also track these effects against time-bound quantitative targets to hold themselves accountable for mitigating negative spillovers, such as resource depletion (e.g., material footprints)",17_6,12_0,,No Relationship
2) Establish inclusive processes that bring together stakeholders to co-develop multilateral policies and partnerships;,"G20 countries should also track these effects against time-bound quantitative targets to hold themselves accountable for mitigating negative spillovers, such as resource depletion (e.g., material footprints)",17_7,12_0,,No Relationship
"The G20’s immediate aim should be to build momentum for a successful Summit of the Future by restoring trust through high-level policy discussions on international spillover effects, which have the potential to accelerate progress on the SDGs.","G20 countries should also track these effects against time-bound quantitative targets to hold themselves accountable for mitigating negative spillovers, such as resource depletion (e.g., material footprints)",17_8,12_0,,No Relationship
"To tackle spillovers effectively, G20 countries must assist low and middle income countries in strengthening their statistical capacity.","G20 countries should also track these effects against time-bound quantitative targets to hold themselves accountable for mitigating negative spillovers, such as resource depletion (e.g., material footprints)",17_9,12_0,,No Relationship
"This is consistent with SDG target 17.19, which calls for supporting statistical capacity building in developing countries and tracks, via indicator 17.19.1, financial assistance to developing countries for this purpose.","G20 countries should also track these effects against time-bound quantitative targets to hold themselves accountable for mitigating negative spillovers, such as resource depletion (e.g., material footprints)",17_10,12_0,,No Relationship
"The G20 should, therefore, create and support new inclusive platforms and partnerships to ensure that production processes include robust safeguards to protect the environment and human rights.","G20 countries should also track these effects against time-bound quantitative targets to hold themselves accountable for mitigating negative spillovers, such as resource depletion (e.g., material footprints)",17_11,12_0,,No Relationship
"The G20 should endorse and expand such initiatives, ensuring their effectiveness.","G20 countries should also track these effects against time-bound quantitative targets to hold themselves accountable for mitigating negative spillovers, such as resource depletion (e.g., material footprints)",17_12,12_0,,No Relationship
"The G20, serving as a high-level forum, is well positioned to facilitate dialogue on spillover effects.","G20 countries should also track these effects against time-bound quantitative targets to hold themselves accountable for mitigating negative spillovers, such as resource depletion (e.g., material footprints)",17_13,12_0,,No Relationship
"Leveraging its various working groups (such as the working groups on Development, Trade and Investment, Employment, and Climate and Environmental Sustainability), the G20 should lead a dedicated agenda to curb negative spillover effects.","G20 countries should also track these effects against time-bound quantitative targets to hold themselves accountable for mitigating negative spillovers, such as resource depletion (e.g., material footprints)",17_14,12_0,,No Relationship
Joint workshops among the relevant G20 working groups should be a first step towards developing a structured agenda for upcoming G20 presidencies.,"G20 countries should also track these effects against time-bound quantitative targets to hold themselves accountable for mitigating negative spillovers, such as resource depletion (e.g., material footprints)",17_15,12_0,,No Relationship
"Developed within the Development Working Group, the Action Plans aim to enhance policy coherence and coordination across all G20 work streams for the SDGs achievement.","G20 countries should also track these effects against time-bound quantitative targets to hold themselves accountable for mitigating negative spillovers, such as resource depletion (e.g., material footprints)",17_16,12_0,,No Relationship
"The Summit of the Future needs to demonstrate that international cooperation is possible and effective in tackling current global challenges, especially amid lacklustre SDG progress, widespread conflict, and growing polarization and authoritarian trends worldwide.","G20 countries should also track these effects against time-bound quantitative targets to hold themselves accountable for mitigating negative spillovers, such as resource depletion (e.g., material footprints)",17_17,12_0,,No Relationship
"The G20 needs to use the action-oriented momentum of this Summit to accelerate the implementation of the 2030 Agenda by reducing spillover effects and increasing global policy coherence, a lever to tackle slowing and counterproductive effects on the SDGs.","G20 countries should also track these effects against time-bound quantitative targets to hold themselves accountable for mitigating negative spillovers, such as resource depletion (e.g., material footprints)",17_18,12_0,,No Relationship
"Under a positive scenario, the G20 (especially through its Development Working Group) will be able to foster a high-level policy dialogue on the importance of international spillover effects as an important factor to accelerate the achievement of the SDGs.","G20 countries should also track these effects against time-bound quantitative targets to hold themselves accountable for mitigating negative spillovers, such as resource depletion (e.g., material footprints)",17_19,12_0,,No Relationship
"The Summit of the Future needs to demonstrate that international cooperation is possible and effective in tackling current global challenges, especially amid lacklustre SDG progress, widespread conflict, and growing polarization and authoritarian trends worldwide.","For instance, in some G20 economies (e.g., Germany, France, the UK), offshore GHG emissions are more than 40 percent of their total GHG footprint (Figure 2).",16_0,13_0,,No Relationship
"The Summit of the Future needs to demonstrate that international cooperation is possible and effective in tackling current global challenges, especially amid lacklustre SDG progress, widespread conflict, and growing polarization and authoritarian trends worldwide.","JETPs provide a blend of financing instruments, including concessional loans, grants, and guaranteed private funds, to support countries’ decarbonization efforts, especially those that are dependent on coal",16_0,13_1,,No Relationship
"The Summit of the Future needs to demonstrate that international cooperation is possible and effective in tackling current global challenges, especially amid lacklustre SDG progress, widespread conflict, and growing polarization and authoritarian trends worldwide.","The first JETP, launched at the COP-26, mobilizes $8.5 billion to 1) replace coal with renewable energy; 2) expand electric vehicles use; and 3) establish a green hydrogen industry in South Africa",16_0,13_2,,No Relationship
"The Summit of the Future needs to demonstrate that international cooperation is possible and effective in tackling current global challenges, especially amid lacklustre SDG progress, widespread conflict, and growing polarization and authoritarian trends worldwide.","The partnership mobilizes stakeholders to facilitate an energy transition, but it will be important that implementation of the JETP addresses the social consequences of decarbonization (e.g., coal miners’ unemployment; Pilling, 2022)",16_0,13_3,,No Relationship
"For instance, in some G20 economies (e.g., Germany, France, the UK), offshore GHG emissions are more than 40 percent of their total GHG footprint (Figure 2).",Establish inclusive processes that bring together stakeholders to co-develop multilateral policies and partnerships,13_0,17_0,,No Relationship
"For instance, in some G20 economies (e.g., Germany, France, the UK), offshore GHG emissions are more than 40 percent of their total GHG footprint (Figure 2).",The G20 is an important international forum to promote the implementation of the 2030 Agenda for Sustainable Development,13_0,17_1,,No Relationship
"For instance, in some G20 economies (e.g., Germany, France, the UK), offshore GHG emissions are more than 40 percent of their total GHG footprint (Figure 2).","Curbing negative international spillovers requires multilateral solutions, especially across resource-rich and high income consumer countries",13_0,17_2,,No Relationship
"For instance, in some G20 economies (e.g., Germany, France, the UK), offshore GHG emissions are more than 40 percent of their total GHG footprint (Figure 2).","The G20’s immediate aim should be to build momentum for a successful Summit of the Future by restoring trust through high-level policy discussions on international spillovers, which have the potential to accelerate the SDG progress",13_0,17_3,,No Relationship
"For instance, in some G20 economies (e.g., Germany, France, the UK), offshore GHG emissions are more than 40 percent of their total GHG footprint (Figure 2).","A critical, yet underappreciated, factor in achieving the SDGs is addressing “spillover effects”. Namely, how a country’s actions affect other countries’ efforts to achieve the SDGs. These externalities, or spillovers, must be understood, monitored, and managed effectively through actions by the countries causing them and through international partnerships.",13_0,17_4,,No Relationship
"For instance, in some G20 economies (e.g., Germany, France, the UK), offshore GHG emissions are more than 40 percent of their total GHG footprint (Figure 2).","Ultimately, curbing negative spillovers requires multilateral solutions, especially between resource-rich and labor-rich countries with high income consumer countries.",13_0,17_5,,No Relationship
"For instance, in some G20 economies (e.g., Germany, France, the UK), offshore GHG emissions are more than 40 percent of their total GHG footprint (Figure 2).","Given the global nature of this challenge, the G20 is a suitable platform for tackling international spillovers.",13_0,17_6,,No Relationship
"For instance, in some G20 economies (e.g., Germany, France, the UK), offshore GHG emissions are more than 40 percent of their total GHG footprint (Figure 2).",2) Establish inclusive processes that bring together stakeholders to co-develop multilateral policies and partnerships;,13_0,17_7,,No Relationship
"For instance, in some G20 economies (e.g., Germany, France, the UK), offshore GHG emissions are more than 40 percent of their total GHG footprint (Figure 2).","The G20’s immediate aim should be to build momentum for a successful Summit of the Future by restoring trust through high-level policy discussions on international spillover effects, which have the potential to accelerate progress on the SDGs.",13_0,17_8,,No Relationship
"For instance, in some G20 economies (e.g., Germany, France, the UK), offshore GHG emissions are more than 40 percent of their total GHG footprint (Figure 2).","To tackle spillovers effectively, G20 countries must assist low and middle income countries in strengthening their statistical capacity.",13_0,17_9,,No Relationship
"For instance, in some G20 economies (e.g., Germany, France, the UK), offshore GHG emissions are more than 40 percent of their total GHG footprint (Figure 2).","This is consistent with SDG target 17.19, which calls for supporting statistical capacity building in developing countries and tracks, via indicator 17.19.1, financial assistance to developing countries for this purpose.",13_0,17_10,,No Relationship
"For instance, in some G20 economies (e.g., Germany, France, the UK), offshore GHG emissions are more than 40 percent of their total GHG footprint (Figure 2).","The G20 should, therefore, create and support new inclusive platforms and partnerships to ensure that production processes include robust safeguards to protect the environment and human rights.",13_0,17_11,,No Relationship
"For instance, in some G20 economies (e.g., Germany, France, the UK), offshore GHG emissions are more than 40 percent of their total GHG footprint (Figure 2).","The G20 should endorse and expand such initiatives, ensuring their effectiveness.",13_0,17_12,,No Relationship
"For instance, in some G20 economies (e.g., Germany, France, the UK), offshore GHG emissions are more than 40 percent of their total GHG footprint (Figure 2).","The G20, serving as a high-level forum, is well positioned to facilitate dialogue on spillover effects.",13_0,17_13,,No Relationship
"For instance, in some G20 economies (e.g., Germany, France, the UK), offshore GHG emissions are more than 40 percent of their total GHG footprint (Figure 2).","Leveraging its various working groups (such as the working groups on Development, Trade and Investment, Employment, and Climate and Environmental Sustainability), the G20 should lead a dedicated agenda to curb negative spillover effects.",13_0,17_14,,No Relationship
"For instance, in some G20 economies (e.g., Germany, France, the UK), offshore GHG emissions are more than 40 percent of their total GHG footprint (Figure 2).",Joint workshops among the relevant G20 working groups should be a first step towards developing a structured agenda for upcoming G20 presidencies.,13_0,17_15,,No Relationship
"For instance, in some G20 economies (e.g., Germany, France, the UK), offshore GHG emissions are more than 40 percent of their total GHG footprint (Figure 2).","Developed within the Development Working Group, the Action Plans aim to enhance policy coherence and coordination across all G20 work streams for the SDGs achievement.",13_0,17_16,,No Relationship
"For instance, in some G20 economies (e.g., Germany, France, the UK), offshore GHG emissions are more than 40 percent of their total GHG footprint (Figure 2).","The Summit of the Future needs to demonstrate that international cooperation is possible and effective in tackling current global challenges, especially amid lacklustre SDG progress, widespread conflict, and growing polarization and authoritarian trends worldwide.",13_0,17_17,,No Relationship
"For instance, in some G20 economies (e.g., Germany, France, the UK), offshore GHG emissions are more than 40 percent of their total GHG footprint (Figure 2).","The G20 needs to use the action-oriented momentum of this Summit to accelerate the implementation of the 2030 Agenda by reducing spillover effects and increasing global policy coherence, a lever to tackle slowing and counterproductive effects on the SDGs.",13_0,17_18,,No Relationship
"For instance, in some G20 economies (e.g., Germany, France, the UK), offshore GHG emissions are more than 40 percent of their total GHG footprint (Figure 2).","Under a positive scenario, the G20 (especially through its Development Working Group) will be able to foster a high-level policy dialogue on the importance of international spillover effects as an important factor to accelerate the achievement of the SDGs.",13_0,17_19,,No Relationship
"JETPs provide a blend of financing instruments, including concessional loans, grants, and guaranteed private funds, to support countries’ decarbonization efforts, especially those that are dependent on coal",Establish inclusive processes that bring together stakeholders to co-develop multilateral policies and partnerships,13_1,17_0,,No Relationship
"JETPs provide a blend of financing instruments, including concessional loans, grants, and guaranteed private funds, to support countries’ decarbonization efforts, especially those that are dependent on coal",The G20 is an important international forum to promote the implementation of the 2030 Agenda for Sustainable Development,13_1,17_1,,No Relationship
"JETPs provide a blend of financing instruments, including concessional loans, grants, and guaranteed private funds, to support countries’ decarbonization efforts, especially those that are dependent on coal","Curbing negative international spillovers requires multilateral solutions, especially across resource-rich and high income consumer countries",13_1,17_2,,No Relationship
"JETPs provide a blend of financing instruments, including concessional loans, grants, and guaranteed private funds, to support countries’ decarbonization efforts, especially those that are dependent on coal","The G20’s immediate aim should be to build momentum for a successful Summit of the Future by restoring trust through high-level policy discussions on international spillovers, which have the potential to accelerate the SDG progress",13_1,17_3,,No Relationship
"JETPs provide a blend of financing instruments, including concessional loans, grants, and guaranteed private funds, to support countries’ decarbonization efforts, especially those that are dependent on coal","A critical, yet underappreciated, factor in achieving the SDGs is addressing “spillover effects”. Namely, how a country’s actions affect other countries’ efforts to achieve the SDGs. These externalities, or spillovers, must be understood, monitored, and managed effectively through actions by the countries causing them and through international partnerships.",13_1,17_4,,No Relationship
"JETPs provide a blend of financing instruments, including concessional loans, grants, and guaranteed private funds, to support countries’ decarbonization efforts, especially those that are dependent on coal","Ultimately, curbing negative spillovers requires multilateral solutions, especially between resource-rich and labor-rich countries with high income consumer countries.",13_1,17_5,,No Relationship
"JETPs provide a blend of financing instruments, including concessional loans, grants, and guaranteed private funds, to support countries’ decarbonization efforts, especially those that are dependent on coal","Given the global nature of this challenge, the G20 is a suitable platform for tackling international spillovers.",13_1,17_6,,No Relationship
"JETPs provide a blend of financing instruments, including concessional loans, grants, and guaranteed private funds, to support countries’ decarbonization efforts, especially those that are dependent on coal",2) Establish inclusive processes that bring together stakeholders to co-develop multilateral policies and partnerships;,13_1,17_7,,No Relationship
"JETPs provide a blend of financing instruments, including concessional loans, grants, and guaranteed private funds, to support countries’ decarbonization efforts, especially those that are dependent on coal","The G20’s immediate aim should be to build momentum for a successful Summit of the Future by restoring trust through high-level policy discussions on international spillover effects, which have the potential to accelerate progress on the SDGs.",13_1,17_8,,No Relationship
"JETPs provide a blend of financing instruments, including concessional loans, grants, and guaranteed private funds, to support countries’ decarbonization efforts, especially those that are dependent on coal","To tackle spillovers effectively, G20 countries must assist low and middle income countries in strengthening their statistical capacity.",13_1,17_9,,No Relationship
"JETPs provide a blend of financing instruments, including concessional loans, grants, and guaranteed private funds, to support countries’ decarbonization efforts, especially those that are dependent on coal","This is consistent with SDG target 17.19, which calls for supporting statistical capacity building in developing countries and tracks, via indicator 17.19.1, financial assistance to developing countries for this purpose.",13_1,17_10,,No Relationship
"JETPs provide a blend of financing instruments, including concessional loans, grants, and guaranteed private funds, to support countries’ decarbonization efforts, especially those that are dependent on coal","The G20 should, therefore, create and support new inclusive platforms and partnerships to ensure that production processes include robust safeguards to protect the environment and human rights.",13_1,17_11,,No Relationship
"JETPs provide a blend of financing instruments, including concessional loans, grants, and guaranteed private funds, to support countries’ decarbonization efforts, especially those that are dependent on coal","The G20 should endorse and expand such initiatives, ensuring their effectiveness.",13_1,17_12,,No Relationship
"JETPs provide a blend of financing instruments, including concessional loans, grants, and guaranteed private funds, to support countries’ decarbonization efforts, especially those that are dependent on coal","The G20, serving as a high-level forum, is well positioned to facilitate dialogue on spillover effects.",13_1,17_13,,No Relationship
"JETPs provide a blend of financing instruments, including concessional loans, grants, and guaranteed private funds, to support countries’ decarbonization efforts, especially those that are dependent on coal","Leveraging its various working groups (such as the working groups on Development, Trade and Investment, Employment, and Climate and Environmental Sustainability), the G20 should lead a dedicated agenda to curb negative spillover effects.",13_1,17_14,,No Relationship
"JETPs provide a blend of financing instruments, including concessional loans, grants, and guaranteed private funds, to support countries’ decarbonization efforts, especially those that are dependent on coal",Joint workshops among the relevant G20 working groups should be a first step towards developing a structured agenda for upcoming G20 presidencies.,13_1,17_15,,No Relationship
"JETPs provide a blend of financing instruments, including concessional loans, grants, and guaranteed private funds, to support countries’ decarbonization efforts, especially those that are dependent on coal","Developed within the Development Working Group, the Action Plans aim to enhance policy coherence and coordination across all G20 work streams for the SDGs achievement.",13_1,17_16,,No Relationship
"JETPs provide a blend of financing instruments, including concessional loans, grants, and guaranteed private funds, to support countries’ decarbonization efforts, especially those that are dependent on coal","The Summit of the Future needs to demonstrate that international cooperation is possible and effective in tackling current global challenges, especially amid lacklustre SDG progress, widespread conflict, and growing polarization and authoritarian trends worldwide.",13_1,17_17,,No Relationship
"JETPs provide a blend of financing instruments, including concessional loans, grants, and guaranteed private funds, to support countries’ decarbonization efforts, especially those that are dependent on coal","The G20 needs to use the action-oriented momentum of this Summit to accelerate the implementation of the 2030 Agenda by reducing spillover effects and increasing global policy coherence, a lever to tackle slowing and counterproductive effects on the SDGs.",13_1,17_18,,No Relationship
"JETPs provide a blend of financing instruments, including concessional loans, grants, and guaranteed private funds, to support countries’ decarbonization efforts, especially those that are dependent on coal","Under a positive scenario, the G20 (especially through its Development Working Group) will be able to foster a high-level policy dialogue on the importance of international spillover effects as an important factor to accelerate the achievement of the SDGs.",13_1,17_19,,No Relationship
"The first JETP, launched at the COP-26, mobilizes $8.5 billion to 1) replace coal with renewable energy; 2) expand electric vehicles use; and 3) establish a green hydrogen industry in South Africa",Establish inclusive processes that bring together stakeholders to co-develop multilateral policies and partnerships,13_2,17_0,,No Relationship
"The first JETP, launched at the COP-26, mobilizes $8.5 billion to 1) replace coal with renewable energy; 2) expand electric vehicles use; and 3) establish a green hydrogen industry in South Africa",The G20 is an important international forum to promote the implementation of the 2030 Agenda for Sustainable Development,13_2,17_1,,No Relationship
"The first JETP, launched at the COP-26, mobilizes $8.5 billion to 1) replace coal with renewable energy; 2) expand electric vehicles use; and 3) establish a green hydrogen industry in South Africa","Curbing negative international spillovers requires multilateral solutions, especially across resource-rich and high income consumer countries",13_2,17_2,,No Relationship
"The first JETP, launched at the COP-26, mobilizes $8.5 billion to 1) replace coal with renewable energy; 2) expand electric vehicles use; and 3) establish a green hydrogen industry in South Africa","The G20’s immediate aim should be to build momentum for a successful Summit of the Future by restoring trust through high-level policy discussions on international spillovers, which have the potential to accelerate the SDG progress",13_2,17_3,,No Relationship
"The first JETP, launched at the COP-26, mobilizes $8.5 billion to 1) replace coal with renewable energy; 2) expand electric vehicles use; and 3) establish a green hydrogen industry in South Africa","A critical, yet underappreciated, factor in achieving the SDGs is addressing “spillover effects”. Namely, how a country’s actions affect other countries’ efforts to achieve the SDGs. These externalities, or spillovers, must be understood, monitored, and managed effectively through actions by the countries causing them and through international partnerships.",13_2,17_4,,No Relationship
"The first JETP, launched at the COP-26, mobilizes $8.5 billion to 1) replace coal with renewable energy; 2) expand electric vehicles use; and 3) establish a green hydrogen industry in South Africa","Ultimately, curbing negative spillovers requires multilateral solutions, especially between resource-rich and labor-rich countries with high income consumer countries.",13_2,17_5,,No Relationship
"The first JETP, launched at the COP-26, mobilizes $8.5 billion to 1) replace coal with renewable energy; 2) expand electric vehicles use; and 3) establish a green hydrogen industry in South Africa","Given the global nature of this challenge, the G20 is a suitable platform for tackling international spillovers.",13_2,17_6,,No Relationship
"The first JETP, launched at the COP-26, mobilizes $8.5 billion to 1) replace coal with renewable energy; 2) expand electric vehicles use; and 3) establish a green hydrogen industry in South Africa",2) Establish inclusive processes that bring together stakeholders to co-develop multilateral policies and partnerships;,13_2,17_7,,No Relationship
"The first JETP, launched at the COP-26, mobilizes $8.5 billion to 1) replace coal with renewable energy; 2) expand electric vehicles use; and 3) establish a green hydrogen industry in South Africa","The G20’s immediate aim should be to build momentum for a successful Summit of the Future by restoring trust through high-level policy discussions on international spillover effects, which have the potential to accelerate progress on the SDGs.",13_2,17_8,,No Relationship
"The first JETP, launched at the COP-26, mobilizes $8.5 billion to 1) replace coal with renewable energy; 2) expand electric vehicles use; and 3) establish a green hydrogen industry in South Africa","To tackle spillovers effectively, G20 countries must assist low and middle income countries in strengthening their statistical capacity.",13_2,17_9,,No Relationship
"The first JETP, launched at the COP-26, mobilizes $8.5 billion to 1) replace coal with renewable energy; 2) expand electric vehicles use; and 3) establish a green hydrogen industry in South Africa","This is consistent with SDG target 17.19, which calls for supporting statistical capacity building in developing countries and tracks, via indicator 17.19.1, financial assistance to developing countries for this purpose.",13_2,17_10,,No Relationship
"The first JETP, launched at the COP-26, mobilizes $8.5 billion to 1) replace coal with renewable energy; 2) expand electric vehicles use; and 3) establish a green hydrogen industry in South Africa","The G20 should, therefore, create and support new inclusive platforms and partnerships to ensure that production processes include robust safeguards to protect the environment and human rights.",13_2,17_11,,No Relationship
"The first JETP, launched at the COP-26, mobilizes $8.5 billion to 1) replace coal with renewable energy; 2) expand electric vehicles use; and 3) establish a green hydrogen industry in South Africa","The G20 should endorse and expand such initiatives, ensuring their effectiveness.",13_2,17_12,,No Relationship
"The first JETP, launched at the COP-26, mobilizes $8.5 billion to 1) replace coal with renewable energy; 2) expand electric vehicles use; and 3) establish a green hydrogen industry in South Africa","The G20, serving as a high-level forum, is well positioned to facilitate dialogue on spillover effects.",13_2,17_13,,No Relationship
"The first JETP, launched at the COP-26, mobilizes $8.5 billion to 1) replace coal with renewable energy; 2) expand electric vehicles use; and 3) establish a green hydrogen industry in South Africa","Leveraging its various working groups (such as the working groups on Development, Trade and Investment, Employment, and Climate and Environmental Sustainability), the G20 should lead a dedicated agenda to curb negative spillover effects.",13_2,17_14,,No Relationship
"The first JETP, launched at the COP-26, mobilizes $8.5 billion to 1) replace coal with renewable energy; 2) expand electric vehicles use; and 3) establish a green hydrogen industry in South Africa",Joint workshops among the relevant G20 working groups should be a first step towards developing a structured agenda for upcoming G20 presidencies.,13_2,17_15,,No Relationship
"The first JETP, launched at the COP-26, mobilizes $8.5 billion to 1) replace coal with renewable energy; 2) expand electric vehicles use; and 3) establish a green hydrogen industry in South Africa","Developed within the Development Working Group, the Action Plans aim to enhance policy coherence and coordination across all G20 work streams for the SDGs achievement.",13_2,17_16,,No Relationship
"The first JETP, launched at the COP-26, mobilizes $8.5 billion to 1) replace coal with renewable energy; 2) expand electric vehicles use; and 3) establish a green hydrogen industry in South Africa","The Summit of the Future needs to demonstrate that international cooperation is possible and effective in tackling current global challenges, especially amid lacklustre SDG progress, widespread conflict, and growing polarization and authoritarian trends worldwide.",13_2,17_17,,No Relationship
"The first JETP, launched at the COP-26, mobilizes $8.5 billion to 1) replace coal with renewable energy; 2) expand electric vehicles use; and 3) establish a green hydrogen industry in South Africa","The G20 needs to use the action-oriented momentum of this Summit to accelerate the implementation of the 2030 Agenda by reducing spillover effects and increasing global policy coherence, a lever to tackle slowing and counterproductive effects on the SDGs.",13_2,17_18,,No Relationship
"The first JETP, launched at the COP-26, mobilizes $8.5 billion to 1) replace coal with renewable energy; 2) expand electric vehicles use; and 3) establish a green hydrogen industry in South Africa","Under a positive scenario, the G20 (especially through its Development Working Group) will be able to foster a high-level policy dialogue on the importance of international spillover effects as an important factor to accelerate the achievement of the SDGs.",13_2,17_19,,No Relationship
"The partnership mobilizes stakeholders to facilitate an energy transition, but it will be important that implementation of the JETP addresses the social consequences of decarbonization (e.g., coal miners’ unemployment; Pilling, 2022)",Establish inclusive processes that bring together stakeholders to co-develop multilateral policies and partnerships,13_3,17_0,,No Relationship
"The partnership mobilizes stakeholders to facilitate an energy transition, but it will be important that implementation of the JETP addresses the social consequences of decarbonization (e.g., coal miners’ unemployment; Pilling, 2022)",The G20 is an important international forum to promote the implementation of the 2030 Agenda for Sustainable Development,13_3,17_1,,No Relationship
"The partnership mobilizes stakeholders to facilitate an energy transition, but it will be important that implementation of the JETP addresses the social consequences of decarbonization (e.g., coal miners’ unemployment; Pilling, 2022)","Curbing negative international spillovers requires multilateral solutions, especially across resource-rich and high income consumer countries",13_3,17_2,,No Relationship
"The partnership mobilizes stakeholders to facilitate an energy transition, but it will be important that implementation of the JETP addresses the social consequences of decarbonization (e.g., coal miners’ unemployment; Pilling, 2022)","The G20’s immediate aim should be to build momentum for a successful Summit of the Future by restoring trust through high-level policy discussions on international spillovers, which have the potential to accelerate the SDG progress",13_3,17_3,,No Relationship
"The partnership mobilizes stakeholders to facilitate an energy transition, but it will be important that implementation of the JETP addresses the social consequences of decarbonization (e.g., coal miners’ unemployment; Pilling, 2022)","A critical, yet underappreciated, factor in achieving the SDGs is addressing “spillover effects”. Namely, how a country’s actions affect other countries’ efforts to achieve the SDGs. These externalities, or spillovers, must be understood, monitored, and managed effectively through actions by the countries causing them and through international partnerships.",13_3,17_4,,No Relationship
"The partnership mobilizes stakeholders to facilitate an energy transition, but it will be important that implementation of the JETP addresses the social consequences of decarbonization (e.g., coal miners’ unemployment; Pilling, 2022)","Ultimately, curbing negative spillovers requires multilateral solutions, especially between resource-rich and labor-rich countries with high income consumer countries.",13_3,17_5,,No Relationship
"The partnership mobilizes stakeholders to facilitate an energy transition, but it will be important that implementation of the JETP addresses the social consequences of decarbonization (e.g., coal miners’ unemployment; Pilling, 2022)","Given the global nature of this challenge, the G20 is a suitable platform for tackling international spillovers.",13_3,17_6,,No Relationship
"The partnership mobilizes stakeholders to facilitate an energy transition, but it will be important that implementation of the JETP addresses the social consequences of decarbonization (e.g., coal miners’ unemployment; Pilling, 2022)",2) Establish inclusive processes that bring together stakeholders to co-develop multilateral policies and partnerships;,13_3,17_7,,No Relationship
"The partnership mobilizes stakeholders to facilitate an energy transition, but it will be important that implementation of the JETP addresses the social consequences of decarbonization (e.g., coal miners’ unemployment; Pilling, 2022)","The G20’s immediate aim should be to build momentum for a successful Summit of the Future by restoring trust through high-level policy discussions on international spillover effects, which have the potential to accelerate progress on the SDGs.",13_3,17_8,,No Relationship
"The partnership mobilizes stakeholders to facilitate an energy transition, but it will be important that implementation of the JETP addresses the social consequences of decarbonization (e.g., coal miners’ unemployment; Pilling, 2022)","To tackle spillovers effectively, G20 countries must assist low and middle income countries in strengthening their statistical capacity.",13_3,17_9,,No Relationship
"The partnership mobilizes stakeholders to facilitate an energy transition, but it will be important that implementation of the JETP addresses the social consequences of decarbonization (e.g., coal miners’ unemployment; Pilling, 2022)","This is consistent with SDG target 17.19, which calls for supporting statistical capacity building in developing countries and tracks, via indicator 17.19.1, financial assistance to developing countries for this purpose.",13_3,17_10,,No Relationship
"The partnership mobilizes stakeholders to facilitate an energy transition, but it will be important that implementation of the JETP addresses the social consequences of decarbonization (e.g., coal miners’ unemployment; Pilling, 2022)","The G20 should, therefore, create and support new inclusive platforms and partnerships to ensure that production processes include robust safeguards to protect the environment and human rights.",13_3,17_11,,No Relationship
"The partnership mobilizes stakeholders to facilitate an energy transition, but it will be important that implementation of the JETP addresses the social consequences of decarbonization (e.g., coal miners’ unemployment; Pilling, 2022)","The G20 should endorse and expand such initiatives, ensuring their effectiveness.",13_3,17_12,,No Relationship
"The partnership mobilizes stakeholders to facilitate an energy transition, but it will be important that implementation of the JETP addresses the social consequences of decarbonization (e.g., coal miners’ unemployment; Pilling, 2022)","The G20, serving as a high-level forum, is well positioned to facilitate dialogue on spillover effects.",13_3,17_13,,No Relationship
"The partnership mobilizes stakeholders to facilitate an energy transition, but it will be important that implementation of the JETP addresses the social consequences of decarbonization (e.g., coal miners’ unemployment; Pilling, 2022)","Leveraging its various working groups (such as the working groups on Development, Trade and Investment, Employment, and Climate and Environmental Sustainability), the G20 should lead a dedicated agenda to curb negative spillover effects.",13_3,17_14,,No Relationship
"The partnership mobilizes stakeholders to facilitate an energy transition, but it will be important that implementation of the JETP addresses the social consequences of decarbonization (e.g., coal miners’ unemployment; Pilling, 2022)",Joint workshops among the relevant G20 working groups should be a first step towards developing a structured agenda for upcoming G20 presidencies.,13_3,17_15,,No Relationship
"The partnership mobilizes stakeholders to facilitate an energy transition, but it will be important that implementation of the JETP addresses the social consequences of decarbonization (e.g., coal miners’ unemployment; Pilling, 2022)","Developed within the Development Working Group, the Action Plans aim to enhance policy coherence and coordination across all G20 work streams for the SDGs achievement.",13_3,17_16,,No Relationship
"The partnership mobilizes stakeholders to facilitate an energy transition, but it will be important that implementation of the JETP addresses the social consequences of decarbonization (e.g., coal miners’ unemployment; Pilling, 2022)","The Summit of the Future needs to demonstrate that international cooperation is possible and effective in tackling current global challenges, especially amid lacklustre SDG progress, widespread conflict, and growing polarization and authoritarian trends worldwide.",13_3,17_17,,No Relationship
"The partnership mobilizes stakeholders to facilitate an energy transition, but it will be important that implementation of the JETP addresses the social consequences of decarbonization (e.g., coal miners’ unemployment; Pilling, 2022)","The G20 needs to use the action-oriented momentum of this Summit to accelerate the implementation of the 2030 Agenda by reducing spillover effects and increasing global policy coherence, a lever to tackle slowing and counterproductive effects on the SDGs.",13_3,17_18,,No Relationship
"The partnership mobilizes stakeholders to facilitate an energy transition, but it will be important that implementation of the JETP addresses the social consequences of decarbonization (e.g., coal miners’ unemployment; Pilling, 2022)","Under a positive scenario, the G20 (especially through its Development Working Group) will be able to foster a high-level policy dialogue on the importance of international spillover effects as an important factor to accelerate the achievement of the SDGs.",13_3,17_19,,No Relationship
Establish inclusive processes that bring together stakeholders to co-develop multilateral policies and partnerships,"The Summit of the Future needs to demonstrate that international cooperation is possible and effective in tackling current global challenges, especially amid lacklustre SDG progress, widespread conflict, and growing polarization and authoritarian trends worldwide.",17_0,16_0,,No Relationship
The G20 is an important international forum to promote the implementation of the 2030 Agenda for Sustainable Development,"The Summit of the Future needs to demonstrate that international cooperation is possible and effective in tackling current global challenges, especially amid lacklustre SDG progress, widespread conflict, and growing polarization and authoritarian trends worldwide.",17_1,16_0,,No Relationship
"Curbing negative international spillovers requires multilateral solutions, especially across resource-rich and high income consumer countries","The Summit of the Future needs to demonstrate that international cooperation is possible and effective in tackling current global challenges, especially amid lacklustre SDG progress, widespread conflict, and growing polarization and authoritarian trends worldwide.",17_2,16_0,,No Relationship
"The G20’s immediate aim should be to build momentum for a successful Summit of the Future by restoring trust through high-level policy discussions on international spillovers, which have the potential to accelerate the SDG progress","The Summit of the Future needs to demonstrate that international cooperation is possible and effective in tackling current global challenges, especially amid lacklustre SDG progress, widespread conflict, and growing polarization and authoritarian trends worldwide.",17_3,16_0,,No Relationship
"A critical, yet underappreciated, factor in achieving the SDGs is addressing “spillover effects”. Namely, how a country’s actions affect other countries’ efforts to achieve the SDGs. These externalities, or spillovers, must be understood, monitored, and managed effectively through actions by the countries causing them and through international partnerships.","The Summit of the Future needs to demonstrate that international cooperation is possible and effective in tackling current global challenges, especially amid lacklustre SDG progress, widespread conflict, and growing polarization and authoritarian trends worldwide.",17_4,16_0,,No Relationship
"Ultimately, curbing negative spillovers requires multilateral solutions, especially between resource-rich and labor-rich countries with high income consumer countries.","The Summit of the Future needs to demonstrate that international cooperation is possible and effective in tackling current global challenges, especially amid lacklustre SDG progress, widespread conflict, and growing polarization and authoritarian trends worldwide.",17_5,16_0,,No Relationship
"Given the global nature of this challenge, the G20 is a suitable platform for tackling international spillovers.","The Summit of the Future needs to demonstrate that international cooperation is possible and effective in tackling current global challenges, especially amid lacklustre SDG progress, widespread conflict, and growing polarization and authoritarian trends worldwide.",17_6,16_0,,No Relationship
2) Establish inclusive processes that bring together stakeholders to co-develop multilateral policies and partnerships;,"The Summit of the Future needs to demonstrate that international cooperation is possible and effective in tackling current global challenges, especially amid lacklustre SDG progress, widespread conflict, and growing polarization and authoritarian trends worldwide.",17_7,16_0,,No Relationship
"The G20’s immediate aim should be to build momentum for a successful Summit of the Future by restoring trust through high-level policy discussions on international spillover effects, which have the potential to accelerate progress on the SDGs.","The Summit of the Future needs to demonstrate that international cooperation is possible and effective in tackling current global challenges, especially amid lacklustre SDG progress, widespread conflict, and growing polarization and authoritarian trends worldwide.",17_8,16_0,,No Relationship
"To tackle spillovers effectively, G20 countries must assist low and middle income countries in strengthening their statistical capacity.","The Summit of the Future needs to demonstrate that international cooperation is possible and effective in tackling current global challenges, especially amid lacklustre SDG progress, widespread conflict, and growing polarization and authoritarian trends worldwide.",17_9,16_0,,No Relationship
"This is consistent with SDG target 17.19, which calls for supporting statistical capacity building in developing countries and tracks, via indicator 17.19.1, financial assistance to developing countries for this purpose.","The Summit of the Future needs to demonstrate that international cooperation is possible and effective in tackling current global challenges, especially amid lacklustre SDG progress, widespread conflict, and growing polarization and authoritarian trends worldwide.",17_10,16_0,,No Relationship
"The G20 should, therefore, create and support new inclusive platforms and partnerships to ensure that production processes include robust safeguards to protect the environment and human rights.","The Summit of the Future needs to demonstrate that international cooperation is possible and effective in tackling current global challenges, especially amid lacklustre SDG progress, widespread conflict, and growing polarization and authoritarian trends worldwide.",17_11,16_0,,No Relationship
"The G20 should endorse and expand such initiatives, ensuring their effectiveness.","The Summit of the Future needs to demonstrate that international cooperation is possible and effective in tackling current global challenges, especially amid lacklustre SDG progress, widespread conflict, and growing polarization and authoritarian trends worldwide.",17_12,16_0,,No Relationship
"The G20, serving as a high-level forum, is well positioned to facilitate dialogue on spillover effects.","The Summit of the Future needs to demonstrate that international cooperation is possible and effective in tackling current global challenges, especially amid lacklustre SDG progress, widespread conflict, and growing polarization and authoritarian trends worldwide.",17_13,16_0,,No Relationship
"Leveraging its various working groups (such as the working groups on Development, Trade and Investment, Employment, and Climate and Environmental Sustainability), the G20 should lead a dedicated agenda to curb negative spillover effects.","The Summit of the Future needs to demonstrate that international cooperation is possible and effective in tackling current global challenges, especially amid lacklustre SDG progress, widespread conflict, and growing polarization and authoritarian trends worldwide.",17_14,16_0,,No Relationship
Joint workshops among the relevant G20 working groups should be a first step towards developing a structured agenda for upcoming G20 presidencies.,"The Summit of the Future needs to demonstrate that international cooperation is possible and effective in tackling current global challenges, especially amid lacklustre SDG progress, widespread conflict, and growing polarization and authoritarian trends worldwide.",17_15,16_0,,No Relationship
"Developed within the Development Working Group, the Action Plans aim to enhance policy coherence and coordination across all G20 work streams for the SDGs achievement.","The Summit of the Future needs to demonstrate that international cooperation is possible and effective in tackling current global challenges, especially amid lacklustre SDG progress, widespread conflict, and growing polarization and authoritarian trends worldwide.",17_16,16_0,,No Relationship
"The Summit of the Future needs to demonstrate that international cooperation is possible and effective in tackling current global challenges, especially amid lacklustre SDG progress, widespread conflict, and growing polarization and authoritarian trends worldwide.","The Summit of the Future needs to demonstrate that international cooperation is possible and effective in tackling current global challenges, especially amid lacklustre SDG progress, widespread conflict, and growing polarization and authoritarian trends worldwide.",17_17,16_0,,Rephrase
"The G20 needs to use the action-oriented momentum of this Summit to accelerate the implementation of the 2030 Agenda by reducing spillover effects and increasing global policy coherence, a lever to tackle slowing and counterproductive effects on the SDGs.","The Summit of the Future needs to demonstrate that international cooperation is possible and effective in tackling current global challenges, especially amid lacklustre SDG progress, widespread conflict, and growing polarization and authoritarian trends worldwide.",17_18,16_0,,No Relationship
"Under a positive scenario, the G20 (especially through its Development Working Group) will be able to foster a high-level policy dialogue on the importance of international spillover effects as an important factor to accelerate the achievement of the SDGs.","The Summit of the Future needs to demonstrate that international cooperation is possible and effective in tackling current global challenges, especially amid lacklustre SDG progress, widespread conflict, and growing polarization and authoritarian trends worldwide.",17_19,16_0,,No Relationship
