SDGarg1,SDGarg2,id_arg1,id_arg2,rel,rel_robertaL
"The COVID-19 pandemic caused extreme poverty to rise in 2020 for the first time in decades, reversing global progress by three years.","The progress assessment carried out in 2024 reveals that the world is severely off track to realize the 2030 Agenda. Of the 169 targets, 135 can be assessed using available global trend data from the 2015 baseline to the most recent year, along with custodian agency analyses; 34 targets lack sufficient trend data or additional analysis.",1_0,0_0,,Support
"The COVID-19 pandemic caused extreme poverty to rise in 2020 for the first time in decades, reversing global progress by three years.",Developing countries are not fairly represented in international economic decision-making. Strengthening their voice and participation is crucial to ensuring a more inclusive and equitable global economic system.,1_0,0_1,,Support
"Achieving universal coverage will require closing a major financing gap. To guarantee at least basic social security for all children, upper- and lower-middle-income countries would need to invest an additional $98.1 billion and $88.8 billion, respectively.","The progress assessment carried out in 2024 reveals that the world is severely off track to realize the 2030 Agenda. Of the 169 targets, 135 can be assessed using available global trend data from the 2015 baseline to the most recent year, along with custodian agency analyses; 34 targets lack sufficient trend data or additional analysis.",1_1,0_0,,No Relationship
"Achieving universal coverage will require closing a major financing gap. To guarantee at least basic social security for all children, upper- and lower-middle-income countries would need to invest an additional $98.1 billion and $88.8 billion, respectively.",Developing countries are not fairly represented in international economic decision-making. Strengthening their voice and participation is crucial to ensuring a more inclusive and equitable global economic system.,1_1,0_1,,Support
"The progress assessment carried out in 2024 reveals that the world is severely off track to realize the 2030 Agenda. Of the 169 targets, 135 can be assessed using available global trend data from the 2015 baseline to the most recent year, along with custodian agency analyses; 34 targets lack sufficient trend data or additional analysis.",Ninety per cent of people facing hunger and malnutrition live in IDA countries.,0_0,2_0,,No Relationship
"The progress assessment carried out in 2024 reveals that the world is severely off track to realize the 2030 Agenda. Of the 169 targets, 135 can be assessed using available global trend data from the 2015 baseline to the most recent year, along with custodian agency analyses; 34 targets lack sufficient trend data or additional analysis.","Data suggest that household food waste varies by just 7 kilograms per capita each year across high-income, upper-middle-income and lower-middle-income countries. Hotter countries tend to have higher waste per capita, possibly due to increased consumption of fresh food with substantial inedible parts and inadequate refrigeration.",0_0,2_1,,No Relationship
"The progress assessment carried out in 2024 reveals that the world is severely off track to realize the 2030 Agenda. Of the 169 targets, 135 can be assessed using available global trend data from the 2015 baseline to the most recent year, along with custodian agency analyses; 34 targets lack sufficient trend data or additional analysis.","In 2023, about 733 million people faced hunger, and 2.33 billion people experienced moderate to severe food insecurity.",0_0,2_2,,Support
"The progress assessment carried out in 2024 reveals that the world is severely off track to realize the 2030 Agenda. Of the 169 targets, 135 can be assessed using available global trend data from the 2015 baseline to the most recent year, along with custodian agency analyses; 34 targets lack sufficient trend data or additional analysis.","Achieving zero hunger requires intensified efforts to transform food systems so they are sustainable, resilient and equitable.",0_0,2_3,,Support
"The progress assessment carried out in 2024 reveals that the world is severely off track to realize the 2030 Agenda. Of the 169 targets, 135 can be assessed using available global trend data from the 2015 baseline to the most recent year, along with custodian agency analyses; 34 targets lack sufficient trend data or additional analysis.",Nearly 60 per cent of countries faced moderately to abnormally high food prices in 2022,0_0,2_4,,No Relationship
Developing countries are not fairly represented in international economic decision-making. Strengthening their voice and participation is crucial to ensuring a more inclusive and equitable global economic system.,Ninety per cent of people facing hunger and malnutrition live in IDA countries.,0_1,2_0,,No Relationship
Developing countries are not fairly represented in international economic decision-making. Strengthening their voice and participation is crucial to ensuring a more inclusive and equitable global economic system.,"Data suggest that household food waste varies by just 7 kilograms per capita each year across high-income, upper-middle-income and lower-middle-income countries. Hotter countries tend to have higher waste per capita, possibly due to increased consumption of fresh food with substantial inedible parts and inadequate refrigeration.",0_1,2_1,,No Relationship
Developing countries are not fairly represented in international economic decision-making. Strengthening their voice and participation is crucial to ensuring a more inclusive and equitable global economic system.,"In 2023, about 733 million people faced hunger, and 2.33 billion people experienced moderate to severe food insecurity.",0_1,2_2,,No Relationship
Developing countries are not fairly represented in international economic decision-making. Strengthening their voice and participation is crucial to ensuring a more inclusive and equitable global economic system.,"Achieving zero hunger requires intensified efforts to transform food systems so they are sustainable, resilient and equitable.",0_1,2_3,,Support
Developing countries are not fairly represented in international economic decision-making. Strengthening their voice and participation is crucial to ensuring a more inclusive and equitable global economic system.,Nearly 60 per cent of countries faced moderately to abnormally high food prices in 2022,0_1,2_4,,Support
The maternal mortality ratio is largely stuck at a level more than three times the 2030 target.,"The progress assessment carried out in 2024 reveals that the world is severely off track to realize the 2030 Agenda. Of the 169 targets, 135 can be assessed using available global trend data from the 2015 baseline to the most recent year, along with custodian agency analyses; 34 targets lack sufficient trend data or additional analysis.",3_0,0_0,,Support
The maternal mortality ratio is largely stuck at a level more than three times the 2030 target.,Developing countries are not fairly represented in international economic decision-making. Strengthening their voice and participation is crucial to ensuring a more inclusive and equitable global economic system.,3_0,0_1,,No Relationship
Improvements in adolescent birth rates and access to modern contraceptives do not benefit all women and girls equally,"The progress assessment carried out in 2024 reveals that the world is severely off track to realize the 2030 Agenda. Of the 169 targets, 135 can be assessed using available global trend data from the 2015 baseline to the most recent year, along with custodian agency analyses; 34 targets lack sufficient trend data or additional analysis.",3_1,0_0,,No Relationship
Improvements in adolescent birth rates and access to modern contraceptives do not benefit all women and girls equally,Developing countries are not fairly represented in international economic decision-making. Strengthening their voice and participation is crucial to ensuring a more inclusive and equitable global economic system.,3_1,0_1,,No Relationship
"The progress assessment carried out in 2024 reveals that the world is severely off track to realize the 2030 Agenda. Of the 169 targets, 135 can be assessed using available global trend data from the 2015 baseline to the most recent year, along with custodian agency analyses; 34 targets lack sufficient trend data or additional analysis.","Despite basic services in schools being essential for fair learning opportunities, progress has been slow, particularly affecting students with disabilities and girls.",0_0,4_0,,Support
Developing countries are not fairly represented in international economic decision-making. Strengthening their voice and participation is crucial to ensuring a more inclusive and equitable global economic system.,"Despite basic services in schools being essential for fair learning opportunities, progress has been slow, particularly affecting students with disabilities and girls.",0_1,4_0,,No Relationship
"The adolescent birth rate for women aged 15–19 years declined to 41.3 births per 1,000 women in 2023, from 47.2 in 2015 and 64.5 in 2000.","The progress assessment carried out in 2024 reveals that the world is severely off track to realize the 2030 Agenda. Of the 169 targets, 135 can be assessed using available global trend data from the 2015 baseline to the most recent year, along with custodian agency analyses; 34 targets lack sufficient trend data or additional analysis.",5_0,0_0,,Support
"The adolescent birth rate for women aged 15–19 years declined to 41.3 births per 1,000 women in 2023, from 47.2 in 2015 and 64.5 in 2000.",Developing countries are not fairly represented in international economic decision-making. Strengthening their voice and participation is crucial to ensuring a more inclusive and equitable global economic system.,5_0,0_1,,No Relationship
Girls’ completion rates exceed those of boys by 2 to 3 percentage points in both primary and secondary education.,"The progress assessment carried out in 2024 reveals that the world is severely off track to realize the 2030 Agenda. Of the 169 targets, 135 can be assessed using available global trend data from the 2015 baseline to the most recent year, along with custodian agency analyses; 34 targets lack sufficient trend data or additional analysis.",5_1,0_0,,No Relationship
Girls’ completion rates exceed those of boys by 2 to 3 percentage points in both primary and secondary education.,Developing countries are not fairly represented in international economic decision-making. Strengthening their voice and participation is crucial to ensuring a more inclusive and equitable global economic system.,5_1,0_1,,No Relationship
One in five girls still marry before age 18.,"The progress assessment carried out in 2024 reveals that the world is severely off track to realize the 2030 Agenda. Of the 169 targets, 135 can be assessed using available global trend data from the 2015 baseline to the most recent year, along with custodian agency analyses; 34 targets lack sufficient trend data or additional analysis.",5_2,0_0,,No Relationship
One in five girls still marry before age 18.,Developing countries are not fairly represented in international economic decision-making. Strengthening their voice and participation is crucial to ensuring a more inclusive and equitable global economic system.,5_2,0_1,,No Relationship
A staggering 230 million girls and women have been subjected to female genital mutilation.,"The progress assessment carried out in 2024 reveals that the world is severely off track to realize the 2030 Agenda. Of the 169 targets, 135 can be assessed using available global trend data from the 2015 baseline to the most recent year, along with custodian agency analyses; 34 targets lack sufficient trend data or additional analysis.",5_3,0_0,,No Relationship
A staggering 230 million girls and women have been subjected to female genital mutilation.,Developing countries are not fairly represented in international economic decision-making. Strengthening their voice and participation is crucial to ensuring a more inclusive and equitable global economic system.,5_3,0_1,,No Relationship
child marriage and female genital mutilation violate the rights of girls and have lifelong consequences.,"The progress assessment carried out in 2024 reveals that the world is severely off track to realize the 2030 Agenda. Of the 169 targets, 135 can be assessed using available global trend data from the 2015 baseline to the most recent year, along with custodian agency analyses; 34 targets lack sufficient trend data or additional analysis.",5_4,0_0,,No Relationship
child marriage and female genital mutilation violate the rights of girls and have lifelong consequences.,Developing countries are not fairly represented in international economic decision-making. Strengthening their voice and participation is crucial to ensuring a more inclusive and equitable global economic system.,5_4,0_1,,No Relationship
"The progress assessment carried out in 2024 reveals that the world is severely off track to realize the 2030 Agenda. Of the 169 targets, 135 can be assessed using available global trend data from the 2015 baseline to the most recent year, along with custodian agency analyses; 34 targets lack sufficient trend data or additional analysis.","In 2022, roughly half the world’s population experienced severe water scarcity for at least part of the year. One quarter faced “extremely high” levels of water stress.",0_0,6_0,,Support
"The progress assessment carried out in 2024 reveals that the world is severely off track to realize the 2030 Agenda. Of the 169 targets, 135 can be assessed using available global trend data from the 2015 baseline to the most recent year, along with custodian agency analyses; 34 targets lack sufficient trend data or additional analysis.","Integrated water management boosts resilience to multiple crises, including climate change",0_0,6_1,,No Relationship
Developing countries are not fairly represented in international economic decision-making. Strengthening their voice and participation is crucial to ensuring a more inclusive and equitable global economic system.,"In 2022, roughly half the world’s population experienced severe water scarcity for at least part of the year. One quarter faced “extremely high” levels of water stress.",0_1,6_0,,No Relationship
Developing countries are not fairly represented in international economic decision-making. Strengthening their voice and participation is crucial to ensuring a more inclusive and equitable global economic system.,"Integrated water management boosts resilience to multiple crises, including climate change",0_1,6_1,,No Relationship
"The annual SDG investment gap in developing countries was estimated at about $4 trillion, with over half, or $2.2 trillion, needed for the energy transition alone.","The progress assessment carried out in 2024 reveals that the world is severely off track to realize the 2030 Agenda. Of the 169 targets, 135 can be assessed using available global trend data from the 2015 baseline to the most recent year, along with custodian agency analyses; 34 targets lack sufficient trend data or additional analysis.",7_0,0_0,,Support
"The annual SDG investment gap in developing countries was estimated at about $4 trillion, with over half, or $2.2 trillion, needed for the energy transition alone.",Developing countries are not fairly represented in international economic decision-making. Strengthening their voice and participation is crucial to ensuring a more inclusive and equitable global economic system.,7_0,0_1,,Support
The number without clean cooking fuels declined from 2.8 billion to 2.1 billion over the same period.,"The progress assessment carried out in 2024 reveals that the world is severely off track to realize the 2030 Agenda. Of the 169 targets, 135 can be assessed using available global trend data from the 2015 baseline to the most recent year, along with custodian agency analyses; 34 targets lack sufficient trend data or additional analysis.",7_1,0_0,,No Relationship
The number without clean cooking fuels declined from 2.8 billion to 2.1 billion over the same period.,Developing countries are not fairly represented in international economic decision-making. Strengthening their voice and participation is crucial to ensuring a more inclusive and equitable global economic system.,7_1,0_1,,No Relationship
Traditional uses of biomass accounted for slightly over a third of total renewable energy consumption.,"The progress assessment carried out in 2024 reveals that the world is severely off track to realize the 2030 Agenda. Of the 169 targets, 135 can be assessed using available global trend data from the 2015 baseline to the most recent year, along with custodian agency analyses; 34 targets lack sufficient trend data or additional analysis.",7_2,0_0,,No Relationship
Traditional uses of biomass accounted for slightly over a third of total renewable energy consumption.,Developing countries are not fairly represented in international economic decision-making. Strengthening their voice and participation is crucial to ensuring a more inclusive and equitable global economic system.,7_2,0_1,,No Relationship
"The progress assessment carried out in 2024 reveals that the world is severely off track to realize the 2030 Agenda. Of the 169 targets, 135 can be assessed using available global trend data from the 2015 baseline to the most recent year, along with custodian agency analyses; 34 targets lack sufficient trend data or additional analysis.","In a landscape of declining international cooperation and rising geopolitical tensions, strengthened global partnerships and enhanced cooperation are urgently needed to address widening financing gaps, reinforce post-pandemic recovery and promote sustainable development, particularly in the LDCs and other vulnerable countries.",0_0,8_0,,Support
"The progress assessment carried out in 2024 reveals that the world is severely off track to realize the 2030 Agenda. Of the 169 targets, 135 can be assessed using available global trend data from the 2015 baseline to the most recent year, along with custodian agency analyses; 34 targets lack sufficient trend data or additional analysis.","Despite increasing efforts and commitments to expand social protection programmes, significant coverage gaps left 1.4 billion children uncovered in 2023.",0_0,8_1,,Support
"The progress assessment carried out in 2024 reveals that the world is severely off track to realize the 2030 Agenda. Of the 169 targets, 135 can be assessed using available global trend data from the 2015 baseline to the most recent year, along with custodian agency analyses; 34 targets lack sufficient trend data or additional analysis.","To achieve Goal 2, significant efforts are needed to mitigate the impacts of climate change, conflict and economic crisis.",0_0,8_2,,Support
"The progress assessment carried out in 2024 reveals that the world is severely off track to realize the 2030 Agenda. Of the 169 targets, 135 can be assessed using available global trend data from the 2015 baseline to the most recent year, along with custodian agency analyses; 34 targets lack sufficient trend data or additional analysis.",Global unemployment hit a historic low of 5 per cent in 2023 yet persistent roadblocks remain in achieving decent work. Women and youth face higher unemployment rates.,0_0,8_3,,Support
"The progress assessment carried out in 2024 reveals that the world is severely off track to realize the 2030 Agenda. Of the 169 targets, 135 can be assessed using available global trend data from the 2015 baseline to the most recent year, along with custodian agency analyses; 34 targets lack sufficient trend data or additional analysis.","Informal employment poses a significant global challenge, with over 2 billion workers in informal jobs lacking social protection in 2023.",0_0,8_4,,Support
"The progress assessment carried out in 2024 reveals that the world is severely off track to realize the 2030 Agenda. Of the 169 targets, 135 can be assessed using available global trend data from the 2015 baseline to the most recent year, along with custodian agency analyses; 34 targets lack sufficient trend data or additional analysis.","More than 2 billion workers globally were in informal employment in 2023, comprising 58.0 per cent of the global workforce, a share projected to slightly decrease to 57.8 per cent in 2024.",0_0,8_5,,Support
"The progress assessment carried out in 2024 reveals that the world is severely off track to realize the 2030 Agenda. Of the 169 targets, 135 can be assessed using available global trend data from the 2015 baseline to the most recent year, along with custodian agency analyses; 34 targets lack sufficient trend data or additional analysis.",The medium- and high-tech sector maintained its manufacturing value added share at around 46 per cent in 2021.,0_0,8_6,,No Relationship
"The progress assessment carried out in 2024 reveals that the world is severely off track to realize the 2030 Agenda. Of the 169 targets, 135 can be assessed using available global trend data from the 2015 baseline to the most recent year, along with custodian agency analyses; 34 targets lack sufficient trend data or additional analysis.","Inclusive industrial policies are imperative for fostering the growth, competitiveness and resilience of small enterprises.",0_0,8_7,,No Relationship
Developing countries are not fairly represented in international economic decision-making. Strengthening their voice and participation is crucial to ensuring a more inclusive and equitable global economic system.,"In a landscape of declining international cooperation and rising geopolitical tensions, strengthened global partnerships and enhanced cooperation are urgently needed to address widening financing gaps, reinforce post-pandemic recovery and promote sustainable development, particularly in the LDCs and other vulnerable countries.",0_1,8_0,,Support
Developing countries are not fairly represented in international economic decision-making. Strengthening their voice and participation is crucial to ensuring a more inclusive and equitable global economic system.,"Despite increasing efforts and commitments to expand social protection programmes, significant coverage gaps left 1.4 billion children uncovered in 2023.",0_1,8_1,,No Relationship
Developing countries are not fairly represented in international economic decision-making. Strengthening their voice and participation is crucial to ensuring a more inclusive and equitable global economic system.,"To achieve Goal 2, significant efforts are needed to mitigate the impacts of climate change, conflict and economic crisis.",0_1,8_2,,Support
Developing countries are not fairly represented in international economic decision-making. Strengthening their voice and participation is crucial to ensuring a more inclusive and equitable global economic system.,Global unemployment hit a historic low of 5 per cent in 2023 yet persistent roadblocks remain in achieving decent work. Women and youth face higher unemployment rates.,0_1,8_3,,Support
Developing countries are not fairly represented in international economic decision-making. Strengthening their voice and participation is crucial to ensuring a more inclusive and equitable global economic system.,"Informal employment poses a significant global challenge, with over 2 billion workers in informal jobs lacking social protection in 2023.",0_1,8_4,,Support
Developing countries are not fairly represented in international economic decision-making. Strengthening their voice and participation is crucial to ensuring a more inclusive and equitable global economic system.,"More than 2 billion workers globally were in informal employment in 2023, comprising 58.0 per cent of the global workforce, a share projected to slightly decrease to 57.8 per cent in 2024.",0_1,8_5,,No Relationship
Developing countries are not fairly represented in international economic decision-making. Strengthening their voice and participation is crucial to ensuring a more inclusive and equitable global economic system.,The medium- and high-tech sector maintained its manufacturing value added share at around 46 per cent in 2021.,0_1,8_6,,No Relationship
Developing countries are not fairly represented in international economic decision-making. Strengthening their voice and participation is crucial to ensuring a more inclusive and equitable global economic system.,"Inclusive industrial policies are imperative for fostering the growth, competitiveness and resilience of small enterprises.",0_1,8_7,,Support
"To accelerate progress towards Goal 9, a concerted effort is needed to promote inclusive and sustainable industrialization, foster innovation through increased investment in research and development, prioritize and accelerate the green transition, and facilitate access to information and communications technology.","The progress assessment carried out in 2024 reveals that the world is severely off track to realize the 2030 Agenda. Of the 169 targets, 135 can be assessed using available global trend data from the 2015 baseline to the most recent year, along with custodian agency analyses; 34 targets lack sufficient trend data or additional analysis.",9_0,0_0,,Support
"To accelerate progress towards Goal 9, a concerted effort is needed to promote inclusive and sustainable industrialization, foster innovation through increased investment in research and development, prioritize and accelerate the green transition, and facilitate access to information and communications technology.",Developing countries are not fairly represented in international economic decision-making. Strengthening their voice and participation is crucial to ensuring a more inclusive and equitable global economic system.,9_0,0_1,,Support
Only a small share can obtain it,"The progress assessment carried out in 2024 reveals that the world is severely off track to realize the 2030 Agenda. Of the 169 targets, 135 can be assessed using available global trend data from the 2015 baseline to the most recent year, along with custodian agency analyses; 34 targets lack sufficient trend data or additional analysis.",9_1,0_0,,No Relationship
Only a small share can obtain it,Developing countries are not fairly represented in international economic decision-making. Strengthening their voice and participation is crucial to ensuring a more inclusive and equitable global economic system.,9_1,0_1,,No Relationship
"Inclusive industrial policies are imperative for fostering the growth, competitiveness and resilience of small enterprises.","The progress assessment carried out in 2024 reveals that the world is severely off track to realize the 2030 Agenda. Of the 169 targets, 135 can be assessed using available global trend data from the 2015 baseline to the most recent year, along with custodian agency analyses; 34 targets lack sufficient trend data or additional analysis.",9_2,0_0,,No Relationship
"Inclusive industrial policies are imperative for fostering the growth, competitiveness and resilience of small enterprises.",Developing countries are not fairly represented in international economic decision-making. Strengthening their voice and participation is crucial to ensuring a more inclusive and equitable global economic system.,9_2,0_1,,Support
"The progress assessment carried out in 2024 reveals that the world is severely off track to realize the 2030 Agenda. Of the 169 targets, 135 can be assessed using available global trend data from the 2015 baseline to the most recent year, along with custodian agency analyses; 34 targets lack sufficient trend data or additional analysis.",Developing countries are not fairly represented in international economic decision-making. Strengthening their voice and participation is crucial to ensuring a more inclusive and equitable global economic system.,0_0,10_0,,Support
"The progress assessment carried out in 2024 reveals that the world is severely off track to realize the 2030 Agenda. Of the 169 targets, 135 can be assessed using available global trend data from the 2015 baseline to the most recent year, along with custodian agency analyses; 34 targets lack sufficient trend data or additional analysis.",In extreme poverty rates have returned to pre-pandemic levels except in low-income countries.,0_0,10_1,,No Relationship
"The progress assessment carried out in 2024 reveals that the world is severely off track to realize the 2030 Agenda. Of the 169 targets, 135 can be assessed using available global trend data from the 2015 baseline to the most recent year, along with custodian agency analyses; 34 targets lack sufficient trend data or additional analysis.","In 95 per cent of countries with available data, the average annual income of small-scale producers is less than half that of larger-scale producers.",0_0,10_2,,Support
"The progress assessment carried out in 2024 reveals that the world is severely off track to realize the 2030 Agenda. Of the 169 targets, 135 can be assessed using available global trend data from the 2015 baseline to the most recent year, along with custodian agency analyses; 34 targets lack sufficient trend data or additional analysis.","Strong and sustained commitments to changing biased social norms, eliminating harmful practices and abolishing discriminatory laws are urgently needed.",0_0,10_3,,No Relationship
"The progress assessment carried out in 2024 reveals that the world is severely off track to realize the 2030 Agenda. Of the 169 targets, 135 can be assessed using available global trend data from the 2015 baseline to the most recent year, along with custodian agency analyses; 34 targets lack sufficient trend data or additional analysis.","Globally, young women are over twice as likely as young men to be NEET.",0_0,10_4,,No Relationship
Developing countries are not fairly represented in international economic decision-making. Strengthening their voice and participation is crucial to ensuring a more inclusive and equitable global economic system.,Developing countries are not fairly represented in international economic decision-making. Strengthening their voice and participation is crucial to ensuring a more inclusive and equitable global economic system.,0_1,10_0,,Rephrase
Developing countries are not fairly represented in international economic decision-making. Strengthening their voice and participation is crucial to ensuring a more inclusive and equitable global economic system.,In extreme poverty rates have returned to pre-pandemic levels except in low-income countries.,0_1,10_1,,Support
Developing countries are not fairly represented in international economic decision-making. Strengthening their voice and participation is crucial to ensuring a more inclusive and equitable global economic system.,"In 95 per cent of countries with available data, the average annual income of small-scale producers is less than half that of larger-scale producers.",0_1,10_2,,Support
Developing countries are not fairly represented in international economic decision-making. Strengthening their voice and participation is crucial to ensuring a more inclusive and equitable global economic system.,"Strong and sustained commitments to changing biased social norms, eliminating harmful practices and abolishing discriminatory laws are urgently needed.",0_1,10_3,,Support
Developing countries are not fairly represented in international economic decision-making. Strengthening their voice and participation is crucial to ensuring a more inclusive and equitable global economic system.,"Globally, young women are over twice as likely as young men to be NEET.",0_1,10_4,,No Relationship
"While air pollution levels have declined in most regions, they are still significantly higher than the recommended air quality guidelines for public health protection.","The progress assessment carried out in 2024 reveals that the world is severely off track to realize the 2030 Agenda. Of the 169 targets, 135 can be assessed using available global trend data from the 2015 baseline to the most recent year, along with custodian agency analyses; 34 targets lack sufficient trend data or additional analysis.",11_0,0_0,,No Relationship
"While air pollution levels have declined in most regions, they are still significantly higher than the recommended air quality guidelines for public health protection.",Developing countries are not fairly represented in international economic decision-making. Strengthening their voice and participation is crucial to ensuring a more inclusive and equitable global economic system.,11_0,0_1,,No Relationship
"Only 6 in 10 urban residents have convenient access to public transit, based on data collected in 2023 from 2,039 cities in 188 countries.","The progress assessment carried out in 2024 reveals that the world is severely off track to realize the 2030 Agenda. Of the 169 targets, 135 can be assessed using available global trend data from the 2015 baseline to the most recent year, along with custodian agency analyses; 34 targets lack sufficient trend data or additional analysis.",11_1,0_0,,Support
"Only 6 in 10 urban residents have convenient access to public transit, based on data collected in 2023 from 2,039 cities in 188 countries.",Developing countries are not fairly represented in international economic decision-making. Strengthening their voice and participation is crucial to ensuring a more inclusive and equitable global economic system.,11_1,0_1,,Support
"The progress assessment carried out in 2024 reveals that the world is severely off track to realize the 2030 Agenda. Of the 169 targets, 135 can be assessed using available global trend data from the 2015 baseline to the most recent year, along with custodian agency analyses; 34 targets lack sufficient trend data or additional analysis.",High rates of consumption and insufficient reuse or recycling are producing vast piles of e-waste,0_0,12_0,,No Relationship
Developing countries are not fairly represented in international economic decision-making. Strengthening their voice and participation is crucial to ensuring a more inclusive and equitable global economic system.,High rates of consumption and insufficient reuse or recycling are producing vast piles of e-waste,0_1,12_0,,No Relationship
"Fossil fuel subsidies reached a record high of $1.53 trillion in 2022, driven by rising energy prices post-pandemic and the impact of the Russian Federation’s invasion of Ukraine, which disrupted global energy markets.","The progress assessment carried out in 2024 reveals that the world is severely off track to realize the 2030 Agenda. Of the 169 targets, 135 can be assessed using available global trend data from the 2015 baseline to the most recent year, along with custodian agency analyses; 34 targets lack sufficient trend data or additional analysis.",13_0,0_0,,No Relationship
"Fossil fuel subsidies reached a record high of $1.53 trillion in 2022, driven by rising energy prices post-pandemic and the impact of the Russian Federation’s invasion of Ukraine, which disrupted global energy markets.",Developing countries are not fairly represented in international economic decision-making. Strengthening their voice and participation is crucial to ensuring a more inclusive and equitable global economic system.,13_0,0_1,,Support
"To accelerate progress towards Goal 9, a concerted effort is needed to promote inclusive and sustainable industrialization, foster innovation through increased investment in research and development, prioritize and accelerate the green transition, and facilitate access to information and communications technology.","The progress assessment carried out in 2024 reveals that the world is severely off track to realize the 2030 Agenda. Of the 169 targets, 135 can be assessed using available global trend data from the 2015 baseline to the most recent year, along with custodian agency analyses; 34 targets lack sufficient trend data or additional analysis.",13_1,0_0,,Support
"To accelerate progress towards Goal 9, a concerted effort is needed to promote inclusive and sustainable industrialization, foster innovation through increased investment in research and development, prioritize and accelerate the green transition, and facilitate access to information and communications technology.",Developing countries are not fairly represented in international economic decision-making. Strengthening their voice and participation is crucial to ensuring a more inclusive and equitable global economic system.,13_1,0_1,,Support
"The progress assessment carried out in 2024 reveals that the world is severely off track to realize the 2030 Agenda. Of the 169 targets, 135 can be assessed using available global trend data from the 2015 baseline to the most recent year, along with custodian agency analyses; 34 targets lack sufficient trend data or additional analysis.","The sustainability of global fishery resources declined from 90.0 per cent in 1974 to 64.6 per cent in 2019 and further to 62.3 per cent in 2021, due to overfishing, pollution, poor management and other factors.",0_0,14_0,,Support
Developing countries are not fairly represented in international economic decision-making. Strengthening their voice and participation is crucial to ensuring a more inclusive and equitable global economic system.,"The sustainability of global fishery resources declined from 90.0 per cent in 1974 to 64.6 per cent in 2019 and further to 62.3 per cent in 2021, due to overfishing, pollution, poor management and other factors.",0_1,14_0,,No Relationship
"Illegal wildlife trade persists worldwide despite two decades of concerted action at international and national levels and poses a significant threat to global biodiversity, endangering a wide range of terrestrial and marine species.","The progress assessment carried out in 2024 reveals that the world is severely off track to realize the 2030 Agenda. Of the 169 targets, 135 can be assessed using available global trend data from the 2015 baseline to the most recent year, along with custodian agency analyses; 34 targets lack sufficient trend data or additional analysis.",15_0,0_0,,No Relationship
"Illegal wildlife trade persists worldwide despite two decades of concerted action at international and national levels and poses a significant threat to global biodiversity, endangering a wide range of terrestrial and marine species.",Developing countries are not fairly represented in international economic decision-making. Strengthening their voice and participation is crucial to ensuring a more inclusive and equitable global economic system.,15_0,0_1,,No Relationship
"The progress assessment carried out in 2024 reveals that the world is severely off track to realize the 2030 Agenda. Of the 169 targets, 135 can be assessed using available global trend data from the 2015 baseline to the most recent year, along with custodian agency analyses; 34 targets lack sufficient trend data or additional analysis.","The number of refugees has increased year-on-year for more than a decade and doubled in less than seven years, outpacing durable solutions.",0_0,16_0,,No Relationship
Developing countries are not fairly represented in international economic decision-making. Strengthening their voice and participation is crucial to ensuring a more inclusive and equitable global economic system.,"The number of refugees has increased year-on-year for more than a decade and doubled in less than seven years, outpacing durable solutions.",0_1,16_0,,No Relationship
Ninety per cent of people facing hunger and malnutrition live in IDA countries.,"The COVID-19 pandemic caused extreme poverty to rise in 2020 for the first time in decades, reversing global progress by three years.",2_0,1_0,,Support
Ninety per cent of people facing hunger and malnutrition live in IDA countries.,"Achieving universal coverage will require closing a major financing gap. To guarantee at least basic social security for all children, upper- and lower-middle-income countries would need to invest an additional $98.1 billion and $88.8 billion, respectively.",2_0,1_1,,Support
"Data suggest that household food waste varies by just 7 kilograms per capita each year across high-income, upper-middle-income and lower-middle-income countries. Hotter countries tend to have higher waste per capita, possibly due to increased consumption of fresh food with substantial inedible parts and inadequate refrigeration.","The COVID-19 pandemic caused extreme poverty to rise in 2020 for the first time in decades, reversing global progress by three years.",2_1,1_0,,Support
"Data suggest that household food waste varies by just 7 kilograms per capita each year across high-income, upper-middle-income and lower-middle-income countries. Hotter countries tend to have higher waste per capita, possibly due to increased consumption of fresh food with substantial inedible parts and inadequate refrigeration.","Achieving universal coverage will require closing a major financing gap. To guarantee at least basic social security for all children, upper- and lower-middle-income countries would need to invest an additional $98.1 billion and $88.8 billion, respectively.",2_1,1_1,,Support
"In 2023, about 733 million people faced hunger, and 2.33 billion people experienced moderate to severe food insecurity.","The COVID-19 pandemic caused extreme poverty to rise in 2020 for the first time in decades, reversing global progress by three years.",2_2,1_0,,Rephrase
"In 2023, about 733 million people faced hunger, and 2.33 billion people experienced moderate to severe food insecurity.","Achieving universal coverage will require closing a major financing gap. To guarantee at least basic social security for all children, upper- and lower-middle-income countries would need to invest an additional $98.1 billion and $88.8 billion, respectively.",2_2,1_1,,Support
"Achieving zero hunger requires intensified efforts to transform food systems so they are sustainable, resilient and equitable.","The COVID-19 pandemic caused extreme poverty to rise in 2020 for the first time in decades, reversing global progress by three years.",2_3,1_0,,Support
"Achieving zero hunger requires intensified efforts to transform food systems so they are sustainable, resilient and equitable.","Achieving universal coverage will require closing a major financing gap. To guarantee at least basic social security for all children, upper- and lower-middle-income countries would need to invest an additional $98.1 billion and $88.8 billion, respectively.",2_3,1_1,,Support
Nearly 60 per cent of countries faced moderately to abnormally high food prices in 2022,"The COVID-19 pandemic caused extreme poverty to rise in 2020 for the first time in decades, reversing global progress by three years.",2_4,1_0,,Rephrase
Nearly 60 per cent of countries faced moderately to abnormally high food prices in 2022,"Achieving universal coverage will require closing a major financing gap. To guarantee at least basic social security for all children, upper- and lower-middle-income countries would need to invest an additional $98.1 billion and $88.8 billion, respectively.",2_4,1_1,,No Relationship
"The COVID-19 pandemic caused extreme poverty to rise in 2020 for the first time in decades, reversing global progress by three years.",The maternal mortality ratio is largely stuck at a level more than three times the 2030 target.,1_0,3_0,,Support
"The COVID-19 pandemic caused extreme poverty to rise in 2020 for the first time in decades, reversing global progress by three years.",Improvements in adolescent birth rates and access to modern contraceptives do not benefit all women and girls equally,1_0,3_1,,No Relationship
"Achieving universal coverage will require closing a major financing gap. To guarantee at least basic social security for all children, upper- and lower-middle-income countries would need to invest an additional $98.1 billion and $88.8 billion, respectively.",The maternal mortality ratio is largely stuck at a level more than three times the 2030 target.,1_1,3_0,,No Relationship
"Achieving universal coverage will require closing a major financing gap. To guarantee at least basic social security for all children, upper- and lower-middle-income countries would need to invest an additional $98.1 billion and $88.8 billion, respectively.",Improvements in adolescent birth rates and access to modern contraceptives do not benefit all women and girls equally,1_1,3_1,,No Relationship
"Despite basic services in schools being essential for fair learning opportunities, progress has been slow, particularly affecting students with disabilities and girls.","The COVID-19 pandemic caused extreme poverty to rise in 2020 for the first time in decades, reversing global progress by three years.",4_0,1_0,,Support
"Despite basic services in schools being essential for fair learning opportunities, progress has been slow, particularly affecting students with disabilities and girls.","Achieving universal coverage will require closing a major financing gap. To guarantee at least basic social security for all children, upper- and lower-middle-income countries would need to invest an additional $98.1 billion and $88.8 billion, respectively.",4_0,1_1,,Support
"The COVID-19 pandemic caused extreme poverty to rise in 2020 for the first time in decades, reversing global progress by three years.","The adolescent birth rate for women aged 15–19 years declined to 41.3 births per 1,000 women in 2023, from 47.2 in 2015 and 64.5 in 2000.",1_0,5_0,,Support
"The COVID-19 pandemic caused extreme poverty to rise in 2020 for the first time in decades, reversing global progress by three years.",Girls’ completion rates exceed those of boys by 2 to 3 percentage points in both primary and secondary education.,1_0,5_1,,No Relationship
"The COVID-19 pandemic caused extreme poverty to rise in 2020 for the first time in decades, reversing global progress by three years.",One in five girls still marry before age 18.,1_0,5_2,,No Relationship
"The COVID-19 pandemic caused extreme poverty to rise in 2020 for the first time in decades, reversing global progress by three years.",A staggering 230 million girls and women have been subjected to female genital mutilation.,1_0,5_3,,No Relationship
"The COVID-19 pandemic caused extreme poverty to rise in 2020 for the first time in decades, reversing global progress by three years.",child marriage and female genital mutilation violate the rights of girls and have lifelong consequences.,1_0,5_4,,No Relationship
"Achieving universal coverage will require closing a major financing gap. To guarantee at least basic social security for all children, upper- and lower-middle-income countries would need to invest an additional $98.1 billion and $88.8 billion, respectively.","The adolescent birth rate for women aged 15–19 years declined to 41.3 births per 1,000 women in 2023, from 47.2 in 2015 and 64.5 in 2000.",1_1,5_0,,No Relationship
"Achieving universal coverage will require closing a major financing gap. To guarantee at least basic social security for all children, upper- and lower-middle-income countries would need to invest an additional $98.1 billion and $88.8 billion, respectively.",Girls’ completion rates exceed those of boys by 2 to 3 percentage points in both primary and secondary education.,1_1,5_1,,No Relationship
"Achieving universal coverage will require closing a major financing gap. To guarantee at least basic social security for all children, upper- and lower-middle-income countries would need to invest an additional $98.1 billion and $88.8 billion, respectively.",One in five girls still marry before age 18.,1_1,5_2,,No Relationship
"Achieving universal coverage will require closing a major financing gap. To guarantee at least basic social security for all children, upper- and lower-middle-income countries would need to invest an additional $98.1 billion and $88.8 billion, respectively.",A staggering 230 million girls and women have been subjected to female genital mutilation.,1_1,5_3,,No Relationship
"Achieving universal coverage will require closing a major financing gap. To guarantee at least basic social security for all children, upper- and lower-middle-income countries would need to invest an additional $98.1 billion and $88.8 billion, respectively.",child marriage and female genital mutilation violate the rights of girls and have lifelong consequences.,1_1,5_4,,No Relationship
"In 2022, roughly half the world’s population experienced severe water scarcity for at least part of the year. One quarter faced “extremely high” levels of water stress.","The COVID-19 pandemic caused extreme poverty to rise in 2020 for the first time in decades, reversing global progress by three years.",6_0,1_0,,Support
"In 2022, roughly half the world’s population experienced severe water scarcity for at least part of the year. One quarter faced “extremely high” levels of water stress.","Achieving universal coverage will require closing a major financing gap. To guarantee at least basic social security for all children, upper- and lower-middle-income countries would need to invest an additional $98.1 billion and $88.8 billion, respectively.",6_0,1_1,,No Relationship
"Integrated water management boosts resilience to multiple crises, including climate change","The COVID-19 pandemic caused extreme poverty to rise in 2020 for the first time in decades, reversing global progress by three years.",6_1,1_0,,No Relationship
"Integrated water management boosts resilience to multiple crises, including climate change","Achieving universal coverage will require closing a major financing gap. To guarantee at least basic social security for all children, upper- and lower-middle-income countries would need to invest an additional $98.1 billion and $88.8 billion, respectively.",6_1,1_1,,No Relationship
"The COVID-19 pandemic caused extreme poverty to rise in 2020 for the first time in decades, reversing global progress by three years.","The annual SDG investment gap in developing countries was estimated at about $4 trillion, with over half, or $2.2 trillion, needed for the energy transition alone.",1_0,7_0,,Support
"The COVID-19 pandemic caused extreme poverty to rise in 2020 for the first time in decades, reversing global progress by three years.",The number without clean cooking fuels declined from 2.8 billion to 2.1 billion over the same period.,1_0,7_1,,Attack
"The COVID-19 pandemic caused extreme poverty to rise in 2020 for the first time in decades, reversing global progress by three years.",Traditional uses of biomass accounted for slightly over a third of total renewable energy consumption.,1_0,7_2,,No Relationship
"Achieving universal coverage will require closing a major financing gap. To guarantee at least basic social security for all children, upper- and lower-middle-income countries would need to invest an additional $98.1 billion and $88.8 billion, respectively.","The annual SDG investment gap in developing countries was estimated at about $4 trillion, with over half, or $2.2 trillion, needed for the energy transition alone.",1_1,7_0,,Rephrase
"Achieving universal coverage will require closing a major financing gap. To guarantee at least basic social security for all children, upper- and lower-middle-income countries would need to invest an additional $98.1 billion and $88.8 billion, respectively.",The number without clean cooking fuels declined from 2.8 billion to 2.1 billion over the same period.,1_1,7_1,,No Relationship
"Achieving universal coverage will require closing a major financing gap. To guarantee at least basic social security for all children, upper- and lower-middle-income countries would need to invest an additional $98.1 billion and $88.8 billion, respectively.",Traditional uses of biomass accounted for slightly over a third of total renewable energy consumption.,1_1,7_2,,No Relationship
"In a landscape of declining international cooperation and rising geopolitical tensions, strengthened global partnerships and enhanced cooperation are urgently needed to address widening financing gaps, reinforce post-pandemic recovery and promote sustainable development, particularly in the LDCs and other vulnerable countries.","The COVID-19 pandemic caused extreme poverty to rise in 2020 for the first time in decades, reversing global progress by three years.",8_0,1_0,,Rephrase
"In a landscape of declining international cooperation and rising geopolitical tensions, strengthened global partnerships and enhanced cooperation are urgently needed to address widening financing gaps, reinforce post-pandemic recovery and promote sustainable development, particularly in the LDCs and other vulnerable countries.","Achieving universal coverage will require closing a major financing gap. To guarantee at least basic social security for all children, upper- and lower-middle-income countries would need to invest an additional $98.1 billion and $88.8 billion, respectively.",8_0,1_1,,Rephrase
"Despite increasing efforts and commitments to expand social protection programmes, significant coverage gaps left 1.4 billion children uncovered in 2023.","The COVID-19 pandemic caused extreme poverty to rise in 2020 for the first time in decades, reversing global progress by three years.",8_1,1_0,,Rephrase
"Despite increasing efforts and commitments to expand social protection programmes, significant coverage gaps left 1.4 billion children uncovered in 2023.","Achieving universal coverage will require closing a major financing gap. To guarantee at least basic social security for all children, upper- and lower-middle-income countries would need to invest an additional $98.1 billion and $88.8 billion, respectively.",8_1,1_1,,Support
"To achieve Goal 2, significant efforts are needed to mitigate the impacts of climate change, conflict and economic crisis.","The COVID-19 pandemic caused extreme poverty to rise in 2020 for the first time in decades, reversing global progress by three years.",8_2,1_0,,Support
"To achieve Goal 2, significant efforts are needed to mitigate the impacts of climate change, conflict and economic crisis.","Achieving universal coverage will require closing a major financing gap. To guarantee at least basic social security for all children, upper- and lower-middle-income countries would need to invest an additional $98.1 billion and $88.8 billion, respectively.",8_2,1_1,,Support
Global unemployment hit a historic low of 5 per cent in 2023 yet persistent roadblocks remain in achieving decent work. Women and youth face higher unemployment rates.,"The COVID-19 pandemic caused extreme poverty to rise in 2020 for the first time in decades, reversing global progress by three years.",8_3,1_0,,Rephrase
Global unemployment hit a historic low of 5 per cent in 2023 yet persistent roadblocks remain in achieving decent work. Women and youth face higher unemployment rates.,"Achieving universal coverage will require closing a major financing gap. To guarantee at least basic social security for all children, upper- and lower-middle-income countries would need to invest an additional $98.1 billion and $88.8 billion, respectively.",8_3,1_1,,Support
"Informal employment poses a significant global challenge, with over 2 billion workers in informal jobs lacking social protection in 2023.","The COVID-19 pandemic caused extreme poverty to rise in 2020 for the first time in decades, reversing global progress by three years.",8_4,1_0,,Rephrase
"Informal employment poses a significant global challenge, with over 2 billion workers in informal jobs lacking social protection in 2023.","Achieving universal coverage will require closing a major financing gap. To guarantee at least basic social security for all children, upper- and lower-middle-income countries would need to invest an additional $98.1 billion and $88.8 billion, respectively.",8_4,1_1,,Support
"More than 2 billion workers globally were in informal employment in 2023, comprising 58.0 per cent of the global workforce, a share projected to slightly decrease to 57.8 per cent in 2024.","The COVID-19 pandemic caused extreme poverty to rise in 2020 for the first time in decades, reversing global progress by three years.",8_5,1_0,,Rephrase
"More than 2 billion workers globally were in informal employment in 2023, comprising 58.0 per cent of the global workforce, a share projected to slightly decrease to 57.8 per cent in 2024.","Achieving universal coverage will require closing a major financing gap. To guarantee at least basic social security for all children, upper- and lower-middle-income countries would need to invest an additional $98.1 billion and $88.8 billion, respectively.",8_5,1_1,,No Relationship
The medium- and high-tech sector maintained its manufacturing value added share at around 46 per cent in 2021.,"The COVID-19 pandemic caused extreme poverty to rise in 2020 for the first time in decades, reversing global progress by three years.",8_6,1_0,,No Relationship
The medium- and high-tech sector maintained its manufacturing value added share at around 46 per cent in 2021.,"Achieving universal coverage will require closing a major financing gap. To guarantee at least basic social security for all children, upper- and lower-middle-income countries would need to invest an additional $98.1 billion and $88.8 billion, respectively.",8_6,1_1,,No Relationship
"Inclusive industrial policies are imperative for fostering the growth, competitiveness and resilience of small enterprises.","The COVID-19 pandemic caused extreme poverty to rise in 2020 for the first time in decades, reversing global progress by three years.",8_7,1_0,,No Relationship
"Inclusive industrial policies are imperative for fostering the growth, competitiveness and resilience of small enterprises.","Achieving universal coverage will require closing a major financing gap. To guarantee at least basic social security for all children, upper- and lower-middle-income countries would need to invest an additional $98.1 billion and $88.8 billion, respectively.",8_7,1_1,,No Relationship
"The COVID-19 pandemic caused extreme poverty to rise in 2020 for the first time in decades, reversing global progress by three years.","To accelerate progress towards Goal 9, a concerted effort is needed to promote inclusive and sustainable industrialization, foster innovation through increased investment in research and development, prioritize and accelerate the green transition, and facilitate access to information and communications technology.",1_0,9_0,,Support
"The COVID-19 pandemic caused extreme poverty to rise in 2020 for the first time in decades, reversing global progress by three years.",Only a small share can obtain it,1_0,9_1,,No Relationship
"The COVID-19 pandemic caused extreme poverty to rise in 2020 for the first time in decades, reversing global progress by three years.","Inclusive industrial policies are imperative for fostering the growth, competitiveness and resilience of small enterprises.",1_0,9_2,,No Relationship
"Achieving universal coverage will require closing a major financing gap. To guarantee at least basic social security for all children, upper- and lower-middle-income countries would need to invest an additional $98.1 billion and $88.8 billion, respectively.","To accelerate progress towards Goal 9, a concerted effort is needed to promote inclusive and sustainable industrialization, foster innovation through increased investment in research and development, prioritize and accelerate the green transition, and facilitate access to information and communications technology.",1_1,9_0,,Support
"Achieving universal coverage will require closing a major financing gap. To guarantee at least basic social security for all children, upper- and lower-middle-income countries would need to invest an additional $98.1 billion and $88.8 billion, respectively.",Only a small share can obtain it,1_1,9_1,,No Relationship
"Achieving universal coverage will require closing a major financing gap. To guarantee at least basic social security for all children, upper- and lower-middle-income countries would need to invest an additional $98.1 billion and $88.8 billion, respectively.","Inclusive industrial policies are imperative for fostering the growth, competitiveness and resilience of small enterprises.",1_1,9_2,,No Relationship
Developing countries are not fairly represented in international economic decision-making. Strengthening their voice and participation is crucial to ensuring a more inclusive and equitable global economic system.,"The COVID-19 pandemic caused extreme poverty to rise in 2020 for the first time in decades, reversing global progress by three years.",10_0,1_0,,Support
Developing countries are not fairly represented in international economic decision-making. Strengthening their voice and participation is crucial to ensuring a more inclusive and equitable global economic system.,"Achieving universal coverage will require closing a major financing gap. To guarantee at least basic social security for all children, upper- and lower-middle-income countries would need to invest an additional $98.1 billion and $88.8 billion, respectively.",10_0,1_1,,Support
In extreme poverty rates have returned to pre-pandemic levels except in low-income countries.,"The COVID-19 pandemic caused extreme poverty to rise in 2020 for the first time in decades, reversing global progress by three years.",10_1,1_0,,Rephrase
In extreme poverty rates have returned to pre-pandemic levels except in low-income countries.,"Achieving universal coverage will require closing a major financing gap. To guarantee at least basic social security for all children, upper- and lower-middle-income countries would need to invest an additional $98.1 billion and $88.8 billion, respectively.",10_1,1_1,,Support
"In 95 per cent of countries with available data, the average annual income of small-scale producers is less than half that of larger-scale producers.","The COVID-19 pandemic caused extreme poverty to rise in 2020 for the first time in decades, reversing global progress by three years.",10_2,1_0,,Support
"In 95 per cent of countries with available data, the average annual income of small-scale producers is less than half that of larger-scale producers.","Achieving universal coverage will require closing a major financing gap. To guarantee at least basic social security for all children, upper- and lower-middle-income countries would need to invest an additional $98.1 billion and $88.8 billion, respectively.",10_2,1_1,,No Relationship
"Strong and sustained commitments to changing biased social norms, eliminating harmful practices and abolishing discriminatory laws are urgently needed.","The COVID-19 pandemic caused extreme poverty to rise in 2020 for the first time in decades, reversing global progress by three years.",10_3,1_0,,No Relationship
"Strong and sustained commitments to changing biased social norms, eliminating harmful practices and abolishing discriminatory laws are urgently needed.","Achieving universal coverage will require closing a major financing gap. To guarantee at least basic social security for all children, upper- and lower-middle-income countries would need to invest an additional $98.1 billion and $88.8 billion, respectively.",10_3,1_1,,No Relationship
"Globally, young women are over twice as likely as young men to be NEET.","The COVID-19 pandemic caused extreme poverty to rise in 2020 for the first time in decades, reversing global progress by three years.",10_4,1_0,,No Relationship
"Globally, young women are over twice as likely as young men to be NEET.","Achieving universal coverage will require closing a major financing gap. To guarantee at least basic social security for all children, upper- and lower-middle-income countries would need to invest an additional $98.1 billion and $88.8 billion, respectively.",10_4,1_1,,No Relationship
"The COVID-19 pandemic caused extreme poverty to rise in 2020 for the first time in decades, reversing global progress by three years.","While air pollution levels have declined in most regions, they are still significantly higher than the recommended air quality guidelines for public health protection.",1_0,11_0,,No Relationship
"The COVID-19 pandemic caused extreme poverty to rise in 2020 for the first time in decades, reversing global progress by three years.","Only 6 in 10 urban residents have convenient access to public transit, based on data collected in 2023 from 2,039 cities in 188 countries.",1_0,11_1,,No Relationship
"Achieving universal coverage will require closing a major financing gap. To guarantee at least basic social security for all children, upper- and lower-middle-income countries would need to invest an additional $98.1 billion and $88.8 billion, respectively.","While air pollution levels have declined in most regions, they are still significantly higher than the recommended air quality guidelines for public health protection.",1_1,11_0,,No Relationship
"Achieving universal coverage will require closing a major financing gap. To guarantee at least basic social security for all children, upper- and lower-middle-income countries would need to invest an additional $98.1 billion and $88.8 billion, respectively.","Only 6 in 10 urban residents have convenient access to public transit, based on data collected in 2023 from 2,039 cities in 188 countries.",1_1,11_1,,No Relationship
High rates of consumption and insufficient reuse or recycling are producing vast piles of e-waste,"The COVID-19 pandemic caused extreme poverty to rise in 2020 for the first time in decades, reversing global progress by three years.",12_0,1_0,,No Relationship
High rates of consumption and insufficient reuse or recycling are producing vast piles of e-waste,"Achieving universal coverage will require closing a major financing gap. To guarantee at least basic social security for all children, upper- and lower-middle-income countries would need to invest an additional $98.1 billion and $88.8 billion, respectively.",12_0,1_1,,No Relationship
"The COVID-19 pandemic caused extreme poverty to rise in 2020 for the first time in decades, reversing global progress by three years.","Fossil fuel subsidies reached a record high of $1.53 trillion in 2022, driven by rising energy prices post-pandemic and the impact of the Russian Federation’s invasion of Ukraine, which disrupted global energy markets.",1_0,13_0,,Support
"The COVID-19 pandemic caused extreme poverty to rise in 2020 for the first time in decades, reversing global progress by three years.","To accelerate progress towards Goal 9, a concerted effort is needed to promote inclusive and sustainable industrialization, foster innovation through increased investment in research and development, prioritize and accelerate the green transition, and facilitate access to information and communications technology.",1_0,13_1,,Support
"Achieving universal coverage will require closing a major financing gap. To guarantee at least basic social security for all children, upper- and lower-middle-income countries would need to invest an additional $98.1 billion and $88.8 billion, respectively.","Fossil fuel subsidies reached a record high of $1.53 trillion in 2022, driven by rising energy prices post-pandemic and the impact of the Russian Federation’s invasion of Ukraine, which disrupted global energy markets.",1_1,13_0,,No Relationship
"Achieving universal coverage will require closing a major financing gap. To guarantee at least basic social security for all children, upper- and lower-middle-income countries would need to invest an additional $98.1 billion and $88.8 billion, respectively.","To accelerate progress towards Goal 9, a concerted effort is needed to promote inclusive and sustainable industrialization, foster innovation through increased investment in research and development, prioritize and accelerate the green transition, and facilitate access to information and communications technology.",1_1,13_1,,Support
"The sustainability of global fishery resources declined from 90.0 per cent in 1974 to 64.6 per cent in 2019 and further to 62.3 per cent in 2021, due to overfishing, pollution, poor management and other factors.","The COVID-19 pandemic caused extreme poverty to rise in 2020 for the first time in decades, reversing global progress by three years.",14_0,1_0,,Support
"The sustainability of global fishery resources declined from 90.0 per cent in 1974 to 64.6 per cent in 2019 and further to 62.3 per cent in 2021, due to overfishing, pollution, poor management and other factors.","Achieving universal coverage will require closing a major financing gap. To guarantee at least basic social security for all children, upper- and lower-middle-income countries would need to invest an additional $98.1 billion and $88.8 billion, respectively.",14_0,1_1,,No Relationship
"The COVID-19 pandemic caused extreme poverty to rise in 2020 for the first time in decades, reversing global progress by three years.","Illegal wildlife trade persists worldwide despite two decades of concerted action at international and national levels and poses a significant threat to global biodiversity, endangering a wide range of terrestrial and marine species.",1_0,15_0,,Support
"Achieving universal coverage will require closing a major financing gap. To guarantee at least basic social security for all children, upper- and lower-middle-income countries would need to invest an additional $98.1 billion and $88.8 billion, respectively.","Illegal wildlife trade persists worldwide despite two decades of concerted action at international and national levels and poses a significant threat to global biodiversity, endangering a wide range of terrestrial and marine species.",1_1,15_0,,No Relationship
"The number of refugees has increased year-on-year for more than a decade and doubled in less than seven years, outpacing durable solutions.","The COVID-19 pandemic caused extreme poverty to rise in 2020 for the first time in decades, reversing global progress by three years.",16_0,1_0,,Rephrase
"The number of refugees has increased year-on-year for more than a decade and doubled in less than seven years, outpacing durable solutions.","Achieving universal coverage will require closing a major financing gap. To guarantee at least basic social security for all children, upper- and lower-middle-income countries would need to invest an additional $98.1 billion and $88.8 billion, respectively.",16_0,1_1,,No Relationship
The maternal mortality ratio is largely stuck at a level more than three times the 2030 target.,Ninety per cent of people facing hunger and malnutrition live in IDA countries.,3_0,2_0,,No Relationship
The maternal mortality ratio is largely stuck at a level more than three times the 2030 target.,"Data suggest that household food waste varies by just 7 kilograms per capita each year across high-income, upper-middle-income and lower-middle-income countries. Hotter countries tend to have higher waste per capita, possibly due to increased consumption of fresh food with substantial inedible parts and inadequate refrigeration.",3_0,2_1,,No Relationship
The maternal mortality ratio is largely stuck at a level more than three times the 2030 target.,"In 2023, about 733 million people faced hunger, and 2.33 billion people experienced moderate to severe food insecurity.",3_0,2_2,,Support
The maternal mortality ratio is largely stuck at a level more than three times the 2030 target.,"Achieving zero hunger requires intensified efforts to transform food systems so they are sustainable, resilient and equitable.",3_0,2_3,,Support
The maternal mortality ratio is largely stuck at a level more than three times the 2030 target.,Nearly 60 per cent of countries faced moderately to abnormally high food prices in 2022,3_0,2_4,,No Relationship
Improvements in adolescent birth rates and access to modern contraceptives do not benefit all women and girls equally,Ninety per cent of people facing hunger and malnutrition live in IDA countries.,3_1,2_0,,No Relationship
Improvements in adolescent birth rates and access to modern contraceptives do not benefit all women and girls equally,"Data suggest that household food waste varies by just 7 kilograms per capita each year across high-income, upper-middle-income and lower-middle-income countries. Hotter countries tend to have higher waste per capita, possibly due to increased consumption of fresh food with substantial inedible parts and inadequate refrigeration.",3_1,2_1,,No Relationship
Improvements in adolescent birth rates and access to modern contraceptives do not benefit all women and girls equally,"In 2023, about 733 million people faced hunger, and 2.33 billion people experienced moderate to severe food insecurity.",3_1,2_2,,No Relationship
Improvements in adolescent birth rates and access to modern contraceptives do not benefit all women and girls equally,"Achieving zero hunger requires intensified efforts to transform food systems so they are sustainable, resilient and equitable.",3_1,2_3,,Support
Improvements in adolescent birth rates and access to modern contraceptives do not benefit all women and girls equally,Nearly 60 per cent of countries faced moderately to abnormally high food prices in 2022,3_1,2_4,,No Relationship
Ninety per cent of people facing hunger and malnutrition live in IDA countries.,"Despite basic services in schools being essential for fair learning opportunities, progress has been slow, particularly affecting students with disabilities and girls.",2_0,4_0,,No Relationship
"Data suggest that household food waste varies by just 7 kilograms per capita each year across high-income, upper-middle-income and lower-middle-income countries. Hotter countries tend to have higher waste per capita, possibly due to increased consumption of fresh food with substantial inedible parts and inadequate refrigeration.","Despite basic services in schools being essential for fair learning opportunities, progress has been slow, particularly affecting students with disabilities and girls.",2_1,4_0,,No Relationship
"In 2023, about 733 million people faced hunger, and 2.33 billion people experienced moderate to severe food insecurity.","Despite basic services in schools being essential for fair learning opportunities, progress has been slow, particularly affecting students with disabilities and girls.",2_2,4_0,,No Relationship
"Achieving zero hunger requires intensified efforts to transform food systems so they are sustainable, resilient and equitable.","Despite basic services in schools being essential for fair learning opportunities, progress has been slow, particularly affecting students with disabilities and girls.",2_3,4_0,,No Relationship
Nearly 60 per cent of countries faced moderately to abnormally high food prices in 2022,"Despite basic services in schools being essential for fair learning opportunities, progress has been slow, particularly affecting students with disabilities and girls.",2_4,4_0,,No Relationship
"The adolescent birth rate for women aged 15–19 years declined to 41.3 births per 1,000 women in 2023, from 47.2 in 2015 and 64.5 in 2000.",Ninety per cent of people facing hunger and malnutrition live in IDA countries.,5_0,2_0,,No Relationship
"The adolescent birth rate for women aged 15–19 years declined to 41.3 births per 1,000 women in 2023, from 47.2 in 2015 and 64.5 in 2000.","Data suggest that household food waste varies by just 7 kilograms per capita each year across high-income, upper-middle-income and lower-middle-income countries. Hotter countries tend to have higher waste per capita, possibly due to increased consumption of fresh food with substantial inedible parts and inadequate refrigeration.",5_0,2_1,,No Relationship
"The adolescent birth rate for women aged 15–19 years declined to 41.3 births per 1,000 women in 2023, from 47.2 in 2015 and 64.5 in 2000.","In 2023, about 733 million people faced hunger, and 2.33 billion people experienced moderate to severe food insecurity.",5_0,2_2,,Support
"The adolescent birth rate for women aged 15–19 years declined to 41.3 births per 1,000 women in 2023, from 47.2 in 2015 and 64.5 in 2000.","Achieving zero hunger requires intensified efforts to transform food systems so they are sustainable, resilient and equitable.",5_0,2_3,,No Relationship
"The adolescent birth rate for women aged 15–19 years declined to 41.3 births per 1,000 women in 2023, from 47.2 in 2015 and 64.5 in 2000.",Nearly 60 per cent of countries faced moderately to abnormally high food prices in 2022,5_0,2_4,,No Relationship
Girls’ completion rates exceed those of boys by 2 to 3 percentage points in both primary and secondary education.,Ninety per cent of people facing hunger and malnutrition live in IDA countries.,5_1,2_0,,No Relationship
Girls’ completion rates exceed those of boys by 2 to 3 percentage points in both primary and secondary education.,"Data suggest that household food waste varies by just 7 kilograms per capita each year across high-income, upper-middle-income and lower-middle-income countries. Hotter countries tend to have higher waste per capita, possibly due to increased consumption of fresh food with substantial inedible parts and inadequate refrigeration.",5_1,2_1,,No Relationship
Girls’ completion rates exceed those of boys by 2 to 3 percentage points in both primary and secondary education.,"In 2023, about 733 million people faced hunger, and 2.33 billion people experienced moderate to severe food insecurity.",5_1,2_2,,No Relationship
Girls’ completion rates exceed those of boys by 2 to 3 percentage points in both primary and secondary education.,"Achieving zero hunger requires intensified efforts to transform food systems so they are sustainable, resilient and equitable.",5_1,2_3,,No Relationship
Girls’ completion rates exceed those of boys by 2 to 3 percentage points in both primary and secondary education.,Nearly 60 per cent of countries faced moderately to abnormally high food prices in 2022,5_1,2_4,,No Relationship
One in five girls still marry before age 18.,Ninety per cent of people facing hunger and malnutrition live in IDA countries.,5_2,2_0,,No Relationship
One in five girls still marry before age 18.,"Data suggest that household food waste varies by just 7 kilograms per capita each year across high-income, upper-middle-income and lower-middle-income countries. Hotter countries tend to have higher waste per capita, possibly due to increased consumption of fresh food with substantial inedible parts and inadequate refrigeration.",5_2,2_1,,No Relationship
One in five girls still marry before age 18.,"In 2023, about 733 million people faced hunger, and 2.33 billion people experienced moderate to severe food insecurity.",5_2,2_2,,No Relationship
One in five girls still marry before age 18.,"Achieving zero hunger requires intensified efforts to transform food systems so they are sustainable, resilient and equitable.",5_2,2_3,,No Relationship
One in five girls still marry before age 18.,Nearly 60 per cent of countries faced moderately to abnormally high food prices in 2022,5_2,2_4,,No Relationship
A staggering 230 million girls and women have been subjected to female genital mutilation.,Ninety per cent of people facing hunger and malnutrition live in IDA countries.,5_3,2_0,,No Relationship
A staggering 230 million girls and women have been subjected to female genital mutilation.,"Data suggest that household food waste varies by just 7 kilograms per capita each year across high-income, upper-middle-income and lower-middle-income countries. Hotter countries tend to have higher waste per capita, possibly due to increased consumption of fresh food with substantial inedible parts and inadequate refrigeration.",5_3,2_1,,No Relationship
A staggering 230 million girls and women have been subjected to female genital mutilation.,"In 2023, about 733 million people faced hunger, and 2.33 billion people experienced moderate to severe food insecurity.",5_3,2_2,,No Relationship
A staggering 230 million girls and women have been subjected to female genital mutilation.,"Achieving zero hunger requires intensified efforts to transform food systems so they are sustainable, resilient and equitable.",5_3,2_3,,No Relationship
A staggering 230 million girls and women have been subjected to female genital mutilation.,Nearly 60 per cent of countries faced moderately to abnormally high food prices in 2022,5_3,2_4,,No Relationship
child marriage and female genital mutilation violate the rights of girls and have lifelong consequences.,Ninety per cent of people facing hunger and malnutrition live in IDA countries.,5_4,2_0,,No Relationship
child marriage and female genital mutilation violate the rights of girls and have lifelong consequences.,"Data suggest that household food waste varies by just 7 kilograms per capita each year across high-income, upper-middle-income and lower-middle-income countries. Hotter countries tend to have higher waste per capita, possibly due to increased consumption of fresh food with substantial inedible parts and inadequate refrigeration.",5_4,2_1,,No Relationship
child marriage and female genital mutilation violate the rights of girls and have lifelong consequences.,"In 2023, about 733 million people faced hunger, and 2.33 billion people experienced moderate to severe food insecurity.",5_4,2_2,,No Relationship
child marriage and female genital mutilation violate the rights of girls and have lifelong consequences.,"Achieving zero hunger requires intensified efforts to transform food systems so they are sustainable, resilient and equitable.",5_4,2_3,,No Relationship
child marriage and female genital mutilation violate the rights of girls and have lifelong consequences.,Nearly 60 per cent of countries faced moderately to abnormally high food prices in 2022,5_4,2_4,,No Relationship
Ninety per cent of people facing hunger and malnutrition live in IDA countries.,"In 2022, roughly half the world’s population experienced severe water scarcity for at least part of the year. One quarter faced “extremely high” levels of water stress.",2_0,6_0,,Support
Ninety per cent of people facing hunger and malnutrition live in IDA countries.,"Integrated water management boosts resilience to multiple crises, including climate change",2_0,6_1,,No Relationship
"Data suggest that household food waste varies by just 7 kilograms per capita each year across high-income, upper-middle-income and lower-middle-income countries. Hotter countries tend to have higher waste per capita, possibly due to increased consumption of fresh food with substantial inedible parts and inadequate refrigeration.","In 2022, roughly half the world’s population experienced severe water scarcity for at least part of the year. One quarter faced “extremely high” levels of water stress.",2_1,6_0,,Support
"Data suggest that household food waste varies by just 7 kilograms per capita each year across high-income, upper-middle-income and lower-middle-income countries. Hotter countries tend to have higher waste per capita, possibly due to increased consumption of fresh food with substantial inedible parts and inadequate refrigeration.","Integrated water management boosts resilience to multiple crises, including climate change",2_1,6_1,,No Relationship
"In 2023, about 733 million people faced hunger, and 2.33 billion people experienced moderate to severe food insecurity.","In 2022, roughly half the world’s population experienced severe water scarcity for at least part of the year. One quarter faced “extremely high” levels of water stress.",2_2,6_0,,Rephrase
"In 2023, about 733 million people faced hunger, and 2.33 billion people experienced moderate to severe food insecurity.","Integrated water management boosts resilience to multiple crises, including climate change",2_2,6_1,,No Relationship
"Achieving zero hunger requires intensified efforts to transform food systems so they are sustainable, resilient and equitable.","In 2022, roughly half the world’s population experienced severe water scarcity for at least part of the year. One quarter faced “extremely high” levels of water stress.",2_3,6_0,,No Relationship
"Achieving zero hunger requires intensified efforts to transform food systems so they are sustainable, resilient and equitable.","Integrated water management boosts resilience to multiple crises, including climate change",2_3,6_1,,Support
Nearly 60 per cent of countries faced moderately to abnormally high food prices in 2022,"In 2022, roughly half the world’s population experienced severe water scarcity for at least part of the year. One quarter faced “extremely high” levels of water stress.",2_4,6_0,,Rephrase
Nearly 60 per cent of countries faced moderately to abnormally high food prices in 2022,"Integrated water management boosts resilience to multiple crises, including climate change",2_4,6_1,,No Relationship
"The annual SDG investment gap in developing countries was estimated at about $4 trillion, with over half, or $2.2 trillion, needed for the energy transition alone.",Ninety per cent of people facing hunger and malnutrition live in IDA countries.,7_0,2_0,,No Relationship
"The annual SDG investment gap in developing countries was estimated at about $4 trillion, with over half, or $2.2 trillion, needed for the energy transition alone.","Data suggest that household food waste varies by just 7 kilograms per capita each year across high-income, upper-middle-income and lower-middle-income countries. Hotter countries tend to have higher waste per capita, possibly due to increased consumption of fresh food with substantial inedible parts and inadequate refrigeration.",7_0,2_1,,No Relationship
"The annual SDG investment gap in developing countries was estimated at about $4 trillion, with over half, or $2.2 trillion, needed for the energy transition alone.","In 2023, about 733 million people faced hunger, and 2.33 billion people experienced moderate to severe food insecurity.",7_0,2_2,,Support
"The annual SDG investment gap in developing countries was estimated at about $4 trillion, with over half, or $2.2 trillion, needed for the energy transition alone.","Achieving zero hunger requires intensified efforts to transform food systems so they are sustainable, resilient and equitable.",7_0,2_3,,Support
"The annual SDG investment gap in developing countries was estimated at about $4 trillion, with over half, or $2.2 trillion, needed for the energy transition alone.",Nearly 60 per cent of countries faced moderately to abnormally high food prices in 2022,7_0,2_4,,Support
The number without clean cooking fuels declined from 2.8 billion to 2.1 billion over the same period.,Ninety per cent of people facing hunger and malnutrition live in IDA countries.,7_1,2_0,,No Relationship
The number without clean cooking fuels declined from 2.8 billion to 2.1 billion over the same period.,"Data suggest that household food waste varies by just 7 kilograms per capita each year across high-income, upper-middle-income and lower-middle-income countries. Hotter countries tend to have higher waste per capita, possibly due to increased consumption of fresh food with substantial inedible parts and inadequate refrigeration.",7_1,2_1,,No Relationship
The number without clean cooking fuels declined from 2.8 billion to 2.1 billion over the same period.,"In 2023, about 733 million people faced hunger, and 2.33 billion people experienced moderate to severe food insecurity.",7_1,2_2,,Attack
The number without clean cooking fuels declined from 2.8 billion to 2.1 billion over the same period.,"Achieving zero hunger requires intensified efforts to transform food systems so they are sustainable, resilient and equitable.",7_1,2_3,,Support
The number without clean cooking fuels declined from 2.8 billion to 2.1 billion over the same period.,Nearly 60 per cent of countries faced moderately to abnormally high food prices in 2022,7_1,2_4,,No Relationship
Traditional uses of biomass accounted for slightly over a third of total renewable energy consumption.,Ninety per cent of people facing hunger and malnutrition live in IDA countries.,7_2,2_0,,No Relationship
Traditional uses of biomass accounted for slightly over a third of total renewable energy consumption.,"Data suggest that household food waste varies by just 7 kilograms per capita each year across high-income, upper-middle-income and lower-middle-income countries. Hotter countries tend to have higher waste per capita, possibly due to increased consumption of fresh food with substantial inedible parts and inadequate refrigeration.",7_2,2_1,,No Relationship
Traditional uses of biomass accounted for slightly over a third of total renewable energy consumption.,"In 2023, about 733 million people faced hunger, and 2.33 billion people experienced moderate to severe food insecurity.",7_2,2_2,,No Relationship
Traditional uses of biomass accounted for slightly over a third of total renewable energy consumption.,"Achieving zero hunger requires intensified efforts to transform food systems so they are sustainable, resilient and equitable.",7_2,2_3,,No Relationship
Traditional uses of biomass accounted for slightly over a third of total renewable energy consumption.,Nearly 60 per cent of countries faced moderately to abnormally high food prices in 2022,7_2,2_4,,No Relationship
Ninety per cent of people facing hunger and malnutrition live in IDA countries.,"In a landscape of declining international cooperation and rising geopolitical tensions, strengthened global partnerships and enhanced cooperation are urgently needed to address widening financing gaps, reinforce post-pandemic recovery and promote sustainable development, particularly in the LDCs and other vulnerable countries.",2_0,8_0,,Support
Ninety per cent of people facing hunger and malnutrition live in IDA countries.,"Despite increasing efforts and commitments to expand social protection programmes, significant coverage gaps left 1.4 billion children uncovered in 2023.",2_0,8_1,,No Relationship
Ninety per cent of people facing hunger and malnutrition live in IDA countries.,"To achieve Goal 2, significant efforts are needed to mitigate the impacts of climate change, conflict and economic crisis.",2_0,8_2,,Support
Ninety per cent of people facing hunger and malnutrition live in IDA countries.,Global unemployment hit a historic low of 5 per cent in 2023 yet persistent roadblocks remain in achieving decent work. Women and youth face higher unemployment rates.,2_0,8_3,,No Relationship
Ninety per cent of people facing hunger and malnutrition live in IDA countries.,"Informal employment poses a significant global challenge, with over 2 billion workers in informal jobs lacking social protection in 2023.",2_0,8_4,,Support
Ninety per cent of people facing hunger and malnutrition live in IDA countries.,"More than 2 billion workers globally were in informal employment in 2023, comprising 58.0 per cent of the global workforce, a share projected to slightly decrease to 57.8 per cent in 2024.",2_0,8_5,,No Relationship
Ninety per cent of people facing hunger and malnutrition live in IDA countries.,The medium- and high-tech sector maintained its manufacturing value added share at around 46 per cent in 2021.,2_0,8_6,,No Relationship
Ninety per cent of people facing hunger and malnutrition live in IDA countries.,"Inclusive industrial policies are imperative for fostering the growth, competitiveness and resilience of small enterprises.",2_0,8_7,,No Relationship
"Data suggest that household food waste varies by just 7 kilograms per capita each year across high-income, upper-middle-income and lower-middle-income countries. Hotter countries tend to have higher waste per capita, possibly due to increased consumption of fresh food with substantial inedible parts and inadequate refrigeration.","In a landscape of declining international cooperation and rising geopolitical tensions, strengthened global partnerships and enhanced cooperation are urgently needed to address widening financing gaps, reinforce post-pandemic recovery and promote sustainable development, particularly in the LDCs and other vulnerable countries.",2_1,8_0,,No Relationship
"Data suggest that household food waste varies by just 7 kilograms per capita each year across high-income, upper-middle-income and lower-middle-income countries. Hotter countries tend to have higher waste per capita, possibly due to increased consumption of fresh food with substantial inedible parts and inadequate refrigeration.","Despite increasing efforts and commitments to expand social protection programmes, significant coverage gaps left 1.4 billion children uncovered in 2023.",2_1,8_1,,No Relationship
"Data suggest that household food waste varies by just 7 kilograms per capita each year across high-income, upper-middle-income and lower-middle-income countries. Hotter countries tend to have higher waste per capita, possibly due to increased consumption of fresh food with substantial inedible parts and inadequate refrigeration.","To achieve Goal 2, significant efforts are needed to mitigate the impacts of climate change, conflict and economic crisis.",2_1,8_2,,Support
"Data suggest that household food waste varies by just 7 kilograms per capita each year across high-income, upper-middle-income and lower-middle-income countries. Hotter countries tend to have higher waste per capita, possibly due to increased consumption of fresh food with substantial inedible parts and inadequate refrigeration.",Global unemployment hit a historic low of 5 per cent in 2023 yet persistent roadblocks remain in achieving decent work. Women and youth face higher unemployment rates.,2_1,8_3,,No Relationship
"Data suggest that household food waste varies by just 7 kilograms per capita each year across high-income, upper-middle-income and lower-middle-income countries. Hotter countries tend to have higher waste per capita, possibly due to increased consumption of fresh food with substantial inedible parts and inadequate refrigeration.","Informal employment poses a significant global challenge, with over 2 billion workers in informal jobs lacking social protection in 2023.",2_1,8_4,,No Relationship
"Data suggest that household food waste varies by just 7 kilograms per capita each year across high-income, upper-middle-income and lower-middle-income countries. Hotter countries tend to have higher waste per capita, possibly due to increased consumption of fresh food with substantial inedible parts and inadequate refrigeration.","More than 2 billion workers globally were in informal employment in 2023, comprising 58.0 per cent of the global workforce, a share projected to slightly decrease to 57.8 per cent in 2024.",2_1,8_5,,No Relationship
"Data suggest that household food waste varies by just 7 kilograms per capita each year across high-income, upper-middle-income and lower-middle-income countries. Hotter countries tend to have higher waste per capita, possibly due to increased consumption of fresh food with substantial inedible parts and inadequate refrigeration.",The medium- and high-tech sector maintained its manufacturing value added share at around 46 per cent in 2021.,2_1,8_6,,No Relationship
"Data suggest that household food waste varies by just 7 kilograms per capita each year across high-income, upper-middle-income and lower-middle-income countries. Hotter countries tend to have higher waste per capita, possibly due to increased consumption of fresh food with substantial inedible parts and inadequate refrigeration.","Inclusive industrial policies are imperative for fostering the growth, competitiveness and resilience of small enterprises.",2_1,8_7,,No Relationship
"In 2023, about 733 million people faced hunger, and 2.33 billion people experienced moderate to severe food insecurity.","In a landscape of declining international cooperation and rising geopolitical tensions, strengthened global partnerships and enhanced cooperation are urgently needed to address widening financing gaps, reinforce post-pandemic recovery and promote sustainable development, particularly in the LDCs and other vulnerable countries.",2_2,8_0,,Support
"In 2023, about 733 million people faced hunger, and 2.33 billion people experienced moderate to severe food insecurity.","Despite increasing efforts and commitments to expand social protection programmes, significant coverage gaps left 1.4 billion children uncovered in 2023.",2_2,8_1,,Support
"In 2023, about 733 million people faced hunger, and 2.33 billion people experienced moderate to severe food insecurity.","To achieve Goal 2, significant efforts are needed to mitigate the impacts of climate change, conflict and economic crisis.",2_2,8_2,,Support
"In 2023, about 733 million people faced hunger, and 2.33 billion people experienced moderate to severe food insecurity.",Global unemployment hit a historic low of 5 per cent in 2023 yet persistent roadblocks remain in achieving decent work. Women and youth face higher unemployment rates.,2_2,8_3,,Support
"In 2023, about 733 million people faced hunger, and 2.33 billion people experienced moderate to severe food insecurity.","Informal employment poses a significant global challenge, with over 2 billion workers in informal jobs lacking social protection in 2023.",2_2,8_4,,Support
"In 2023, about 733 million people faced hunger, and 2.33 billion people experienced moderate to severe food insecurity.","More than 2 billion workers globally were in informal employment in 2023, comprising 58.0 per cent of the global workforce, a share projected to slightly decrease to 57.8 per cent in 2024.",2_2,8_5,,Support
"In 2023, about 733 million people faced hunger, and 2.33 billion people experienced moderate to severe food insecurity.",The medium- and high-tech sector maintained its manufacturing value added share at around 46 per cent in 2021.,2_2,8_6,,No Relationship
"In 2023, about 733 million people faced hunger, and 2.33 billion people experienced moderate to severe food insecurity.","Inclusive industrial policies are imperative for fostering the growth, competitiveness and resilience of small enterprises.",2_2,8_7,,No Relationship
"Achieving zero hunger requires intensified efforts to transform food systems so they are sustainable, resilient and equitable.","In a landscape of declining international cooperation and rising geopolitical tensions, strengthened global partnerships and enhanced cooperation are urgently needed to address widening financing gaps, reinforce post-pandemic recovery and promote sustainable development, particularly in the LDCs and other vulnerable countries.",2_3,8_0,,Support
"Achieving zero hunger requires intensified efforts to transform food systems so they are sustainable, resilient and equitable.","Despite increasing efforts and commitments to expand social protection programmes, significant coverage gaps left 1.4 billion children uncovered in 2023.",2_3,8_1,,No Relationship
"Achieving zero hunger requires intensified efforts to transform food systems so they are sustainable, resilient and equitable.","To achieve Goal 2, significant efforts are needed to mitigate the impacts of climate change, conflict and economic crisis.",2_3,8_2,,Rephrase
"Achieving zero hunger requires intensified efforts to transform food systems so they are sustainable, resilient and equitable.",Global unemployment hit a historic low of 5 per cent in 2023 yet persistent roadblocks remain in achieving decent work. Women and youth face higher unemployment rates.,2_3,8_3,,No Relationship
"Achieving zero hunger requires intensified efforts to transform food systems so they are sustainable, resilient and equitable.","Informal employment poses a significant global challenge, with over 2 billion workers in informal jobs lacking social protection in 2023.",2_3,8_4,,No Relationship
"Achieving zero hunger requires intensified efforts to transform food systems so they are sustainable, resilient and equitable.","More than 2 billion workers globally were in informal employment in 2023, comprising 58.0 per cent of the global workforce, a share projected to slightly decrease to 57.8 per cent in 2024.",2_3,8_5,,No Relationship
"Achieving zero hunger requires intensified efforts to transform food systems so they are sustainable, resilient and equitable.",The medium- and high-tech sector maintained its manufacturing value added share at around 46 per cent in 2021.,2_3,8_6,,No Relationship
"Achieving zero hunger requires intensified efforts to transform food systems so they are sustainable, resilient and equitable.","Inclusive industrial policies are imperative for fostering the growth, competitiveness and resilience of small enterprises.",2_3,8_7,,No Relationship
Nearly 60 per cent of countries faced moderately to abnormally high food prices in 2022,"In a landscape of declining international cooperation and rising geopolitical tensions, strengthened global partnerships and enhanced cooperation are urgently needed to address widening financing gaps, reinforce post-pandemic recovery and promote sustainable development, particularly in the LDCs and other vulnerable countries.",2_4,8_0,,Support
Nearly 60 per cent of countries faced moderately to abnormally high food prices in 2022,"Despite increasing efforts and commitments to expand social protection programmes, significant coverage gaps left 1.4 billion children uncovered in 2023.",2_4,8_1,,No Relationship
Nearly 60 per cent of countries faced moderately to abnormally high food prices in 2022,"To achieve Goal 2, significant efforts are needed to mitigate the impacts of climate change, conflict and economic crisis.",2_4,8_2,,Support
Nearly 60 per cent of countries faced moderately to abnormally high food prices in 2022,Global unemployment hit a historic low of 5 per cent in 2023 yet persistent roadblocks remain in achieving decent work. Women and youth face higher unemployment rates.,2_4,8_3,,Support
Nearly 60 per cent of countries faced moderately to abnormally high food prices in 2022,"Informal employment poses a significant global challenge, with over 2 billion workers in informal jobs lacking social protection in 2023.",2_4,8_4,,Support
Nearly 60 per cent of countries faced moderately to abnormally high food prices in 2022,"More than 2 billion workers globally were in informal employment in 2023, comprising 58.0 per cent of the global workforce, a share projected to slightly decrease to 57.8 per cent in 2024.",2_4,8_5,,Support
Nearly 60 per cent of countries faced moderately to abnormally high food prices in 2022,The medium- and high-tech sector maintained its manufacturing value added share at around 46 per cent in 2021.,2_4,8_6,,No Relationship
Nearly 60 per cent of countries faced moderately to abnormally high food prices in 2022,"Inclusive industrial policies are imperative for fostering the growth, competitiveness and resilience of small enterprises.",2_4,8_7,,No Relationship
"To accelerate progress towards Goal 9, a concerted effort is needed to promote inclusive and sustainable industrialization, foster innovation through increased investment in research and development, prioritize and accelerate the green transition, and facilitate access to information and communications technology.",Ninety per cent of people facing hunger and malnutrition live in IDA countries.,9_0,2_0,,No Relationship
"To accelerate progress towards Goal 9, a concerted effort is needed to promote inclusive and sustainable industrialization, foster innovation through increased investment in research and development, prioritize and accelerate the green transition, and facilitate access to information and communications technology.","Data suggest that household food waste varies by just 7 kilograms per capita each year across high-income, upper-middle-income and lower-middle-income countries. Hotter countries tend to have higher waste per capita, possibly due to increased consumption of fresh food with substantial inedible parts and inadequate refrigeration.",9_0,2_1,,No Relationship
"To accelerate progress towards Goal 9, a concerted effort is needed to promote inclusive and sustainable industrialization, foster innovation through increased investment in research and development, prioritize and accelerate the green transition, and facilitate access to information and communications technology.","In 2023, about 733 million people faced hunger, and 2.33 billion people experienced moderate to severe food insecurity.",9_0,2_2,,No Relationship
"To accelerate progress towards Goal 9, a concerted effort is needed to promote inclusive and sustainable industrialization, foster innovation through increased investment in research and development, prioritize and accelerate the green transition, and facilitate access to information and communications technology.","Achieving zero hunger requires intensified efforts to transform food systems so they are sustainable, resilient and equitable.",9_0,2_3,,Rephrase
"To accelerate progress towards Goal 9, a concerted effort is needed to promote inclusive and sustainable industrialization, foster innovation through increased investment in research and development, prioritize and accelerate the green transition, and facilitate access to information and communications technology.",Nearly 60 per cent of countries faced moderately to abnormally high food prices in 2022,9_0,2_4,,No Relationship
Only a small share can obtain it,Ninety per cent of people facing hunger and malnutrition live in IDA countries.,9_1,2_0,,No Relationship
Only a small share can obtain it,"Data suggest that household food waste varies by just 7 kilograms per capita each year across high-income, upper-middle-income and lower-middle-income countries. Hotter countries tend to have higher waste per capita, possibly due to increased consumption of fresh food with substantial inedible parts and inadequate refrigeration.",9_1,2_1,,No Relationship
Only a small share can obtain it,"In 2023, about 733 million people faced hunger, and 2.33 billion people experienced moderate to severe food insecurity.",9_1,2_2,,Support
Only a small share can obtain it,"Achieving zero hunger requires intensified efforts to transform food systems so they are sustainable, resilient and equitable.",9_1,2_3,,Support
Only a small share can obtain it,Nearly 60 per cent of countries faced moderately to abnormally high food prices in 2022,9_1,2_4,,No Relationship
"Inclusive industrial policies are imperative for fostering the growth, competitiveness and resilience of small enterprises.",Ninety per cent of people facing hunger and malnutrition live in IDA countries.,9_2,2_0,,No Relationship
"Inclusive industrial policies are imperative for fostering the growth, competitiveness and resilience of small enterprises.","Data suggest that household food waste varies by just 7 kilograms per capita each year across high-income, upper-middle-income and lower-middle-income countries. Hotter countries tend to have higher waste per capita, possibly due to increased consumption of fresh food with substantial inedible parts and inadequate refrigeration.",9_2,2_1,,No Relationship
"Inclusive industrial policies are imperative for fostering the growth, competitiveness and resilience of small enterprises.","In 2023, about 733 million people faced hunger, and 2.33 billion people experienced moderate to severe food insecurity.",9_2,2_2,,No Relationship
"Inclusive industrial policies are imperative for fostering the growth, competitiveness and resilience of small enterprises.","Achieving zero hunger requires intensified efforts to transform food systems so they are sustainable, resilient and equitable.",9_2,2_3,,No Relationship
"Inclusive industrial policies are imperative for fostering the growth, competitiveness and resilience of small enterprises.",Nearly 60 per cent of countries faced moderately to abnormally high food prices in 2022,9_2,2_4,,No Relationship
Ninety per cent of people facing hunger and malnutrition live in IDA countries.,Developing countries are not fairly represented in international economic decision-making. Strengthening their voice and participation is crucial to ensuring a more inclusive and equitable global economic system.,2_0,10_0,,Support
Ninety per cent of people facing hunger and malnutrition live in IDA countries.,In extreme poverty rates have returned to pre-pandemic levels except in low-income countries.,2_0,10_1,,Rephrase
Ninety per cent of people facing hunger and malnutrition live in IDA countries.,"In 95 per cent of countries with available data, the average annual income of small-scale producers is less than half that of larger-scale producers.",2_0,10_2,,Support
Ninety per cent of people facing hunger and malnutrition live in IDA countries.,"Strong and sustained commitments to changing biased social norms, eliminating harmful practices and abolishing discriminatory laws are urgently needed.",2_0,10_3,,No Relationship
Ninety per cent of people facing hunger and malnutrition live in IDA countries.,"Globally, young women are over twice as likely as young men to be NEET.",2_0,10_4,,No Relationship
"Data suggest that household food waste varies by just 7 kilograms per capita each year across high-income, upper-middle-income and lower-middle-income countries. Hotter countries tend to have higher waste per capita, possibly due to increased consumption of fresh food with substantial inedible parts and inadequate refrigeration.",Developing countries are not fairly represented in international economic decision-making. Strengthening their voice and participation is crucial to ensuring a more inclusive and equitable global economic system.,2_1,10_0,,Support
"Data suggest that household food waste varies by just 7 kilograms per capita each year across high-income, upper-middle-income and lower-middle-income countries. Hotter countries tend to have higher waste per capita, possibly due to increased consumption of fresh food with substantial inedible parts and inadequate refrigeration.",In extreme poverty rates have returned to pre-pandemic levels except in low-income countries.,2_1,10_1,,Support
"Data suggest that household food waste varies by just 7 kilograms per capita each year across high-income, upper-middle-income and lower-middle-income countries. Hotter countries tend to have higher waste per capita, possibly due to increased consumption of fresh food with substantial inedible parts and inadequate refrigeration.","In 95 per cent of countries with available data, the average annual income of small-scale producers is less than half that of larger-scale producers.",2_1,10_2,,Attack
"Data suggest that household food waste varies by just 7 kilograms per capita each year across high-income, upper-middle-income and lower-middle-income countries. Hotter countries tend to have higher waste per capita, possibly due to increased consumption of fresh food with substantial inedible parts and inadequate refrigeration.","Strong and sustained commitments to changing biased social norms, eliminating harmful practices and abolishing discriminatory laws are urgently needed.",2_1,10_3,,No Relationship
"Data suggest that household food waste varies by just 7 kilograms per capita each year across high-income, upper-middle-income and lower-middle-income countries. Hotter countries tend to have higher waste per capita, possibly due to increased consumption of fresh food with substantial inedible parts and inadequate refrigeration.","Globally, young women are over twice as likely as young men to be NEET.",2_1,10_4,,No Relationship
"In 2023, about 733 million people faced hunger, and 2.33 billion people experienced moderate to severe food insecurity.",Developing countries are not fairly represented in international economic decision-making. Strengthening their voice and participation is crucial to ensuring a more inclusive and equitable global economic system.,2_2,10_0,,Support
"In 2023, about 733 million people faced hunger, and 2.33 billion people experienced moderate to severe food insecurity.",In extreme poverty rates have returned to pre-pandemic levels except in low-income countries.,2_2,10_1,,Support
"In 2023, about 733 million people faced hunger, and 2.33 billion people experienced moderate to severe food insecurity.","In 95 per cent of countries with available data, the average annual income of small-scale producers is less than half that of larger-scale producers.",2_2,10_2,,Support
"In 2023, about 733 million people faced hunger, and 2.33 billion people experienced moderate to severe food insecurity.","Strong and sustained commitments to changing biased social norms, eliminating harmful practices and abolishing discriminatory laws are urgently needed.",2_2,10_3,,No Relationship
"In 2023, about 733 million people faced hunger, and 2.33 billion people experienced moderate to severe food insecurity.","Globally, young women are over twice as likely as young men to be NEET.",2_2,10_4,,No Relationship
"Achieving zero hunger requires intensified efforts to transform food systems so they are sustainable, resilient and equitable.",Developing countries are not fairly represented in international economic decision-making. Strengthening their voice and participation is crucial to ensuring a more inclusive and equitable global economic system.,2_3,10_0,,Support
"Achieving zero hunger requires intensified efforts to transform food systems so they are sustainable, resilient and equitable.",In extreme poverty rates have returned to pre-pandemic levels except in low-income countries.,2_3,10_1,,No Relationship
"Achieving zero hunger requires intensified efforts to transform food systems so they are sustainable, resilient and equitable.","In 95 per cent of countries with available data, the average annual income of small-scale producers is less than half that of larger-scale producers.",2_3,10_2,,No Relationship
"Achieving zero hunger requires intensified efforts to transform food systems so they are sustainable, resilient and equitable.","Strong and sustained commitments to changing biased social norms, eliminating harmful practices and abolishing discriminatory laws are urgently needed.",2_3,10_3,,No Relationship
"Achieving zero hunger requires intensified efforts to transform food systems so they are sustainable, resilient and equitable.","Globally, young women are over twice as likely as young men to be NEET.",2_3,10_4,,No Relationship
Nearly 60 per cent of countries faced moderately to abnormally high food prices in 2022,Developing countries are not fairly represented in international economic decision-making. Strengthening their voice and participation is crucial to ensuring a more inclusive and equitable global economic system.,2_4,10_0,,Support
Nearly 60 per cent of countries faced moderately to abnormally high food prices in 2022,In extreme poverty rates have returned to pre-pandemic levels except in low-income countries.,2_4,10_1,,Support
Nearly 60 per cent of countries faced moderately to abnormally high food prices in 2022,"In 95 per cent of countries with available data, the average annual income of small-scale producers is less than half that of larger-scale producers.",2_4,10_2,,Support
Nearly 60 per cent of countries faced moderately to abnormally high food prices in 2022,"Strong and sustained commitments to changing biased social norms, eliminating harmful practices and abolishing discriminatory laws are urgently needed.",2_4,10_3,,No Relationship
Nearly 60 per cent of countries faced moderately to abnormally high food prices in 2022,"Globally, young women are over twice as likely as young men to be NEET.",2_4,10_4,,No Relationship
"While air pollution levels have declined in most regions, they are still significantly higher than the recommended air quality guidelines for public health protection.",Ninety per cent of people facing hunger and malnutrition live in IDA countries.,11_0,2_0,,No Relationship
"While air pollution levels have declined in most regions, they are still significantly higher than the recommended air quality guidelines for public health protection.","Data suggest that household food waste varies by just 7 kilograms per capita each year across high-income, upper-middle-income and lower-middle-income countries. Hotter countries tend to have higher waste per capita, possibly due to increased consumption of fresh food with substantial inedible parts and inadequate refrigeration.",11_0,2_1,,No Relationship
"While air pollution levels have declined in most regions, they are still significantly higher than the recommended air quality guidelines for public health protection.","In 2023, about 733 million people faced hunger, and 2.33 billion people experienced moderate to severe food insecurity.",11_0,2_2,,No Relationship
"While air pollution levels have declined in most regions, they are still significantly higher than the recommended air quality guidelines for public health protection.","Achieving zero hunger requires intensified efforts to transform food systems so they are sustainable, resilient and equitable.",11_0,2_3,,No Relationship
"While air pollution levels have declined in most regions, they are still significantly higher than the recommended air quality guidelines for public health protection.",Nearly 60 per cent of countries faced moderately to abnormally high food prices in 2022,11_0,2_4,,No Relationship
"Only 6 in 10 urban residents have convenient access to public transit, based on data collected in 2023 from 2,039 cities in 188 countries.",Ninety per cent of people facing hunger and malnutrition live in IDA countries.,11_1,2_0,,No Relationship
"Only 6 in 10 urban residents have convenient access to public transit, based on data collected in 2023 from 2,039 cities in 188 countries.","Data suggest that household food waste varies by just 7 kilograms per capita each year across high-income, upper-middle-income and lower-middle-income countries. Hotter countries tend to have higher waste per capita, possibly due to increased consumption of fresh food with substantial inedible parts and inadequate refrigeration.",11_1,2_1,,No Relationship
"Only 6 in 10 urban residents have convenient access to public transit, based on data collected in 2023 from 2,039 cities in 188 countries.","In 2023, about 733 million people faced hunger, and 2.33 billion people experienced moderate to severe food insecurity.",11_1,2_2,,Support
"Only 6 in 10 urban residents have convenient access to public transit, based on data collected in 2023 from 2,039 cities in 188 countries.","Achieving zero hunger requires intensified efforts to transform food systems so they are sustainable, resilient and equitable.",11_1,2_3,,No Relationship
"Only 6 in 10 urban residents have convenient access to public transit, based on data collected in 2023 from 2,039 cities in 188 countries.",Nearly 60 per cent of countries faced moderately to abnormally high food prices in 2022,11_1,2_4,,No Relationship
Ninety per cent of people facing hunger and malnutrition live in IDA countries.,High rates of consumption and insufficient reuse or recycling are producing vast piles of e-waste,2_0,12_0,,No Relationship
"Data suggest that household food waste varies by just 7 kilograms per capita each year across high-income, upper-middle-income and lower-middle-income countries. Hotter countries tend to have higher waste per capita, possibly due to increased consumption of fresh food with substantial inedible parts and inadequate refrigeration.",High rates of consumption and insufficient reuse or recycling are producing vast piles of e-waste,2_1,12_0,,Support
"In 2023, about 733 million people faced hunger, and 2.33 billion people experienced moderate to severe food insecurity.",High rates of consumption and insufficient reuse or recycling are producing vast piles of e-waste,2_2,12_0,,No Relationship
"Achieving zero hunger requires intensified efforts to transform food systems so they are sustainable, resilient and equitable.",High rates of consumption and insufficient reuse or recycling are producing vast piles of e-waste,2_3,12_0,,No Relationship
Nearly 60 per cent of countries faced moderately to abnormally high food prices in 2022,High rates of consumption and insufficient reuse or recycling are producing vast piles of e-waste,2_4,12_0,,No Relationship
"Fossil fuel subsidies reached a record high of $1.53 trillion in 2022, driven by rising energy prices post-pandemic and the impact of the Russian Federation’s invasion of Ukraine, which disrupted global energy markets.",Ninety per cent of people facing hunger and malnutrition live in IDA countries.,13_0,2_0,,No Relationship
"Fossil fuel subsidies reached a record high of $1.53 trillion in 2022, driven by rising energy prices post-pandemic and the impact of the Russian Federation’s invasion of Ukraine, which disrupted global energy markets.","Data suggest that household food waste varies by just 7 kilograms per capita each year across high-income, upper-middle-income and lower-middle-income countries. Hotter countries tend to have higher waste per capita, possibly due to increased consumption of fresh food with substantial inedible parts and inadequate refrigeration.",13_0,2_1,,No Relationship
"Fossil fuel subsidies reached a record high of $1.53 trillion in 2022, driven by rising energy prices post-pandemic and the impact of the Russian Federation’s invasion of Ukraine, which disrupted global energy markets.","In 2023, about 733 million people faced hunger, and 2.33 billion people experienced moderate to severe food insecurity.",13_0,2_2,,Support
"Fossil fuel subsidies reached a record high of $1.53 trillion in 2022, driven by rising energy prices post-pandemic and the impact of the Russian Federation’s invasion of Ukraine, which disrupted global energy markets.","Achieving zero hunger requires intensified efforts to transform food systems so they are sustainable, resilient and equitable.",13_0,2_3,,No Relationship
"Fossil fuel subsidies reached a record high of $1.53 trillion in 2022, driven by rising energy prices post-pandemic and the impact of the Russian Federation’s invasion of Ukraine, which disrupted global energy markets.",Nearly 60 per cent of countries faced moderately to abnormally high food prices in 2022,13_0,2_4,,Support
"To accelerate progress towards Goal 9, a concerted effort is needed to promote inclusive and sustainable industrialization, foster innovation through increased investment in research and development, prioritize and accelerate the green transition, and facilitate access to information and communications technology.",Ninety per cent of people facing hunger and malnutrition live in IDA countries.,13_1,2_0,,No Relationship
"To accelerate progress towards Goal 9, a concerted effort is needed to promote inclusive and sustainable industrialization, foster innovation through increased investment in research and development, prioritize and accelerate the green transition, and facilitate access to information and communications technology.","Data suggest that household food waste varies by just 7 kilograms per capita each year across high-income, upper-middle-income and lower-middle-income countries. Hotter countries tend to have higher waste per capita, possibly due to increased consumption of fresh food with substantial inedible parts and inadequate refrigeration.",13_1,2_1,,No Relationship
"To accelerate progress towards Goal 9, a concerted effort is needed to promote inclusive and sustainable industrialization, foster innovation through increased investment in research and development, prioritize and accelerate the green transition, and facilitate access to information and communications technology.","In 2023, about 733 million people faced hunger, and 2.33 billion people experienced moderate to severe food insecurity.",13_1,2_2,,No Relationship
"To accelerate progress towards Goal 9, a concerted effort is needed to promote inclusive and sustainable industrialization, foster innovation through increased investment in research and development, prioritize and accelerate the green transition, and facilitate access to information and communications technology.","Achieving zero hunger requires intensified efforts to transform food systems so they are sustainable, resilient and equitable.",13_1,2_3,,Rephrase
"To accelerate progress towards Goal 9, a concerted effort is needed to promote inclusive and sustainable industrialization, foster innovation through increased investment in research and development, prioritize and accelerate the green transition, and facilitate access to information and communications technology.",Nearly 60 per cent of countries faced moderately to abnormally high food prices in 2022,13_1,2_4,,No Relationship
Ninety per cent of people facing hunger and malnutrition live in IDA countries.,"The sustainability of global fishery resources declined from 90.0 per cent in 1974 to 64.6 per cent in 2019 and further to 62.3 per cent in 2021, due to overfishing, pollution, poor management and other factors.",2_0,14_0,,No Relationship
"Data suggest that household food waste varies by just 7 kilograms per capita each year across high-income, upper-middle-income and lower-middle-income countries. Hotter countries tend to have higher waste per capita, possibly due to increased consumption of fresh food with substantial inedible parts and inadequate refrigeration.","The sustainability of global fishery resources declined from 90.0 per cent in 1974 to 64.6 per cent in 2019 and further to 62.3 per cent in 2021, due to overfishing, pollution, poor management and other factors.",2_1,14_0,,No Relationship
"In 2023, about 733 million people faced hunger, and 2.33 billion people experienced moderate to severe food insecurity.","The sustainability of global fishery resources declined from 90.0 per cent in 1974 to 64.6 per cent in 2019 and further to 62.3 per cent in 2021, due to overfishing, pollution, poor management and other factors.",2_2,14_0,,Support
"Achieving zero hunger requires intensified efforts to transform food systems so they are sustainable, resilient and equitable.","The sustainability of global fishery resources declined from 90.0 per cent in 1974 to 64.6 per cent in 2019 and further to 62.3 per cent in 2021, due to overfishing, pollution, poor management and other factors.",2_3,14_0,,Support
Nearly 60 per cent of countries faced moderately to abnormally high food prices in 2022,"The sustainability of global fishery resources declined from 90.0 per cent in 1974 to 64.6 per cent in 2019 and further to 62.3 per cent in 2021, due to overfishing, pollution, poor management and other factors.",2_4,14_0,,Support
"Illegal wildlife trade persists worldwide despite two decades of concerted action at international and national levels and poses a significant threat to global biodiversity, endangering a wide range of terrestrial and marine species.",Ninety per cent of people facing hunger and malnutrition live in IDA countries.,15_0,2_0,,No Relationship
"Illegal wildlife trade persists worldwide despite two decades of concerted action at international and national levels and poses a significant threat to global biodiversity, endangering a wide range of terrestrial and marine species.","Data suggest that household food waste varies by just 7 kilograms per capita each year across high-income, upper-middle-income and lower-middle-income countries. Hotter countries tend to have higher waste per capita, possibly due to increased consumption of fresh food with substantial inedible parts and inadequate refrigeration.",15_0,2_1,,No Relationship
"Illegal wildlife trade persists worldwide despite two decades of concerted action at international and national levels and poses a significant threat to global biodiversity, endangering a wide range of terrestrial and marine species.","In 2023, about 733 million people faced hunger, and 2.33 billion people experienced moderate to severe food insecurity.",15_0,2_2,,No Relationship
"Illegal wildlife trade persists worldwide despite two decades of concerted action at international and national levels and poses a significant threat to global biodiversity, endangering a wide range of terrestrial and marine species.","Achieving zero hunger requires intensified efforts to transform food systems so they are sustainable, resilient and equitable.",15_0,2_3,,No Relationship
"Illegal wildlife trade persists worldwide despite two decades of concerted action at international and national levels and poses a significant threat to global biodiversity, endangering a wide range of terrestrial and marine species.",Nearly 60 per cent of countries faced moderately to abnormally high food prices in 2022,15_0,2_4,,No Relationship
Ninety per cent of people facing hunger and malnutrition live in IDA countries.,"The number of refugees has increased year-on-year for more than a decade and doubled in less than seven years, outpacing durable solutions.",2_0,16_0,,Support
"Data suggest that household food waste varies by just 7 kilograms per capita each year across high-income, upper-middle-income and lower-middle-income countries. Hotter countries tend to have higher waste per capita, possibly due to increased consumption of fresh food with substantial inedible parts and inadequate refrigeration.","The number of refugees has increased year-on-year for more than a decade and doubled in less than seven years, outpacing durable solutions.",2_1,16_0,,No Relationship
"In 2023, about 733 million people faced hunger, and 2.33 billion people experienced moderate to severe food insecurity.","The number of refugees has increased year-on-year for more than a decade and doubled in less than seven years, outpacing durable solutions.",2_2,16_0,,No Relationship
"Achieving zero hunger requires intensified efforts to transform food systems so they are sustainable, resilient and equitable.","The number of refugees has increased year-on-year for more than a decade and doubled in less than seven years, outpacing durable solutions.",2_3,16_0,,No Relationship
Nearly 60 per cent of countries faced moderately to abnormally high food prices in 2022,"The number of refugees has increased year-on-year for more than a decade and doubled in less than seven years, outpacing durable solutions.",2_4,16_0,,No Relationship
"Despite basic services in schools being essential for fair learning opportunities, progress has been slow, particularly affecting students with disabilities and girls.",The maternal mortality ratio is largely stuck at a level more than three times the 2030 target.,4_0,3_0,,No Relationship
"Despite basic services in schools being essential for fair learning opportunities, progress has been slow, particularly affecting students with disabilities and girls.",Improvements in adolescent birth rates and access to modern contraceptives do not benefit all women and girls equally,4_0,3_1,,Support
The maternal mortality ratio is largely stuck at a level more than three times the 2030 target.,"The adolescent birth rate for women aged 15–19 years declined to 41.3 births per 1,000 women in 2023, from 47.2 in 2015 and 64.5 in 2000.",3_0,5_0,,Attack
The maternal mortality ratio is largely stuck at a level more than three times the 2030 target.,Girls’ completion rates exceed those of boys by 2 to 3 percentage points in both primary and secondary education.,3_0,5_1,,No Relationship
The maternal mortality ratio is largely stuck at a level more than three times the 2030 target.,One in five girls still marry before age 18.,3_0,5_2,,Support
The maternal mortality ratio is largely stuck at a level more than three times the 2030 target.,A staggering 230 million girls and women have been subjected to female genital mutilation.,3_0,5_3,,No Relationship
The maternal mortality ratio is largely stuck at a level more than three times the 2030 target.,child marriage and female genital mutilation violate the rights of girls and have lifelong consequences.,3_0,5_4,,No Relationship
Improvements in adolescent birth rates and access to modern contraceptives do not benefit all women and girls equally,"The adolescent birth rate for women aged 15–19 years declined to 41.3 births per 1,000 women in 2023, from 47.2 in 2015 and 64.5 in 2000.",3_1,5_0,,Attack
Improvements in adolescent birth rates and access to modern contraceptives do not benefit all women and girls equally,Girls’ completion rates exceed those of boys by 2 to 3 percentage points in both primary and secondary education.,3_1,5_1,,Attack
Improvements in adolescent birth rates and access to modern contraceptives do not benefit all women and girls equally,One in five girls still marry before age 18.,3_1,5_2,,Support
Improvements in adolescent birth rates and access to modern contraceptives do not benefit all women and girls equally,A staggering 230 million girls and women have been subjected to female genital mutilation.,3_1,5_3,,Support
Improvements in adolescent birth rates and access to modern contraceptives do not benefit all women and girls equally,child marriage and female genital mutilation violate the rights of girls and have lifelong consequences.,3_1,5_4,,Support
"In 2022, roughly half the world’s population experienced severe water scarcity for at least part of the year. One quarter faced “extremely high” levels of water stress.",The maternal mortality ratio is largely stuck at a level more than three times the 2030 target.,6_0,3_0,,Support
"In 2022, roughly half the world’s population experienced severe water scarcity for at least part of the year. One quarter faced “extremely high” levels of water stress.",Improvements in adolescent birth rates and access to modern contraceptives do not benefit all women and girls equally,6_0,3_1,,No Relationship
"Integrated water management boosts resilience to multiple crises, including climate change",The maternal mortality ratio is largely stuck at a level more than three times the 2030 target.,6_1,3_0,,No Relationship
"Integrated water management boosts resilience to multiple crises, including climate change",Improvements in adolescent birth rates and access to modern contraceptives do not benefit all women and girls equally,6_1,3_1,,No Relationship
The maternal mortality ratio is largely stuck at a level more than three times the 2030 target.,"The annual SDG investment gap in developing countries was estimated at about $4 trillion, with over half, or $2.2 trillion, needed for the energy transition alone.",3_0,7_0,,Support
The maternal mortality ratio is largely stuck at a level more than three times the 2030 target.,The number without clean cooking fuels declined from 2.8 billion to 2.1 billion over the same period.,3_0,7_1,,No Relationship
The maternal mortality ratio is largely stuck at a level more than three times the 2030 target.,Traditional uses of biomass accounted for slightly over a third of total renewable energy consumption.,3_0,7_2,,No Relationship
Improvements in adolescent birth rates and access to modern contraceptives do not benefit all women and girls equally,"The annual SDG investment gap in developing countries was estimated at about $4 trillion, with over half, or $2.2 trillion, needed for the energy transition alone.",3_1,7_0,,No Relationship
Improvements in adolescent birth rates and access to modern contraceptives do not benefit all women and girls equally,The number without clean cooking fuels declined from 2.8 billion to 2.1 billion over the same period.,3_1,7_1,,No Relationship
Improvements in adolescent birth rates and access to modern contraceptives do not benefit all women and girls equally,Traditional uses of biomass accounted for slightly over a third of total renewable energy consumption.,3_1,7_2,,No Relationship
"In a landscape of declining international cooperation and rising geopolitical tensions, strengthened global partnerships and enhanced cooperation are urgently needed to address widening financing gaps, reinforce post-pandemic recovery and promote sustainable development, particularly in the LDCs and other vulnerable countries.",The maternal mortality ratio is largely stuck at a level more than three times the 2030 target.,8_0,3_0,,No Relationship
"In a landscape of declining international cooperation and rising geopolitical tensions, strengthened global partnerships and enhanced cooperation are urgently needed to address widening financing gaps, reinforce post-pandemic recovery and promote sustainable development, particularly in the LDCs and other vulnerable countries.",Improvements in adolescent birth rates and access to modern contraceptives do not benefit all women and girls equally,8_0,3_1,,No Relationship
"Despite increasing efforts and commitments to expand social protection programmes, significant coverage gaps left 1.4 billion children uncovered in 2023.",The maternal mortality ratio is largely stuck at a level more than three times the 2030 target.,8_1,3_0,,Support
"Despite increasing efforts and commitments to expand social protection programmes, significant coverage gaps left 1.4 billion children uncovered in 2023.",Improvements in adolescent birth rates and access to modern contraceptives do not benefit all women and girls equally,8_1,3_1,,No Relationship
"To achieve Goal 2, significant efforts are needed to mitigate the impacts of climate change, conflict and economic crisis.",The maternal mortality ratio is largely stuck at a level more than three times the 2030 target.,8_2,3_0,,Support
"To achieve Goal 2, significant efforts are needed to mitigate the impacts of climate change, conflict and economic crisis.",Improvements in adolescent birth rates and access to modern contraceptives do not benefit all women and girls equally,8_2,3_1,,No Relationship
Global unemployment hit a historic low of 5 per cent in 2023 yet persistent roadblocks remain in achieving decent work. Women and youth face higher unemployment rates.,The maternal mortality ratio is largely stuck at a level more than three times the 2030 target.,8_3,3_0,,Support
Global unemployment hit a historic low of 5 per cent in 2023 yet persistent roadblocks remain in achieving decent work. Women and youth face higher unemployment rates.,Improvements in adolescent birth rates and access to modern contraceptives do not benefit all women and girls equally,8_3,3_1,,Support
"Informal employment poses a significant global challenge, with over 2 billion workers in informal jobs lacking social protection in 2023.",The maternal mortality ratio is largely stuck at a level more than three times the 2030 target.,8_4,3_0,,No Relationship
"Informal employment poses a significant global challenge, with over 2 billion workers in informal jobs lacking social protection in 2023.",Improvements in adolescent birth rates and access to modern contraceptives do not benefit all women and girls equally,8_4,3_1,,No Relationship
"More than 2 billion workers globally were in informal employment in 2023, comprising 58.0 per cent of the global workforce, a share projected to slightly decrease to 57.8 per cent in 2024.",The maternal mortality ratio is largely stuck at a level more than three times the 2030 target.,8_5,3_0,,Support
"More than 2 billion workers globally were in informal employment in 2023, comprising 58.0 per cent of the global workforce, a share projected to slightly decrease to 57.8 per cent in 2024.",Improvements in adolescent birth rates and access to modern contraceptives do not benefit all women and girls equally,8_5,3_1,,No Relationship
The medium- and high-tech sector maintained its manufacturing value added share at around 46 per cent in 2021.,The maternal mortality ratio is largely stuck at a level more than three times the 2030 target.,8_6,3_0,,No Relationship
The medium- and high-tech sector maintained its manufacturing value added share at around 46 per cent in 2021.,Improvements in adolescent birth rates and access to modern contraceptives do not benefit all women and girls equally,8_6,3_1,,No Relationship
"Inclusive industrial policies are imperative for fostering the growth, competitiveness and resilience of small enterprises.",The maternal mortality ratio is largely stuck at a level more than three times the 2030 target.,8_7,3_0,,No Relationship
"Inclusive industrial policies are imperative for fostering the growth, competitiveness and resilience of small enterprises.",Improvements in adolescent birth rates and access to modern contraceptives do not benefit all women and girls equally,8_7,3_1,,No Relationship
The maternal mortality ratio is largely stuck at a level more than three times the 2030 target.,"To accelerate progress towards Goal 9, a concerted effort is needed to promote inclusive and sustainable industrialization, foster innovation through increased investment in research and development, prioritize and accelerate the green transition, and facilitate access to information and communications technology.",3_0,9_0,,Support
The maternal mortality ratio is largely stuck at a level more than three times the 2030 target.,Only a small share can obtain it,3_0,9_1,,No Relationship
The maternal mortality ratio is largely stuck at a level more than three times the 2030 target.,"Inclusive industrial policies are imperative for fostering the growth, competitiveness and resilience of small enterprises.",3_0,9_2,,No Relationship
Improvements in adolescent birth rates and access to modern contraceptives do not benefit all women and girls equally,"To accelerate progress towards Goal 9, a concerted effort is needed to promote inclusive and sustainable industrialization, foster innovation through increased investment in research and development, prioritize and accelerate the green transition, and facilitate access to information and communications technology.",3_1,9_0,,No Relationship
Improvements in adolescent birth rates and access to modern contraceptives do not benefit all women and girls equally,Only a small share can obtain it,3_1,9_1,,Support
Improvements in adolescent birth rates and access to modern contraceptives do not benefit all women and girls equally,"Inclusive industrial policies are imperative for fostering the growth, competitiveness and resilience of small enterprises.",3_1,9_2,,No Relationship
Developing countries are not fairly represented in international economic decision-making. Strengthening their voice and participation is crucial to ensuring a more inclusive and equitable global economic system.,The maternal mortality ratio is largely stuck at a level more than three times the 2030 target.,10_0,3_0,,No Relationship
Developing countries are not fairly represented in international economic decision-making. Strengthening their voice and participation is crucial to ensuring a more inclusive and equitable global economic system.,Improvements in adolescent birth rates and access to modern contraceptives do not benefit all women and girls equally,10_0,3_1,,No Relationship
In extreme poverty rates have returned to pre-pandemic levels except in low-income countries.,The maternal mortality ratio is largely stuck at a level more than three times the 2030 target.,10_1,3_0,,Support
In extreme poverty rates have returned to pre-pandemic levels except in low-income countries.,Improvements in adolescent birth rates and access to modern contraceptives do not benefit all women and girls equally,10_1,3_1,,No Relationship
"In 95 per cent of countries with available data, the average annual income of small-scale producers is less than half that of larger-scale producers.",The maternal mortality ratio is largely stuck at a level more than three times the 2030 target.,10_2,3_0,,No Relationship
"In 95 per cent of countries with available data, the average annual income of small-scale producers is less than half that of larger-scale producers.",Improvements in adolescent birth rates and access to modern contraceptives do not benefit all women and girls equally,10_2,3_1,,No Relationship
"Strong and sustained commitments to changing biased social norms, eliminating harmful practices and abolishing discriminatory laws are urgently needed.",The maternal mortality ratio is largely stuck at a level more than three times the 2030 target.,10_3,3_0,,No Relationship
"Strong and sustained commitments to changing biased social norms, eliminating harmful practices and abolishing discriminatory laws are urgently needed.",Improvements in adolescent birth rates and access to modern contraceptives do not benefit all women and girls equally,10_3,3_1,,No Relationship
"Globally, young women are over twice as likely as young men to be NEET.",The maternal mortality ratio is largely stuck at a level more than three times the 2030 target.,10_4,3_0,,Support
"Globally, young women are over twice as likely as young men to be NEET.",Improvements in adolescent birth rates and access to modern contraceptives do not benefit all women and girls equally,10_4,3_1,,Support
The maternal mortality ratio is largely stuck at a level more than three times the 2030 target.,"While air pollution levels have declined in most regions, they are still significantly higher than the recommended air quality guidelines for public health protection.",3_0,11_0,,Support
The maternal mortality ratio is largely stuck at a level more than three times the 2030 target.,"Only 6 in 10 urban residents have convenient access to public transit, based on data collected in 2023 from 2,039 cities in 188 countries.",3_0,11_1,,No Relationship
Improvements in adolescent birth rates and access to modern contraceptives do not benefit all women and girls equally,"While air pollution levels have declined in most regions, they are still significantly higher than the recommended air quality guidelines for public health protection.",3_1,11_0,,No Relationship
Improvements in adolescent birth rates and access to modern contraceptives do not benefit all women and girls equally,"Only 6 in 10 urban residents have convenient access to public transit, based on data collected in 2023 from 2,039 cities in 188 countries.",3_1,11_1,,No Relationship
High rates of consumption and insufficient reuse or recycling are producing vast piles of e-waste,The maternal mortality ratio is largely stuck at a level more than three times the 2030 target.,12_0,3_0,,No Relationship
High rates of consumption and insufficient reuse or recycling are producing vast piles of e-waste,Improvements in adolescent birth rates and access to modern contraceptives do not benefit all women and girls equally,12_0,3_1,,No Relationship
The maternal mortality ratio is largely stuck at a level more than three times the 2030 target.,"Fossil fuel subsidies reached a record high of $1.53 trillion in 2022, driven by rising energy prices post-pandemic and the impact of the Russian Federation’s invasion of Ukraine, which disrupted global energy markets.",3_0,13_0,,No Relationship
The maternal mortality ratio is largely stuck at a level more than three times the 2030 target.,"To accelerate progress towards Goal 9, a concerted effort is needed to promote inclusive and sustainable industrialization, foster innovation through increased investment in research and development, prioritize and accelerate the green transition, and facilitate access to information and communications technology.",3_0,13_1,,Support
Improvements in adolescent birth rates and access to modern contraceptives do not benefit all women and girls equally,"Fossil fuel subsidies reached a record high of $1.53 trillion in 2022, driven by rising energy prices post-pandemic and the impact of the Russian Federation’s invasion of Ukraine, which disrupted global energy markets.",3_1,13_0,,No Relationship
Improvements in adolescent birth rates and access to modern contraceptives do not benefit all women and girls equally,"To accelerate progress towards Goal 9, a concerted effort is needed to promote inclusive and sustainable industrialization, foster innovation through increased investment in research and development, prioritize and accelerate the green transition, and facilitate access to information and communications technology.",3_1,13_1,,No Relationship
"The sustainability of global fishery resources declined from 90.0 per cent in 1974 to 64.6 per cent in 2019 and further to 62.3 per cent in 2021, due to overfishing, pollution, poor management and other factors.",The maternal mortality ratio is largely stuck at a level more than three times the 2030 target.,14_0,3_0,,Support
"The sustainability of global fishery resources declined from 90.0 per cent in 1974 to 64.6 per cent in 2019 and further to 62.3 per cent in 2021, due to overfishing, pollution, poor management and other factors.",Improvements in adolescent birth rates and access to modern contraceptives do not benefit all women and girls equally,14_0,3_1,,No Relationship
The maternal mortality ratio is largely stuck at a level more than three times the 2030 target.,"Illegal wildlife trade persists worldwide despite two decades of concerted action at international and national levels and poses a significant threat to global biodiversity, endangering a wide range of terrestrial and marine species.",3_0,15_0,,No Relationship
Improvements in adolescent birth rates and access to modern contraceptives do not benefit all women and girls equally,"Illegal wildlife trade persists worldwide despite two decades of concerted action at international and national levels and poses a significant threat to global biodiversity, endangering a wide range of terrestrial and marine species.",3_1,15_0,,No Relationship
"The number of refugees has increased year-on-year for more than a decade and doubled in less than seven years, outpacing durable solutions.",The maternal mortality ratio is largely stuck at a level more than three times the 2030 target.,16_0,3_0,,Support
"The number of refugees has increased year-on-year for more than a decade and doubled in less than seven years, outpacing durable solutions.",Improvements in adolescent birth rates and access to modern contraceptives do not benefit all women and girls equally,16_0,3_1,,No Relationship
"The adolescent birth rate for women aged 15–19 years declined to 41.3 births per 1,000 women in 2023, from 47.2 in 2015 and 64.5 in 2000.","Despite basic services in schools being essential for fair learning opportunities, progress has been slow, particularly affecting students with disabilities and girls.",5_0,4_0,,No Relationship
Girls’ completion rates exceed those of boys by 2 to 3 percentage points in both primary and secondary education.,"Despite basic services in schools being essential for fair learning opportunities, progress has been slow, particularly affecting students with disabilities and girls.",5_1,4_0,,Support
One in five girls still marry before age 18.,"Despite basic services in schools being essential for fair learning opportunities, progress has been slow, particularly affecting students with disabilities and girls.",5_2,4_0,,No Relationship
A staggering 230 million girls and women have been subjected to female genital mutilation.,"Despite basic services in schools being essential for fair learning opportunities, progress has been slow, particularly affecting students with disabilities and girls.",5_3,4_0,,No Relationship
child marriage and female genital mutilation violate the rights of girls and have lifelong consequences.,"Despite basic services in schools being essential for fair learning opportunities, progress has been slow, particularly affecting students with disabilities and girls.",5_4,4_0,,No Relationship
"Despite basic services in schools being essential for fair learning opportunities, progress has been slow, particularly affecting students with disabilities and girls.","In 2022, roughly half the world’s population experienced severe water scarcity for at least part of the year. One quarter faced “extremely high” levels of water stress.",4_0,6_0,,No Relationship
"Despite basic services in schools being essential for fair learning opportunities, progress has been slow, particularly affecting students with disabilities and girls.","Integrated water management boosts resilience to multiple crises, including climate change",4_0,6_1,,No Relationship
"The annual SDG investment gap in developing countries was estimated at about $4 trillion, with over half, or $2.2 trillion, needed for the energy transition alone.","Despite basic services in schools being essential for fair learning opportunities, progress has been slow, particularly affecting students with disabilities and girls.",7_0,4_0,,No Relationship
The number without clean cooking fuels declined from 2.8 billion to 2.1 billion over the same period.,"Despite basic services in schools being essential for fair learning opportunities, progress has been slow, particularly affecting students with disabilities and girls.",7_1,4_0,,No Relationship
Traditional uses of biomass accounted for slightly over a third of total renewable energy consumption.,"Despite basic services in schools being essential for fair learning opportunities, progress has been slow, particularly affecting students with disabilities and girls.",7_2,4_0,,No Relationship
"Despite basic services in schools being essential for fair learning opportunities, progress has been slow, particularly affecting students with disabilities and girls.","In a landscape of declining international cooperation and rising geopolitical tensions, strengthened global partnerships and enhanced cooperation are urgently needed to address widening financing gaps, reinforce post-pandemic recovery and promote sustainable development, particularly in the LDCs and other vulnerable countries.",4_0,8_0,,No Relationship
"Despite basic services in schools being essential for fair learning opportunities, progress has been slow, particularly affecting students with disabilities and girls.","Despite increasing efforts and commitments to expand social protection programmes, significant coverage gaps left 1.4 billion children uncovered in 2023.",4_0,8_1,,Support
"Despite basic services in schools being essential for fair learning opportunities, progress has been slow, particularly affecting students with disabilities and girls.","To achieve Goal 2, significant efforts are needed to mitigate the impacts of climate change, conflict and economic crisis.",4_0,8_2,,No Relationship
"Despite basic services in schools being essential for fair learning opportunities, progress has been slow, particularly affecting students with disabilities and girls.",Global unemployment hit a historic low of 5 per cent in 2023 yet persistent roadblocks remain in achieving decent work. Women and youth face higher unemployment rates.,4_0,8_3,,Support
"Despite basic services in schools being essential for fair learning opportunities, progress has been slow, particularly affecting students with disabilities and girls.","Informal employment poses a significant global challenge, with over 2 billion workers in informal jobs lacking social protection in 2023.",4_0,8_4,,No Relationship
"Despite basic services in schools being essential for fair learning opportunities, progress has been slow, particularly affecting students with disabilities and girls.","More than 2 billion workers globally were in informal employment in 2023, comprising 58.0 per cent of the global workforce, a share projected to slightly decrease to 57.8 per cent in 2024.",4_0,8_5,,No Relationship
"Despite basic services in schools being essential for fair learning opportunities, progress has been slow, particularly affecting students with disabilities and girls.",The medium- and high-tech sector maintained its manufacturing value added share at around 46 per cent in 2021.,4_0,8_6,,No Relationship
"Despite basic services in schools being essential for fair learning opportunities, progress has been slow, particularly affecting students with disabilities and girls.","Inclusive industrial policies are imperative for fostering the growth, competitiveness and resilience of small enterprises.",4_0,8_7,,No Relationship
"To accelerate progress towards Goal 9, a concerted effort is needed to promote inclusive and sustainable industrialization, foster innovation through increased investment in research and development, prioritize and accelerate the green transition, and facilitate access to information and communications technology.","Despite basic services in schools being essential for fair learning opportunities, progress has been slow, particularly affecting students with disabilities and girls.",9_0,4_0,,No Relationship
Only a small share can obtain it,"Despite basic services in schools being essential for fair learning opportunities, progress has been slow, particularly affecting students with disabilities and girls.",9_1,4_0,,No Relationship
"Inclusive industrial policies are imperative for fostering the growth, competitiveness and resilience of small enterprises.","Despite basic services in schools being essential for fair learning opportunities, progress has been slow, particularly affecting students with disabilities and girls.",9_2,4_0,,No Relationship
"Despite basic services in schools being essential for fair learning opportunities, progress has been slow, particularly affecting students with disabilities and girls.",Developing countries are not fairly represented in international economic decision-making. Strengthening their voice and participation is crucial to ensuring a more inclusive and equitable global economic system.,4_0,10_0,,No Relationship
"Despite basic services in schools being essential for fair learning opportunities, progress has been slow, particularly affecting students with disabilities and girls.",In extreme poverty rates have returned to pre-pandemic levels except in low-income countries.,4_0,10_1,,Support
"Despite basic services in schools being essential for fair learning opportunities, progress has been slow, particularly affecting students with disabilities and girls.","In 95 per cent of countries with available data, the average annual income of small-scale producers is less than half that of larger-scale producers.",4_0,10_2,,No Relationship
"Despite basic services in schools being essential for fair learning opportunities, progress has been slow, particularly affecting students with disabilities and girls.","Strong and sustained commitments to changing biased social norms, eliminating harmful practices and abolishing discriminatory laws are urgently needed.",4_0,10_3,,Support
"Despite basic services in schools being essential for fair learning opportunities, progress has been slow, particularly affecting students with disabilities and girls.","Globally, young women are over twice as likely as young men to be NEET.",4_0,10_4,,Support
"While air pollution levels have declined in most regions, they are still significantly higher than the recommended air quality guidelines for public health protection.","Despite basic services in schools being essential for fair learning opportunities, progress has been slow, particularly affecting students with disabilities and girls.",11_0,4_0,,No Relationship
"Only 6 in 10 urban residents have convenient access to public transit, based on data collected in 2023 from 2,039 cities in 188 countries.","Despite basic services in schools being essential for fair learning opportunities, progress has been slow, particularly affecting students with disabilities and girls.",11_1,4_0,,No Relationship
"Despite basic services in schools being essential for fair learning opportunities, progress has been slow, particularly affecting students with disabilities and girls.",High rates of consumption and insufficient reuse or recycling are producing vast piles of e-waste,4_0,12_0,,No Relationship
"Fossil fuel subsidies reached a record high of $1.53 trillion in 2022, driven by rising energy prices post-pandemic and the impact of the Russian Federation’s invasion of Ukraine, which disrupted global energy markets.","Despite basic services in schools being essential for fair learning opportunities, progress has been slow, particularly affecting students with disabilities and girls.",13_0,4_0,,No Relationship
"To accelerate progress towards Goal 9, a concerted effort is needed to promote inclusive and sustainable industrialization, foster innovation through increased investment in research and development, prioritize and accelerate the green transition, and facilitate access to information and communications technology.","Despite basic services in schools being essential for fair learning opportunities, progress has been slow, particularly affecting students with disabilities and girls.",13_1,4_0,,No Relationship
"Despite basic services in schools being essential for fair learning opportunities, progress has been slow, particularly affecting students with disabilities and girls.","The sustainability of global fishery resources declined from 90.0 per cent in 1974 to 64.6 per cent in 2019 and further to 62.3 per cent in 2021, due to overfishing, pollution, poor management and other factors.",4_0,14_0,,No Relationship
"Illegal wildlife trade persists worldwide despite two decades of concerted action at international and national levels and poses a significant threat to global biodiversity, endangering a wide range of terrestrial and marine species.","Despite basic services in schools being essential for fair learning opportunities, progress has been slow, particularly affecting students with disabilities and girls.",15_0,4_0,,No Relationship
"Despite basic services in schools being essential for fair learning opportunities, progress has been slow, particularly affecting students with disabilities and girls.","The number of refugees has increased year-on-year for more than a decade and doubled in less than seven years, outpacing durable solutions.",4_0,16_0,,No Relationship
"In 2022, roughly half the world’s population experienced severe water scarcity for at least part of the year. One quarter faced “extremely high” levels of water stress.","The adolescent birth rate for women aged 15–19 years declined to 41.3 births per 1,000 women in 2023, from 47.2 in 2015 and 64.5 in 2000.",6_0,5_0,,Support
"In 2022, roughly half the world’s population experienced severe water scarcity for at least part of the year. One quarter faced “extremely high” levels of water stress.",Girls’ completion rates exceed those of boys by 2 to 3 percentage points in both primary and secondary education.,6_0,5_1,,No Relationship
"In 2022, roughly half the world’s population experienced severe water scarcity for at least part of the year. One quarter faced “extremely high” levels of water stress.",One in five girls still marry before age 18.,6_0,5_2,,No Relationship
"In 2022, roughly half the world’s population experienced severe water scarcity for at least part of the year. One quarter faced “extremely high” levels of water stress.",A staggering 230 million girls and women have been subjected to female genital mutilation.,6_0,5_3,,No Relationship
"In 2022, roughly half the world’s population experienced severe water scarcity for at least part of the year. One quarter faced “extremely high” levels of water stress.",child marriage and female genital mutilation violate the rights of girls and have lifelong consequences.,6_0,5_4,,No Relationship
"Integrated water management boosts resilience to multiple crises, including climate change","The adolescent birth rate for women aged 15–19 years declined to 41.3 births per 1,000 women in 2023, from 47.2 in 2015 and 64.5 in 2000.",6_1,5_0,,No Relationship
"Integrated water management boosts resilience to multiple crises, including climate change",Girls’ completion rates exceed those of boys by 2 to 3 percentage points in both primary and secondary education.,6_1,5_1,,No Relationship
"Integrated water management boosts resilience to multiple crises, including climate change",One in five girls still marry before age 18.,6_1,5_2,,No Relationship
"Integrated water management boosts resilience to multiple crises, including climate change",A staggering 230 million girls and women have been subjected to female genital mutilation.,6_1,5_3,,No Relationship
"Integrated water management boosts resilience to multiple crises, including climate change",child marriage and female genital mutilation violate the rights of girls and have lifelong consequences.,6_1,5_4,,No Relationship
"The adolescent birth rate for women aged 15–19 years declined to 41.3 births per 1,000 women in 2023, from 47.2 in 2015 and 64.5 in 2000.","The annual SDG investment gap in developing countries was estimated at about $4 trillion, with over half, or $2.2 trillion, needed for the energy transition alone.",5_0,7_0,,No Relationship
"The adolescent birth rate for women aged 15–19 years declined to 41.3 births per 1,000 women in 2023, from 47.2 in 2015 and 64.5 in 2000.",The number without clean cooking fuels declined from 2.8 billion to 2.1 billion over the same period.,5_0,7_1,,No Relationship
"The adolescent birth rate for women aged 15–19 years declined to 41.3 births per 1,000 women in 2023, from 47.2 in 2015 and 64.5 in 2000.",Traditional uses of biomass accounted for slightly over a third of total renewable energy consumption.,5_0,7_2,,No Relationship
Girls’ completion rates exceed those of boys by 2 to 3 percentage points in both primary and secondary education.,"The annual SDG investment gap in developing countries was estimated at about $4 trillion, with over half, or $2.2 trillion, needed for the energy transition alone.",5_1,7_0,,No Relationship
Girls’ completion rates exceed those of boys by 2 to 3 percentage points in both primary and secondary education.,The number without clean cooking fuels declined from 2.8 billion to 2.1 billion over the same period.,5_1,7_1,,No Relationship
Girls’ completion rates exceed those of boys by 2 to 3 percentage points in both primary and secondary education.,Traditional uses of biomass accounted for slightly over a third of total renewable energy consumption.,5_1,7_2,,No Relationship
One in five girls still marry before age 18.,"The annual SDG investment gap in developing countries was estimated at about $4 trillion, with over half, or $2.2 trillion, needed for the energy transition alone.",5_2,7_0,,No Relationship
One in five girls still marry before age 18.,The number without clean cooking fuels declined from 2.8 billion to 2.1 billion over the same period.,5_2,7_1,,No Relationship
One in five girls still marry before age 18.,Traditional uses of biomass accounted for slightly over a third of total renewable energy consumption.,5_2,7_2,,No Relationship
A staggering 230 million girls and women have been subjected to female genital mutilation.,"The annual SDG investment gap in developing countries was estimated at about $4 trillion, with over half, or $2.2 trillion, needed for the energy transition alone.",5_3,7_0,,No Relationship
A staggering 230 million girls and women have been subjected to female genital mutilation.,The number without clean cooking fuels declined from 2.8 billion to 2.1 billion over the same period.,5_3,7_1,,No Relationship
A staggering 230 million girls and women have been subjected to female genital mutilation.,Traditional uses of biomass accounted for slightly over a third of total renewable energy consumption.,5_3,7_2,,No Relationship
child marriage and female genital mutilation violate the rights of girls and have lifelong consequences.,"The annual SDG investment gap in developing countries was estimated at about $4 trillion, with over half, or $2.2 trillion, needed for the energy transition alone.",5_4,7_0,,No Relationship
child marriage and female genital mutilation violate the rights of girls and have lifelong consequences.,The number without clean cooking fuels declined from 2.8 billion to 2.1 billion over the same period.,5_4,7_1,,No Relationship
child marriage and female genital mutilation violate the rights of girls and have lifelong consequences.,Traditional uses of biomass accounted for slightly over a third of total renewable energy consumption.,5_4,7_2,,No Relationship
"In a landscape of declining international cooperation and rising geopolitical tensions, strengthened global partnerships and enhanced cooperation are urgently needed to address widening financing gaps, reinforce post-pandemic recovery and promote sustainable development, particularly in the LDCs and other vulnerable countries.","The adolescent birth rate for women aged 15–19 years declined to 41.3 births per 1,000 women in 2023, from 47.2 in 2015 and 64.5 in 2000.",8_0,5_0,,No Relationship
"In a landscape of declining international cooperation and rising geopolitical tensions, strengthened global partnerships and enhanced cooperation are urgently needed to address widening financing gaps, reinforce post-pandemic recovery and promote sustainable development, particularly in the LDCs and other vulnerable countries.",Girls’ completion rates exceed those of boys by 2 to 3 percentage points in both primary and secondary education.,8_0,5_1,,No Relationship
"In a landscape of declining international cooperation and rising geopolitical tensions, strengthened global partnerships and enhanced cooperation are urgently needed to address widening financing gaps, reinforce post-pandemic recovery and promote sustainable development, particularly in the LDCs and other vulnerable countries.",One in five girls still marry before age 18.,8_0,5_2,,No Relationship
"In a landscape of declining international cooperation and rising geopolitical tensions, strengthened global partnerships and enhanced cooperation are urgently needed to address widening financing gaps, reinforce post-pandemic recovery and promote sustainable development, particularly in the LDCs and other vulnerable countries.",A staggering 230 million girls and women have been subjected to female genital mutilation.,8_0,5_3,,No Relationship
"In a landscape of declining international cooperation and rising geopolitical tensions, strengthened global partnerships and enhanced cooperation are urgently needed to address widening financing gaps, reinforce post-pandemic recovery and promote sustainable development, particularly in the LDCs and other vulnerable countries.",child marriage and female genital mutilation violate the rights of girls and have lifelong consequences.,8_0,5_4,,No Relationship
"Despite increasing efforts and commitments to expand social protection programmes, significant coverage gaps left 1.4 billion children uncovered in 2023.","The adolescent birth rate for women aged 15–19 years declined to 41.3 births per 1,000 women in 2023, from 47.2 in 2015 and 64.5 in 2000.",8_1,5_0,,Support
"Despite increasing efforts and commitments to expand social protection programmes, significant coverage gaps left 1.4 billion children uncovered in 2023.",Girls’ completion rates exceed those of boys by 2 to 3 percentage points in both primary and secondary education.,8_1,5_1,,No Relationship
"Despite increasing efforts and commitments to expand social protection programmes, significant coverage gaps left 1.4 billion children uncovered in 2023.",One in five girls still marry before age 18.,8_1,5_2,,No Relationship
"Despite increasing efforts and commitments to expand social protection programmes, significant coverage gaps left 1.4 billion children uncovered in 2023.",A staggering 230 million girls and women have been subjected to female genital mutilation.,8_1,5_3,,No Relationship
"Despite increasing efforts and commitments to expand social protection programmes, significant coverage gaps left 1.4 billion children uncovered in 2023.",child marriage and female genital mutilation violate the rights of girls and have lifelong consequences.,8_1,5_4,,No Relationship
"To achieve Goal 2, significant efforts are needed to mitigate the impacts of climate change, conflict and economic crisis.","The adolescent birth rate for women aged 15–19 years declined to 41.3 births per 1,000 women in 2023, from 47.2 in 2015 and 64.5 in 2000.",8_2,5_0,,No Relationship
"To achieve Goal 2, significant efforts are needed to mitigate the impacts of climate change, conflict and economic crisis.",Girls’ completion rates exceed those of boys by 2 to 3 percentage points in both primary and secondary education.,8_2,5_1,,No Relationship
"To achieve Goal 2, significant efforts are needed to mitigate the impacts of climate change, conflict and economic crisis.",One in five girls still marry before age 18.,8_2,5_2,,No Relationship
"To achieve Goal 2, significant efforts are needed to mitigate the impacts of climate change, conflict and economic crisis.",A staggering 230 million girls and women have been subjected to female genital mutilation.,8_2,5_3,,No Relationship
"To achieve Goal 2, significant efforts are needed to mitigate the impacts of climate change, conflict and economic crisis.",child marriage and female genital mutilation violate the rights of girls and have lifelong consequences.,8_2,5_4,,No Relationship
Global unemployment hit a historic low of 5 per cent in 2023 yet persistent roadblocks remain in achieving decent work. Women and youth face higher unemployment rates.,"The adolescent birth rate for women aged 15–19 years declined to 41.3 births per 1,000 women in 2023, from 47.2 in 2015 and 64.5 in 2000.",8_3,5_0,,Support
Global unemployment hit a historic low of 5 per cent in 2023 yet persistent roadblocks remain in achieving decent work. Women and youth face higher unemployment rates.,Girls’ completion rates exceed those of boys by 2 to 3 percentage points in both primary and secondary education.,8_3,5_1,,No Relationship
Global unemployment hit a historic low of 5 per cent in 2023 yet persistent roadblocks remain in achieving decent work. Women and youth face higher unemployment rates.,One in five girls still marry before age 18.,8_3,5_2,,Support
Global unemployment hit a historic low of 5 per cent in 2023 yet persistent roadblocks remain in achieving decent work. Women and youth face higher unemployment rates.,A staggering 230 million girls and women have been subjected to female genital mutilation.,8_3,5_3,,No Relationship
Global unemployment hit a historic low of 5 per cent in 2023 yet persistent roadblocks remain in achieving decent work. Women and youth face higher unemployment rates.,child marriage and female genital mutilation violate the rights of girls and have lifelong consequences.,8_3,5_4,,No Relationship
"Informal employment poses a significant global challenge, with over 2 billion workers in informal jobs lacking social protection in 2023.","The adolescent birth rate for women aged 15–19 years declined to 41.3 births per 1,000 women in 2023, from 47.2 in 2015 and 64.5 in 2000.",8_4,5_0,,Support
"Informal employment poses a significant global challenge, with over 2 billion workers in informal jobs lacking social protection in 2023.",Girls’ completion rates exceed those of boys by 2 to 3 percentage points in both primary and secondary education.,8_4,5_1,,No Relationship
"Informal employment poses a significant global challenge, with over 2 billion workers in informal jobs lacking social protection in 2023.",One in five girls still marry before age 18.,8_4,5_2,,No Relationship
"Informal employment poses a significant global challenge, with over 2 billion workers in informal jobs lacking social protection in 2023.",A staggering 230 million girls and women have been subjected to female genital mutilation.,8_4,5_3,,No Relationship
"Informal employment poses a significant global challenge, with over 2 billion workers in informal jobs lacking social protection in 2023.",child marriage and female genital mutilation violate the rights of girls and have lifelong consequences.,8_4,5_4,,No Relationship
"More than 2 billion workers globally were in informal employment in 2023, comprising 58.0 per cent of the global workforce, a share projected to slightly decrease to 57.8 per cent in 2024.","The adolescent birth rate for women aged 15–19 years declined to 41.3 births per 1,000 women in 2023, from 47.2 in 2015 and 64.5 in 2000.",8_5,5_0,,Support
"More than 2 billion workers globally were in informal employment in 2023, comprising 58.0 per cent of the global workforce, a share projected to slightly decrease to 57.8 per cent in 2024.",Girls’ completion rates exceed those of boys by 2 to 3 percentage points in both primary and secondary education.,8_5,5_1,,No Relationship
"More than 2 billion workers globally were in informal employment in 2023, comprising 58.0 per cent of the global workforce, a share projected to slightly decrease to 57.8 per cent in 2024.",One in five girls still marry before age 18.,8_5,5_2,,No Relationship
"More than 2 billion workers globally were in informal employment in 2023, comprising 58.0 per cent of the global workforce, a share projected to slightly decrease to 57.8 per cent in 2024.",A staggering 230 million girls and women have been subjected to female genital mutilation.,8_5,5_3,,No Relationship
"More than 2 billion workers globally were in informal employment in 2023, comprising 58.0 per cent of the global workforce, a share projected to slightly decrease to 57.8 per cent in 2024.",child marriage and female genital mutilation violate the rights of girls and have lifelong consequences.,8_5,5_4,,No Relationship
The medium- and high-tech sector maintained its manufacturing value added share at around 46 per cent in 2021.,"The adolescent birth rate for women aged 15–19 years declined to 41.3 births per 1,000 women in 2023, from 47.2 in 2015 and 64.5 in 2000.",8_6,5_0,,No Relationship
The medium- and high-tech sector maintained its manufacturing value added share at around 46 per cent in 2021.,Girls’ completion rates exceed those of boys by 2 to 3 percentage points in both primary and secondary education.,8_6,5_1,,No Relationship
The medium- and high-tech sector maintained its manufacturing value added share at around 46 per cent in 2021.,One in five girls still marry before age 18.,8_6,5_2,,No Relationship
The medium- and high-tech sector maintained its manufacturing value added share at around 46 per cent in 2021.,A staggering 230 million girls and women have been subjected to female genital mutilation.,8_6,5_3,,No Relationship
The medium- and high-tech sector maintained its manufacturing value added share at around 46 per cent in 2021.,child marriage and female genital mutilation violate the rights of girls and have lifelong consequences.,8_6,5_4,,No Relationship
"Inclusive industrial policies are imperative for fostering the growth, competitiveness and resilience of small enterprises.","The adolescent birth rate for women aged 15–19 years declined to 41.3 births per 1,000 women in 2023, from 47.2 in 2015 and 64.5 in 2000.",8_7,5_0,,No Relationship
"Inclusive industrial policies are imperative for fostering the growth, competitiveness and resilience of small enterprises.",Girls’ completion rates exceed those of boys by 2 to 3 percentage points in both primary and secondary education.,8_7,5_1,,No Relationship
"Inclusive industrial policies are imperative for fostering the growth, competitiveness and resilience of small enterprises.",One in five girls still marry before age 18.,8_7,5_2,,No Relationship
"Inclusive industrial policies are imperative for fostering the growth, competitiveness and resilience of small enterprises.",A staggering 230 million girls and women have been subjected to female genital mutilation.,8_7,5_3,,No Relationship
"Inclusive industrial policies are imperative for fostering the growth, competitiveness and resilience of small enterprises.",child marriage and female genital mutilation violate the rights of girls and have lifelong consequences.,8_7,5_4,,No Relationship
"The adolescent birth rate for women aged 15–19 years declined to 41.3 births per 1,000 women in 2023, from 47.2 in 2015 and 64.5 in 2000.","To accelerate progress towards Goal 9, a concerted effort is needed to promote inclusive and sustainable industrialization, foster innovation through increased investment in research and development, prioritize and accelerate the green transition, and facilitate access to information and communications technology.",5_0,9_0,,No Relationship
"The adolescent birth rate for women aged 15–19 years declined to 41.3 births per 1,000 women in 2023, from 47.2 in 2015 and 64.5 in 2000.",Only a small share can obtain it,5_0,9_1,,No Relationship
"The adolescent birth rate for women aged 15–19 years declined to 41.3 births per 1,000 women in 2023, from 47.2 in 2015 and 64.5 in 2000.","Inclusive industrial policies are imperative for fostering the growth, competitiveness and resilience of small enterprises.",5_0,9_2,,No Relationship
Girls’ completion rates exceed those of boys by 2 to 3 percentage points in both primary and secondary education.,"To accelerate progress towards Goal 9, a concerted effort is needed to promote inclusive and sustainable industrialization, foster innovation through increased investment in research and development, prioritize and accelerate the green transition, and facilitate access to information and communications technology.",5_1,9_0,,No Relationship
Girls’ completion rates exceed those of boys by 2 to 3 percentage points in both primary and secondary education.,Only a small share can obtain it,5_1,9_1,,No Relationship
Girls’ completion rates exceed those of boys by 2 to 3 percentage points in both primary and secondary education.,"Inclusive industrial policies are imperative for fostering the growth, competitiveness and resilience of small enterprises.",5_1,9_2,,No Relationship
One in five girls still marry before age 18.,"To accelerate progress towards Goal 9, a concerted effort is needed to promote inclusive and sustainable industrialization, foster innovation through increased investment in research and development, prioritize and accelerate the green transition, and facilitate access to information and communications technology.",5_2,9_0,,No Relationship
One in five girls still marry before age 18.,Only a small share can obtain it,5_2,9_1,,No Relationship
One in five girls still marry before age 18.,"Inclusive industrial policies are imperative for fostering the growth, competitiveness and resilience of small enterprises.",5_2,9_2,,No Relationship
A staggering 230 million girls and women have been subjected to female genital mutilation.,"To accelerate progress towards Goal 9, a concerted effort is needed to promote inclusive and sustainable industrialization, foster innovation through increased investment in research and development, prioritize and accelerate the green transition, and facilitate access to information and communications technology.",5_3,9_0,,No Relationship
A staggering 230 million girls and women have been subjected to female genital mutilation.,Only a small share can obtain it,5_3,9_1,,No Relationship
A staggering 230 million girls and women have been subjected to female genital mutilation.,"Inclusive industrial policies are imperative for fostering the growth, competitiveness and resilience of small enterprises.",5_3,9_2,,No Relationship
child marriage and female genital mutilation violate the rights of girls and have lifelong consequences.,"To accelerate progress towards Goal 9, a concerted effort is needed to promote inclusive and sustainable industrialization, foster innovation through increased investment in research and development, prioritize and accelerate the green transition, and facilitate access to information and communications technology.",5_4,9_0,,No Relationship
child marriage and female genital mutilation violate the rights of girls and have lifelong consequences.,Only a small share can obtain it,5_4,9_1,,No Relationship
child marriage and female genital mutilation violate the rights of girls and have lifelong consequences.,"Inclusive industrial policies are imperative for fostering the growth, competitiveness and resilience of small enterprises.",5_4,9_2,,No Relationship
Developing countries are not fairly represented in international economic decision-making. Strengthening their voice and participation is crucial to ensuring a more inclusive and equitable global economic system.,"The adolescent birth rate for women aged 15–19 years declined to 41.3 births per 1,000 women in 2023, from 47.2 in 2015 and 64.5 in 2000.",10_0,5_0,,No Relationship
Developing countries are not fairly represented in international economic decision-making. Strengthening their voice and participation is crucial to ensuring a more inclusive and equitable global economic system.,Girls’ completion rates exceed those of boys by 2 to 3 percentage points in both primary and secondary education.,10_0,5_1,,No Relationship
Developing countries are not fairly represented in international economic decision-making. Strengthening their voice and participation is crucial to ensuring a more inclusive and equitable global economic system.,One in five girls still marry before age 18.,10_0,5_2,,No Relationship
Developing countries are not fairly represented in international economic decision-making. Strengthening their voice and participation is crucial to ensuring a more inclusive and equitable global economic system.,A staggering 230 million girls and women have been subjected to female genital mutilation.,10_0,5_3,,No Relationship
Developing countries are not fairly represented in international economic decision-making. Strengthening their voice and participation is crucial to ensuring a more inclusive and equitable global economic system.,child marriage and female genital mutilation violate the rights of girls and have lifelong consequences.,10_0,5_4,,No Relationship
In extreme poverty rates have returned to pre-pandemic levels except in low-income countries.,"The adolescent birth rate for women aged 15–19 years declined to 41.3 births per 1,000 women in 2023, from 47.2 in 2015 and 64.5 in 2000.",10_1,5_0,,Support
In extreme poverty rates have returned to pre-pandemic levels except in low-income countries.,Girls’ completion rates exceed those of boys by 2 to 3 percentage points in both primary and secondary education.,10_1,5_1,,No Relationship
In extreme poverty rates have returned to pre-pandemic levels except in low-income countries.,One in five girls still marry before age 18.,10_1,5_2,,No Relationship
In extreme poverty rates have returned to pre-pandemic levels except in low-income countries.,A staggering 230 million girls and women have been subjected to female genital mutilation.,10_1,5_3,,No Relationship
In extreme poverty rates have returned to pre-pandemic levels except in low-income countries.,child marriage and female genital mutilation violate the rights of girls and have lifelong consequences.,10_1,5_4,,No Relationship
"In 95 per cent of countries with available data, the average annual income of small-scale producers is less than half that of larger-scale producers.","The adolescent birth rate for women aged 15–19 years declined to 41.3 births per 1,000 women in 2023, from 47.2 in 2015 and 64.5 in 2000.",10_2,5_0,,No Relationship
"In 95 per cent of countries with available data, the average annual income of small-scale producers is less than half that of larger-scale producers.",Girls’ completion rates exceed those of boys by 2 to 3 percentage points in both primary and secondary education.,10_2,5_1,,No Relationship
"In 95 per cent of countries with available data, the average annual income of small-scale producers is less than half that of larger-scale producers.",One in five girls still marry before age 18.,10_2,5_2,,No Relationship
"In 95 per cent of countries with available data, the average annual income of small-scale producers is less than half that of larger-scale producers.",A staggering 230 million girls and women have been subjected to female genital mutilation.,10_2,5_3,,No Relationship
"In 95 per cent of countries with available data, the average annual income of small-scale producers is less than half that of larger-scale producers.",child marriage and female genital mutilation violate the rights of girls and have lifelong consequences.,10_2,5_4,,No Relationship
"Strong and sustained commitments to changing biased social norms, eliminating harmful practices and abolishing discriminatory laws are urgently needed.","The adolescent birth rate for women aged 15–19 years declined to 41.3 births per 1,000 women in 2023, from 47.2 in 2015 and 64.5 in 2000.",10_3,5_0,,No Relationship
"Strong and sustained commitments to changing biased social norms, eliminating harmful practices and abolishing discriminatory laws are urgently needed.",Girls’ completion rates exceed those of boys by 2 to 3 percentage points in both primary and secondary education.,10_3,5_1,,No Relationship
"Strong and sustained commitments to changing biased social norms, eliminating harmful practices and abolishing discriminatory laws are urgently needed.",One in five girls still marry before age 18.,10_3,5_2,,No Relationship
"Strong and sustained commitments to changing biased social norms, eliminating harmful practices and abolishing discriminatory laws are urgently needed.",A staggering 230 million girls and women have been subjected to female genital mutilation.,10_3,5_3,,No Relationship
"Strong and sustained commitments to changing biased social norms, eliminating harmful practices and abolishing discriminatory laws are urgently needed.",child marriage and female genital mutilation violate the rights of girls and have lifelong consequences.,10_3,5_4,,Support
"Globally, young women are over twice as likely as young men to be NEET.","The adolescent birth rate for women aged 15–19 years declined to 41.3 births per 1,000 women in 2023, from 47.2 in 2015 and 64.5 in 2000.",10_4,5_0,,Support
"Globally, young women are over twice as likely as young men to be NEET.",Girls’ completion rates exceed those of boys by 2 to 3 percentage points in both primary and secondary education.,10_4,5_1,,Rephrase
"Globally, young women are over twice as likely as young men to be NEET.",One in five girls still marry before age 18.,10_4,5_2,,Support
"Globally, young women are over twice as likely as young men to be NEET.",A staggering 230 million girls and women have been subjected to female genital mutilation.,10_4,5_3,,Support
"Globally, young women are over twice as likely as young men to be NEET.",child marriage and female genital mutilation violate the rights of girls and have lifelong consequences.,10_4,5_4,,No Relationship
"The adolescent birth rate for women aged 15–19 years declined to 41.3 births per 1,000 women in 2023, from 47.2 in 2015 and 64.5 in 2000.","While air pollution levels have declined in most regions, they are still significantly higher than the recommended air quality guidelines for public health protection.",5_0,11_0,,No Relationship
"The adolescent birth rate for women aged 15–19 years declined to 41.3 births per 1,000 women in 2023, from 47.2 in 2015 and 64.5 in 2000.","Only 6 in 10 urban residents have convenient access to public transit, based on data collected in 2023 from 2,039 cities in 188 countries.",5_0,11_1,,Support
Girls’ completion rates exceed those of boys by 2 to 3 percentage points in both primary and secondary education.,"While air pollution levels have declined in most regions, they are still significantly higher than the recommended air quality guidelines for public health protection.",5_1,11_0,,No Relationship
Girls’ completion rates exceed those of boys by 2 to 3 percentage points in both primary and secondary education.,"Only 6 in 10 urban residents have convenient access to public transit, based on data collected in 2023 from 2,039 cities in 188 countries.",5_1,11_1,,No Relationship
One in five girls still marry before age 18.,"While air pollution levels have declined in most regions, they are still significantly higher than the recommended air quality guidelines for public health protection.",5_2,11_0,,No Relationship
One in five girls still marry before age 18.,"Only 6 in 10 urban residents have convenient access to public transit, based on data collected in 2023 from 2,039 cities in 188 countries.",5_2,11_1,,No Relationship
A staggering 230 million girls and women have been subjected to female genital mutilation.,"While air pollution levels have declined in most regions, they are still significantly higher than the recommended air quality guidelines for public health protection.",5_3,11_0,,No Relationship
A staggering 230 million girls and women have been subjected to female genital mutilation.,"Only 6 in 10 urban residents have convenient access to public transit, based on data collected in 2023 from 2,039 cities in 188 countries.",5_3,11_1,,No Relationship
child marriage and female genital mutilation violate the rights of girls and have lifelong consequences.,"While air pollution levels have declined in most regions, they are still significantly higher than the recommended air quality guidelines for public health protection.",5_4,11_0,,No Relationship
child marriage and female genital mutilation violate the rights of girls and have lifelong consequences.,"Only 6 in 10 urban residents have convenient access to public transit, based on data collected in 2023 from 2,039 cities in 188 countries.",5_4,11_1,,No Relationship
High rates of consumption and insufficient reuse or recycling are producing vast piles of e-waste,"The adolescent birth rate for women aged 15–19 years declined to 41.3 births per 1,000 women in 2023, from 47.2 in 2015 and 64.5 in 2000.",12_0,5_0,,No Relationship
High rates of consumption and insufficient reuse or recycling are producing vast piles of e-waste,Girls’ completion rates exceed those of boys by 2 to 3 percentage points in both primary and secondary education.,12_0,5_1,,No Relationship
High rates of consumption and insufficient reuse or recycling are producing vast piles of e-waste,One in five girls still marry before age 18.,12_0,5_2,,No Relationship
High rates of consumption and insufficient reuse or recycling are producing vast piles of e-waste,A staggering 230 million girls and women have been subjected to female genital mutilation.,12_0,5_3,,No Relationship
High rates of consumption and insufficient reuse or recycling are producing vast piles of e-waste,child marriage and female genital mutilation violate the rights of girls and have lifelong consequences.,12_0,5_4,,No Relationship
"The adolescent birth rate for women aged 15–19 years declined to 41.3 births per 1,000 women in 2023, from 47.2 in 2015 and 64.5 in 2000.","Fossil fuel subsidies reached a record high of $1.53 trillion in 2022, driven by rising energy prices post-pandemic and the impact of the Russian Federation’s invasion of Ukraine, which disrupted global energy markets.",5_0,13_0,,No Relationship
"The adolescent birth rate for women aged 15–19 years declined to 41.3 births per 1,000 women in 2023, from 47.2 in 2015 and 64.5 in 2000.","To accelerate progress towards Goal 9, a concerted effort is needed to promote inclusive and sustainable industrialization, foster innovation through increased investment in research and development, prioritize and accelerate the green transition, and facilitate access to information and communications technology.",5_0,13_1,,No Relationship
Girls’ completion rates exceed those of boys by 2 to 3 percentage points in both primary and secondary education.,"Fossil fuel subsidies reached a record high of $1.53 trillion in 2022, driven by rising energy prices post-pandemic and the impact of the Russian Federation’s invasion of Ukraine, which disrupted global energy markets.",5_1,13_0,,No Relationship
Girls’ completion rates exceed those of boys by 2 to 3 percentage points in both primary and secondary education.,"To accelerate progress towards Goal 9, a concerted effort is needed to promote inclusive and sustainable industrialization, foster innovation through increased investment in research and development, prioritize and accelerate the green transition, and facilitate access to information and communications technology.",5_1,13_1,,No Relationship
One in five girls still marry before age 18.,"Fossil fuel subsidies reached a record high of $1.53 trillion in 2022, driven by rising energy prices post-pandemic and the impact of the Russian Federation’s invasion of Ukraine, which disrupted global energy markets.",5_2,13_0,,No Relationship
One in five girls still marry before age 18.,"To accelerate progress towards Goal 9, a concerted effort is needed to promote inclusive and sustainable industrialization, foster innovation through increased investment in research and development, prioritize and accelerate the green transition, and facilitate access to information and communications technology.",5_2,13_1,,No Relationship
A staggering 230 million girls and women have been subjected to female genital mutilation.,"Fossil fuel subsidies reached a record high of $1.53 trillion in 2022, driven by rising energy prices post-pandemic and the impact of the Russian Federation’s invasion of Ukraine, which disrupted global energy markets.",5_3,13_0,,No Relationship
A staggering 230 million girls and women have been subjected to female genital mutilation.,"To accelerate progress towards Goal 9, a concerted effort is needed to promote inclusive and sustainable industrialization, foster innovation through increased investment in research and development, prioritize and accelerate the green transition, and facilitate access to information and communications technology.",5_3,13_1,,No Relationship
child marriage and female genital mutilation violate the rights of girls and have lifelong consequences.,"Fossil fuel subsidies reached a record high of $1.53 trillion in 2022, driven by rising energy prices post-pandemic and the impact of the Russian Federation’s invasion of Ukraine, which disrupted global energy markets.",5_4,13_0,,No Relationship
child marriage and female genital mutilation violate the rights of girls and have lifelong consequences.,"To accelerate progress towards Goal 9, a concerted effort is needed to promote inclusive and sustainable industrialization, foster innovation through increased investment in research and development, prioritize and accelerate the green transition, and facilitate access to information and communications technology.",5_4,13_1,,No Relationship
"The sustainability of global fishery resources declined from 90.0 per cent in 1974 to 64.6 per cent in 2019 and further to 62.3 per cent in 2021, due to overfishing, pollution, poor management and other factors.","The adolescent birth rate for women aged 15–19 years declined to 41.3 births per 1,000 women in 2023, from 47.2 in 2015 and 64.5 in 2000.",14_0,5_0,,Support
"The sustainability of global fishery resources declined from 90.0 per cent in 1974 to 64.6 per cent in 2019 and further to 62.3 per cent in 2021, due to overfishing, pollution, poor management and other factors.",Girls’ completion rates exceed those of boys by 2 to 3 percentage points in both primary and secondary education.,14_0,5_1,,No Relationship
"The sustainability of global fishery resources declined from 90.0 per cent in 1974 to 64.6 per cent in 2019 and further to 62.3 per cent in 2021, due to overfishing, pollution, poor management and other factors.",One in five girls still marry before age 18.,14_0,5_2,,No Relationship
"The sustainability of global fishery resources declined from 90.0 per cent in 1974 to 64.6 per cent in 2019 and further to 62.3 per cent in 2021, due to overfishing, pollution, poor management and other factors.",A staggering 230 million girls and women have been subjected to female genital mutilation.,14_0,5_3,,No Relationship
"The sustainability of global fishery resources declined from 90.0 per cent in 1974 to 64.6 per cent in 2019 and further to 62.3 per cent in 2021, due to overfishing, pollution, poor management and other factors.",child marriage and female genital mutilation violate the rights of girls and have lifelong consequences.,14_0,5_4,,No Relationship
"The adolescent birth rate for women aged 15–19 years declined to 41.3 births per 1,000 women in 2023, from 47.2 in 2015 and 64.5 in 2000.","Illegal wildlife trade persists worldwide despite two decades of concerted action at international and national levels and poses a significant threat to global biodiversity, endangering a wide range of terrestrial and marine species.",5_0,15_0,,No Relationship
Girls’ completion rates exceed those of boys by 2 to 3 percentage points in both primary and secondary education.,"Illegal wildlife trade persists worldwide despite two decades of concerted action at international and national levels and poses a significant threat to global biodiversity, endangering a wide range of terrestrial and marine species.",5_1,15_0,,No Relationship
One in five girls still marry before age 18.,"Illegal wildlife trade persists worldwide despite two decades of concerted action at international and national levels and poses a significant threat to global biodiversity, endangering a wide range of terrestrial and marine species.",5_2,15_0,,No Relationship
A staggering 230 million girls and women have been subjected to female genital mutilation.,"Illegal wildlife trade persists worldwide despite two decades of concerted action at international and national levels and poses a significant threat to global biodiversity, endangering a wide range of terrestrial and marine species.",5_3,15_0,,No Relationship
child marriage and female genital mutilation violate the rights of girls and have lifelong consequences.,"Illegal wildlife trade persists worldwide despite two decades of concerted action at international and national levels and poses a significant threat to global biodiversity, endangering a wide range of terrestrial and marine species.",5_4,15_0,,No Relationship
"The number of refugees has increased year-on-year for more than a decade and doubled in less than seven years, outpacing durable solutions.","The adolescent birth rate for women aged 15–19 years declined to 41.3 births per 1,000 women in 2023, from 47.2 in 2015 and 64.5 in 2000.",16_0,5_0,,No Relationship
"The number of refugees has increased year-on-year for more than a decade and doubled in less than seven years, outpacing durable solutions.",Girls’ completion rates exceed those of boys by 2 to 3 percentage points in both primary and secondary education.,16_0,5_1,,No Relationship
"The number of refugees has increased year-on-year for more than a decade and doubled in less than seven years, outpacing durable solutions.",One in five girls still marry before age 18.,16_0,5_2,,No Relationship
"The number of refugees has increased year-on-year for more than a decade and doubled in less than seven years, outpacing durable solutions.",A staggering 230 million girls and women have been subjected to female genital mutilation.,16_0,5_3,,No Relationship
"The number of refugees has increased year-on-year for more than a decade and doubled in less than seven years, outpacing durable solutions.",child marriage and female genital mutilation violate the rights of girls and have lifelong consequences.,16_0,5_4,,No Relationship
"The annual SDG investment gap in developing countries was estimated at about $4 trillion, with over half, or $2.2 trillion, needed for the energy transition alone.","In 2022, roughly half the world’s population experienced severe water scarcity for at least part of the year. One quarter faced “extremely high” levels of water stress.",7_0,6_0,,Support
"The annual SDG investment gap in developing countries was estimated at about $4 trillion, with over half, or $2.2 trillion, needed for the energy transition alone.","Integrated water management boosts resilience to multiple crises, including climate change",7_0,6_1,,No Relationship
The number without clean cooking fuels declined from 2.8 billion to 2.1 billion over the same period.,"In 2022, roughly half the world’s population experienced severe water scarcity for at least part of the year. One quarter faced “extremely high” levels of water stress.",7_1,6_0,,No Relationship
The number without clean cooking fuels declined from 2.8 billion to 2.1 billion over the same period.,"Integrated water management boosts resilience to multiple crises, including climate change",7_1,6_1,,No Relationship
Traditional uses of biomass accounted for slightly over a third of total renewable energy consumption.,"In 2022, roughly half the world’s population experienced severe water scarcity for at least part of the year. One quarter faced “extremely high” levels of water stress.",7_2,6_0,,No Relationship
Traditional uses of biomass accounted for slightly over a third of total renewable energy consumption.,"Integrated water management boosts resilience to multiple crises, including climate change",7_2,6_1,,No Relationship
"In 2022, roughly half the world’s population experienced severe water scarcity for at least part of the year. One quarter faced “extremely high” levels of water stress.","In a landscape of declining international cooperation and rising geopolitical tensions, strengthened global partnerships and enhanced cooperation are urgently needed to address widening financing gaps, reinforce post-pandemic recovery and promote sustainable development, particularly in the LDCs and other vulnerable countries.",6_0,8_0,,Support
"In 2022, roughly half the world’s population experienced severe water scarcity for at least part of the year. One quarter faced “extremely high” levels of water stress.","Despite increasing efforts and commitments to expand social protection programmes, significant coverage gaps left 1.4 billion children uncovered in 2023.",6_0,8_1,,Support
"In 2022, roughly half the world’s population experienced severe water scarcity for at least part of the year. One quarter faced “extremely high” levels of water stress.","To achieve Goal 2, significant efforts are needed to mitigate the impacts of climate change, conflict and economic crisis.",6_0,8_2,,Support
"In 2022, roughly half the world’s population experienced severe water scarcity for at least part of the year. One quarter faced “extremely high” levels of water stress.",Global unemployment hit a historic low of 5 per cent in 2023 yet persistent roadblocks remain in achieving decent work. Women and youth face higher unemployment rates.,6_0,8_3,,Support
"In 2022, roughly half the world’s population experienced severe water scarcity for at least part of the year. One quarter faced “extremely high” levels of water stress.","Informal employment poses a significant global challenge, with over 2 billion workers in informal jobs lacking social protection in 2023.",6_0,8_4,,Support
"In 2022, roughly half the world’s population experienced severe water scarcity for at least part of the year. One quarter faced “extremely high” levels of water stress.","More than 2 billion workers globally were in informal employment in 2023, comprising 58.0 per cent of the global workforce, a share projected to slightly decrease to 57.8 per cent in 2024.",6_0,8_5,,Support
"In 2022, roughly half the world’s population experienced severe water scarcity for at least part of the year. One quarter faced “extremely high” levels of water stress.",The medium- and high-tech sector maintained its manufacturing value added share at around 46 per cent in 2021.,6_0,8_6,,No Relationship
"In 2022, roughly half the world’s population experienced severe water scarcity for at least part of the year. One quarter faced “extremely high” levels of water stress.","Inclusive industrial policies are imperative for fostering the growth, competitiveness and resilience of small enterprises.",6_0,8_7,,No Relationship
"Integrated water management boosts resilience to multiple crises, including climate change","In a landscape of declining international cooperation and rising geopolitical tensions, strengthened global partnerships and enhanced cooperation are urgently needed to address widening financing gaps, reinforce post-pandemic recovery and promote sustainable development, particularly in the LDCs and other vulnerable countries.",6_1,8_0,,No Relationship
"Integrated water management boosts resilience to multiple crises, including climate change","Despite increasing efforts and commitments to expand social protection programmes, significant coverage gaps left 1.4 billion children uncovered in 2023.",6_1,8_1,,No Relationship
"Integrated water management boosts resilience to multiple crises, including climate change","To achieve Goal 2, significant efforts are needed to mitigate the impacts of climate change, conflict and economic crisis.",6_1,8_2,,Support
"Integrated water management boosts resilience to multiple crises, including climate change",Global unemployment hit a historic low of 5 per cent in 2023 yet persistent roadblocks remain in achieving decent work. Women and youth face higher unemployment rates.,6_1,8_3,,No Relationship
"Integrated water management boosts resilience to multiple crises, including climate change","Informal employment poses a significant global challenge, with over 2 billion workers in informal jobs lacking social protection in 2023.",6_1,8_4,,No Relationship
"Integrated water management boosts resilience to multiple crises, including climate change","More than 2 billion workers globally were in informal employment in 2023, comprising 58.0 per cent of the global workforce, a share projected to slightly decrease to 57.8 per cent in 2024.",6_1,8_5,,No Relationship
"Integrated water management boosts resilience to multiple crises, including climate change",The medium- and high-tech sector maintained its manufacturing value added share at around 46 per cent in 2021.,6_1,8_6,,No Relationship
"Integrated water management boosts resilience to multiple crises, including climate change","Inclusive industrial policies are imperative for fostering the growth, competitiveness and resilience of small enterprises.",6_1,8_7,,No Relationship
"To accelerate progress towards Goal 9, a concerted effort is needed to promote inclusive and sustainable industrialization, foster innovation through increased investment in research and development, prioritize and accelerate the green transition, and facilitate access to information and communications technology.","In 2022, roughly half the world’s population experienced severe water scarcity for at least part of the year. One quarter faced “extremely high” levels of water stress.",9_0,6_0,,No Relationship
"To accelerate progress towards Goal 9, a concerted effort is needed to promote inclusive and sustainable industrialization, foster innovation through increased investment in research and development, prioritize and accelerate the green transition, and facilitate access to information and communications technology.","Integrated water management boosts resilience to multiple crises, including climate change",9_0,6_1,,No Relationship
Only a small share can obtain it,"In 2022, roughly half the world’s population experienced severe water scarcity for at least part of the year. One quarter faced “extremely high” levels of water stress.",9_1,6_0,,No Relationship
Only a small share can obtain it,"Integrated water management boosts resilience to multiple crises, including climate change",9_1,6_1,,No Relationship
"Inclusive industrial policies are imperative for fostering the growth, competitiveness and resilience of small enterprises.","In 2022, roughly half the world’s population experienced severe water scarcity for at least part of the year. One quarter faced “extremely high” levels of water stress.",9_2,6_0,,No Relationship
"Inclusive industrial policies are imperative for fostering the growth, competitiveness and resilience of small enterprises.","Integrated water management boosts resilience to multiple crises, including climate change",9_2,6_1,,No Relationship
"In 2022, roughly half the world’s population experienced severe water scarcity for at least part of the year. One quarter faced “extremely high” levels of water stress.",Developing countries are not fairly represented in international economic decision-making. Strengthening their voice and participation is crucial to ensuring a more inclusive and equitable global economic system.,6_0,10_0,,Support
"In 2022, roughly half the world’s population experienced severe water scarcity for at least part of the year. One quarter faced “extremely high” levels of water stress.",In extreme poverty rates have returned to pre-pandemic levels except in low-income countries.,6_0,10_1,,Support
"In 2022, roughly half the world’s population experienced severe water scarcity for at least part of the year. One quarter faced “extremely high” levels of water stress.","In 95 per cent of countries with available data, the average annual income of small-scale producers is less than half that of larger-scale producers.",6_0,10_2,,Support
"In 2022, roughly half the world’s population experienced severe water scarcity for at least part of the year. One quarter faced “extremely high” levels of water stress.","Strong and sustained commitments to changing biased social norms, eliminating harmful practices and abolishing discriminatory laws are urgently needed.",6_0,10_3,,No Relationship
"In 2022, roughly half the world’s population experienced severe water scarcity for at least part of the year. One quarter faced “extremely high” levels of water stress.","Globally, young women are over twice as likely as young men to be NEET.",6_0,10_4,,No Relationship
"Integrated water management boosts resilience to multiple crises, including climate change",Developing countries are not fairly represented in international economic decision-making. Strengthening their voice and participation is crucial to ensuring a more inclusive and equitable global economic system.,6_1,10_0,,No Relationship
"Integrated water management boosts resilience to multiple crises, including climate change",In extreme poverty rates have returned to pre-pandemic levels except in low-income countries.,6_1,10_1,,No Relationship
"Integrated water management boosts resilience to multiple crises, including climate change","In 95 per cent of countries with available data, the average annual income of small-scale producers is less than half that of larger-scale producers.",6_1,10_2,,No Relationship
"Integrated water management boosts resilience to multiple crises, including climate change","Strong and sustained commitments to changing biased social norms, eliminating harmful practices and abolishing discriminatory laws are urgently needed.",6_1,10_3,,No Relationship
"Integrated water management boosts resilience to multiple crises, including climate change","Globally, young women are over twice as likely as young men to be NEET.",6_1,10_4,,No Relationship
"While air pollution levels have declined in most regions, they are still significantly higher than the recommended air quality guidelines for public health protection.","In 2022, roughly half the world’s population experienced severe water scarcity for at least part of the year. One quarter faced “extremely high” levels of water stress.",11_0,6_0,,No Relationship
"While air pollution levels have declined in most regions, they are still significantly higher than the recommended air quality guidelines for public health protection.","Integrated water management boosts resilience to multiple crises, including climate change",11_0,6_1,,No Relationship
"Only 6 in 10 urban residents have convenient access to public transit, based on data collected in 2023 from 2,039 cities in 188 countries.","In 2022, roughly half the world’s population experienced severe water scarcity for at least part of the year. One quarter faced “extremely high” levels of water stress.",11_1,6_0,,Support
"Only 6 in 10 urban residents have convenient access to public transit, based on data collected in 2023 from 2,039 cities in 188 countries.","Integrated water management boosts resilience to multiple crises, including climate change",11_1,6_1,,No Relationship
"In 2022, roughly half the world’s population experienced severe water scarcity for at least part of the year. One quarter faced “extremely high” levels of water stress.",High rates of consumption and insufficient reuse or recycling are producing vast piles of e-waste,6_0,12_0,,No Relationship
"Integrated water management boosts resilience to multiple crises, including climate change",High rates of consumption and insufficient reuse or recycling are producing vast piles of e-waste,6_1,12_0,,No Relationship
"Fossil fuel subsidies reached a record high of $1.53 trillion in 2022, driven by rising energy prices post-pandemic and the impact of the Russian Federation’s invasion of Ukraine, which disrupted global energy markets.","In 2022, roughly half the world’s population experienced severe water scarcity for at least part of the year. One quarter faced “extremely high” levels of water stress.",13_0,6_0,,Support
"Fossil fuel subsidies reached a record high of $1.53 trillion in 2022, driven by rising energy prices post-pandemic and the impact of the Russian Federation’s invasion of Ukraine, which disrupted global energy markets.","Integrated water management boosts resilience to multiple crises, including climate change",13_0,6_1,,No Relationship
"To accelerate progress towards Goal 9, a concerted effort is needed to promote inclusive and sustainable industrialization, foster innovation through increased investment in research and development, prioritize and accelerate the green transition, and facilitate access to information and communications technology.","In 2022, roughly half the world’s population experienced severe water scarcity for at least part of the year. One quarter faced “extremely high” levels of water stress.",13_1,6_0,,No Relationship
"To accelerate progress towards Goal 9, a concerted effort is needed to promote inclusive and sustainable industrialization, foster innovation through increased investment in research and development, prioritize and accelerate the green transition, and facilitate access to information and communications technology.","Integrated water management boosts resilience to multiple crises, including climate change",13_1,6_1,,No Relationship
"In 2022, roughly half the world’s population experienced severe water scarcity for at least part of the year. One quarter faced “extremely high” levels of water stress.","The sustainability of global fishery resources declined from 90.0 per cent in 1974 to 64.6 per cent in 2019 and further to 62.3 per cent in 2021, due to overfishing, pollution, poor management and other factors.",6_0,14_0,,Rephrase
"Integrated water management boosts resilience to multiple crises, including climate change","The sustainability of global fishery resources declined from 90.0 per cent in 1974 to 64.6 per cent in 2019 and further to 62.3 per cent in 2021, due to overfishing, pollution, poor management and other factors.",6_1,14_0,,Attack
"Illegal wildlife trade persists worldwide despite two decades of concerted action at international and national levels and poses a significant threat to global biodiversity, endangering a wide range of terrestrial and marine species.","In 2022, roughly half the world’s population experienced severe water scarcity for at least part of the year. One quarter faced “extremely high” levels of water stress.",15_0,6_0,,No Relationship
"Illegal wildlife trade persists worldwide despite two decades of concerted action at international and national levels and poses a significant threat to global biodiversity, endangering a wide range of terrestrial and marine species.","Integrated water management boosts resilience to multiple crises, including climate change",15_0,6_1,,No Relationship
"In 2022, roughly half the world’s population experienced severe water scarcity for at least part of the year. One quarter faced “extremely high” levels of water stress.","The number of refugees has increased year-on-year for more than a decade and doubled in less than seven years, outpacing durable solutions.",6_0,16_0,,No Relationship
"Integrated water management boosts resilience to multiple crises, including climate change","The number of refugees has increased year-on-year for more than a decade and doubled in less than seven years, outpacing durable solutions.",6_1,16_0,,No Relationship
"In a landscape of declining international cooperation and rising geopolitical tensions, strengthened global partnerships and enhanced cooperation are urgently needed to address widening financing gaps, reinforce post-pandemic recovery and promote sustainable development, particularly in the LDCs and other vulnerable countries.","The annual SDG investment gap in developing countries was estimated at about $4 trillion, with over half, or $2.2 trillion, needed for the energy transition alone.",8_0,7_0,,Support
"In a landscape of declining international cooperation and rising geopolitical tensions, strengthened global partnerships and enhanced cooperation are urgently needed to address widening financing gaps, reinforce post-pandemic recovery and promote sustainable development, particularly in the LDCs and other vulnerable countries.",The number without clean cooking fuels declined from 2.8 billion to 2.1 billion over the same period.,8_0,7_1,,No Relationship
"In a landscape of declining international cooperation and rising geopolitical tensions, strengthened global partnerships and enhanced cooperation are urgently needed to address widening financing gaps, reinforce post-pandemic recovery and promote sustainable development, particularly in the LDCs and other vulnerable countries.",Traditional uses of biomass accounted for slightly over a third of total renewable energy consumption.,8_0,7_2,,No Relationship
"Despite increasing efforts and commitments to expand social protection programmes, significant coverage gaps left 1.4 billion children uncovered in 2023.","The annual SDG investment gap in developing countries was estimated at about $4 trillion, with over half, or $2.2 trillion, needed for the energy transition alone.",8_1,7_0,,Support
"Despite increasing efforts and commitments to expand social protection programmes, significant coverage gaps left 1.4 billion children uncovered in 2023.",The number without clean cooking fuels declined from 2.8 billion to 2.1 billion over the same period.,8_1,7_1,,Attack
"Despite increasing efforts and commitments to expand social protection programmes, significant coverage gaps left 1.4 billion children uncovered in 2023.",Traditional uses of biomass accounted for slightly over a third of total renewable energy consumption.,8_1,7_2,,No Relationship
"To achieve Goal 2, significant efforts are needed to mitigate the impacts of climate change, conflict and economic crisis.","The annual SDG investment gap in developing countries was estimated at about $4 trillion, with over half, or $2.2 trillion, needed for the energy transition alone.",8_2,7_0,,Support
"To achieve Goal 2, significant efforts are needed to mitigate the impacts of climate change, conflict and economic crisis.",The number without clean cooking fuels declined from 2.8 billion to 2.1 billion over the same period.,8_2,7_1,,No Relationship
"To achieve Goal 2, significant efforts are needed to mitigate the impacts of climate change, conflict and economic crisis.",Traditional uses of biomass accounted for slightly over a third of total renewable energy consumption.,8_2,7_2,,No Relationship
Global unemployment hit a historic low of 5 per cent in 2023 yet persistent roadblocks remain in achieving decent work. Women and youth face higher unemployment rates.,"The annual SDG investment gap in developing countries was estimated at about $4 trillion, with over half, or $2.2 trillion, needed for the energy transition alone.",8_3,7_0,,Support
Global unemployment hit a historic low of 5 per cent in 2023 yet persistent roadblocks remain in achieving decent work. Women and youth face higher unemployment rates.,The number without clean cooking fuels declined from 2.8 billion to 2.1 billion over the same period.,8_3,7_1,,No Relationship
Global unemployment hit a historic low of 5 per cent in 2023 yet persistent roadblocks remain in achieving decent work. Women and youth face higher unemployment rates.,Traditional uses of biomass accounted for slightly over a third of total renewable energy consumption.,8_3,7_2,,No Relationship
"Informal employment poses a significant global challenge, with over 2 billion workers in informal jobs lacking social protection in 2023.","The annual SDG investment gap in developing countries was estimated at about $4 trillion, with over half, or $2.2 trillion, needed for the energy transition alone.",8_4,7_0,,No Relationship
"Informal employment poses a significant global challenge, with over 2 billion workers in informal jobs lacking social protection in 2023.",The number without clean cooking fuels declined from 2.8 billion to 2.1 billion over the same period.,8_4,7_1,,Attack
"Informal employment poses a significant global challenge, with over 2 billion workers in informal jobs lacking social protection in 2023.",Traditional uses of biomass accounted for slightly over a third of total renewable energy consumption.,8_4,7_2,,No Relationship
"More than 2 billion workers globally were in informal employment in 2023, comprising 58.0 per cent of the global workforce, a share projected to slightly decrease to 57.8 per cent in 2024.","The annual SDG investment gap in developing countries was estimated at about $4 trillion, with over half, or $2.2 trillion, needed for the energy transition alone.",8_5,7_0,,No Relationship
"More than 2 billion workers globally were in informal employment in 2023, comprising 58.0 per cent of the global workforce, a share projected to slightly decrease to 57.8 per cent in 2024.",The number without clean cooking fuels declined from 2.8 billion to 2.1 billion over the same period.,8_5,7_1,,Support
"More than 2 billion workers globally were in informal employment in 2023, comprising 58.0 per cent of the global workforce, a share projected to slightly decrease to 57.8 per cent in 2024.",Traditional uses of biomass accounted for slightly over a third of total renewable energy consumption.,8_5,7_2,,No Relationship
The medium- and high-tech sector maintained its manufacturing value added share at around 46 per cent in 2021.,"The annual SDG investment gap in developing countries was estimated at about $4 trillion, with over half, or $2.2 trillion, needed for the energy transition alone.",8_6,7_0,,No Relationship
The medium- and high-tech sector maintained its manufacturing value added share at around 46 per cent in 2021.,The number without clean cooking fuels declined from 2.8 billion to 2.1 billion over the same period.,8_6,7_1,,No Relationship
The medium- and high-tech sector maintained its manufacturing value added share at around 46 per cent in 2021.,Traditional uses of biomass accounted for slightly over a third of total renewable energy consumption.,8_6,7_2,,No Relationship
"Inclusive industrial policies are imperative for fostering the growth, competitiveness and resilience of small enterprises.","The annual SDG investment gap in developing countries was estimated at about $4 trillion, with over half, or $2.2 trillion, needed for the energy transition alone.",8_7,7_0,,No Relationship
"Inclusive industrial policies are imperative for fostering the growth, competitiveness and resilience of small enterprises.",The number without clean cooking fuels declined from 2.8 billion to 2.1 billion over the same period.,8_7,7_1,,No Relationship
"Inclusive industrial policies are imperative for fostering the growth, competitiveness and resilience of small enterprises.",Traditional uses of biomass accounted for slightly over a third of total renewable energy consumption.,8_7,7_2,,No Relationship
"The annual SDG investment gap in developing countries was estimated at about $4 trillion, with over half, or $2.2 trillion, needed for the energy transition alone.","To accelerate progress towards Goal 9, a concerted effort is needed to promote inclusive and sustainable industrialization, foster innovation through increased investment in research and development, prioritize and accelerate the green transition, and facilitate access to information and communications technology.",7_0,9_0,,Support
"The annual SDG investment gap in developing countries was estimated at about $4 trillion, with over half, or $2.2 trillion, needed for the energy transition alone.",Only a small share can obtain it,7_0,9_1,,No Relationship
"The annual SDG investment gap in developing countries was estimated at about $4 trillion, with over half, or $2.2 trillion, needed for the energy transition alone.","Inclusive industrial policies are imperative for fostering the growth, competitiveness and resilience of small enterprises.",7_0,9_2,,No Relationship
The number without clean cooking fuels declined from 2.8 billion to 2.1 billion over the same period.,"To accelerate progress towards Goal 9, a concerted effort is needed to promote inclusive and sustainable industrialization, foster innovation through increased investment in research and development, prioritize and accelerate the green transition, and facilitate access to information and communications technology.",7_1,9_0,,No Relationship
The number without clean cooking fuels declined from 2.8 billion to 2.1 billion over the same period.,Only a small share can obtain it,7_1,9_1,,No Relationship
The number without clean cooking fuels declined from 2.8 billion to 2.1 billion over the same period.,"Inclusive industrial policies are imperative for fostering the growth, competitiveness and resilience of small enterprises.",7_1,9_2,,No Relationship
Traditional uses of biomass accounted for slightly over a third of total renewable energy consumption.,"To accelerate progress towards Goal 9, a concerted effort is needed to promote inclusive and sustainable industrialization, foster innovation through increased investment in research and development, prioritize and accelerate the green transition, and facilitate access to information and communications technology.",7_2,9_0,,No Relationship
Traditional uses of biomass accounted for slightly over a third of total renewable energy consumption.,Only a small share can obtain it,7_2,9_1,,No Relationship
Traditional uses of biomass accounted for slightly over a third of total renewable energy consumption.,"Inclusive industrial policies are imperative for fostering the growth, competitiveness and resilience of small enterprises.",7_2,9_2,,No Relationship
Developing countries are not fairly represented in international economic decision-making. Strengthening their voice and participation is crucial to ensuring a more inclusive and equitable global economic system.,"The annual SDG investment gap in developing countries was estimated at about $4 trillion, with over half, or $2.2 trillion, needed for the energy transition alone.",10_0,7_0,,Support
Developing countries are not fairly represented in international economic decision-making. Strengthening their voice and participation is crucial to ensuring a more inclusive and equitable global economic system.,The number without clean cooking fuels declined from 2.8 billion to 2.1 billion over the same period.,10_0,7_1,,No Relationship
Developing countries are not fairly represented in international economic decision-making. Strengthening their voice and participation is crucial to ensuring a more inclusive and equitable global economic system.,Traditional uses of biomass accounted for slightly over a third of total renewable energy consumption.,10_0,7_2,,No Relationship
In extreme poverty rates have returned to pre-pandemic levels except in low-income countries.,"The annual SDG investment gap in developing countries was estimated at about $4 trillion, with over half, or $2.2 trillion, needed for the energy transition alone.",10_1,7_0,,Support
In extreme poverty rates have returned to pre-pandemic levels except in low-income countries.,The number without clean cooking fuels declined from 2.8 billion to 2.1 billion over the same period.,10_1,7_1,,Support
In extreme poverty rates have returned to pre-pandemic levels except in low-income countries.,Traditional uses of biomass accounted for slightly over a third of total renewable energy consumption.,10_1,7_2,,No Relationship
"In 95 per cent of countries with available data, the average annual income of small-scale producers is less than half that of larger-scale producers.","The annual SDG investment gap in developing countries was estimated at about $4 trillion, with over half, or $2.2 trillion, needed for the energy transition alone.",10_2,7_0,,Support
"In 95 per cent of countries with available data, the average annual income of small-scale producers is less than half that of larger-scale producers.",The number without clean cooking fuels declined from 2.8 billion to 2.1 billion over the same period.,10_2,7_1,,No Relationship
"In 95 per cent of countries with available data, the average annual income of small-scale producers is less than half that of larger-scale producers.",Traditional uses of biomass accounted for slightly over a third of total renewable energy consumption.,10_2,7_2,,No Relationship
"Strong and sustained commitments to changing biased social norms, eliminating harmful practices and abolishing discriminatory laws are urgently needed.","The annual SDG investment gap in developing countries was estimated at about $4 trillion, with over half, or $2.2 trillion, needed for the energy transition alone.",10_3,7_0,,No Relationship
"Strong and sustained commitments to changing biased social norms, eliminating harmful practices and abolishing discriminatory laws are urgently needed.",The number without clean cooking fuels declined from 2.8 billion to 2.1 billion over the same period.,10_3,7_1,,No Relationship
"Strong and sustained commitments to changing biased social norms, eliminating harmful practices and abolishing discriminatory laws are urgently needed.",Traditional uses of biomass accounted for slightly over a third of total renewable energy consumption.,10_3,7_2,,No Relationship
"Globally, young women are over twice as likely as young men to be NEET.","The annual SDG investment gap in developing countries was estimated at about $4 trillion, with over half, or $2.2 trillion, needed for the energy transition alone.",10_4,7_0,,No Relationship
"Globally, young women are over twice as likely as young men to be NEET.",The number without clean cooking fuels declined from 2.8 billion to 2.1 billion over the same period.,10_4,7_1,,No Relationship
"Globally, young women are over twice as likely as young men to be NEET.",Traditional uses of biomass accounted for slightly over a third of total renewable energy consumption.,10_4,7_2,,No Relationship
"The annual SDG investment gap in developing countries was estimated at about $4 trillion, with over half, or $2.2 trillion, needed for the energy transition alone.","While air pollution levels have declined in most regions, they are still significantly higher than the recommended air quality guidelines for public health protection.",7_0,11_0,,No Relationship
"The annual SDG investment gap in developing countries was estimated at about $4 trillion, with over half, or $2.2 trillion, needed for the energy transition alone.","Only 6 in 10 urban residents have convenient access to public transit, based on data collected in 2023 from 2,039 cities in 188 countries.",7_0,11_1,,No Relationship
The number without clean cooking fuels declined from 2.8 billion to 2.1 billion over the same period.,"While air pollution levels have declined in most regions, they are still significantly higher than the recommended air quality guidelines for public health protection.",7_1,11_0,,Support
The number without clean cooking fuels declined from 2.8 billion to 2.1 billion over the same period.,"Only 6 in 10 urban residents have convenient access to public transit, based on data collected in 2023 from 2,039 cities in 188 countries.",7_1,11_1,,No Relationship
Traditional uses of biomass accounted for slightly over a third of total renewable energy consumption.,"While air pollution levels have declined in most regions, they are still significantly higher than the recommended air quality guidelines for public health protection.",7_2,11_0,,No Relationship
Traditional uses of biomass accounted for slightly over a third of total renewable energy consumption.,"Only 6 in 10 urban residents have convenient access to public transit, based on data collected in 2023 from 2,039 cities in 188 countries.",7_2,11_1,,No Relationship
High rates of consumption and insufficient reuse or recycling are producing vast piles of e-waste,"The annual SDG investment gap in developing countries was estimated at about $4 trillion, with over half, or $2.2 trillion, needed for the energy transition alone.",12_0,7_0,,No Relationship
High rates of consumption and insufficient reuse or recycling are producing vast piles of e-waste,The number without clean cooking fuels declined from 2.8 billion to 2.1 billion over the same period.,12_0,7_1,,No Relationship
High rates of consumption and insufficient reuse or recycling are producing vast piles of e-waste,Traditional uses of biomass accounted for slightly over a third of total renewable energy consumption.,12_0,7_2,,Attack
"The annual SDG investment gap in developing countries was estimated at about $4 trillion, with over half, or $2.2 trillion, needed for the energy transition alone.","Fossil fuel subsidies reached a record high of $1.53 trillion in 2022, driven by rising energy prices post-pandemic and the impact of the Russian Federation’s invasion of Ukraine, which disrupted global energy markets.",7_0,13_0,,Support
"The annual SDG investment gap in developing countries was estimated at about $4 trillion, with over half, or $2.2 trillion, needed for the energy transition alone.","To accelerate progress towards Goal 9, a concerted effort is needed to promote inclusive and sustainable industrialization, foster innovation through increased investment in research and development, prioritize and accelerate the green transition, and facilitate access to information and communications technology.",7_0,13_1,,Support
The number without clean cooking fuels declined from 2.8 billion to 2.1 billion over the same period.,"Fossil fuel subsidies reached a record high of $1.53 trillion in 2022, driven by rising energy prices post-pandemic and the impact of the Russian Federation’s invasion of Ukraine, which disrupted global energy markets.",7_1,13_0,,Attack
The number without clean cooking fuels declined from 2.8 billion to 2.1 billion over the same period.,"To accelerate progress towards Goal 9, a concerted effort is needed to promote inclusive and sustainable industrialization, foster innovation through increased investment in research and development, prioritize and accelerate the green transition, and facilitate access to information and communications technology.",7_1,13_1,,No Relationship
Traditional uses of biomass accounted for slightly over a third of total renewable energy consumption.,"Fossil fuel subsidies reached a record high of $1.53 trillion in 2022, driven by rising energy prices post-pandemic and the impact of the Russian Federation’s invasion of Ukraine, which disrupted global energy markets.",7_2,13_0,,Attack
Traditional uses of biomass accounted for slightly over a third of total renewable energy consumption.,"To accelerate progress towards Goal 9, a concerted effort is needed to promote inclusive and sustainable industrialization, foster innovation through increased investment in research and development, prioritize and accelerate the green transition, and facilitate access to information and communications technology.",7_2,13_1,,No Relationship
"The sustainability of global fishery resources declined from 90.0 per cent in 1974 to 64.6 per cent in 2019 and further to 62.3 per cent in 2021, due to overfishing, pollution, poor management and other factors.","The annual SDG investment gap in developing countries was estimated at about $4 trillion, with over half, or $2.2 trillion, needed for the energy transition alone.",14_0,7_0,,Support
"The sustainability of global fishery resources declined from 90.0 per cent in 1974 to 64.6 per cent in 2019 and further to 62.3 per cent in 2021, due to overfishing, pollution, poor management and other factors.",The number without clean cooking fuels declined from 2.8 billion to 2.1 billion over the same period.,14_0,7_1,,No Relationship
"The sustainability of global fishery resources declined from 90.0 per cent in 1974 to 64.6 per cent in 2019 and further to 62.3 per cent in 2021, due to overfishing, pollution, poor management and other factors.",Traditional uses of biomass accounted for slightly over a third of total renewable energy consumption.,14_0,7_2,,No Relationship
"The annual SDG investment gap in developing countries was estimated at about $4 trillion, with over half, or $2.2 trillion, needed for the energy transition alone.","Illegal wildlife trade persists worldwide despite two decades of concerted action at international and national levels and poses a significant threat to global biodiversity, endangering a wide range of terrestrial and marine species.",7_0,15_0,,No Relationship
The number without clean cooking fuels declined from 2.8 billion to 2.1 billion over the same period.,"Illegal wildlife trade persists worldwide despite two decades of concerted action at international and national levels and poses a significant threat to global biodiversity, endangering a wide range of terrestrial and marine species.",7_1,15_0,,No Relationship
Traditional uses of biomass accounted for slightly over a third of total renewable energy consumption.,"Illegal wildlife trade persists worldwide despite two decades of concerted action at international and national levels and poses a significant threat to global biodiversity, endangering a wide range of terrestrial and marine species.",7_2,15_0,,No Relationship
"The number of refugees has increased year-on-year for more than a decade and doubled in less than seven years, outpacing durable solutions.","The annual SDG investment gap in developing countries was estimated at about $4 trillion, with over half, or $2.2 trillion, needed for the energy transition alone.",16_0,7_0,,No Relationship
"The number of refugees has increased year-on-year for more than a decade and doubled in less than seven years, outpacing durable solutions.",The number without clean cooking fuels declined from 2.8 billion to 2.1 billion over the same period.,16_0,7_1,,Attack
"The number of refugees has increased year-on-year for more than a decade and doubled in less than seven years, outpacing durable solutions.",Traditional uses of biomass accounted for slightly over a third of total renewable energy consumption.,16_0,7_2,,No Relationship
"To accelerate progress towards Goal 9, a concerted effort is needed to promote inclusive and sustainable industrialization, foster innovation through increased investment in research and development, prioritize and accelerate the green transition, and facilitate access to information and communications technology.","In a landscape of declining international cooperation and rising geopolitical tensions, strengthened global partnerships and enhanced cooperation are urgently needed to address widening financing gaps, reinforce post-pandemic recovery and promote sustainable development, particularly in the LDCs and other vulnerable countries.",9_0,8_0,,Rephrase
"To accelerate progress towards Goal 9, a concerted effort is needed to promote inclusive and sustainable industrialization, foster innovation through increased investment in research and development, prioritize and accelerate the green transition, and facilitate access to information and communications technology.","Despite increasing efforts and commitments to expand social protection programmes, significant coverage gaps left 1.4 billion children uncovered in 2023.",9_0,8_1,,No Relationship
"To accelerate progress towards Goal 9, a concerted effort is needed to promote inclusive and sustainable industrialization, foster innovation through increased investment in research and development, prioritize and accelerate the green transition, and facilitate access to information and communications technology.","To achieve Goal 2, significant efforts are needed to mitigate the impacts of climate change, conflict and economic crisis.",9_0,8_2,,Rephrase
"To accelerate progress towards Goal 9, a concerted effort is needed to promote inclusive and sustainable industrialization, foster innovation through increased investment in research and development, prioritize and accelerate the green transition, and facilitate access to information and communications technology.",Global unemployment hit a historic low of 5 per cent in 2023 yet persistent roadblocks remain in achieving decent work. Women and youth face higher unemployment rates.,9_0,8_3,,Support
"To accelerate progress towards Goal 9, a concerted effort is needed to promote inclusive and sustainable industrialization, foster innovation through increased investment in research and development, prioritize and accelerate the green transition, and facilitate access to information and communications technology.","Informal employment poses a significant global challenge, with over 2 billion workers in informal jobs lacking social protection in 2023.",9_0,8_4,,No Relationship
"To accelerate progress towards Goal 9, a concerted effort is needed to promote inclusive and sustainable industrialization, foster innovation through increased investment in research and development, prioritize and accelerate the green transition, and facilitate access to information and communications technology.","More than 2 billion workers globally were in informal employment in 2023, comprising 58.0 per cent of the global workforce, a share projected to slightly decrease to 57.8 per cent in 2024.",9_0,8_5,,No Relationship
"To accelerate progress towards Goal 9, a concerted effort is needed to promote inclusive and sustainable industrialization, foster innovation through increased investment in research and development, prioritize and accelerate the green transition, and facilitate access to information and communications technology.",The medium- and high-tech sector maintained its manufacturing value added share at around 46 per cent in 2021.,9_0,8_6,,No Relationship
"To accelerate progress towards Goal 9, a concerted effort is needed to promote inclusive and sustainable industrialization, foster innovation through increased investment in research and development, prioritize and accelerate the green transition, and facilitate access to information and communications technology.","Inclusive industrial policies are imperative for fostering the growth, competitiveness and resilience of small enterprises.",9_0,8_7,,Support
Only a small share can obtain it,"In a landscape of declining international cooperation and rising geopolitical tensions, strengthened global partnerships and enhanced cooperation are urgently needed to address widening financing gaps, reinforce post-pandemic recovery and promote sustainable development, particularly in the LDCs and other vulnerable countries.",9_1,8_0,,No Relationship
Only a small share can obtain it,"Despite increasing efforts and commitments to expand social protection programmes, significant coverage gaps left 1.4 billion children uncovered in 2023.",9_1,8_1,,No Relationship
Only a small share can obtain it,"To achieve Goal 2, significant efforts are needed to mitigate the impacts of climate change, conflict and economic crisis.",9_1,8_2,,No Relationship
Only a small share can obtain it,Global unemployment hit a historic low of 5 per cent in 2023 yet persistent roadblocks remain in achieving decent work. Women and youth face higher unemployment rates.,9_1,8_3,,No Relationship
Only a small share can obtain it,"Informal employment poses a significant global challenge, with over 2 billion workers in informal jobs lacking social protection in 2023.",9_1,8_4,,Support
Only a small share can obtain it,"More than 2 billion workers globally were in informal employment in 2023, comprising 58.0 per cent of the global workforce, a share projected to slightly decrease to 57.8 per cent in 2024.",9_1,8_5,,No Relationship
Only a small share can obtain it,The medium- and high-tech sector maintained its manufacturing value added share at around 46 per cent in 2021.,9_1,8_6,,No Relationship
Only a small share can obtain it,"Inclusive industrial policies are imperative for fostering the growth, competitiveness and resilience of small enterprises.",9_1,8_7,,No Relationship
"Inclusive industrial policies are imperative for fostering the growth, competitiveness and resilience of small enterprises.","In a landscape of declining international cooperation and rising geopolitical tensions, strengthened global partnerships and enhanced cooperation are urgently needed to address widening financing gaps, reinforce post-pandemic recovery and promote sustainable development, particularly in the LDCs and other vulnerable countries.",9_2,8_0,,No Relationship
"Inclusive industrial policies are imperative for fostering the growth, competitiveness and resilience of small enterprises.","Despite increasing efforts and commitments to expand social protection programmes, significant coverage gaps left 1.4 billion children uncovered in 2023.",9_2,8_1,,No Relationship
"Inclusive industrial policies are imperative for fostering the growth, competitiveness and resilience of small enterprises.","To achieve Goal 2, significant efforts are needed to mitigate the impacts of climate change, conflict and economic crisis.",9_2,8_2,,No Relationship
"Inclusive industrial policies are imperative for fostering the growth, competitiveness and resilience of small enterprises.",Global unemployment hit a historic low of 5 per cent in 2023 yet persistent roadblocks remain in achieving decent work. Women and youth face higher unemployment rates.,9_2,8_3,,No Relationship
"Inclusive industrial policies are imperative for fostering the growth, competitiveness and resilience of small enterprises.","Informal employment poses a significant global challenge, with over 2 billion workers in informal jobs lacking social protection in 2023.",9_2,8_4,,No Relationship
"Inclusive industrial policies are imperative for fostering the growth, competitiveness and resilience of small enterprises.","More than 2 billion workers globally were in informal employment in 2023, comprising 58.0 per cent of the global workforce, a share projected to slightly decrease to 57.8 per cent in 2024.",9_2,8_5,,No Relationship
"Inclusive industrial policies are imperative for fostering the growth, competitiveness and resilience of small enterprises.",The medium- and high-tech sector maintained its manufacturing value added share at around 46 per cent in 2021.,9_2,8_6,,Support
"Inclusive industrial policies are imperative for fostering the growth, competitiveness and resilience of small enterprises.","Inclusive industrial policies are imperative for fostering the growth, competitiveness and resilience of small enterprises.",9_2,8_7,,Rephrase
"In a landscape of declining international cooperation and rising geopolitical tensions, strengthened global partnerships and enhanced cooperation are urgently needed to address widening financing gaps, reinforce post-pandemic recovery and promote sustainable development, particularly in the LDCs and other vulnerable countries.",Developing countries are not fairly represented in international economic decision-making. Strengthening their voice and participation is crucial to ensuring a more inclusive and equitable global economic system.,8_0,10_0,,Support
"In a landscape of declining international cooperation and rising geopolitical tensions, strengthened global partnerships and enhanced cooperation are urgently needed to address widening financing gaps, reinforce post-pandemic recovery and promote sustainable development, particularly in the LDCs and other vulnerable countries.",In extreme poverty rates have returned to pre-pandemic levels except in low-income countries.,8_0,10_1,,Rephrase
"In a landscape of declining international cooperation and rising geopolitical tensions, strengthened global partnerships and enhanced cooperation are urgently needed to address widening financing gaps, reinforce post-pandemic recovery and promote sustainable development, particularly in the LDCs and other vulnerable countries.","In 95 per cent of countries with available data, the average annual income of small-scale producers is less than half that of larger-scale producers.",8_0,10_2,,No Relationship
"In a landscape of declining international cooperation and rising geopolitical tensions, strengthened global partnerships and enhanced cooperation are urgently needed to address widening financing gaps, reinforce post-pandemic recovery and promote sustainable development, particularly in the LDCs and other vulnerable countries.","Strong and sustained commitments to changing biased social norms, eliminating harmful practices and abolishing discriminatory laws are urgently needed.",8_0,10_3,,Support
"In a landscape of declining international cooperation and rising geopolitical tensions, strengthened global partnerships and enhanced cooperation are urgently needed to address widening financing gaps, reinforce post-pandemic recovery and promote sustainable development, particularly in the LDCs and other vulnerable countries.","Globally, young women are over twice as likely as young men to be NEET.",8_0,10_4,,No Relationship
"Despite increasing efforts and commitments to expand social protection programmes, significant coverage gaps left 1.4 billion children uncovered in 2023.",Developing countries are not fairly represented in international economic decision-making. Strengthening their voice and participation is crucial to ensuring a more inclusive and equitable global economic system.,8_1,10_0,,No Relationship
"Despite increasing efforts and commitments to expand social protection programmes, significant coverage gaps left 1.4 billion children uncovered in 2023.",In extreme poverty rates have returned to pre-pandemic levels except in low-income countries.,8_1,10_1,,Support
"Despite increasing efforts and commitments to expand social protection programmes, significant coverage gaps left 1.4 billion children uncovered in 2023.","In 95 per cent of countries with available data, the average annual income of small-scale producers is less than half that of larger-scale producers.",8_1,10_2,,No Relationship
"Despite increasing efforts and commitments to expand social protection programmes, significant coverage gaps left 1.4 billion children uncovered in 2023.","Strong and sustained commitments to changing biased social norms, eliminating harmful practices and abolishing discriminatory laws are urgently needed.",8_1,10_3,,No Relationship
"Despite increasing efforts and commitments to expand social protection programmes, significant coverage gaps left 1.4 billion children uncovered in 2023.","Globally, young women are over twice as likely as young men to be NEET.",8_1,10_4,,No Relationship
"To achieve Goal 2, significant efforts are needed to mitigate the impacts of climate change, conflict and economic crisis.",Developing countries are not fairly represented in international economic decision-making. Strengthening their voice and participation is crucial to ensuring a more inclusive and equitable global economic system.,8_2,10_0,,Support
"To achieve Goal 2, significant efforts are needed to mitigate the impacts of climate change, conflict and economic crisis.",In extreme poverty rates have returned to pre-pandemic levels except in low-income countries.,8_2,10_1,,No Relationship
"To achieve Goal 2, significant efforts are needed to mitigate the impacts of climate change, conflict and economic crisis.","In 95 per cent of countries with available data, the average annual income of small-scale producers is less than half that of larger-scale producers.",8_2,10_2,,No Relationship
"To achieve Goal 2, significant efforts are needed to mitigate the impacts of climate change, conflict and economic crisis.","Strong and sustained commitments to changing biased social norms, eliminating harmful practices and abolishing discriminatory laws are urgently needed.",8_2,10_3,,Support
"To achieve Goal 2, significant efforts are needed to mitigate the impacts of climate change, conflict and economic crisis.","Globally, young women are over twice as likely as young men to be NEET.",8_2,10_4,,No Relationship
Global unemployment hit a historic low of 5 per cent in 2023 yet persistent roadblocks remain in achieving decent work. Women and youth face higher unemployment rates.,Developing countries are not fairly represented in international economic decision-making. Strengthening their voice and participation is crucial to ensuring a more inclusive and equitable global economic system.,8_3,10_0,,Support
Global unemployment hit a historic low of 5 per cent in 2023 yet persistent roadblocks remain in achieving decent work. Women and youth face higher unemployment rates.,In extreme poverty rates have returned to pre-pandemic levels except in low-income countries.,8_3,10_1,,Rephrase
Global unemployment hit a historic low of 5 per cent in 2023 yet persistent roadblocks remain in achieving decent work. Women and youth face higher unemployment rates.,"In 95 per cent of countries with available data, the average annual income of small-scale producers is less than half that of larger-scale producers.",8_3,10_2,,Support
Global unemployment hit a historic low of 5 per cent in 2023 yet persistent roadblocks remain in achieving decent work. Women and youth face higher unemployment rates.,"Strong and sustained commitments to changing biased social norms, eliminating harmful practices and abolishing discriminatory laws are urgently needed.",8_3,10_3,,No Relationship
Global unemployment hit a historic low of 5 per cent in 2023 yet persistent roadblocks remain in achieving decent work. Women and youth face higher unemployment rates.,"Globally, young women are over twice as likely as young men to be NEET.",8_3,10_4,,Support
"Informal employment poses a significant global challenge, with over 2 billion workers in informal jobs lacking social protection in 2023.",Developing countries are not fairly represented in international economic decision-making. Strengthening their voice and participation is crucial to ensuring a more inclusive and equitable global economic system.,8_4,10_0,,Support
"Informal employment poses a significant global challenge, with over 2 billion workers in informal jobs lacking social protection in 2023.",In extreme poverty rates have returned to pre-pandemic levels except in low-income countries.,8_4,10_1,,Support
"Informal employment poses a significant global challenge, with over 2 billion workers in informal jobs lacking social protection in 2023.","In 95 per cent of countries with available data, the average annual income of small-scale producers is less than half that of larger-scale producers.",8_4,10_2,,No Relationship
"Informal employment poses a significant global challenge, with over 2 billion workers in informal jobs lacking social protection in 2023.","Strong and sustained commitments to changing biased social norms, eliminating harmful practices and abolishing discriminatory laws are urgently needed.",8_4,10_3,,Support
"Informal employment poses a significant global challenge, with over 2 billion workers in informal jobs lacking social protection in 2023.","Globally, young women are over twice as likely as young men to be NEET.",8_4,10_4,,No Relationship
"More than 2 billion workers globally were in informal employment in 2023, comprising 58.0 per cent of the global workforce, a share projected to slightly decrease to 57.8 per cent in 2024.",Developing countries are not fairly represented in international economic decision-making. Strengthening their voice and participation is crucial to ensuring a more inclusive and equitable global economic system.,8_5,10_0,,Support
"More than 2 billion workers globally were in informal employment in 2023, comprising 58.0 per cent of the global workforce, a share projected to slightly decrease to 57.8 per cent in 2024.",In extreme poverty rates have returned to pre-pandemic levels except in low-income countries.,8_5,10_1,,Support
"More than 2 billion workers globally were in informal employment in 2023, comprising 58.0 per cent of the global workforce, a share projected to slightly decrease to 57.8 per cent in 2024.","In 95 per cent of countries with available data, the average annual income of small-scale producers is less than half that of larger-scale producers.",8_5,10_2,,No Relationship
"More than 2 billion workers globally were in informal employment in 2023, comprising 58.0 per cent of the global workforce, a share projected to slightly decrease to 57.8 per cent in 2024.","Strong and sustained commitments to changing biased social norms, eliminating harmful practices and abolishing discriminatory laws are urgently needed.",8_5,10_3,,No Relationship
"More than 2 billion workers globally were in informal employment in 2023, comprising 58.0 per cent of the global workforce, a share projected to slightly decrease to 57.8 per cent in 2024.","Globally, young women are over twice as likely as young men to be NEET.",8_5,10_4,,Support
The medium- and high-tech sector maintained its manufacturing value added share at around 46 per cent in 2021.,Developing countries are not fairly represented in international economic decision-making. Strengthening their voice and participation is crucial to ensuring a more inclusive and equitable global economic system.,8_6,10_0,,No Relationship
The medium- and high-tech sector maintained its manufacturing value added share at around 46 per cent in 2021.,In extreme poverty rates have returned to pre-pandemic levels except in low-income countries.,8_6,10_1,,No Relationship
The medium- and high-tech sector maintained its manufacturing value added share at around 46 per cent in 2021.,"In 95 per cent of countries with available data, the average annual income of small-scale producers is less than half that of larger-scale producers.",8_6,10_2,,No Relationship
The medium- and high-tech sector maintained its manufacturing value added share at around 46 per cent in 2021.,"Strong and sustained commitments to changing biased social norms, eliminating harmful practices and abolishing discriminatory laws are urgently needed.",8_6,10_3,,No Relationship
The medium- and high-tech sector maintained its manufacturing value added share at around 46 per cent in 2021.,"Globally, young women are over twice as likely as young men to be NEET.",8_6,10_4,,No Relationship
"Inclusive industrial policies are imperative for fostering the growth, competitiveness and resilience of small enterprises.",Developing countries are not fairly represented in international economic decision-making. Strengthening their voice and participation is crucial to ensuring a more inclusive and equitable global economic system.,8_7,10_0,,Support
"Inclusive industrial policies are imperative for fostering the growth, competitiveness and resilience of small enterprises.",In extreme poverty rates have returned to pre-pandemic levels except in low-income countries.,8_7,10_1,,No Relationship
"Inclusive industrial policies are imperative for fostering the growth, competitiveness and resilience of small enterprises.","In 95 per cent of countries with available data, the average annual income of small-scale producers is less than half that of larger-scale producers.",8_7,10_2,,Support
"Inclusive industrial policies are imperative for fostering the growth, competitiveness and resilience of small enterprises.","Strong and sustained commitments to changing biased social norms, eliminating harmful practices and abolishing discriminatory laws are urgently needed.",8_7,10_3,,No Relationship
"Inclusive industrial policies are imperative for fostering the growth, competitiveness and resilience of small enterprises.","Globally, young women are over twice as likely as young men to be NEET.",8_7,10_4,,No Relationship
"While air pollution levels have declined in most regions, they are still significantly higher than the recommended air quality guidelines for public health protection.","In a landscape of declining international cooperation and rising geopolitical tensions, strengthened global partnerships and enhanced cooperation are urgently needed to address widening financing gaps, reinforce post-pandemic recovery and promote sustainable development, particularly in the LDCs and other vulnerable countries.",11_0,8_0,,No Relationship
"While air pollution levels have declined in most regions, they are still significantly higher than the recommended air quality guidelines for public health protection.","Despite increasing efforts and commitments to expand social protection programmes, significant coverage gaps left 1.4 billion children uncovered in 2023.",11_0,8_1,,No Relationship
"While air pollution levels have declined in most regions, they are still significantly higher than the recommended air quality guidelines for public health protection.","To achieve Goal 2, significant efforts are needed to mitigate the impacts of climate change, conflict and economic crisis.",11_0,8_2,,Support
"While air pollution levels have declined in most regions, they are still significantly higher than the recommended air quality guidelines for public health protection.",Global unemployment hit a historic low of 5 per cent in 2023 yet persistent roadblocks remain in achieving decent work. Women and youth face higher unemployment rates.,11_0,8_3,,No Relationship
"While air pollution levels have declined in most regions, they are still significantly higher than the recommended air quality guidelines for public health protection.","Informal employment poses a significant global challenge, with over 2 billion workers in informal jobs lacking social protection in 2023.",11_0,8_4,,No Relationship
"While air pollution levels have declined in most regions, they are still significantly higher than the recommended air quality guidelines for public health protection.","More than 2 billion workers globally were in informal employment in 2023, comprising 58.0 per cent of the global workforce, a share projected to slightly decrease to 57.8 per cent in 2024.",11_0,8_5,,No Relationship
"While air pollution levels have declined in most regions, they are still significantly higher than the recommended air quality guidelines for public health protection.",The medium- and high-tech sector maintained its manufacturing value added share at around 46 per cent in 2021.,11_0,8_6,,No Relationship
"While air pollution levels have declined in most regions, they are still significantly higher than the recommended air quality guidelines for public health protection.","Inclusive industrial policies are imperative for fostering the growth, competitiveness and resilience of small enterprises.",11_0,8_7,,No Relationship
"Only 6 in 10 urban residents have convenient access to public transit, based on data collected in 2023 from 2,039 cities in 188 countries.","In a landscape of declining international cooperation and rising geopolitical tensions, strengthened global partnerships and enhanced cooperation are urgently needed to address widening financing gaps, reinforce post-pandemic recovery and promote sustainable development, particularly in the LDCs and other vulnerable countries.",11_1,8_0,,No Relationship
"Only 6 in 10 urban residents have convenient access to public transit, based on data collected in 2023 from 2,039 cities in 188 countries.","Despite increasing efforts and commitments to expand social protection programmes, significant coverage gaps left 1.4 billion children uncovered in 2023.",11_1,8_1,,Support
"Only 6 in 10 urban residents have convenient access to public transit, based on data collected in 2023 from 2,039 cities in 188 countries.","To achieve Goal 2, significant efforts are needed to mitigate the impacts of climate change, conflict and economic crisis.",11_1,8_2,,Support
"Only 6 in 10 urban residents have convenient access to public transit, based on data collected in 2023 from 2,039 cities in 188 countries.",Global unemployment hit a historic low of 5 per cent in 2023 yet persistent roadblocks remain in achieving decent work. Women and youth face higher unemployment rates.,11_1,8_3,,Support
"Only 6 in 10 urban residents have convenient access to public transit, based on data collected in 2023 from 2,039 cities in 188 countries.","Informal employment poses a significant global challenge, with over 2 billion workers in informal jobs lacking social protection in 2023.",11_1,8_4,,Support
"Only 6 in 10 urban residents have convenient access to public transit, based on data collected in 2023 from 2,039 cities in 188 countries.","More than 2 billion workers globally were in informal employment in 2023, comprising 58.0 per cent of the global workforce, a share projected to slightly decrease to 57.8 per cent in 2024.",11_1,8_5,,Support
"Only 6 in 10 urban residents have convenient access to public transit, based on data collected in 2023 from 2,039 cities in 188 countries.",The medium- and high-tech sector maintained its manufacturing value added share at around 46 per cent in 2021.,11_1,8_6,,No Relationship
"Only 6 in 10 urban residents have convenient access to public transit, based on data collected in 2023 from 2,039 cities in 188 countries.","Inclusive industrial policies are imperative for fostering the growth, competitiveness and resilience of small enterprises.",11_1,8_7,,No Relationship
"In a landscape of declining international cooperation and rising geopolitical tensions, strengthened global partnerships and enhanced cooperation are urgently needed to address widening financing gaps, reinforce post-pandemic recovery and promote sustainable development, particularly in the LDCs and other vulnerable countries.",High rates of consumption and insufficient reuse or recycling are producing vast piles of e-waste,8_0,12_0,,No Relationship
"Despite increasing efforts and commitments to expand social protection programmes, significant coverage gaps left 1.4 billion children uncovered in 2023.",High rates of consumption and insufficient reuse or recycling are producing vast piles of e-waste,8_1,12_0,,No Relationship
"To achieve Goal 2, significant efforts are needed to mitigate the impacts of climate change, conflict and economic crisis.",High rates of consumption and insufficient reuse or recycling are producing vast piles of e-waste,8_2,12_0,,No Relationship
Global unemployment hit a historic low of 5 per cent in 2023 yet persistent roadblocks remain in achieving decent work. Women and youth face higher unemployment rates.,High rates of consumption and insufficient reuse or recycling are producing vast piles of e-waste,8_3,12_0,,No Relationship
"Informal employment poses a significant global challenge, with over 2 billion workers in informal jobs lacking social protection in 2023.",High rates of consumption and insufficient reuse or recycling are producing vast piles of e-waste,8_4,12_0,,No Relationship
"More than 2 billion workers globally were in informal employment in 2023, comprising 58.0 per cent of the global workforce, a share projected to slightly decrease to 57.8 per cent in 2024.",High rates of consumption and insufficient reuse or recycling are producing vast piles of e-waste,8_5,12_0,,No Relationship
The medium- and high-tech sector maintained its manufacturing value added share at around 46 per cent in 2021.,High rates of consumption and insufficient reuse or recycling are producing vast piles of e-waste,8_6,12_0,,No Relationship
"Inclusive industrial policies are imperative for fostering the growth, competitiveness and resilience of small enterprises.",High rates of consumption and insufficient reuse or recycling are producing vast piles of e-waste,8_7,12_0,,No Relationship
"Fossil fuel subsidies reached a record high of $1.53 trillion in 2022, driven by rising energy prices post-pandemic and the impact of the Russian Federation’s invasion of Ukraine, which disrupted global energy markets.","In a landscape of declining international cooperation and rising geopolitical tensions, strengthened global partnerships and enhanced cooperation are urgently needed to address widening financing gaps, reinforce post-pandemic recovery and promote sustainable development, particularly in the LDCs and other vulnerable countries.",13_0,8_0,,Support
"Fossil fuel subsidies reached a record high of $1.53 trillion in 2022, driven by rising energy prices post-pandemic and the impact of the Russian Federation’s invasion of Ukraine, which disrupted global energy markets.","Despite increasing efforts and commitments to expand social protection programmes, significant coverage gaps left 1.4 billion children uncovered in 2023.",13_0,8_1,,No Relationship
"Fossil fuel subsidies reached a record high of $1.53 trillion in 2022, driven by rising energy prices post-pandemic and the impact of the Russian Federation’s invasion of Ukraine, which disrupted global energy markets.","To achieve Goal 2, significant efforts are needed to mitigate the impacts of climate change, conflict and economic crisis.",13_0,8_2,,Support
"Fossil fuel subsidies reached a record high of $1.53 trillion in 2022, driven by rising energy prices post-pandemic and the impact of the Russian Federation’s invasion of Ukraine, which disrupted global energy markets.",Global unemployment hit a historic low of 5 per cent in 2023 yet persistent roadblocks remain in achieving decent work. Women and youth face higher unemployment rates.,13_0,8_3,,Support
"Fossil fuel subsidies reached a record high of $1.53 trillion in 2022, driven by rising energy prices post-pandemic and the impact of the Russian Federation’s invasion of Ukraine, which disrupted global energy markets.","Informal employment poses a significant global challenge, with over 2 billion workers in informal jobs lacking social protection in 2023.",13_0,8_4,,No Relationship
"Fossil fuel subsidies reached a record high of $1.53 trillion in 2022, driven by rising energy prices post-pandemic and the impact of the Russian Federation’s invasion of Ukraine, which disrupted global energy markets.","More than 2 billion workers globally were in informal employment in 2023, comprising 58.0 per cent of the global workforce, a share projected to slightly decrease to 57.8 per cent in 2024.",13_0,8_5,,No Relationship
"Fossil fuel subsidies reached a record high of $1.53 trillion in 2022, driven by rising energy prices post-pandemic and the impact of the Russian Federation’s invasion of Ukraine, which disrupted global energy markets.",The medium- and high-tech sector maintained its manufacturing value added share at around 46 per cent in 2021.,13_0,8_6,,No Relationship
"Fossil fuel subsidies reached a record high of $1.53 trillion in 2022, driven by rising energy prices post-pandemic and the impact of the Russian Federation’s invasion of Ukraine, which disrupted global energy markets.","Inclusive industrial policies are imperative for fostering the growth, competitiveness and resilience of small enterprises.",13_0,8_7,,No Relationship
"To accelerate progress towards Goal 9, a concerted effort is needed to promote inclusive and sustainable industrialization, foster innovation through increased investment in research and development, prioritize and accelerate the green transition, and facilitate access to information and communications technology.","In a landscape of declining international cooperation and rising geopolitical tensions, strengthened global partnerships and enhanced cooperation are urgently needed to address widening financing gaps, reinforce post-pandemic recovery and promote sustainable development, particularly in the LDCs and other vulnerable countries.",13_1,8_0,,Rephrase
"To accelerate progress towards Goal 9, a concerted effort is needed to promote inclusive and sustainable industrialization, foster innovation through increased investment in research and development, prioritize and accelerate the green transition, and facilitate access to information and communications technology.","Despite increasing efforts and commitments to expand social protection programmes, significant coverage gaps left 1.4 billion children uncovered in 2023.",13_1,8_1,,No Relationship
"To accelerate progress towards Goal 9, a concerted effort is needed to promote inclusive and sustainable industrialization, foster innovation through increased investment in research and development, prioritize and accelerate the green transition, and facilitate access to information and communications technology.","To achieve Goal 2, significant efforts are needed to mitigate the impacts of climate change, conflict and economic crisis.",13_1,8_2,,Rephrase
"To accelerate progress towards Goal 9, a concerted effort is needed to promote inclusive and sustainable industrialization, foster innovation through increased investment in research and development, prioritize and accelerate the green transition, and facilitate access to information and communications technology.",Global unemployment hit a historic low of 5 per cent in 2023 yet persistent roadblocks remain in achieving decent work. Women and youth face higher unemployment rates.,13_1,8_3,,Support
"To accelerate progress towards Goal 9, a concerted effort is needed to promote inclusive and sustainable industrialization, foster innovation through increased investment in research and development, prioritize and accelerate the green transition, and facilitate access to information and communications technology.","Informal employment poses a significant global challenge, with over 2 billion workers in informal jobs lacking social protection in 2023.",13_1,8_4,,No Relationship
"To accelerate progress towards Goal 9, a concerted effort is needed to promote inclusive and sustainable industrialization, foster innovation through increased investment in research and development, prioritize and accelerate the green transition, and facilitate access to information and communications technology.","More than 2 billion workers globally were in informal employment in 2023, comprising 58.0 per cent of the global workforce, a share projected to slightly decrease to 57.8 per cent in 2024.",13_1,8_5,,No Relationship
"To accelerate progress towards Goal 9, a concerted effort is needed to promote inclusive and sustainable industrialization, foster innovation through increased investment in research and development, prioritize and accelerate the green transition, and facilitate access to information and communications technology.",The medium- and high-tech sector maintained its manufacturing value added share at around 46 per cent in 2021.,13_1,8_6,,No Relationship
"To accelerate progress towards Goal 9, a concerted effort is needed to promote inclusive and sustainable industrialization, foster innovation through increased investment in research and development, prioritize and accelerate the green transition, and facilitate access to information and communications technology.","Inclusive industrial policies are imperative for fostering the growth, competitiveness and resilience of small enterprises.",13_1,8_7,,Support
"In a landscape of declining international cooperation and rising geopolitical tensions, strengthened global partnerships and enhanced cooperation are urgently needed to address widening financing gaps, reinforce post-pandemic recovery and promote sustainable development, particularly in the LDCs and other vulnerable countries.","The sustainability of global fishery resources declined from 90.0 per cent in 1974 to 64.6 per cent in 2019 and further to 62.3 per cent in 2021, due to overfishing, pollution, poor management and other factors.",8_0,14_0,,No Relationship
"Despite increasing efforts and commitments to expand social protection programmes, significant coverage gaps left 1.4 billion children uncovered in 2023.","The sustainability of global fishery resources declined from 90.0 per cent in 1974 to 64.6 per cent in 2019 and further to 62.3 per cent in 2021, due to overfishing, pollution, poor management and other factors.",8_1,14_0,,No Relationship
"To achieve Goal 2, significant efforts are needed to mitigate the impacts of climate change, conflict and economic crisis.","The sustainability of global fishery resources declined from 90.0 per cent in 1974 to 64.6 per cent in 2019 and further to 62.3 per cent in 2021, due to overfishing, pollution, poor management and other factors.",8_2,14_0,,Support
Global unemployment hit a historic low of 5 per cent in 2023 yet persistent roadblocks remain in achieving decent work. Women and youth face higher unemployment rates.,"The sustainability of global fishery resources declined from 90.0 per cent in 1974 to 64.6 per cent in 2019 and further to 62.3 per cent in 2021, due to overfishing, pollution, poor management and other factors.",8_3,14_0,,Support
"Informal employment poses a significant global challenge, with over 2 billion workers in informal jobs lacking social protection in 2023.","The sustainability of global fishery resources declined from 90.0 per cent in 1974 to 64.6 per cent in 2019 and further to 62.3 per cent in 2021, due to overfishing, pollution, poor management and other factors.",8_4,14_0,,No Relationship
"More than 2 billion workers globally were in informal employment in 2023, comprising 58.0 per cent of the global workforce, a share projected to slightly decrease to 57.8 per cent in 2024.","The sustainability of global fishery resources declined from 90.0 per cent in 1974 to 64.6 per cent in 2019 and further to 62.3 per cent in 2021, due to overfishing, pollution, poor management and other factors.",8_5,14_0,,Support
The medium- and high-tech sector maintained its manufacturing value added share at around 46 per cent in 2021.,"The sustainability of global fishery resources declined from 90.0 per cent in 1974 to 64.6 per cent in 2019 and further to 62.3 per cent in 2021, due to overfishing, pollution, poor management and other factors.",8_6,14_0,,No Relationship
"Inclusive industrial policies are imperative for fostering the growth, competitiveness and resilience of small enterprises.","The sustainability of global fishery resources declined from 90.0 per cent in 1974 to 64.6 per cent in 2019 and further to 62.3 per cent in 2021, due to overfishing, pollution, poor management and other factors.",8_7,14_0,,No Relationship
"Illegal wildlife trade persists worldwide despite two decades of concerted action at international and national levels and poses a significant threat to global biodiversity, endangering a wide range of terrestrial and marine species.","In a landscape of declining international cooperation and rising geopolitical tensions, strengthened global partnerships and enhanced cooperation are urgently needed to address widening financing gaps, reinforce post-pandemic recovery and promote sustainable development, particularly in the LDCs and other vulnerable countries.",15_0,8_0,,Support
"Illegal wildlife trade persists worldwide despite two decades of concerted action at international and national levels and poses a significant threat to global biodiversity, endangering a wide range of terrestrial and marine species.","Despite increasing efforts and commitments to expand social protection programmes, significant coverage gaps left 1.4 billion children uncovered in 2023.",15_0,8_1,,No Relationship
"Illegal wildlife trade persists worldwide despite two decades of concerted action at international and national levels and poses a significant threat to global biodiversity, endangering a wide range of terrestrial and marine species.","To achieve Goal 2, significant efforts are needed to mitigate the impacts of climate change, conflict and economic crisis.",15_0,8_2,,Support
"Illegal wildlife trade persists worldwide despite two decades of concerted action at international and national levels and poses a significant threat to global biodiversity, endangering a wide range of terrestrial and marine species.",Global unemployment hit a historic low of 5 per cent in 2023 yet persistent roadblocks remain in achieving decent work. Women and youth face higher unemployment rates.,15_0,8_3,,No Relationship
"Illegal wildlife trade persists worldwide despite two decades of concerted action at international and national levels and poses a significant threat to global biodiversity, endangering a wide range of terrestrial and marine species.","Informal employment poses a significant global challenge, with over 2 billion workers in informal jobs lacking social protection in 2023.",15_0,8_4,,No Relationship
"Illegal wildlife trade persists worldwide despite two decades of concerted action at international and national levels and poses a significant threat to global biodiversity, endangering a wide range of terrestrial and marine species.","More than 2 billion workers globally were in informal employment in 2023, comprising 58.0 per cent of the global workforce, a share projected to slightly decrease to 57.8 per cent in 2024.",15_0,8_5,,No Relationship
"Illegal wildlife trade persists worldwide despite two decades of concerted action at international and national levels and poses a significant threat to global biodiversity, endangering a wide range of terrestrial and marine species.",The medium- and high-tech sector maintained its manufacturing value added share at around 46 per cent in 2021.,15_0,8_6,,No Relationship
"Illegal wildlife trade persists worldwide despite two decades of concerted action at international and national levels and poses a significant threat to global biodiversity, endangering a wide range of terrestrial and marine species.","Inclusive industrial policies are imperative for fostering the growth, competitiveness and resilience of small enterprises.",15_0,8_7,,No Relationship
"In a landscape of declining international cooperation and rising geopolitical tensions, strengthened global partnerships and enhanced cooperation are urgently needed to address widening financing gaps, reinforce post-pandemic recovery and promote sustainable development, particularly in the LDCs and other vulnerable countries.","The number of refugees has increased year-on-year for more than a decade and doubled in less than seven years, outpacing durable solutions.",8_0,16_0,,No Relationship
"Despite increasing efforts and commitments to expand social protection programmes, significant coverage gaps left 1.4 billion children uncovered in 2023.","The number of refugees has increased year-on-year for more than a decade and doubled in less than seven years, outpacing durable solutions.",8_1,16_0,,No Relationship
"To achieve Goal 2, significant efforts are needed to mitigate the impacts of climate change, conflict and economic crisis.","The number of refugees has increased year-on-year for more than a decade and doubled in less than seven years, outpacing durable solutions.",8_2,16_0,,No Relationship
Global unemployment hit a historic low of 5 per cent in 2023 yet persistent roadblocks remain in achieving decent work. Women and youth face higher unemployment rates.,"The number of refugees has increased year-on-year for more than a decade and doubled in less than seven years, outpacing durable solutions.",8_3,16_0,,No Relationship
"Informal employment poses a significant global challenge, with over 2 billion workers in informal jobs lacking social protection in 2023.","The number of refugees has increased year-on-year for more than a decade and doubled in less than seven years, outpacing durable solutions.",8_4,16_0,,No Relationship
"More than 2 billion workers globally were in informal employment in 2023, comprising 58.0 per cent of the global workforce, a share projected to slightly decrease to 57.8 per cent in 2024.","The number of refugees has increased year-on-year for more than a decade and doubled in less than seven years, outpacing durable solutions.",8_5,16_0,,No Relationship
The medium- and high-tech sector maintained its manufacturing value added share at around 46 per cent in 2021.,"The number of refugees has increased year-on-year for more than a decade and doubled in less than seven years, outpacing durable solutions.",8_6,16_0,,No Relationship
"Inclusive industrial policies are imperative for fostering the growth, competitiveness and resilience of small enterprises.","The number of refugees has increased year-on-year for more than a decade and doubled in less than seven years, outpacing durable solutions.",8_7,16_0,,No Relationship
Developing countries are not fairly represented in international economic decision-making. Strengthening their voice and participation is crucial to ensuring a more inclusive and equitable global economic system.,"To accelerate progress towards Goal 9, a concerted effort is needed to promote inclusive and sustainable industrialization, foster innovation through increased investment in research and development, prioritize and accelerate the green transition, and facilitate access to information and communications technology.",10_0,9_0,,Support
Developing countries are not fairly represented in international economic decision-making. Strengthening their voice and participation is crucial to ensuring a more inclusive and equitable global economic system.,Only a small share can obtain it,10_0,9_1,,No Relationship
Developing countries are not fairly represented in international economic decision-making. Strengthening their voice and participation is crucial to ensuring a more inclusive and equitable global economic system.,"Inclusive industrial policies are imperative for fostering the growth, competitiveness and resilience of small enterprises.",10_0,9_2,,Support
In extreme poverty rates have returned to pre-pandemic levels except in low-income countries.,"To accelerate progress towards Goal 9, a concerted effort is needed to promote inclusive and sustainable industrialization, foster innovation through increased investment in research and development, prioritize and accelerate the green transition, and facilitate access to information and communications technology.",10_1,9_0,,No Relationship
In extreme poverty rates have returned to pre-pandemic levels except in low-income countries.,Only a small share can obtain it,10_1,9_1,,No Relationship
In extreme poverty rates have returned to pre-pandemic levels except in low-income countries.,"Inclusive industrial policies are imperative for fostering the growth, competitiveness and resilience of small enterprises.",10_1,9_2,,No Relationship
"In 95 per cent of countries with available data, the average annual income of small-scale producers is less than half that of larger-scale producers.","To accelerate progress towards Goal 9, a concerted effort is needed to promote inclusive and sustainable industrialization, foster innovation through increased investment in research and development, prioritize and accelerate the green transition, and facilitate access to information and communications technology.",10_2,9_0,,No Relationship
"In 95 per cent of countries with available data, the average annual income of small-scale producers is less than half that of larger-scale producers.",Only a small share can obtain it,10_2,9_1,,Support
"In 95 per cent of countries with available data, the average annual income of small-scale producers is less than half that of larger-scale producers.","Inclusive industrial policies are imperative for fostering the growth, competitiveness and resilience of small enterprises.",10_2,9_2,,Support
"Strong and sustained commitments to changing biased social norms, eliminating harmful practices and abolishing discriminatory laws are urgently needed.","To accelerate progress towards Goal 9, a concerted effort is needed to promote inclusive and sustainable industrialization, foster innovation through increased investment in research and development, prioritize and accelerate the green transition, and facilitate access to information and communications technology.",10_3,9_0,,Rephrase
"Strong and sustained commitments to changing biased social norms, eliminating harmful practices and abolishing discriminatory laws are urgently needed.",Only a small share can obtain it,10_3,9_1,,No Relationship
"Strong and sustained commitments to changing biased social norms, eliminating harmful practices and abolishing discriminatory laws are urgently needed.","Inclusive industrial policies are imperative for fostering the growth, competitiveness and resilience of small enterprises.",10_3,9_2,,Support
"Globally, young women are over twice as likely as young men to be NEET.","To accelerate progress towards Goal 9, a concerted effort is needed to promote inclusive and sustainable industrialization, foster innovation through increased investment in research and development, prioritize and accelerate the green transition, and facilitate access to information and communications technology.",10_4,9_0,,No Relationship
"Globally, young women are over twice as likely as young men to be NEET.",Only a small share can obtain it,10_4,9_1,,No Relationship
"Globally, young women are over twice as likely as young men to be NEET.","Inclusive industrial policies are imperative for fostering the growth, competitiveness and resilience of small enterprises.",10_4,9_2,,No Relationship
"To accelerate progress towards Goal 9, a concerted effort is needed to promote inclusive and sustainable industrialization, foster innovation through increased investment in research and development, prioritize and accelerate the green transition, and facilitate access to information and communications technology.","While air pollution levels have declined in most regions, they are still significantly higher than the recommended air quality guidelines for public health protection.",9_0,11_0,,No Relationship
"To accelerate progress towards Goal 9, a concerted effort is needed to promote inclusive and sustainable industrialization, foster innovation through increased investment in research and development, prioritize and accelerate the green transition, and facilitate access to information and communications technology.","Only 6 in 10 urban residents have convenient access to public transit, based on data collected in 2023 from 2,039 cities in 188 countries.",9_0,11_1,,No Relationship
Only a small share can obtain it,"While air pollution levels have declined in most regions, they are still significantly higher than the recommended air quality guidelines for public health protection.",9_1,11_0,,No Relationship
Only a small share can obtain it,"Only 6 in 10 urban residents have convenient access to public transit, based on data collected in 2023 from 2,039 cities in 188 countries.",9_1,11_1,,Rephrase
"Inclusive industrial policies are imperative for fostering the growth, competitiveness and resilience of small enterprises.","While air pollution levels have declined in most regions, they are still significantly higher than the recommended air quality guidelines for public health protection.",9_2,11_0,,No Relationship
"Inclusive industrial policies are imperative for fostering the growth, competitiveness and resilience of small enterprises.","Only 6 in 10 urban residents have convenient access to public transit, based on data collected in 2023 from 2,039 cities in 188 countries.",9_2,11_1,,No Relationship
High rates of consumption and insufficient reuse or recycling are producing vast piles of e-waste,"To accelerate progress towards Goal 9, a concerted effort is needed to promote inclusive and sustainable industrialization, foster innovation through increased investment in research and development, prioritize and accelerate the green transition, and facilitate access to information and communications technology.",12_0,9_0,,Support
High rates of consumption and insufficient reuse or recycling are producing vast piles of e-waste,Only a small share can obtain it,12_0,9_1,,Support
High rates of consumption and insufficient reuse or recycling are producing vast piles of e-waste,"Inclusive industrial policies are imperative for fostering the growth, competitiveness and resilience of small enterprises.",12_0,9_2,,No Relationship
"To accelerate progress towards Goal 9, a concerted effort is needed to promote inclusive and sustainable industrialization, foster innovation through increased investment in research and development, prioritize and accelerate the green transition, and facilitate access to information and communications technology.","Fossil fuel subsidies reached a record high of $1.53 trillion in 2022, driven by rising energy prices post-pandemic and the impact of the Russian Federation’s invasion of Ukraine, which disrupted global energy markets.",9_0,13_0,,No Relationship
"To accelerate progress towards Goal 9, a concerted effort is needed to promote inclusive and sustainable industrialization, foster innovation through increased investment in research and development, prioritize and accelerate the green transition, and facilitate access to information and communications technology.","To accelerate progress towards Goal 9, a concerted effort is needed to promote inclusive and sustainable industrialization, foster innovation through increased investment in research and development, prioritize and accelerate the green transition, and facilitate access to information and communications technology.",9_0,13_1,,Rephrase
Only a small share can obtain it,"Fossil fuel subsidies reached a record high of $1.53 trillion in 2022, driven by rising energy prices post-pandemic and the impact of the Russian Federation’s invasion of Ukraine, which disrupted global energy markets.",9_1,13_0,,No Relationship
Only a small share can obtain it,"To accelerate progress towards Goal 9, a concerted effort is needed to promote inclusive and sustainable industrialization, foster innovation through increased investment in research and development, prioritize and accelerate the green transition, and facilitate access to information and communications technology.",9_1,13_1,,No Relationship
"Inclusive industrial policies are imperative for fostering the growth, competitiveness and resilience of small enterprises.","Fossil fuel subsidies reached a record high of $1.53 trillion in 2022, driven by rising energy prices post-pandemic and the impact of the Russian Federation’s invasion of Ukraine, which disrupted global energy markets.",9_2,13_0,,No Relationship
"Inclusive industrial policies are imperative for fostering the growth, competitiveness and resilience of small enterprises.","To accelerate progress towards Goal 9, a concerted effort is needed to promote inclusive and sustainable industrialization, foster innovation through increased investment in research and development, prioritize and accelerate the green transition, and facilitate access to information and communications technology.",9_2,13_1,,Rephrase
"The sustainability of global fishery resources declined from 90.0 per cent in 1974 to 64.6 per cent in 2019 and further to 62.3 per cent in 2021, due to overfishing, pollution, poor management and other factors.","To accelerate progress towards Goal 9, a concerted effort is needed to promote inclusive and sustainable industrialization, foster innovation through increased investment in research and development, prioritize and accelerate the green transition, and facilitate access to information and communications technology.",14_0,9_0,,Support
"The sustainability of global fishery resources declined from 90.0 per cent in 1974 to 64.6 per cent in 2019 and further to 62.3 per cent in 2021, due to overfishing, pollution, poor management and other factors.",Only a small share can obtain it,14_0,9_1,,No Relationship
"The sustainability of global fishery resources declined from 90.0 per cent in 1974 to 64.6 per cent in 2019 and further to 62.3 per cent in 2021, due to overfishing, pollution, poor management and other factors.","Inclusive industrial policies are imperative for fostering the growth, competitiveness and resilience of small enterprises.",14_0,9_2,,No Relationship
"To accelerate progress towards Goal 9, a concerted effort is needed to promote inclusive and sustainable industrialization, foster innovation through increased investment in research and development, prioritize and accelerate the green transition, and facilitate access to information and communications technology.","Illegal wildlife trade persists worldwide despite two decades of concerted action at international and national levels and poses a significant threat to global biodiversity, endangering a wide range of terrestrial and marine species.",9_0,15_0,,No Relationship
Only a small share can obtain it,"Illegal wildlife trade persists worldwide despite two decades of concerted action at international and national levels and poses a significant threat to global biodiversity, endangering a wide range of terrestrial and marine species.",9_1,15_0,,No Relationship
"Inclusive industrial policies are imperative for fostering the growth, competitiveness and resilience of small enterprises.","Illegal wildlife trade persists worldwide despite two decades of concerted action at international and national levels and poses a significant threat to global biodiversity, endangering a wide range of terrestrial and marine species.",9_2,15_0,,No Relationship
"The number of refugees has increased year-on-year for more than a decade and doubled in less than seven years, outpacing durable solutions.","To accelerate progress towards Goal 9, a concerted effort is needed to promote inclusive and sustainable industrialization, foster innovation through increased investment in research and development, prioritize and accelerate the green transition, and facilitate access to information and communications technology.",16_0,9_0,,No Relationship
"The number of refugees has increased year-on-year for more than a decade and doubled in less than seven years, outpacing durable solutions.",Only a small share can obtain it,16_0,9_1,,No Relationship
"The number of refugees has increased year-on-year for more than a decade and doubled in less than seven years, outpacing durable solutions.","Inclusive industrial policies are imperative for fostering the growth, competitiveness and resilience of small enterprises.",16_0,9_2,,No Relationship
"While air pollution levels have declined in most regions, they are still significantly higher than the recommended air quality guidelines for public health protection.",Developing countries are not fairly represented in international economic decision-making. Strengthening their voice and participation is crucial to ensuring a more inclusive and equitable global economic system.,11_0,10_0,,No Relationship
"While air pollution levels have declined in most regions, they are still significantly higher than the recommended air quality guidelines for public health protection.",In extreme poverty rates have returned to pre-pandemic levels except in low-income countries.,11_0,10_1,,No Relationship
"While air pollution levels have declined in most regions, they are still significantly higher than the recommended air quality guidelines for public health protection.","In 95 per cent of countries with available data, the average annual income of small-scale producers is less than half that of larger-scale producers.",11_0,10_2,,Support
"While air pollution levels have declined in most regions, they are still significantly higher than the recommended air quality guidelines for public health protection.","Strong and sustained commitments to changing biased social norms, eliminating harmful practices and abolishing discriminatory laws are urgently needed.",11_0,10_3,,No Relationship
"While air pollution levels have declined in most regions, they are still significantly higher than the recommended air quality guidelines for public health protection.","Globally, young women are over twice as likely as young men to be NEET.",11_0,10_4,,No Relationship
"Only 6 in 10 urban residents have convenient access to public transit, based on data collected in 2023 from 2,039 cities in 188 countries.",Developing countries are not fairly represented in international economic decision-making. Strengthening their voice and participation is crucial to ensuring a more inclusive and equitable global economic system.,11_1,10_0,,Support
"Only 6 in 10 urban residents have convenient access to public transit, based on data collected in 2023 from 2,039 cities in 188 countries.",In extreme poverty rates have returned to pre-pandemic levels except in low-income countries.,11_1,10_1,,Support
"Only 6 in 10 urban residents have convenient access to public transit, based on data collected in 2023 from 2,039 cities in 188 countries.","In 95 per cent of countries with available data, the average annual income of small-scale producers is less than half that of larger-scale producers.",11_1,10_2,,Support
"Only 6 in 10 urban residents have convenient access to public transit, based on data collected in 2023 from 2,039 cities in 188 countries.","Strong and sustained commitments to changing biased social norms, eliminating harmful practices and abolishing discriminatory laws are urgently needed.",11_1,10_3,,No Relationship
"Only 6 in 10 urban residents have convenient access to public transit, based on data collected in 2023 from 2,039 cities in 188 countries.","Globally, young women are over twice as likely as young men to be NEET.",11_1,10_4,,No Relationship
Developing countries are not fairly represented in international economic decision-making. Strengthening their voice and participation is crucial to ensuring a more inclusive and equitable global economic system.,High rates of consumption and insufficient reuse or recycling are producing vast piles of e-waste,10_0,12_0,,No Relationship
In extreme poverty rates have returned to pre-pandemic levels except in low-income countries.,High rates of consumption and insufficient reuse or recycling are producing vast piles of e-waste,10_1,12_0,,No Relationship
"In 95 per cent of countries with available data, the average annual income of small-scale producers is less than half that of larger-scale producers.",High rates of consumption and insufficient reuse or recycling are producing vast piles of e-waste,10_2,12_0,,No Relationship
"Strong and sustained commitments to changing biased social norms, eliminating harmful practices and abolishing discriminatory laws are urgently needed.",High rates of consumption and insufficient reuse or recycling are producing vast piles of e-waste,10_3,12_0,,No Relationship
"Globally, young women are over twice as likely as young men to be NEET.",High rates of consumption and insufficient reuse or recycling are producing vast piles of e-waste,10_4,12_0,,No Relationship
"Fossil fuel subsidies reached a record high of $1.53 trillion in 2022, driven by rising energy prices post-pandemic and the impact of the Russian Federation’s invasion of Ukraine, which disrupted global energy markets.",Developing countries are not fairly represented in international economic decision-making. Strengthening their voice and participation is crucial to ensuring a more inclusive and equitable global economic system.,13_0,10_0,,Support
"Fossil fuel subsidies reached a record high of $1.53 trillion in 2022, driven by rising energy prices post-pandemic and the impact of the Russian Federation’s invasion of Ukraine, which disrupted global energy markets.",In extreme poverty rates have returned to pre-pandemic levels except in low-income countries.,13_0,10_1,,Support
"Fossil fuel subsidies reached a record high of $1.53 trillion in 2022, driven by rising energy prices post-pandemic and the impact of the Russian Federation’s invasion of Ukraine, which disrupted global energy markets.","In 95 per cent of countries with available data, the average annual income of small-scale producers is less than half that of larger-scale producers.",13_0,10_2,,No Relationship
"Fossil fuel subsidies reached a record high of $1.53 trillion in 2022, driven by rising energy prices post-pandemic and the impact of the Russian Federation’s invasion of Ukraine, which disrupted global energy markets.","Strong and sustained commitments to changing biased social norms, eliminating harmful practices and abolishing discriminatory laws are urgently needed.",13_0,10_3,,No Relationship
"Fossil fuel subsidies reached a record high of $1.53 trillion in 2022, driven by rising energy prices post-pandemic and the impact of the Russian Federation’s invasion of Ukraine, which disrupted global energy markets.","Globally, young women are over twice as likely as young men to be NEET.",13_0,10_4,,No Relationship
"To accelerate progress towards Goal 9, a concerted effort is needed to promote inclusive and sustainable industrialization, foster innovation through increased investment in research and development, prioritize and accelerate the green transition, and facilitate access to information and communications technology.",Developing countries are not fairly represented in international economic decision-making. Strengthening their voice and participation is crucial to ensuring a more inclusive and equitable global economic system.,13_1,10_0,,Support
"To accelerate progress towards Goal 9, a concerted effort is needed to promote inclusive and sustainable industrialization, foster innovation through increased investment in research and development, prioritize and accelerate the green transition, and facilitate access to information and communications technology.",In extreme poverty rates have returned to pre-pandemic levels except in low-income countries.,13_1,10_1,,No Relationship
"To accelerate progress towards Goal 9, a concerted effort is needed to promote inclusive and sustainable industrialization, foster innovation through increased investment in research and development, prioritize and accelerate the green transition, and facilitate access to information and communications technology.","In 95 per cent of countries with available data, the average annual income of small-scale producers is less than half that of larger-scale producers.",13_1,10_2,,No Relationship
"To accelerate progress towards Goal 9, a concerted effort is needed to promote inclusive and sustainable industrialization, foster innovation through increased investment in research and development, prioritize and accelerate the green transition, and facilitate access to information and communications technology.","Strong and sustained commitments to changing biased social norms, eliminating harmful practices and abolishing discriminatory laws are urgently needed.",13_1,10_3,,Support
"To accelerate progress towards Goal 9, a concerted effort is needed to promote inclusive and sustainable industrialization, foster innovation through increased investment in research and development, prioritize and accelerate the green transition, and facilitate access to information and communications technology.","Globally, young women are over twice as likely as young men to be NEET.",13_1,10_4,,No Relationship
Developing countries are not fairly represented in international economic decision-making. Strengthening their voice and participation is crucial to ensuring a more inclusive and equitable global economic system.,"The sustainability of global fishery resources declined from 90.0 per cent in 1974 to 64.6 per cent in 2019 and further to 62.3 per cent in 2021, due to overfishing, pollution, poor management and other factors.",10_0,14_0,,No Relationship
In extreme poverty rates have returned to pre-pandemic levels except in low-income countries.,"The sustainability of global fishery resources declined from 90.0 per cent in 1974 to 64.6 per cent in 2019 and further to 62.3 per cent in 2021, due to overfishing, pollution, poor management and other factors.",10_1,14_0,,No Relationship
"In 95 per cent of countries with available data, the average annual income of small-scale producers is less than half that of larger-scale producers.","The sustainability of global fishery resources declined from 90.0 per cent in 1974 to 64.6 per cent in 2019 and further to 62.3 per cent in 2021, due to overfishing, pollution, poor management and other factors.",10_2,14_0,,Support
"Strong and sustained commitments to changing biased social norms, eliminating harmful practices and abolishing discriminatory laws are urgently needed.","The sustainability of global fishery resources declined from 90.0 per cent in 1974 to 64.6 per cent in 2019 and further to 62.3 per cent in 2021, due to overfishing, pollution, poor management and other factors.",10_3,14_0,,No Relationship
"Globally, young women are over twice as likely as young men to be NEET.","The sustainability of global fishery resources declined from 90.0 per cent in 1974 to 64.6 per cent in 2019 and further to 62.3 per cent in 2021, due to overfishing, pollution, poor management and other factors.",10_4,14_0,,No Relationship
"Illegal wildlife trade persists worldwide despite two decades of concerted action at international and national levels and poses a significant threat to global biodiversity, endangering a wide range of terrestrial and marine species.",Developing countries are not fairly represented in international economic decision-making. Strengthening their voice and participation is crucial to ensuring a more inclusive and equitable global economic system.,15_0,10_0,,No Relationship
"Illegal wildlife trade persists worldwide despite two decades of concerted action at international and national levels and poses a significant threat to global biodiversity, endangering a wide range of terrestrial and marine species.",In extreme poverty rates have returned to pre-pandemic levels except in low-income countries.,15_0,10_1,,No Relationship
"Illegal wildlife trade persists worldwide despite two decades of concerted action at international and national levels and poses a significant threat to global biodiversity, endangering a wide range of terrestrial and marine species.","In 95 per cent of countries with available data, the average annual income of small-scale producers is less than half that of larger-scale producers.",15_0,10_2,,No Relationship
"Illegal wildlife trade persists worldwide despite two decades of concerted action at international and national levels and poses a significant threat to global biodiversity, endangering a wide range of terrestrial and marine species.","Strong and sustained commitments to changing biased social norms, eliminating harmful practices and abolishing discriminatory laws are urgently needed.",15_0,10_3,,Support
"Illegal wildlife trade persists worldwide despite two decades of concerted action at international and national levels and poses a significant threat to global biodiversity, endangering a wide range of terrestrial and marine species.","Globally, young women are over twice as likely as young men to be NEET.",15_0,10_4,,No Relationship
Developing countries are not fairly represented in international economic decision-making. Strengthening their voice and participation is crucial to ensuring a more inclusive and equitable global economic system.,"The number of refugees has increased year-on-year for more than a decade and doubled in less than seven years, outpacing durable solutions.",10_0,16_0,,No Relationship
In extreme poverty rates have returned to pre-pandemic levels except in low-income countries.,"The number of refugees has increased year-on-year for more than a decade and doubled in less than seven years, outpacing durable solutions.",10_1,16_0,,No Relationship
"In 95 per cent of countries with available data, the average annual income of small-scale producers is less than half that of larger-scale producers.","The number of refugees has increased year-on-year for more than a decade and doubled in less than seven years, outpacing durable solutions.",10_2,16_0,,No Relationship
"Strong and sustained commitments to changing biased social norms, eliminating harmful practices and abolishing discriminatory laws are urgently needed.","The number of refugees has increased year-on-year for more than a decade and doubled in less than seven years, outpacing durable solutions.",10_3,16_0,,No Relationship
"Globally, young women are over twice as likely as young men to be NEET.","The number of refugees has increased year-on-year for more than a decade and doubled in less than seven years, outpacing durable solutions.",10_4,16_0,,No Relationship
High rates of consumption and insufficient reuse or recycling are producing vast piles of e-waste,"While air pollution levels have declined in most regions, they are still significantly higher than the recommended air quality guidelines for public health protection.",12_0,11_0,,No Relationship
High rates of consumption and insufficient reuse or recycling are producing vast piles of e-waste,"Only 6 in 10 urban residents have convenient access to public transit, based on data collected in 2023 from 2,039 cities in 188 countries.",12_0,11_1,,No Relationship
"While air pollution levels have declined in most regions, they are still significantly higher than the recommended air quality guidelines for public health protection.","Fossil fuel subsidies reached a record high of $1.53 trillion in 2022, driven by rising energy prices post-pandemic and the impact of the Russian Federation’s invasion of Ukraine, which disrupted global energy markets.",11_0,13_0,,No Relationship
"While air pollution levels have declined in most regions, they are still significantly higher than the recommended air quality guidelines for public health protection.","To accelerate progress towards Goal 9, a concerted effort is needed to promote inclusive and sustainable industrialization, foster innovation through increased investment in research and development, prioritize and accelerate the green transition, and facilitate access to information and communications technology.",11_0,13_1,,No Relationship
"Only 6 in 10 urban residents have convenient access to public transit, based on data collected in 2023 from 2,039 cities in 188 countries.","Fossil fuel subsidies reached a record high of $1.53 trillion in 2022, driven by rising energy prices post-pandemic and the impact of the Russian Federation’s invasion of Ukraine, which disrupted global energy markets.",11_1,13_0,,No Relationship
"Only 6 in 10 urban residents have convenient access to public transit, based on data collected in 2023 from 2,039 cities in 188 countries.","To accelerate progress towards Goal 9, a concerted effort is needed to promote inclusive and sustainable industrialization, foster innovation through increased investment in research and development, prioritize and accelerate the green transition, and facilitate access to information and communications technology.",11_1,13_1,,No Relationship
"The sustainability of global fishery resources declined from 90.0 per cent in 1974 to 64.6 per cent in 2019 and further to 62.3 per cent in 2021, due to overfishing, pollution, poor management and other factors.","While air pollution levels have declined in most regions, they are still significantly higher than the recommended air quality guidelines for public health protection.",14_0,11_0,,No Relationship
"The sustainability of global fishery resources declined from 90.0 per cent in 1974 to 64.6 per cent in 2019 and further to 62.3 per cent in 2021, due to overfishing, pollution, poor management and other factors.","Only 6 in 10 urban residents have convenient access to public transit, based on data collected in 2023 from 2,039 cities in 188 countries.",14_0,11_1,,No Relationship
"While air pollution levels have declined in most regions, they are still significantly higher than the recommended air quality guidelines for public health protection.","Illegal wildlife trade persists worldwide despite two decades of concerted action at international and national levels and poses a significant threat to global biodiversity, endangering a wide range of terrestrial and marine species.",11_0,15_0,,No Relationship
"Only 6 in 10 urban residents have convenient access to public transit, based on data collected in 2023 from 2,039 cities in 188 countries.","Illegal wildlife trade persists worldwide despite two decades of concerted action at international and national levels and poses a significant threat to global biodiversity, endangering a wide range of terrestrial and marine species.",11_1,15_0,,No Relationship
"The number of refugees has increased year-on-year for more than a decade and doubled in less than seven years, outpacing durable solutions.","While air pollution levels have declined in most regions, they are still significantly higher than the recommended air quality guidelines for public health protection.",16_0,11_0,,No Relationship
"The number of refugees has increased year-on-year for more than a decade and doubled in less than seven years, outpacing durable solutions.","Only 6 in 10 urban residents have convenient access to public transit, based on data collected in 2023 from 2,039 cities in 188 countries.",16_0,11_1,,No Relationship
"Fossil fuel subsidies reached a record high of $1.53 trillion in 2022, driven by rising energy prices post-pandemic and the impact of the Russian Federation’s invasion of Ukraine, which disrupted global energy markets.",High rates of consumption and insufficient reuse or recycling are producing vast piles of e-waste,13_0,12_0,,No Relationship
"To accelerate progress towards Goal 9, a concerted effort is needed to promote inclusive and sustainable industrialization, foster innovation through increased investment in research and development, prioritize and accelerate the green transition, and facilitate access to information and communications technology.",High rates of consumption and insufficient reuse or recycling are producing vast piles of e-waste,13_1,12_0,,No Relationship
High rates of consumption and insufficient reuse or recycling are producing vast piles of e-waste,"The sustainability of global fishery resources declined from 90.0 per cent in 1974 to 64.6 per cent in 2019 and further to 62.3 per cent in 2021, due to overfishing, pollution, poor management and other factors.",12_0,14_0,,No Relationship
"Illegal wildlife trade persists worldwide despite two decades of concerted action at international and national levels and poses a significant threat to global biodiversity, endangering a wide range of terrestrial and marine species.",High rates of consumption and insufficient reuse or recycling are producing vast piles of e-waste,15_0,12_0,,No Relationship
High rates of consumption and insufficient reuse or recycling are producing vast piles of e-waste,"The number of refugees has increased year-on-year for more than a decade and doubled in less than seven years, outpacing durable solutions.",12_0,16_0,,No Relationship
"The sustainability of global fishery resources declined from 90.0 per cent in 1974 to 64.6 per cent in 2019 and further to 62.3 per cent in 2021, due to overfishing, pollution, poor management and other factors.","Fossil fuel subsidies reached a record high of $1.53 trillion in 2022, driven by rising energy prices post-pandemic and the impact of the Russian Federation’s invasion of Ukraine, which disrupted global energy markets.",14_0,13_0,,No Relationship
"The sustainability of global fishery resources declined from 90.0 per cent in 1974 to 64.6 per cent in 2019 and further to 62.3 per cent in 2021, due to overfishing, pollution, poor management and other factors.","To accelerate progress towards Goal 9, a concerted effort is needed to promote inclusive and sustainable industrialization, foster innovation through increased investment in research and development, prioritize and accelerate the green transition, and facilitate access to information and communications technology.",14_0,13_1,,Support
"Fossil fuel subsidies reached a record high of $1.53 trillion in 2022, driven by rising energy prices post-pandemic and the impact of the Russian Federation’s invasion of Ukraine, which disrupted global energy markets.","Illegal wildlife trade persists worldwide despite two decades of concerted action at international and national levels and poses a significant threat to global biodiversity, endangering a wide range of terrestrial and marine species.",13_0,15_0,,No Relationship
"To accelerate progress towards Goal 9, a concerted effort is needed to promote inclusive and sustainable industrialization, foster innovation through increased investment in research and development, prioritize and accelerate the green transition, and facilitate access to information and communications technology.","Illegal wildlife trade persists worldwide despite two decades of concerted action at international and national levels and poses a significant threat to global biodiversity, endangering a wide range of terrestrial and marine species.",13_1,15_0,,No Relationship
"The number of refugees has increased year-on-year for more than a decade and doubled in less than seven years, outpacing durable solutions.","Fossil fuel subsidies reached a record high of $1.53 trillion in 2022, driven by rising energy prices post-pandemic and the impact of the Russian Federation’s invasion of Ukraine, which disrupted global energy markets.",16_0,13_0,,No Relationship
"The number of refugees has increased year-on-year for more than a decade and doubled in less than seven years, outpacing durable solutions.","To accelerate progress towards Goal 9, a concerted effort is needed to promote inclusive and sustainable industrialization, foster innovation through increased investment in research and development, prioritize and accelerate the green transition, and facilitate access to information and communications technology.",16_0,13_1,,No Relationship
"Illegal wildlife trade persists worldwide despite two decades of concerted action at international and national levels and poses a significant threat to global biodiversity, endangering a wide range of terrestrial and marine species.","The sustainability of global fishery resources declined from 90.0 per cent in 1974 to 64.6 per cent in 2019 and further to 62.3 per cent in 2021, due to overfishing, pollution, poor management and other factors.",15_0,14_0,,Support
"The sustainability of global fishery resources declined from 90.0 per cent in 1974 to 64.6 per cent in 2019 and further to 62.3 per cent in 2021, due to overfishing, pollution, poor management and other factors.","The number of refugees has increased year-on-year for more than a decade and doubled in less than seven years, outpacing durable solutions.",14_0,16_0,,No Relationship
"The number of refugees has increased year-on-year for more than a decade and doubled in less than seven years, outpacing durable solutions.","Illegal wildlife trade persists worldwide despite two decades of concerted action at international and national levels and poses a significant threat to global biodiversity, endangering a wide range of terrestrial and marine species.",16_0,15_0,,No Relationship
