SDGarg1,SDGarg2,id_arg1,id_arg2,rel
"The high-income member states have a special responsibility, both as a matter of distributive justice – that the rich not leave the poor behind – and as a matter of reparative justice – that those countries that contributed most to greenhouse gas emissions and other environmental harms in the past must do the most to curb their emissions in the future and to compensate the other countries for the damages their past actions have caused.","The upcoming Fourth International Conference on Financing for Development (FfD4), in Seville, Spain from June 30 – July 3, 2025, should send a message of hope that humanity’s global goals to end poverty and contain the climate emergency are within reach.",1_0,1_1,
"The high-income member states have a special responsibility, both as a matter of distributive justice – that the rich not leave the poor behind – and as a matter of reparative justice – that those countries that contributed most to greenhouse gas emissions and other environmental harms in the past must do the most to curb their emissions in the future and to compensate the other countries for the damages their past actions have caused.","The rest of the world, especially poorer countries, is largely cut off from international capital by low credit ratings that punish poor countries as a matter of formula rather than economic logic, and by a maze of unilateral economic sanctions imposed by the key-currency countries.",1_0,1_2,
"The high-income member states have a special responsibility, both as a matter of distributive justice – that the rich not leave the poor behind – and as a matter of reparative justice – that those countries that contributed most to greenhouse gas emissions and other environmental harms in the past must do the most to curb their emissions in the future and to compensate the other countries for the damages their past actions have caused.","The IMF and the World Bank also fail to recognize the crucial positive role of long-term debt financing for development, instead favoring a debt sustainability system that discourages or even bars the long-term financing of infrastructure and human capital in poorer countries.",1_0,1_3,
"The high-income member states have a special responsibility, both as a matter of distributive justice – that the rich not leave the poor behind – and as a matter of reparative justice – that those countries that contributed most to greenhouse gas emissions and other environmental harms in the past must do the most to curb their emissions in the future and to compensate the other countries for the damages their past actions have caused.","clear steps to reform the regulation of private capital markets, including revamp-ing the credit rating system and the IMF-World Bank Debt Sustainability Framework to increase capital flows to high-return investments in low-income countries",1_0,1_4,
"The high-income member states have a special responsibility, both as a matter of distributive justice – that the rich not leave the poor behind – and as a matter of reparative justice – that those countries that contributed most to greenhouse gas emissions and other environmental harms in the past must do the most to curb their emissions in the future and to compensate the other countries for the damages their past actions have caused.","With properly functioning international financial markets associated with key institutional reforms within emerging economies to reduce investment risks and to channel investments towards economic, social, and environmental priorities, the stream of annual global savings – roughly US$30 trillion per year – will flow in a vast and rising current to meet the needs and fulfill the potential of the poorest countries.",1_0,1_5,
"The high-income member states have a special responsibility, both as a matter of distributive justice – that the rich not leave the poor behind – and as a matter of reparative justice – that those countries that contributed most to greenhouse gas emissions and other environmental harms in the past must do the most to curb their emissions in the future and to compensate the other countries for the damages their past actions have caused.","We recall with alarm, sadness, and determination that some 250 million children are out of school because of the poverty of their societies, an estimated 733 million people struggle with chronic hunger, and roughly a third of humanity cannot afford a healthy diet.",1_0,1_6,
"The high-income member states have a special responsibility, both as a matter of distributive justice – that the rich not leave the poor behind – and as a matter of reparative justice – that those countries that contributed most to greenhouse gas emissions and other environmental harms in the past must do the most to curb their emissions in the future and to compensate the other countries for the damages their past actions have caused.","Sound international finance could and would channel long-term grants and loans to the poorest nations, allowing governments to ensure that all children receive the start in life they need and are enabled to achieve higher earnings in the future, so creating the very means for countries to repay international debts.",1_0,1_7,
"The high-income member states have a special responsibility, both as a matter of distributive justice – that the rich not leave the poor behind – and as a matter of reparative justice – that those countries that contributed most to greenhouse gas emissions and other environmental harms in the past must do the most to curb their emissions in the future and to compensate the other countries for the damages their past actions have caused.","For the millions of out-of-school, poor children living in middle-income countries, domestic financing and accountable governance can ensure that even the poorest within these societies have access to health, nutrition, and quality education.",1_0,1_8,
"The high-income member states have a special responsibility, both as a matter of distributive justice – that the rich not leave the poor behind – and as a matter of reparative justice – that those countries that contributed most to greenhouse gas emissions and other environmental harms in the past must do the most to curb their emissions in the future and to compensate the other countries for the damages their past actions have caused.","We emphasize, therefore, that the most important practical problem facing UN members at FfD4 is how to enable the vast US$30 trillion pool of world savings to flow in much larger amounts to where they are most in need: to low-income and lower-middle income countries and those most vulnerable to global environmental shocks, and to the poorest people within all countries.",1_0,1_9,
"The high-income member states have a special responsibility, both as a matter of distributive justice – that the rich not leave the poor behind – and as a matter of reparative justice – that those countries that contributed most to greenhouse gas emissions and other environmental harms in the past must do the most to curb their emissions in the future and to compensate the other countries for the damages their past actions have caused.","In addressing poverty, the most important ethical principle is to co-create solutions: we should act with the poor, not merely for the poor.",1_0,1_10,
"The high-income member states have a special responsibility, both as a matter of distributive justice – that the rich not leave the poor behind – and as a matter of reparative justice – that those countries that contributed most to greenhouse gas emissions and other environmental harms in the past must do the most to curb their emissions in the future and to compensate the other countries for the damages their past actions have caused.","Acting with the poor, small miracles can occur – moving from poverty to sustenance, from barren lands to flourishing food production.",1_0,1_11,
"The high-income member states have a special responsibility, both as a matter of distributive justice – that the rich not leave the poor behind – and as a matter of reparative justice – that those countries that contributed most to greenhouse gas emissions and other environmental harms in the past must do the most to curb their emissions in the future and to compensate the other countries for the damages their past actions have caused.",Smallholder farmers in rural areas constitute roughly three-quarters of those living in extreme income poverty and over 83 percent of multidimensionally poor people.,1_0,1_12,
"The high-income member states have a special responsibility, both as a matter of distributive justice – that the rich not leave the poor behind – and as a matter of reparative justice – that those countries that contributed most to greenhouse gas emissions and other environmental harms in the past must do the most to curb their emissions in the future and to compensate the other countries for the damages their past actions have caused.","They can best be supported in their livelihoods and wellbeing by programs that raise farm outputs and incomes: those championed by the Food and Agriculture Organization, the International Fund for Agricultural Development, the World Food Programme, and related agencies.",1_0,1_13,
"The high-income member states have a special responsibility, both as a matter of distributive justice – that the rich not leave the poor behind – and as a matter of reparative justice – that those countries that contributed most to greenhouse gas emissions and other environmental harms in the past must do the most to curb their emissions in the future and to compensate the other countries for the damages their past actions have caused.","Corporations can also play a decisive role by designing their core business strategies to empower the poorest of the poor – as workers, consumers, and citizens.",1_0,1_14,
"The high-income member states have a special responsibility, both as a matter of distributive justice – that the rich not leave the poor behind – and as a matter of reparative justice – that those countries that contributed most to greenhouse gas emissions and other environmental harms in the past must do the most to curb their emissions in the future and to compensate the other countries for the damages their past actions have caused.","Impact finance amounts to around a trillion dollars annually in managed assets, reflecting a vast desire for social and environmental impact among consumers and investors that can be tapped for the common good.",1_0,1_15,
"The upcoming Fourth International Conference on Financing for Development (FfD4), in Seville, Spain from June 30 – July 3, 2025, should send a message of hope that humanity’s global goals to end poverty and contain the climate emergency are within reach.","The rest of the world, especially poorer countries, is largely cut off from international capital by low credit ratings that punish poor countries as a matter of formula rather than economic logic, and by a maze of unilateral economic sanctions imposed by the key-currency countries.",1_1,1_2,
"The upcoming Fourth International Conference on Financing for Development (FfD4), in Seville, Spain from June 30 – July 3, 2025, should send a message of hope that humanity’s global goals to end poverty and contain the climate emergency are within reach.","The IMF and the World Bank also fail to recognize the crucial positive role of long-term debt financing for development, instead favoring a debt sustainability system that discourages or even bars the long-term financing of infrastructure and human capital in poorer countries.",1_1,1_3,
"The upcoming Fourth International Conference on Financing for Development (FfD4), in Seville, Spain from June 30 – July 3, 2025, should send a message of hope that humanity’s global goals to end poverty and contain the climate emergency are within reach.","clear steps to reform the regulation of private capital markets, including revamp-ing the credit rating system and the IMF-World Bank Debt Sustainability Framework to increase capital flows to high-return investments in low-income countries",1_1,1_4,
"The upcoming Fourth International Conference on Financing for Development (FfD4), in Seville, Spain from June 30 – July 3, 2025, should send a message of hope that humanity’s global goals to end poverty and contain the climate emergency are within reach.","With properly functioning international financial markets associated with key institutional reforms within emerging economies to reduce investment risks and to channel investments towards economic, social, and environmental priorities, the stream of annual global savings – roughly US$30 trillion per year – will flow in a vast and rising current to meet the needs and fulfill the potential of the poorest countries.",1_1,1_5,
"The upcoming Fourth International Conference on Financing for Development (FfD4), in Seville, Spain from June 30 – July 3, 2025, should send a message of hope that humanity’s global goals to end poverty and contain the climate emergency are within reach.","We recall with alarm, sadness, and determination that some 250 million children are out of school because of the poverty of their societies, an estimated 733 million people struggle with chronic hunger, and roughly a third of humanity cannot afford a healthy diet.",1_1,1_6,
"The upcoming Fourth International Conference on Financing for Development (FfD4), in Seville, Spain from June 30 – July 3, 2025, should send a message of hope that humanity’s global goals to end poverty and contain the climate emergency are within reach.","Sound international finance could and would channel long-term grants and loans to the poorest nations, allowing governments to ensure that all children receive the start in life they need and are enabled to achieve higher earnings in the future, so creating the very means for countries to repay international debts.",1_1,1_7,
"The upcoming Fourth International Conference on Financing for Development (FfD4), in Seville, Spain from June 30 – July 3, 2025, should send a message of hope that humanity’s global goals to end poverty and contain the climate emergency are within reach.","For the millions of out-of-school, poor children living in middle-income countries, domestic financing and accountable governance can ensure that even the poorest within these societies have access to health, nutrition, and quality education.",1_1,1_8,
"The upcoming Fourth International Conference on Financing for Development (FfD4), in Seville, Spain from June 30 – July 3, 2025, should send a message of hope that humanity’s global goals to end poverty and contain the climate emergency are within reach.","We emphasize, therefore, that the most important practical problem facing UN members at FfD4 is how to enable the vast US$30 trillion pool of world savings to flow in much larger amounts to where they are most in need: to low-income and lower-middle income countries and those most vulnerable to global environmental shocks, and to the poorest people within all countries.",1_1,1_9,
"The upcoming Fourth International Conference on Financing for Development (FfD4), in Seville, Spain from June 30 – July 3, 2025, should send a message of hope that humanity’s global goals to end poverty and contain the climate emergency are within reach.","In addressing poverty, the most important ethical principle is to co-create solutions: we should act with the poor, not merely for the poor.",1_1,1_10,
"The upcoming Fourth International Conference on Financing for Development (FfD4), in Seville, Spain from June 30 – July 3, 2025, should send a message of hope that humanity’s global goals to end poverty and contain the climate emergency are within reach.","Acting with the poor, small miracles can occur – moving from poverty to sustenance, from barren lands to flourishing food production.",1_1,1_11,
"The upcoming Fourth International Conference on Financing for Development (FfD4), in Seville, Spain from June 30 – July 3, 2025, should send a message of hope that humanity’s global goals to end poverty and contain the climate emergency are within reach.",Smallholder farmers in rural areas constitute roughly three-quarters of those living in extreme income poverty and over 83 percent of multidimensionally poor people.,1_1,1_12,
"The upcoming Fourth International Conference on Financing for Development (FfD4), in Seville, Spain from June 30 – July 3, 2025, should send a message of hope that humanity’s global goals to end poverty and contain the climate emergency are within reach.","They can best be supported in their livelihoods and wellbeing by programs that raise farm outputs and incomes: those championed by the Food and Agriculture Organization, the International Fund for Agricultural Development, the World Food Programme, and related agencies.",1_1,1_13,
"The upcoming Fourth International Conference on Financing for Development (FfD4), in Seville, Spain from June 30 – July 3, 2025, should send a message of hope that humanity’s global goals to end poverty and contain the climate emergency are within reach.","Corporations can also play a decisive role by designing their core business strategies to empower the poorest of the poor – as workers, consumers, and citizens.",1_1,1_14,
"The upcoming Fourth International Conference on Financing for Development (FfD4), in Seville, Spain from June 30 – July 3, 2025, should send a message of hope that humanity’s global goals to end poverty and contain the climate emergency are within reach.","Impact finance amounts to around a trillion dollars annually in managed assets, reflecting a vast desire for social and environmental impact among consumers and investors that can be tapped for the common good.",1_1,1_15,
"The rest of the world, especially poorer countries, is largely cut off from international capital by low credit ratings that punish poor countries as a matter of formula rather than economic logic, and by a maze of unilateral economic sanctions imposed by the key-currency countries.","The IMF and the World Bank also fail to recognize the crucial positive role of long-term debt financing for development, instead favoring a debt sustainability system that discourages or even bars the long-term financing of infrastructure and human capital in poorer countries.",1_2,1_3,
"The rest of the world, especially poorer countries, is largely cut off from international capital by low credit ratings that punish poor countries as a matter of formula rather than economic logic, and by a maze of unilateral economic sanctions imposed by the key-currency countries.","clear steps to reform the regulation of private capital markets, including revamp-ing the credit rating system and the IMF-World Bank Debt Sustainability Framework to increase capital flows to high-return investments in low-income countries",1_2,1_4,
"The rest of the world, especially poorer countries, is largely cut off from international capital by low credit ratings that punish poor countries as a matter of formula rather than economic logic, and by a maze of unilateral economic sanctions imposed by the key-currency countries.","With properly functioning international financial markets associated with key institutional reforms within emerging economies to reduce investment risks and to channel investments towards economic, social, and environmental priorities, the stream of annual global savings – roughly US$30 trillion per year – will flow in a vast and rising current to meet the needs and fulfill the potential of the poorest countries.",1_2,1_5,
"The rest of the world, especially poorer countries, is largely cut off from international capital by low credit ratings that punish poor countries as a matter of formula rather than economic logic, and by a maze of unilateral economic sanctions imposed by the key-currency countries.","We recall with alarm, sadness, and determination that some 250 million children are out of school because of the poverty of their societies, an estimated 733 million people struggle with chronic hunger, and roughly a third of humanity cannot afford a healthy diet.",1_2,1_6,
"The rest of the world, especially poorer countries, is largely cut off from international capital by low credit ratings that punish poor countries as a matter of formula rather than economic logic, and by a maze of unilateral economic sanctions imposed by the key-currency countries.","Sound international finance could and would channel long-term grants and loans to the poorest nations, allowing governments to ensure that all children receive the start in life they need and are enabled to achieve higher earnings in the future, so creating the very means for countries to repay international debts.",1_2,1_7,
"The rest of the world, especially poorer countries, is largely cut off from international capital by low credit ratings that punish poor countries as a matter of formula rather than economic logic, and by a maze of unilateral economic sanctions imposed by the key-currency countries.","For the millions of out-of-school, poor children living in middle-income countries, domestic financing and accountable governance can ensure that even the poorest within these societies have access to health, nutrition, and quality education.",1_2,1_8,
"The rest of the world, especially poorer countries, is largely cut off from international capital by low credit ratings that punish poor countries as a matter of formula rather than economic logic, and by a maze of unilateral economic sanctions imposed by the key-currency countries.","We emphasize, therefore, that the most important practical problem facing UN members at FfD4 is how to enable the vast US$30 trillion pool of world savings to flow in much larger amounts to where they are most in need: to low-income and lower-middle income countries and those most vulnerable to global environmental shocks, and to the poorest people within all countries.",1_2,1_9,
"The rest of the world, especially poorer countries, is largely cut off from international capital by low credit ratings that punish poor countries as a matter of formula rather than economic logic, and by a maze of unilateral economic sanctions imposed by the key-currency countries.","In addressing poverty, the most important ethical principle is to co-create solutions: we should act with the poor, not merely for the poor.",1_2,1_10,
"The rest of the world, especially poorer countries, is largely cut off from international capital by low credit ratings that punish poor countries as a matter of formula rather than economic logic, and by a maze of unilateral economic sanctions imposed by the key-currency countries.","Acting with the poor, small miracles can occur – moving from poverty to sustenance, from barren lands to flourishing food production.",1_2,1_11,
"The rest of the world, especially poorer countries, is largely cut off from international capital by low credit ratings that punish poor countries as a matter of formula rather than economic logic, and by a maze of unilateral economic sanctions imposed by the key-currency countries.",Smallholder farmers in rural areas constitute roughly three-quarters of those living in extreme income poverty and over 83 percent of multidimensionally poor people.,1_2,1_12,
"The rest of the world, especially poorer countries, is largely cut off from international capital by low credit ratings that punish poor countries as a matter of formula rather than economic logic, and by a maze of unilateral economic sanctions imposed by the key-currency countries.","They can best be supported in their livelihoods and wellbeing by programs that raise farm outputs and incomes: those championed by the Food and Agriculture Organization, the International Fund for Agricultural Development, the World Food Programme, and related agencies.",1_2,1_13,
"The rest of the world, especially poorer countries, is largely cut off from international capital by low credit ratings that punish poor countries as a matter of formula rather than economic logic, and by a maze of unilateral economic sanctions imposed by the key-currency countries.","Corporations can also play a decisive role by designing their core business strategies to empower the poorest of the poor – as workers, consumers, and citizens.",1_2,1_14,
"The rest of the world, especially poorer countries, is largely cut off from international capital by low credit ratings that punish poor countries as a matter of formula rather than economic logic, and by a maze of unilateral economic sanctions imposed by the key-currency countries.","Impact finance amounts to around a trillion dollars annually in managed assets, reflecting a vast desire for social and environmental impact among consumers and investors that can be tapped for the common good.",1_2,1_15,
"The IMF and the World Bank also fail to recognize the crucial positive role of long-term debt financing for development, instead favoring a debt sustainability system that discourages or even bars the long-term financing of infrastructure and human capital in poorer countries.","clear steps to reform the regulation of private capital markets, including revamp-ing the credit rating system and the IMF-World Bank Debt Sustainability Framework to increase capital flows to high-return investments in low-income countries",1_3,1_4,
"The IMF and the World Bank also fail to recognize the crucial positive role of long-term debt financing for development, instead favoring a debt sustainability system that discourages or even bars the long-term financing of infrastructure and human capital in poorer countries.","With properly functioning international financial markets associated with key institutional reforms within emerging economies to reduce investment risks and to channel investments towards economic, social, and environmental priorities, the stream of annual global savings – roughly US$30 trillion per year – will flow in a vast and rising current to meet the needs and fulfill the potential of the poorest countries.",1_3,1_5,
"The IMF and the World Bank also fail to recognize the crucial positive role of long-term debt financing for development, instead favoring a debt sustainability system that discourages or even bars the long-term financing of infrastructure and human capital in poorer countries.","We recall with alarm, sadness, and determination that some 250 million children are out of school because of the poverty of their societies, an estimated 733 million people struggle with chronic hunger, and roughly a third of humanity cannot afford a healthy diet.",1_3,1_6,
"The IMF and the World Bank also fail to recognize the crucial positive role of long-term debt financing for development, instead favoring a debt sustainability system that discourages or even bars the long-term financing of infrastructure and human capital in poorer countries.","Sound international finance could and would channel long-term grants and loans to the poorest nations, allowing governments to ensure that all children receive the start in life they need and are enabled to achieve higher earnings in the future, so creating the very means for countries to repay international debts.",1_3,1_7,
"The IMF and the World Bank also fail to recognize the crucial positive role of long-term debt financing for development, instead favoring a debt sustainability system that discourages or even bars the long-term financing of infrastructure and human capital in poorer countries.","For the millions of out-of-school, poor children living in middle-income countries, domestic financing and accountable governance can ensure that even the poorest within these societies have access to health, nutrition, and quality education.",1_3,1_8,
"The IMF and the World Bank also fail to recognize the crucial positive role of long-term debt financing for development, instead favoring a debt sustainability system that discourages or even bars the long-term financing of infrastructure and human capital in poorer countries.","We emphasize, therefore, that the most important practical problem facing UN members at FfD4 is how to enable the vast US$30 trillion pool of world savings to flow in much larger amounts to where they are most in need: to low-income and lower-middle income countries and those most vulnerable to global environmental shocks, and to the poorest people within all countries.",1_3,1_9,
"The IMF and the World Bank also fail to recognize the crucial positive role of long-term debt financing for development, instead favoring a debt sustainability system that discourages or even bars the long-term financing of infrastructure and human capital in poorer countries.","In addressing poverty, the most important ethical principle is to co-create solutions: we should act with the poor, not merely for the poor.",1_3,1_10,
"The IMF and the World Bank also fail to recognize the crucial positive role of long-term debt financing for development, instead favoring a debt sustainability system that discourages or even bars the long-term financing of infrastructure and human capital in poorer countries.","Acting with the poor, small miracles can occur – moving from poverty to sustenance, from barren lands to flourishing food production.",1_3,1_11,
"The IMF and the World Bank also fail to recognize the crucial positive role of long-term debt financing for development, instead favoring a debt sustainability system that discourages or even bars the long-term financing of infrastructure and human capital in poorer countries.",Smallholder farmers in rural areas constitute roughly three-quarters of those living in extreme income poverty and over 83 percent of multidimensionally poor people.,1_3,1_12,
"The IMF and the World Bank also fail to recognize the crucial positive role of long-term debt financing for development, instead favoring a debt sustainability system that discourages or even bars the long-term financing of infrastructure and human capital in poorer countries.","They can best be supported in their livelihoods and wellbeing by programs that raise farm outputs and incomes: those championed by the Food and Agriculture Organization, the International Fund for Agricultural Development, the World Food Programme, and related agencies.",1_3,1_13,
"The IMF and the World Bank also fail to recognize the crucial positive role of long-term debt financing for development, instead favoring a debt sustainability system that discourages or even bars the long-term financing of infrastructure and human capital in poorer countries.","Corporations can also play a decisive role by designing their core business strategies to empower the poorest of the poor – as workers, consumers, and citizens.",1_3,1_14,
"The IMF and the World Bank also fail to recognize the crucial positive role of long-term debt financing for development, instead favoring a debt sustainability system that discourages or even bars the long-term financing of infrastructure and human capital in poorer countries.","Impact finance amounts to around a trillion dollars annually in managed assets, reflecting a vast desire for social and environmental impact among consumers and investors that can be tapped for the common good.",1_3,1_15,
"clear steps to reform the regulation of private capital markets, including revamp-ing the credit rating system and the IMF-World Bank Debt Sustainability Framework to increase capital flows to high-return investments in low-income countries","With properly functioning international financial markets associated with key institutional reforms within emerging economies to reduce investment risks and to channel investments towards economic, social, and environmental priorities, the stream of annual global savings – roughly US$30 trillion per year – will flow in a vast and rising current to meet the needs and fulfill the potential of the poorest countries.",1_4,1_5,
"clear steps to reform the regulation of private capital markets, including revamp-ing the credit rating system and the IMF-World Bank Debt Sustainability Framework to increase capital flows to high-return investments in low-income countries","We recall with alarm, sadness, and determination that some 250 million children are out of school because of the poverty of their societies, an estimated 733 million people struggle with chronic hunger, and roughly a third of humanity cannot afford a healthy diet.",1_4,1_6,
"clear steps to reform the regulation of private capital markets, including revamp-ing the credit rating system and the IMF-World Bank Debt Sustainability Framework to increase capital flows to high-return investments in low-income countries","Sound international finance could and would channel long-term grants and loans to the poorest nations, allowing governments to ensure that all children receive the start in life they need and are enabled to achieve higher earnings in the future, so creating the very means for countries to repay international debts.",1_4,1_7,
"clear steps to reform the regulation of private capital markets, including revamp-ing the credit rating system and the IMF-World Bank Debt Sustainability Framework to increase capital flows to high-return investments in low-income countries","For the millions of out-of-school, poor children living in middle-income countries, domestic financing and accountable governance can ensure that even the poorest within these societies have access to health, nutrition, and quality education.",1_4,1_8,
"clear steps to reform the regulation of private capital markets, including revamp-ing the credit rating system and the IMF-World Bank Debt Sustainability Framework to increase capital flows to high-return investments in low-income countries","We emphasize, therefore, that the most important practical problem facing UN members at FfD4 is how to enable the vast US$30 trillion pool of world savings to flow in much larger amounts to where they are most in need: to low-income and lower-middle income countries and those most vulnerable to global environmental shocks, and to the poorest people within all countries.",1_4,1_9,
"clear steps to reform the regulation of private capital markets, including revamp-ing the credit rating system and the IMF-World Bank Debt Sustainability Framework to increase capital flows to high-return investments in low-income countries","In addressing poverty, the most important ethical principle is to co-create solutions: we should act with the poor, not merely for the poor.",1_4,1_10,
"clear steps to reform the regulation of private capital markets, including revamp-ing the credit rating system and the IMF-World Bank Debt Sustainability Framework to increase capital flows to high-return investments in low-income countries","Acting with the poor, small miracles can occur – moving from poverty to sustenance, from barren lands to flourishing food production.",1_4,1_11,
"clear steps to reform the regulation of private capital markets, including revamp-ing the credit rating system and the IMF-World Bank Debt Sustainability Framework to increase capital flows to high-return investments in low-income countries",Smallholder farmers in rural areas constitute roughly three-quarters of those living in extreme income poverty and over 83 percent of multidimensionally poor people.,1_4,1_12,
"clear steps to reform the regulation of private capital markets, including revamp-ing the credit rating system and the IMF-World Bank Debt Sustainability Framework to increase capital flows to high-return investments in low-income countries","They can best be supported in their livelihoods and wellbeing by programs that raise farm outputs and incomes: those championed by the Food and Agriculture Organization, the International Fund for Agricultural Development, the World Food Programme, and related agencies.",1_4,1_13,
"clear steps to reform the regulation of private capital markets, including revamp-ing the credit rating system and the IMF-World Bank Debt Sustainability Framework to increase capital flows to high-return investments in low-income countries","Corporations can also play a decisive role by designing their core business strategies to empower the poorest of the poor – as workers, consumers, and citizens.",1_4,1_14,
"clear steps to reform the regulation of private capital markets, including revamp-ing the credit rating system and the IMF-World Bank Debt Sustainability Framework to increase capital flows to high-return investments in low-income countries","Impact finance amounts to around a trillion dollars annually in managed assets, reflecting a vast desire for social and environmental impact among consumers and investors that can be tapped for the common good.",1_4,1_15,
"With properly functioning international financial markets associated with key institutional reforms within emerging economies to reduce investment risks and to channel investments towards economic, social, and environmental priorities, the stream of annual global savings – roughly US$30 trillion per year – will flow in a vast and rising current to meet the needs and fulfill the potential of the poorest countries.","We recall with alarm, sadness, and determination that some 250 million children are out of school because of the poverty of their societies, an estimated 733 million people struggle with chronic hunger, and roughly a third of humanity cannot afford a healthy diet.",1_5,1_6,
"With properly functioning international financial markets associated with key institutional reforms within emerging economies to reduce investment risks and to channel investments towards economic, social, and environmental priorities, the stream of annual global savings – roughly US$30 trillion per year – will flow in a vast and rising current to meet the needs and fulfill the potential of the poorest countries.","Sound international finance could and would channel long-term grants and loans to the poorest nations, allowing governments to ensure that all children receive the start in life they need and are enabled to achieve higher earnings in the future, so creating the very means for countries to repay international debts.",1_5,1_7,
"With properly functioning international financial markets associated with key institutional reforms within emerging economies to reduce investment risks and to channel investments towards economic, social, and environmental priorities, the stream of annual global savings – roughly US$30 trillion per year – will flow in a vast and rising current to meet the needs and fulfill the potential of the poorest countries.","For the millions of out-of-school, poor children living in middle-income countries, domestic financing and accountable governance can ensure that even the poorest within these societies have access to health, nutrition, and quality education.",1_5,1_8,
"With properly functioning international financial markets associated with key institutional reforms within emerging economies to reduce investment risks and to channel investments towards economic, social, and environmental priorities, the stream of annual global savings – roughly US$30 trillion per year – will flow in a vast and rising current to meet the needs and fulfill the potential of the poorest countries.","We emphasize, therefore, that the most important practical problem facing UN members at FfD4 is how to enable the vast US$30 trillion pool of world savings to flow in much larger amounts to where they are most in need: to low-income and lower-middle income countries and those most vulnerable to global environmental shocks, and to the poorest people within all countries.",1_5,1_9,
"With properly functioning international financial markets associated with key institutional reforms within emerging economies to reduce investment risks and to channel investments towards economic, social, and environmental priorities, the stream of annual global savings – roughly US$30 trillion per year – will flow in a vast and rising current to meet the needs and fulfill the potential of the poorest countries.","In addressing poverty, the most important ethical principle is to co-create solutions: we should act with the poor, not merely for the poor.",1_5,1_10,
"With properly functioning international financial markets associated with key institutional reforms within emerging economies to reduce investment risks and to channel investments towards economic, social, and environmental priorities, the stream of annual global savings – roughly US$30 trillion per year – will flow in a vast and rising current to meet the needs and fulfill the potential of the poorest countries.","Acting with the poor, small miracles can occur – moving from poverty to sustenance, from barren lands to flourishing food production.",1_5,1_11,
"With properly functioning international financial markets associated with key institutional reforms within emerging economies to reduce investment risks and to channel investments towards economic, social, and environmental priorities, the stream of annual global savings – roughly US$30 trillion per year – will flow in a vast and rising current to meet the needs and fulfill the potential of the poorest countries.",Smallholder farmers in rural areas constitute roughly three-quarters of those living in extreme income poverty and over 83 percent of multidimensionally poor people.,1_5,1_12,
"With properly functioning international financial markets associated with key institutional reforms within emerging economies to reduce investment risks and to channel investments towards economic, social, and environmental priorities, the stream of annual global savings – roughly US$30 trillion per year – will flow in a vast and rising current to meet the needs and fulfill the potential of the poorest countries.","They can best be supported in their livelihoods and wellbeing by programs that raise farm outputs and incomes: those championed by the Food and Agriculture Organization, the International Fund for Agricultural Development, the World Food Programme, and related agencies.",1_5,1_13,
"With properly functioning international financial markets associated with key institutional reforms within emerging economies to reduce investment risks and to channel investments towards economic, social, and environmental priorities, the stream of annual global savings – roughly US$30 trillion per year – will flow in a vast and rising current to meet the needs and fulfill the potential of the poorest countries.","Corporations can also play a decisive role by designing their core business strategies to empower the poorest of the poor – as workers, consumers, and citizens.",1_5,1_14,
"With properly functioning international financial markets associated with key institutional reforms within emerging economies to reduce investment risks and to channel investments towards economic, social, and environmental priorities, the stream of annual global savings – roughly US$30 trillion per year – will flow in a vast and rising current to meet the needs and fulfill the potential of the poorest countries.","Impact finance amounts to around a trillion dollars annually in managed assets, reflecting a vast desire for social and environmental impact among consumers and investors that can be tapped for the common good.",1_5,1_15,
"We recall with alarm, sadness, and determination that some 250 million children are out of school because of the poverty of their societies, an estimated 733 million people struggle with chronic hunger, and roughly a third of humanity cannot afford a healthy diet.","Sound international finance could and would channel long-term grants and loans to the poorest nations, allowing governments to ensure that all children receive the start in life they need and are enabled to achieve higher earnings in the future, so creating the very means for countries to repay international debts.",1_6,1_7,
"We recall with alarm, sadness, and determination that some 250 million children are out of school because of the poverty of their societies, an estimated 733 million people struggle with chronic hunger, and roughly a third of humanity cannot afford a healthy diet.","For the millions of out-of-school, poor children living in middle-income countries, domestic financing and accountable governance can ensure that even the poorest within these societies have access to health, nutrition, and quality education.",1_6,1_8,
"We recall with alarm, sadness, and determination that some 250 million children are out of school because of the poverty of their societies, an estimated 733 million people struggle with chronic hunger, and roughly a third of humanity cannot afford a healthy diet.","We emphasize, therefore, that the most important practical problem facing UN members at FfD4 is how to enable the vast US$30 trillion pool of world savings to flow in much larger amounts to where they are most in need: to low-income and lower-middle income countries and those most vulnerable to global environmental shocks, and to the poorest people within all countries.",1_6,1_9,
"We recall with alarm, sadness, and determination that some 250 million children are out of school because of the poverty of their societies, an estimated 733 million people struggle with chronic hunger, and roughly a third of humanity cannot afford a healthy diet.","In addressing poverty, the most important ethical principle is to co-create solutions: we should act with the poor, not merely for the poor.",1_6,1_10,
"We recall with alarm, sadness, and determination that some 250 million children are out of school because of the poverty of their societies, an estimated 733 million people struggle with chronic hunger, and roughly a third of humanity cannot afford a healthy diet.","Acting with the poor, small miracles can occur – moving from poverty to sustenance, from barren lands to flourishing food production.",1_6,1_11,
"We recall with alarm, sadness, and determination that some 250 million children are out of school because of the poverty of their societies, an estimated 733 million people struggle with chronic hunger, and roughly a third of humanity cannot afford a healthy diet.",Smallholder farmers in rural areas constitute roughly three-quarters of those living in extreme income poverty and over 83 percent of multidimensionally poor people.,1_6,1_12,
"We recall with alarm, sadness, and determination that some 250 million children are out of school because of the poverty of their societies, an estimated 733 million people struggle with chronic hunger, and roughly a third of humanity cannot afford a healthy diet.","They can best be supported in their livelihoods and wellbeing by programs that raise farm outputs and incomes: those championed by the Food and Agriculture Organization, the International Fund for Agricultural Development, the World Food Programme, and related agencies.",1_6,1_13,
"We recall with alarm, sadness, and determination that some 250 million children are out of school because of the poverty of their societies, an estimated 733 million people struggle with chronic hunger, and roughly a third of humanity cannot afford a healthy diet.","Corporations can also play a decisive role by designing their core business strategies to empower the poorest of the poor – as workers, consumers, and citizens.",1_6,1_14,
"We recall with alarm, sadness, and determination that some 250 million children are out of school because of the poverty of their societies, an estimated 733 million people struggle with chronic hunger, and roughly a third of humanity cannot afford a healthy diet.","Impact finance amounts to around a trillion dollars annually in managed assets, reflecting a vast desire for social and environmental impact among consumers and investors that can be tapped for the common good.",1_6,1_15,
"Sound international finance could and would channel long-term grants and loans to the poorest nations, allowing governments to ensure that all children receive the start in life they need and are enabled to achieve higher earnings in the future, so creating the very means for countries to repay international debts.","For the millions of out-of-school, poor children living in middle-income countries, domestic financing and accountable governance can ensure that even the poorest within these societies have access to health, nutrition, and quality education.",1_7,1_8,
"Sound international finance could and would channel long-term grants and loans to the poorest nations, allowing governments to ensure that all children receive the start in life they need and are enabled to achieve higher earnings in the future, so creating the very means for countries to repay international debts.","We emphasize, therefore, that the most important practical problem facing UN members at FfD4 is how to enable the vast US$30 trillion pool of world savings to flow in much larger amounts to where they are most in need: to low-income and lower-middle income countries and those most vulnerable to global environmental shocks, and to the poorest people within all countries.",1_7,1_9,
"Sound international finance could and would channel long-term grants and loans to the poorest nations, allowing governments to ensure that all children receive the start in life they need and are enabled to achieve higher earnings in the future, so creating the very means for countries to repay international debts.","In addressing poverty, the most important ethical principle is to co-create solutions: we should act with the poor, not merely for the poor.",1_7,1_10,
"Sound international finance could and would channel long-term grants and loans to the poorest nations, allowing governments to ensure that all children receive the start in life they need and are enabled to achieve higher earnings in the future, so creating the very means for countries to repay international debts.","Acting with the poor, small miracles can occur – moving from poverty to sustenance, from barren lands to flourishing food production.",1_7,1_11,
"Sound international finance could and would channel long-term grants and loans to the poorest nations, allowing governments to ensure that all children receive the start in life they need and are enabled to achieve higher earnings in the future, so creating the very means for countries to repay international debts.",Smallholder farmers in rural areas constitute roughly three-quarters of those living in extreme income poverty and over 83 percent of multidimensionally poor people.,1_7,1_12,
"Sound international finance could and would channel long-term grants and loans to the poorest nations, allowing governments to ensure that all children receive the start in life they need and are enabled to achieve higher earnings in the future, so creating the very means for countries to repay international debts.","They can best be supported in their livelihoods and wellbeing by programs that raise farm outputs and incomes: those championed by the Food and Agriculture Organization, the International Fund for Agricultural Development, the World Food Programme, and related agencies.",1_7,1_13,
"Sound international finance could and would channel long-term grants and loans to the poorest nations, allowing governments to ensure that all children receive the start in life they need and are enabled to achieve higher earnings in the future, so creating the very means for countries to repay international debts.","Corporations can also play a decisive role by designing their core business strategies to empower the poorest of the poor – as workers, consumers, and citizens.",1_7,1_14,
"Sound international finance could and would channel long-term grants and loans to the poorest nations, allowing governments to ensure that all children receive the start in life they need and are enabled to achieve higher earnings in the future, so creating the very means for countries to repay international debts.","Impact finance amounts to around a trillion dollars annually in managed assets, reflecting a vast desire for social and environmental impact among consumers and investors that can be tapped for the common good.",1_7,1_15,
"For the millions of out-of-school, poor children living in middle-income countries, domestic financing and accountable governance can ensure that even the poorest within these societies have access to health, nutrition, and quality education.","We emphasize, therefore, that the most important practical problem facing UN members at FfD4 is how to enable the vast US$30 trillion pool of world savings to flow in much larger amounts to where they are most in need: to low-income and lower-middle income countries and those most vulnerable to global environmental shocks, and to the poorest people within all countries.",1_8,1_9,
"For the millions of out-of-school, poor children living in middle-income countries, domestic financing and accountable governance can ensure that even the poorest within these societies have access to health, nutrition, and quality education.","In addressing poverty, the most important ethical principle is to co-create solutions: we should act with the poor, not merely for the poor.",1_8,1_10,
"For the millions of out-of-school, poor children living in middle-income countries, domestic financing and accountable governance can ensure that even the poorest within these societies have access to health, nutrition, and quality education.","Acting with the poor, small miracles can occur – moving from poverty to sustenance, from barren lands to flourishing food production.",1_8,1_11,
"For the millions of out-of-school, poor children living in middle-income countries, domestic financing and accountable governance can ensure that even the poorest within these societies have access to health, nutrition, and quality education.",Smallholder farmers in rural areas constitute roughly three-quarters of those living in extreme income poverty and over 83 percent of multidimensionally poor people.,1_8,1_12,
"For the millions of out-of-school, poor children living in middle-income countries, domestic financing and accountable governance can ensure that even the poorest within these societies have access to health, nutrition, and quality education.","They can best be supported in their livelihoods and wellbeing by programs that raise farm outputs and incomes: those championed by the Food and Agriculture Organization, the International Fund for Agricultural Development, the World Food Programme, and related agencies.",1_8,1_13,
"For the millions of out-of-school, poor children living in middle-income countries, domestic financing and accountable governance can ensure that even the poorest within these societies have access to health, nutrition, and quality education.","Corporations can also play a decisive role by designing their core business strategies to empower the poorest of the poor – as workers, consumers, and citizens.",1_8,1_14,
"For the millions of out-of-school, poor children living in middle-income countries, domestic financing and accountable governance can ensure that even the poorest within these societies have access to health, nutrition, and quality education.","Impact finance amounts to around a trillion dollars annually in managed assets, reflecting a vast desire for social and environmental impact among consumers and investors that can be tapped for the common good.",1_8,1_15,
"We emphasize, therefore, that the most important practical problem facing UN members at FfD4 is how to enable the vast US$30 trillion pool of world savings to flow in much larger amounts to where they are most in need: to low-income and lower-middle income countries and those most vulnerable to global environmental shocks, and to the poorest people within all countries.","In addressing poverty, the most important ethical principle is to co-create solutions: we should act with the poor, not merely for the poor.",1_9,1_10,
"We emphasize, therefore, that the most important practical problem facing UN members at FfD4 is how to enable the vast US$30 trillion pool of world savings to flow in much larger amounts to where they are most in need: to low-income and lower-middle income countries and those most vulnerable to global environmental shocks, and to the poorest people within all countries.","Acting with the poor, small miracles can occur – moving from poverty to sustenance, from barren lands to flourishing food production.",1_9,1_11,
"We emphasize, therefore, that the most important practical problem facing UN members at FfD4 is how to enable the vast US$30 trillion pool of world savings to flow in much larger amounts to where they are most in need: to low-income and lower-middle income countries and those most vulnerable to global environmental shocks, and to the poorest people within all countries.",Smallholder farmers in rural areas constitute roughly three-quarters of those living in extreme income poverty and over 83 percent of multidimensionally poor people.,1_9,1_12,
"We emphasize, therefore, that the most important practical problem facing UN members at FfD4 is how to enable the vast US$30 trillion pool of world savings to flow in much larger amounts to where they are most in need: to low-income and lower-middle income countries and those most vulnerable to global environmental shocks, and to the poorest people within all countries.","They can best be supported in their livelihoods and wellbeing by programs that raise farm outputs and incomes: those championed by the Food and Agriculture Organization, the International Fund for Agricultural Development, the World Food Programme, and related agencies.",1_9,1_13,
"We emphasize, therefore, that the most important practical problem facing UN members at FfD4 is how to enable the vast US$30 trillion pool of world savings to flow in much larger amounts to where they are most in need: to low-income and lower-middle income countries and those most vulnerable to global environmental shocks, and to the poorest people within all countries.","Corporations can also play a decisive role by designing their core business strategies to empower the poorest of the poor – as workers, consumers, and citizens.",1_9,1_14,
"We emphasize, therefore, that the most important practical problem facing UN members at FfD4 is how to enable the vast US$30 trillion pool of world savings to flow in much larger amounts to where they are most in need: to low-income and lower-middle income countries and those most vulnerable to global environmental shocks, and to the poorest people within all countries.","Impact finance amounts to around a trillion dollars annually in managed assets, reflecting a vast desire for social and environmental impact among consumers and investors that can be tapped for the common good.",1_9,1_15,
"In addressing poverty, the most important ethical principle is to co-create solutions: we should act with the poor, not merely for the poor.","Acting with the poor, small miracles can occur – moving from poverty to sustenance, from barren lands to flourishing food production.",1_10,1_11,
"In addressing poverty, the most important ethical principle is to co-create solutions: we should act with the poor, not merely for the poor.",Smallholder farmers in rural areas constitute roughly three-quarters of those living in extreme income poverty and over 83 percent of multidimensionally poor people.,1_10,1_12,
"In addressing poverty, the most important ethical principle is to co-create solutions: we should act with the poor, not merely for the poor.","They can best be supported in their livelihoods and wellbeing by programs that raise farm outputs and incomes: those championed by the Food and Agriculture Organization, the International Fund for Agricultural Development, the World Food Programme, and related agencies.",1_10,1_13,
"In addressing poverty, the most important ethical principle is to co-create solutions: we should act with the poor, not merely for the poor.","Corporations can also play a decisive role by designing their core business strategies to empower the poorest of the poor – as workers, consumers, and citizens.",1_10,1_14,
"In addressing poverty, the most important ethical principle is to co-create solutions: we should act with the poor, not merely for the poor.","Impact finance amounts to around a trillion dollars annually in managed assets, reflecting a vast desire for social and environmental impact among consumers and investors that can be tapped for the common good.",1_10,1_15,
"Acting with the poor, small miracles can occur – moving from poverty to sustenance, from barren lands to flourishing food production.",Smallholder farmers in rural areas constitute roughly three-quarters of those living in extreme income poverty and over 83 percent of multidimensionally poor people.,1_11,1_12,
"Acting with the poor, small miracles can occur – moving from poverty to sustenance, from barren lands to flourishing food production.","They can best be supported in their livelihoods and wellbeing by programs that raise farm outputs and incomes: those championed by the Food and Agriculture Organization, the International Fund for Agricultural Development, the World Food Programme, and related agencies.",1_11,1_13,
"Acting with the poor, small miracles can occur – moving from poverty to sustenance, from barren lands to flourishing food production.","Corporations can also play a decisive role by designing their core business strategies to empower the poorest of the poor – as workers, consumers, and citizens.",1_11,1_14,
"Acting with the poor, small miracles can occur – moving from poverty to sustenance, from barren lands to flourishing food production.","Impact finance amounts to around a trillion dollars annually in managed assets, reflecting a vast desire for social and environmental impact among consumers and investors that can be tapped for the common good.",1_11,1_15,
Smallholder farmers in rural areas constitute roughly three-quarters of those living in extreme income poverty and over 83 percent of multidimensionally poor people.,"They can best be supported in their livelihoods and wellbeing by programs that raise farm outputs and incomes: those championed by the Food and Agriculture Organization, the International Fund for Agricultural Development, the World Food Programme, and related agencies.",1_12,1_13,
Smallholder farmers in rural areas constitute roughly three-quarters of those living in extreme income poverty and over 83 percent of multidimensionally poor people.,"Corporations can also play a decisive role by designing their core business strategies to empower the poorest of the poor – as workers, consumers, and citizens.",1_12,1_14,
Smallholder farmers in rural areas constitute roughly three-quarters of those living in extreme income poverty and over 83 percent of multidimensionally poor people.,"Impact finance amounts to around a trillion dollars annually in managed assets, reflecting a vast desire for social and environmental impact among consumers and investors that can be tapped for the common good.",1_12,1_15,
"They can best be supported in their livelihoods and wellbeing by programs that raise farm outputs and incomes: those championed by the Food and Agriculture Organization, the International Fund for Agricultural Development, the World Food Programme, and related agencies.","Corporations can also play a decisive role by designing their core business strategies to empower the poorest of the poor – as workers, consumers, and citizens.",1_13,1_14,
"They can best be supported in their livelihoods and wellbeing by programs that raise farm outputs and incomes: those championed by the Food and Agriculture Organization, the International Fund for Agricultural Development, the World Food Programme, and related agencies.","Impact finance amounts to around a trillion dollars annually in managed assets, reflecting a vast desire for social and environmental impact among consumers and investors that can be tapped for the common good.",1_13,1_15,
"Corporations can also play a decisive role by designing their core business strategies to empower the poorest of the poor – as workers, consumers, and citizens.","Impact finance amounts to around a trillion dollars annually in managed assets, reflecting a vast desire for social and environmental impact among consumers and investors that can be tapped for the common good.",1_14,1_15,
roughly a third of humanity cannot afford a healthy diet,an estimated 733 million people struggle with chronic hunger,2_0,2_1,
roughly a third of humanity cannot afford a healthy diet,"For the millions of out-of-school, poor children living in middle-income countries, domestic financing and accountable governance can ensure that even the poorest within these societies have access to health, nutrition, and quality education.",2_0,2_2,
roughly a third of humanity cannot afford a healthy diet,"If we really wish to prepare a path to peace in our world, let us commit ourselves to remedying the remote causes of injustice, settling unjust and unpayable debts, and feeding the hungry.",2_0,2_3,
roughly a third of humanity cannot afford a healthy diet,"Acting with the poor, small miracles can occur – moving from poverty to sustenance, from barren lands to flourishing food production.",2_0,2_4,
roughly a third of humanity cannot afford a healthy diet,"They can best be supported in their livelihoods and wellbeing by programs that raise farm outputs and incomes: those championed by the Food and Agriculture Organization, the International Fund for Agricultural Development, the World Food Programme, and related agencies.",2_0,2_5,
roughly a third of humanity cannot afford a healthy diet,"At the global level, SDG 2 (Zero Hunger), SDG 11 (Sustainable Cities and Communities), SDG 14 (Life Below Water), SDG 15 (Life on Land) and SDG 16 (Peace, Justice and Strong Institutions) are particularly off track, facing major challenges (indicated in red on the dashboards) and showing no or very limited progress since 2015.",2_0,2_6,
roughly a third of humanity cannot afford a healthy diet,An indicator on “Minimum dietary diversity among children aged 6 months to 23 months” has been incorporated into the dataset under SDG 2 (Zero Hunger).,2_0,2_7,
roughly a third of humanity cannot afford a healthy diet,"However, even these countries face substantial challenges in achieving several SDGs, notably SDG 2 (Zero Hunger)",2_0,2_8,
an estimated 733 million people struggle with chronic hunger,"For the millions of out-of-school, poor children living in middle-income countries, domestic financing and accountable governance can ensure that even the poorest within these societies have access to health, nutrition, and quality education.",2_1,2_2,
an estimated 733 million people struggle with chronic hunger,"If we really wish to prepare a path to peace in our world, let us commit ourselves to remedying the remote causes of injustice, settling unjust and unpayable debts, and feeding the hungry.",2_1,2_3,
an estimated 733 million people struggle with chronic hunger,"Acting with the poor, small miracles can occur – moving from poverty to sustenance, from barren lands to flourishing food production.",2_1,2_4,
an estimated 733 million people struggle with chronic hunger,"They can best be supported in their livelihoods and wellbeing by programs that raise farm outputs and incomes: those championed by the Food and Agriculture Organization, the International Fund for Agricultural Development, the World Food Programme, and related agencies.",2_1,2_5,
an estimated 733 million people struggle with chronic hunger,"At the global level, SDG 2 (Zero Hunger), SDG 11 (Sustainable Cities and Communities), SDG 14 (Life Below Water), SDG 15 (Life on Land) and SDG 16 (Peace, Justice and Strong Institutions) are particularly off track, facing major challenges (indicated in red on the dashboards) and showing no or very limited progress since 2015.",2_1,2_6,
an estimated 733 million people struggle with chronic hunger,An indicator on “Minimum dietary diversity among children aged 6 months to 23 months” has been incorporated into the dataset under SDG 2 (Zero Hunger).,2_1,2_7,
an estimated 733 million people struggle with chronic hunger,"However, even these countries face substantial challenges in achieving several SDGs, notably SDG 2 (Zero Hunger)",2_1,2_8,
"For the millions of out-of-school, poor children living in middle-income countries, domestic financing and accountable governance can ensure that even the poorest within these societies have access to health, nutrition, and quality education.","If we really wish to prepare a path to peace in our world, let us commit ourselves to remedying the remote causes of injustice, settling unjust and unpayable debts, and feeding the hungry.",2_2,2_3,
"For the millions of out-of-school, poor children living in middle-income countries, domestic financing and accountable governance can ensure that even the poorest within these societies have access to health, nutrition, and quality education.","Acting with the poor, small miracles can occur – moving from poverty to sustenance, from barren lands to flourishing food production.",2_2,2_4,
"For the millions of out-of-school, poor children living in middle-income countries, domestic financing and accountable governance can ensure that even the poorest within these societies have access to health, nutrition, and quality education.","They can best be supported in their livelihoods and wellbeing by programs that raise farm outputs and incomes: those championed by the Food and Agriculture Organization, the International Fund for Agricultural Development, the World Food Programme, and related agencies.",2_2,2_5,
"For the millions of out-of-school, poor children living in middle-income countries, domestic financing and accountable governance can ensure that even the poorest within these societies have access to health, nutrition, and quality education.","At the global level, SDG 2 (Zero Hunger), SDG 11 (Sustainable Cities and Communities), SDG 14 (Life Below Water), SDG 15 (Life on Land) and SDG 16 (Peace, Justice and Strong Institutions) are particularly off track, facing major challenges (indicated in red on the dashboards) and showing no or very limited progress since 2015.",2_2,2_6,
"For the millions of out-of-school, poor children living in middle-income countries, domestic financing and accountable governance can ensure that even the poorest within these societies have access to health, nutrition, and quality education.",An indicator on “Minimum dietary diversity among children aged 6 months to 23 months” has been incorporated into the dataset under SDG 2 (Zero Hunger).,2_2,2_7,
"For the millions of out-of-school, poor children living in middle-income countries, domestic financing and accountable governance can ensure that even the poorest within these societies have access to health, nutrition, and quality education.","However, even these countries face substantial challenges in achieving several SDGs, notably SDG 2 (Zero Hunger)",2_2,2_8,
"If we really wish to prepare a path to peace in our world, let us commit ourselves to remedying the remote causes of injustice, settling unjust and unpayable debts, and feeding the hungry.","Acting with the poor, small miracles can occur – moving from poverty to sustenance, from barren lands to flourishing food production.",2_3,2_4,
"If we really wish to prepare a path to peace in our world, let us commit ourselves to remedying the remote causes of injustice, settling unjust and unpayable debts, and feeding the hungry.","They can best be supported in their livelihoods and wellbeing by programs that raise farm outputs and incomes: those championed by the Food and Agriculture Organization, the International Fund for Agricultural Development, the World Food Programme, and related agencies.",2_3,2_5,
"If we really wish to prepare a path to peace in our world, let us commit ourselves to remedying the remote causes of injustice, settling unjust and unpayable debts, and feeding the hungry.","At the global level, SDG 2 (Zero Hunger), SDG 11 (Sustainable Cities and Communities), SDG 14 (Life Below Water), SDG 15 (Life on Land) and SDG 16 (Peace, Justice and Strong Institutions) are particularly off track, facing major challenges (indicated in red on the dashboards) and showing no or very limited progress since 2015.",2_3,2_6,
"If we really wish to prepare a path to peace in our world, let us commit ourselves to remedying the remote causes of injustice, settling unjust and unpayable debts, and feeding the hungry.",An indicator on “Minimum dietary diversity among children aged 6 months to 23 months” has been incorporated into the dataset under SDG 2 (Zero Hunger).,2_3,2_7,
"If we really wish to prepare a path to peace in our world, let us commit ourselves to remedying the remote causes of injustice, settling unjust and unpayable debts, and feeding the hungry.","However, even these countries face substantial challenges in achieving several SDGs, notably SDG 2 (Zero Hunger)",2_3,2_8,
"Acting with the poor, small miracles can occur – moving from poverty to sustenance, from barren lands to flourishing food production.","They can best be supported in their livelihoods and wellbeing by programs that raise farm outputs and incomes: those championed by the Food and Agriculture Organization, the International Fund for Agricultural Development, the World Food Programme, and related agencies.",2_4,2_5,
"Acting with the poor, small miracles can occur – moving from poverty to sustenance, from barren lands to flourishing food production.","At the global level, SDG 2 (Zero Hunger), SDG 11 (Sustainable Cities and Communities), SDG 14 (Life Below Water), SDG 15 (Life on Land) and SDG 16 (Peace, Justice and Strong Institutions) are particularly off track, facing major challenges (indicated in red on the dashboards) and showing no or very limited progress since 2015.",2_4,2_6,
"Acting with the poor, small miracles can occur – moving from poverty to sustenance, from barren lands to flourishing food production.",An indicator on “Minimum dietary diversity among children aged 6 months to 23 months” has been incorporated into the dataset under SDG 2 (Zero Hunger).,2_4,2_7,
"Acting with the poor, small miracles can occur – moving from poverty to sustenance, from barren lands to flourishing food production.","However, even these countries face substantial challenges in achieving several SDGs, notably SDG 2 (Zero Hunger)",2_4,2_8,
"They can best be supported in their livelihoods and wellbeing by programs that raise farm outputs and incomes: those championed by the Food and Agriculture Organization, the International Fund for Agricultural Development, the World Food Programme, and related agencies.","At the global level, SDG 2 (Zero Hunger), SDG 11 (Sustainable Cities and Communities), SDG 14 (Life Below Water), SDG 15 (Life on Land) and SDG 16 (Peace, Justice and Strong Institutions) are particularly off track, facing major challenges (indicated in red on the dashboards) and showing no or very limited progress since 2015.",2_5,2_6,
"They can best be supported in their livelihoods and wellbeing by programs that raise farm outputs and incomes: those championed by the Food and Agriculture Organization, the International Fund for Agricultural Development, the World Food Programme, and related agencies.",An indicator on “Minimum dietary diversity among children aged 6 months to 23 months” has been incorporated into the dataset under SDG 2 (Zero Hunger).,2_5,2_7,
"They can best be supported in their livelihoods and wellbeing by programs that raise farm outputs and incomes: those championed by the Food and Agriculture Organization, the International Fund for Agricultural Development, the World Food Programme, and related agencies.","However, even these countries face substantial challenges in achieving several SDGs, notably SDG 2 (Zero Hunger)",2_5,2_8,
"At the global level, SDG 2 (Zero Hunger), SDG 11 (Sustainable Cities and Communities), SDG 14 (Life Below Water), SDG 15 (Life on Land) and SDG 16 (Peace, Justice and Strong Institutions) are particularly off track, facing major challenges (indicated in red on the dashboards) and showing no or very limited progress since 2015.",An indicator on “Minimum dietary diversity among children aged 6 months to 23 months” has been incorporated into the dataset under SDG 2 (Zero Hunger).,2_6,2_7,
"At the global level, SDG 2 (Zero Hunger), SDG 11 (Sustainable Cities and Communities), SDG 14 (Life Below Water), SDG 15 (Life on Land) and SDG 16 (Peace, Justice and Strong Institutions) are particularly off track, facing major challenges (indicated in red on the dashboards) and showing no or very limited progress since 2015.","However, even these countries face substantial challenges in achieving several SDGs, notably SDG 2 (Zero Hunger)",2_6,2_8,
An indicator on “Minimum dietary diversity among children aged 6 months to 23 months” has been incorporated into the dataset under SDG 2 (Zero Hunger).,"However, even these countries face substantial challenges in achieving several SDGs, notably SDG 2 (Zero Hunger)",2_7,2_8,
"cutting UN budgets at a time of pervasive conflicts, human displacements, climate disasters, epidemic diseases, and other crises is unacceptable","In addition to investing in the planet’s environmental sustainability, the most reliably high return on the planet comes from investing in the health and education of a young child in a low-income country in Africa, Asia, Oceania, or Latin America and the Caribbean.",3_0,3_1,
"cutting UN budgets at a time of pervasive conflicts, human displacements, climate disasters, epidemic diseases, and other crises is unacceptable","Education not only fosters dignity, fulfillment, and wellbeing, but also delivers remarkable and reliable economic benefits; leading economists to describe healthcare, nutrition, and education as investments in human capital.",3_0,3_2,
"cutting UN budgets at a time of pervasive conflicts, human displacements, climate disasters, epidemic diseases, and other crises is unacceptable","The 2024 Nobel prizes in chemistry and physics awarded to British and British-Canadian scientists celebrated breakthroughs in protein folding and machine learning, offering prospects for drug development and other stunning breakthroughs that could benefit human health and global prosperity.",3_0,3_3,
"cutting UN budgets at a time of pervasive conflicts, human displacements, climate disasters, epidemic diseases, and other crises is unacceptable",we are also empowered with breathtaking new technologies and global goals that inspire and impel humanity to build the future we want,3_0,3_4,
"cutting UN budgets at a time of pervasive conflicts, human displacements, climate disasters, epidemic diseases, and other crises is unacceptable","The five targets most on track are: Mobile use (SDG 9), Access to electricity (SDG 7), Internet use (SDG 9), Under 5 mortality rate (SDG 3) and Neonatal mortality (SDG 3).",3_0,3_5,
"In addition to investing in the planet’s environmental sustainability, the most reliably high return on the planet comes from investing in the health and education of a young child in a low-income country in Africa, Asia, Oceania, or Latin America and the Caribbean.","Education not only fosters dignity, fulfillment, and wellbeing, but also delivers remarkable and reliable economic benefits; leading economists to describe healthcare, nutrition, and education as investments in human capital.",3_1,3_2,
"In addition to investing in the planet’s environmental sustainability, the most reliably high return on the planet comes from investing in the health and education of a young child in a low-income country in Africa, Asia, Oceania, or Latin America and the Caribbean.","The 2024 Nobel prizes in chemistry and physics awarded to British and British-Canadian scientists celebrated breakthroughs in protein folding and machine learning, offering prospects for drug development and other stunning breakthroughs that could benefit human health and global prosperity.",3_1,3_3,
"In addition to investing in the planet’s environmental sustainability, the most reliably high return on the planet comes from investing in the health and education of a young child in a low-income country in Africa, Asia, Oceania, or Latin America and the Caribbean.",we are also empowered with breathtaking new technologies and global goals that inspire and impel humanity to build the future we want,3_1,3_4,
"In addition to investing in the planet’s environmental sustainability, the most reliably high return on the planet comes from investing in the health and education of a young child in a low-income country in Africa, Asia, Oceania, or Latin America and the Caribbean.","The five targets most on track are: Mobile use (SDG 9), Access to electricity (SDG 7), Internet use (SDG 9), Under 5 mortality rate (SDG 3) and Neonatal mortality (SDG 3).",3_1,3_5,
"Education not only fosters dignity, fulfillment, and wellbeing, but also delivers remarkable and reliable economic benefits; leading economists to describe healthcare, nutrition, and education as investments in human capital.","The 2024 Nobel prizes in chemistry and physics awarded to British and British-Canadian scientists celebrated breakthroughs in protein folding and machine learning, offering prospects for drug development and other stunning breakthroughs that could benefit human health and global prosperity.",3_2,3_3,
"Education not only fosters dignity, fulfillment, and wellbeing, but also delivers remarkable and reliable economic benefits; leading economists to describe healthcare, nutrition, and education as investments in human capital.",we are also empowered with breathtaking new technologies and global goals that inspire and impel humanity to build the future we want,3_2,3_4,
"Education not only fosters dignity, fulfillment, and wellbeing, but also delivers remarkable and reliable economic benefits; leading economists to describe healthcare, nutrition, and education as investments in human capital.","The five targets most on track are: Mobile use (SDG 9), Access to electricity (SDG 7), Internet use (SDG 9), Under 5 mortality rate (SDG 3) and Neonatal mortality (SDG 3).",3_2,3_5,
"The 2024 Nobel prizes in chemistry and physics awarded to British and British-Canadian scientists celebrated breakthroughs in protein folding and machine learning, offering prospects for drug development and other stunning breakthroughs that could benefit human health and global prosperity.",we are also empowered with breathtaking new technologies and global goals that inspire and impel humanity to build the future we want,3_3,3_4,
"The 2024 Nobel prizes in chemistry and physics awarded to British and British-Canadian scientists celebrated breakthroughs in protein folding and machine learning, offering prospects for drug development and other stunning breakthroughs that could benefit human health and global prosperity.","The five targets most on track are: Mobile use (SDG 9), Access to electricity (SDG 7), Internet use (SDG 9), Under 5 mortality rate (SDG 3) and Neonatal mortality (SDG 3).",3_3,3_5,
we are also empowered with breathtaking new technologies and global goals that inspire and impel humanity to build the future we want,"The five targets most on track are: Mobile use (SDG 9), Access to electricity (SDG 7), Internet use (SDG 9), Under 5 mortality rate (SDG 3) and Neonatal mortality (SDG 3).",3_4,3_5,
"In addition to investing in the planet’s environmental sustainability, the most reliably high return on the planet comes from investing in the health and education of a young child in a low-income country in Africa, Asia, Oceania, or Latin America and the Caribbean.","Education not only fosters dignity, fulfillment, and wellbeing, but also delivers remarkable and reliable economic benefits; leading economists to describe healthcare, nutrition, and education as investments in human capital.",4_0,4_1,
"In addition to investing in the planet’s environmental sustainability, the most reliably high return on the planet comes from investing in the health and education of a young child in a low-income country in Africa, Asia, Oceania, or Latin America and the Caribbean.","For the millions of out-of-school, poor children living in middle-income countries, domestic financing and accountable governance can ensure that even the poorest within these societies have access to health, nutrition, and quality education.",4_0,4_2,
"In addition to investing in the planet’s environmental sustainability, the most reliably high return on the planet comes from investing in the health and education of a young child in a low-income country in Africa, Asia, Oceania, or Latin America and the Caribbean.","A 3-year-old child in Uganda today, if suitably enabled, empowered, and financed, will graduate university in 20 years. She will then work for another 20 years to reap the returns on her education, a period long enough to pay income taxes that repay the costs of her education.",4_0,4_3,
"In addition to investing in the planet’s environmental sustainability, the most reliably high return on the planet comes from investing in the health and education of a young child in a low-income country in Africa, Asia, Oceania, or Latin America and the Caribbean.","It is estimated that the cost to achieve quality universal primary and early secondary education for all (Goal 4) would barely exceed 3 per cent of global annual military spending, while eliminating extreme poverty and hunger (Goals 1 and 2) would amount to only about 13 per cent of annual military spending.",4_0,4_4,
"Education not only fosters dignity, fulfillment, and wellbeing, but also delivers remarkable and reliable economic benefits; leading economists to describe healthcare, nutrition, and education as investments in human capital.","For the millions of out-of-school, poor children living in middle-income countries, domestic financing and accountable governance can ensure that even the poorest within these societies have access to health, nutrition, and quality education.",4_1,4_2,
"Education not only fosters dignity, fulfillment, and wellbeing, but also delivers remarkable and reliable economic benefits; leading economists to describe healthcare, nutrition, and education as investments in human capital.","A 3-year-old child in Uganda today, if suitably enabled, empowered, and financed, will graduate university in 20 years. She will then work for another 20 years to reap the returns on her education, a period long enough to pay income taxes that repay the costs of her education.",4_1,4_3,
"Education not only fosters dignity, fulfillment, and wellbeing, but also delivers remarkable and reliable economic benefits; leading economists to describe healthcare, nutrition, and education as investments in human capital.","It is estimated that the cost to achieve quality universal primary and early secondary education for all (Goal 4) would barely exceed 3 per cent of global annual military spending, while eliminating extreme poverty and hunger (Goals 1 and 2) would amount to only about 13 per cent of annual military spending.",4_1,4_4,
"For the millions of out-of-school, poor children living in middle-income countries, domestic financing and accountable governance can ensure that even the poorest within these societies have access to health, nutrition, and quality education.","A 3-year-old child in Uganda today, if suitably enabled, empowered, and financed, will graduate university in 20 years. She will then work for another 20 years to reap the returns on her education, a period long enough to pay income taxes that repay the costs of her education.",4_2,4_3,
"For the millions of out-of-school, poor children living in middle-income countries, domestic financing and accountable governance can ensure that even the poorest within these societies have access to health, nutrition, and quality education.","It is estimated that the cost to achieve quality universal primary and early secondary education for all (Goal 4) would barely exceed 3 per cent of global annual military spending, while eliminating extreme poverty and hunger (Goals 1 and 2) would amount to only about 13 per cent of annual military spending.",4_2,4_4,
"A 3-year-old child in Uganda today, if suitably enabled, empowered, and financed, will graduate university in 20 years. She will then work for another 20 years to reap the returns on her education, a period long enough to pay income taxes that repay the costs of her education.","It is estimated that the cost to achieve quality universal primary and early secondary education for all (Goal 4) would barely exceed 3 per cent of global annual military spending, while eliminating extreme poverty and hunger (Goals 1 and 2) would amount to only about 13 per cent of annual military spending.",4_3,4_4,
"On average globally, the SDGs are far off-track. At the global level, none of the 17 goals are currently on course to be achieved by 2030. Conflicts, structural vulnerabilities, and limited fiscal space impede SDG progress in many parts of the world. But while only 17 percent of the targets are on track to be achieved worldwide, most UN member states have made strong progress on targets related to access to basic services and infrastructure, including mobile broadband use (SDG 9), access to electricity (SDG 7), internet use (SDG 9), under-5 mortality rate (SDG 3), and neonatal mortality (SDG 3).","The job of finance is to bring the fruits of technologi- cal advances to benefit all of humanity, including our impoverished brothers and sisters in conflict zones and places hard hit by the ravages of high-intensity trop- ical cyclones, droughts, floods, heatwaves and forest fires that are occurring with increasing frequency as the result of human-induced climate change. We have powerful tools at our disposal – zero-carbon energy, open-source AI, precision agriculture, biodiversity con- servation.",7_0,7_1,
"On average globally, the SDGs are far off-track. At the global level, none of the 17 goals are currently on course to be achieved by 2030. Conflicts, structural vulnerabilities, and limited fiscal space impede SDG progress in many parts of the world. But while only 17 percent of the targets are on track to be achieved worldwide, most UN member states have made strong progress on targets related to access to basic services and infrastructure, including mobile broadband use (SDG 9), access to electricity (SDG 7), internet use (SDG 9), under-5 mortality rate (SDG 3), and neonatal mortality (SDG 3).","BYD, another innovative Chinese company, unveiled a system that charges electric vehicles in just five minutes, bringing the dream of convenient, low-cost and zero-emission mobility within reach.",7_0,7_2,
"On average globally, the SDGs are far off-track. At the global level, none of the 17 goals are currently on course to be achieved by 2030. Conflicts, structural vulnerabilities, and limited fiscal space impede SDG progress in many parts of the world. But while only 17 percent of the targets are on track to be achieved worldwide, most UN member states have made strong progress on targets related to access to basic services and infrastructure, including mobile broadband use (SDG 9), access to electricity (SDG 7), internet use (SDG 9), under-5 mortality rate (SDG 3), and neonatal mortality (SDG 3).","Less than 20 percent of the SDG targets are on track to be achieved globally (16.7 percent). The five targets most on track are: Mobile use (SDG 9), Access to electricity (SDG 7), Internet use (SDG 9), Under 5 mortality rate (SDG 3) and Neonatal mortality (SDG 3).",7_0,7_3,
"On average globally, the SDGs are far off-track. At the global level, none of the 17 goals are currently on course to be achieved by 2030. Conflicts, structural vulnerabilities, and limited fiscal space impede SDG progress in many parts of the world. But while only 17 percent of the targets are on track to be achieved worldwide, most UN member states have made strong progress on targets related to access to basic services and infrastructure, including mobile broadband use (SDG 9), access to electricity (SDG 7), internet use (SDG 9), under-5 mortality rate (SDG 3), and neonatal mortality (SDG 3).","In most cases, rapid progress has primarily been driven by improvements on socioeconomic SDG indicators – especially the share of women parliamentarians (SDG 5) and rates of electrification (SDG 7), of adults with a bank account in a financial institution (SDG 8), and internet use (SDG 9) – and by progress on statistical perfor- mance (SDG 17), and less by significant breakthroughs on environmental goals.",7_0,7_4,
"The job of finance is to bring the fruits of technologi- cal advances to benefit all of humanity, including our impoverished brothers and sisters in conflict zones and places hard hit by the ravages of high-intensity trop- ical cyclones, droughts, floods, heatwaves and forest fires that are occurring with increasing frequency as the result of human-induced climate change. We have powerful tools at our disposal – zero-carbon energy, open-source AI, precision agriculture, biodiversity con- servation.","BYD, another innovative Chinese company, unveiled a system that charges electric vehicles in just five minutes, bringing the dream of convenient, low-cost and zero-emission mobility within reach.",7_1,7_2,
"The job of finance is to bring the fruits of technologi- cal advances to benefit all of humanity, including our impoverished brothers and sisters in conflict zones and places hard hit by the ravages of high-intensity trop- ical cyclones, droughts, floods, heatwaves and forest fires that are occurring with increasing frequency as the result of human-induced climate change. We have powerful tools at our disposal – zero-carbon energy, open-source AI, precision agriculture, biodiversity con- servation.","Less than 20 percent of the SDG targets are on track to be achieved globally (16.7 percent). The five targets most on track are: Mobile use (SDG 9), Access to electricity (SDG 7), Internet use (SDG 9), Under 5 mortality rate (SDG 3) and Neonatal mortality (SDG 3).",7_1,7_3,
"The job of finance is to bring the fruits of technologi- cal advances to benefit all of humanity, including our impoverished brothers and sisters in conflict zones and places hard hit by the ravages of high-intensity trop- ical cyclones, droughts, floods, heatwaves and forest fires that are occurring with increasing frequency as the result of human-induced climate change. We have powerful tools at our disposal – zero-carbon energy, open-source AI, precision agriculture, biodiversity con- servation.","In most cases, rapid progress has primarily been driven by improvements on socioeconomic SDG indicators – especially the share of women parliamentarians (SDG 5) and rates of electrification (SDG 7), of adults with a bank account in a financial institution (SDG 8), and internet use (SDG 9) – and by progress on statistical perfor- mance (SDG 17), and less by significant breakthroughs on environmental goals.",7_1,7_4,
"BYD, another innovative Chinese company, unveiled a system that charges electric vehicles in just five minutes, bringing the dream of convenient, low-cost and zero-emission mobility within reach.","Less than 20 percent of the SDG targets are on track to be achieved globally (16.7 percent). The five targets most on track are: Mobile use (SDG 9), Access to electricity (SDG 7), Internet use (SDG 9), Under 5 mortality rate (SDG 3) and Neonatal mortality (SDG 3).",7_2,7_3,
"BYD, another innovative Chinese company, unveiled a system that charges electric vehicles in just five minutes, bringing the dream of convenient, low-cost and zero-emission mobility within reach.","In most cases, rapid progress has primarily been driven by improvements on socioeconomic SDG indicators – especially the share of women parliamentarians (SDG 5) and rates of electrification (SDG 7), of adults with a bank account in a financial institution (SDG 8), and internet use (SDG 9) – and by progress on statistical perfor- mance (SDG 17), and less by significant breakthroughs on environmental goals.",7_2,7_4,
"Less than 20 percent of the SDG targets are on track to be achieved globally (16.7 percent). The five targets most on track are: Mobile use (SDG 9), Access to electricity (SDG 7), Internet use (SDG 9), Under 5 mortality rate (SDG 3) and Neonatal mortality (SDG 3).","In most cases, rapid progress has primarily been driven by improvements on socioeconomic SDG indicators – especially the share of women parliamentarians (SDG 5) and rates of electrification (SDG 7), of adults with a bank account in a financial institution (SDG 8), and internet use (SDG 9) – and by progress on statistical perfor- mance (SDG 17), and less by significant breakthroughs on environmental goals.",7_3,7_4,
"Economic development is a high-return activity. This means that properly designed financial markets can channel the world’s savings not only to high-income countries that are already prosperous, but even more to the world’s poorer countries, which have the potential for rapid “catch-up” economic advancement.","We note with satisfaction that today’s emerging market and developing economies (EMDEs) routinely achieve faster economic growth than do high-income countries, a process that economists call “economic convergence”.",8_0,8_1,
"Economic development is a high-return activity. This means that properly designed financial markets can channel the world’s savings not only to high-income countries that are already prosperous, but even more to the world’s poorer countries, which have the potential for rapid “catch-up” economic advancement.","Indeed, the poorer a country is today, the greater its growth potential and the higher the return on investment.",8_0,8_2,
"Economic development is a high-return activity. This means that properly designed financial markets can channel the world’s savings not only to high-income countries that are already prosperous, but even more to the world’s poorer countries, which have the potential for rapid “catch-up” economic advancement.","With properly functioning international financial markets associated with key institutional reforms within emerging economies to reduce investment risks and to channel investments towards economic, social, and environmental priorities, the stream of annual global savings – roughly US$30 trillion per year – will flow in a vast and rising current to meet the needs and fulfill the potential of the poorest countries.",8_0,8_3,
"Economic development is a high-return activity. This means that properly designed financial markets can channel the world’s savings not only to high-income countries that are already prosperous, but even more to the world’s poorer countries, which have the potential for rapid “catch-up” economic advancement.","Financing for economic development is within reach, but the timeline of development must be understood and respected by the international financial system.",8_0,8_4,
"Economic development is a high-return activity. This means that properly designed financial markets can channel the world’s savings not only to high-income countries that are already prosperous, but even more to the world’s poorer countries, which have the potential for rapid “catch-up” economic advancement.",Capital should flow to these countries.,8_0,8_5,
"Economic development is a high-return activity. This means that properly designed financial markets can channel the world’s savings not only to high-income countries that are already prosperous, but even more to the world’s poorer countries, which have the potential for rapid “catch-up” economic advancement.",The obvious and crucial remedy is to match the time horizon of the loan with a realistic horizon for long-term economic growth (especially considering that the returns on investments in human capital typically require 20 to 40 years to come to fruition).,8_0,8_6,
"Economic development is a high-return activity. This means that properly designed financial markets can channel the world’s savings not only to high-income countries that are already prosperous, but even more to the world’s poorer countries, which have the potential for rapid “catch-up” economic advancement.","The simple fact is that the EMDEs are good credit prospects if the financing program is well designed (with long maturities and affordable yields); the national economy is well managed (fiscal rules and sound debt management systems); the investment program is well targeted to infrastructure, human capital, and business development; and LLR services are available.",8_0,8_7,
"Economic development is a high-return activity. This means that properly designed financial markets can channel the world’s savings not only to high-income countries that are already prosperous, but even more to the world’s poorer countries, which have the potential for rapid “catch-up” economic advancement.","In such circumstances, the overriding truth is that today’s poorer countries have very high growth potential and high investment returns.",8_0,8_8,
"Economic development is a high-return activity. This means that properly designed financial markets can channel the world’s savings not only to high-income countries that are already prosperous, but even more to the world’s poorer countries, which have the potential for rapid “catch-up” economic advancement.","Indeed, their potential economic growth and return on investment are far higher than in high-income countries.",8_0,8_9,
"Economic development is a high-return activity. This means that properly designed financial markets can channel the world’s savings not only to high-income countries that are already prosperous, but even more to the world’s poorer countries, which have the potential for rapid “catch-up” economic advancement.","We therefore call on the IMF and the World Bank in their Debt Sustainability Framework (DSF), and to the credit rating agencies, to revamp their methodologies to take account of: the high potential growth of poorer countries if they can access the necessary financing for development; the maturity structure of loans (awarding higher credit ratings and debt-sustainability assessments to long-term loans); the quality of a country’s debt management systems; the presence of a domestic and/or international lender of last resort; and the uses of the external financing, recognizing the growth-creating benefits of high-return investments in human capital and physical infrastructure.",8_0,8_10,
"Economic development is a high-return activity. This means that properly designed financial markets can channel the world’s savings not only to high-income countries that are already prosperous, but even more to the world’s poorer countries, which have the potential for rapid “catch-up” economic advancement.","Official financing should be accorded based on growth potential, good governance, and financing needs – not on the foreign policy considerations of one or another major power.",8_0,8_11,
"Economic development is a high-return activity. This means that properly designed financial markets can channel the world’s savings not only to high-income countries that are already prosperous, but even more to the world’s poorer countries, which have the potential for rapid “catch-up” economic advancement.","Financing needs should be calibrated on the basis of integrated assessments that consider economic, social, and environmental needs and objectives.",8_0,8_12,
"Economic development is a high-return activity. This means that properly designed financial markets can channel the world’s savings not only to high-income countries that are already prosperous, but even more to the world’s poorer countries, which have the potential for rapid “catch-up” economic advancement.",This is becoming an important area of work at the SDSN to promote resilience and concerted action for a sustainable international trade system.,8_0,8_13,
"We note with satisfaction that today’s emerging market and developing economies (EMDEs) routinely achieve faster economic growth than do high-income countries, a process that economists call “economic convergence”.","Indeed, the poorer a country is today, the greater its growth potential and the higher the return on investment.",8_1,8_2,
"We note with satisfaction that today’s emerging market and developing economies (EMDEs) routinely achieve faster economic growth than do high-income countries, a process that economists call “economic convergence”.","With properly functioning international financial markets associated with key institutional reforms within emerging economies to reduce investment risks and to channel investments towards economic, social, and environmental priorities, the stream of annual global savings – roughly US$30 trillion per year – will flow in a vast and rising current to meet the needs and fulfill the potential of the poorest countries.",8_1,8_3,
"We note with satisfaction that today’s emerging market and developing economies (EMDEs) routinely achieve faster economic growth than do high-income countries, a process that economists call “economic convergence”.","Financing for economic development is within reach, but the timeline of development must be understood and respected by the international financial system.",8_1,8_4,
"We note with satisfaction that today’s emerging market and developing economies (EMDEs) routinely achieve faster economic growth than do high-income countries, a process that economists call “economic convergence”.",Capital should flow to these countries.,8_1,8_5,
"We note with satisfaction that today’s emerging market and developing economies (EMDEs) routinely achieve faster economic growth than do high-income countries, a process that economists call “economic convergence”.",The obvious and crucial remedy is to match the time horizon of the loan with a realistic horizon for long-term economic growth (especially considering that the returns on investments in human capital typically require 20 to 40 years to come to fruition).,8_1,8_6,
"We note with satisfaction that today’s emerging market and developing economies (EMDEs) routinely achieve faster economic growth than do high-income countries, a process that economists call “economic convergence”.","The simple fact is that the EMDEs are good credit prospects if the financing program is well designed (with long maturities and affordable yields); the national economy is well managed (fiscal rules and sound debt management systems); the investment program is well targeted to infrastructure, human capital, and business development; and LLR services are available.",8_1,8_7,
"We note with satisfaction that today’s emerging market and developing economies (EMDEs) routinely achieve faster economic growth than do high-income countries, a process that economists call “economic convergence”.","In such circumstances, the overriding truth is that today’s poorer countries have very high growth potential and high investment returns.",8_1,8_8,
"We note with satisfaction that today’s emerging market and developing economies (EMDEs) routinely achieve faster economic growth than do high-income countries, a process that economists call “economic convergence”.","Indeed, their potential economic growth and return on investment are far higher than in high-income countries.",8_1,8_9,
"We note with satisfaction that today’s emerging market and developing economies (EMDEs) routinely achieve faster economic growth than do high-income countries, a process that economists call “economic convergence”.","We therefore call on the IMF and the World Bank in their Debt Sustainability Framework (DSF), and to the credit rating agencies, to revamp their methodologies to take account of: the high potential growth of poorer countries if they can access the necessary financing for development; the maturity structure of loans (awarding higher credit ratings and debt-sustainability assessments to long-term loans); the quality of a country’s debt management systems; the presence of a domestic and/or international lender of last resort; and the uses of the external financing, recognizing the growth-creating benefits of high-return investments in human capital and physical infrastructure.",8_1,8_10,
"We note with satisfaction that today’s emerging market and developing economies (EMDEs) routinely achieve faster economic growth than do high-income countries, a process that economists call “economic convergence”.","Official financing should be accorded based on growth potential, good governance, and financing needs – not on the foreign policy considerations of one or another major power.",8_1,8_11,
"We note with satisfaction that today’s emerging market and developing economies (EMDEs) routinely achieve faster economic growth than do high-income countries, a process that economists call “economic convergence”.","Financing needs should be calibrated on the basis of integrated assessments that consider economic, social, and environmental needs and objectives.",8_1,8_12,
"We note with satisfaction that today’s emerging market and developing economies (EMDEs) routinely achieve faster economic growth than do high-income countries, a process that economists call “economic convergence”.",This is becoming an important area of work at the SDSN to promote resilience and concerted action for a sustainable international trade system.,8_1,8_13,
"Indeed, the poorer a country is today, the greater its growth potential and the higher the return on investment.","With properly functioning international financial markets associated with key institutional reforms within emerging economies to reduce investment risks and to channel investments towards economic, social, and environmental priorities, the stream of annual global savings – roughly US$30 trillion per year – will flow in a vast and rising current to meet the needs and fulfill the potential of the poorest countries.",8_2,8_3,
"Indeed, the poorer a country is today, the greater its growth potential and the higher the return on investment.","Financing for economic development is within reach, but the timeline of development must be understood and respected by the international financial system.",8_2,8_4,
"Indeed, the poorer a country is today, the greater its growth potential and the higher the return on investment.",Capital should flow to these countries.,8_2,8_5,
"Indeed, the poorer a country is today, the greater its growth potential and the higher the return on investment.",The obvious and crucial remedy is to match the time horizon of the loan with a realistic horizon for long-term economic growth (especially considering that the returns on investments in human capital typically require 20 to 40 years to come to fruition).,8_2,8_6,
"Indeed, the poorer a country is today, the greater its growth potential and the higher the return on investment.","The simple fact is that the EMDEs are good credit prospects if the financing program is well designed (with long maturities and affordable yields); the national economy is well managed (fiscal rules and sound debt management systems); the investment program is well targeted to infrastructure, human capital, and business development; and LLR services are available.",8_2,8_7,
"Indeed, the poorer a country is today, the greater its growth potential and the higher the return on investment.","In such circumstances, the overriding truth is that today’s poorer countries have very high growth potential and high investment returns.",8_2,8_8,
"Indeed, the poorer a country is today, the greater its growth potential and the higher the return on investment.","Indeed, their potential economic growth and return on investment are far higher than in high-income countries.",8_2,8_9,
"Indeed, the poorer a country is today, the greater its growth potential and the higher the return on investment.","We therefore call on the IMF and the World Bank in their Debt Sustainability Framework (DSF), and to the credit rating agencies, to revamp their methodologies to take account of: the high potential growth of poorer countries if they can access the necessary financing for development; the maturity structure of loans (awarding higher credit ratings and debt-sustainability assessments to long-term loans); the quality of a country’s debt management systems; the presence of a domestic and/or international lender of last resort; and the uses of the external financing, recognizing the growth-creating benefits of high-return investments in human capital and physical infrastructure.",8_2,8_10,
"Indeed, the poorer a country is today, the greater its growth potential and the higher the return on investment.","Official financing should be accorded based on growth potential, good governance, and financing needs – not on the foreign policy considerations of one or another major power.",8_2,8_11,
"Indeed, the poorer a country is today, the greater its growth potential and the higher the return on investment.","Financing needs should be calibrated on the basis of integrated assessments that consider economic, social, and environmental needs and objectives.",8_2,8_12,
"Indeed, the poorer a country is today, the greater its growth potential and the higher the return on investment.",This is becoming an important area of work at the SDSN to promote resilience and concerted action for a sustainable international trade system.,8_2,8_13,
"With properly functioning international financial markets associated with key institutional reforms within emerging economies to reduce investment risks and to channel investments towards economic, social, and environmental priorities, the stream of annual global savings – roughly US$30 trillion per year – will flow in a vast and rising current to meet the needs and fulfill the potential of the poorest countries.","Financing for economic development is within reach, but the timeline of development must be understood and respected by the international financial system.",8_3,8_4,
"With properly functioning international financial markets associated with key institutional reforms within emerging economies to reduce investment risks and to channel investments towards economic, social, and environmental priorities, the stream of annual global savings – roughly US$30 trillion per year – will flow in a vast and rising current to meet the needs and fulfill the potential of the poorest countries.",Capital should flow to these countries.,8_3,8_5,
"With properly functioning international financial markets associated with key institutional reforms within emerging economies to reduce investment risks and to channel investments towards economic, social, and environmental priorities, the stream of annual global savings – roughly US$30 trillion per year – will flow in a vast and rising current to meet the needs and fulfill the potential of the poorest countries.",The obvious and crucial remedy is to match the time horizon of the loan with a realistic horizon for long-term economic growth (especially considering that the returns on investments in human capital typically require 20 to 40 years to come to fruition).,8_3,8_6,
"With properly functioning international financial markets associated with key institutional reforms within emerging economies to reduce investment risks and to channel investments towards economic, social, and environmental priorities, the stream of annual global savings – roughly US$30 trillion per year – will flow in a vast and rising current to meet the needs and fulfill the potential of the poorest countries.","The simple fact is that the EMDEs are good credit prospects if the financing program is well designed (with long maturities and affordable yields); the national economy is well managed (fiscal rules and sound debt management systems); the investment program is well targeted to infrastructure, human capital, and business development; and LLR services are available.",8_3,8_7,
"With properly functioning international financial markets associated with key institutional reforms within emerging economies to reduce investment risks and to channel investments towards economic, social, and environmental priorities, the stream of annual global savings – roughly US$30 trillion per year – will flow in a vast and rising current to meet the needs and fulfill the potential of the poorest countries.","In such circumstances, the overriding truth is that today’s poorer countries have very high growth potential and high investment returns.",8_3,8_8,
"With properly functioning international financial markets associated with key institutional reforms within emerging economies to reduce investment risks and to channel investments towards economic, social, and environmental priorities, the stream of annual global savings – roughly US$30 trillion per year – will flow in a vast and rising current to meet the needs and fulfill the potential of the poorest countries.","Indeed, their potential economic growth and return on investment are far higher than in high-income countries.",8_3,8_9,
"With properly functioning international financial markets associated with key institutional reforms within emerging economies to reduce investment risks and to channel investments towards economic, social, and environmental priorities, the stream of annual global savings – roughly US$30 trillion per year – will flow in a vast and rising current to meet the needs and fulfill the potential of the poorest countries.","We therefore call on the IMF and the World Bank in their Debt Sustainability Framework (DSF), and to the credit rating agencies, to revamp their methodologies to take account of: the high potential growth of poorer countries if they can access the necessary financing for development; the maturity structure of loans (awarding higher credit ratings and debt-sustainability assessments to long-term loans); the quality of a country’s debt management systems; the presence of a domestic and/or international lender of last resort; and the uses of the external financing, recognizing the growth-creating benefits of high-return investments in human capital and physical infrastructure.",8_3,8_10,
"With properly functioning international financial markets associated with key institutional reforms within emerging economies to reduce investment risks and to channel investments towards economic, social, and environmental priorities, the stream of annual global savings – roughly US$30 trillion per year – will flow in a vast and rising current to meet the needs and fulfill the potential of the poorest countries.","Official financing should be accorded based on growth potential, good governance, and financing needs – not on the foreign policy considerations of one or another major power.",8_3,8_11,
"With properly functioning international financial markets associated with key institutional reforms within emerging economies to reduce investment risks and to channel investments towards economic, social, and environmental priorities, the stream of annual global savings – roughly US$30 trillion per year – will flow in a vast and rising current to meet the needs and fulfill the potential of the poorest countries.","Financing needs should be calibrated on the basis of integrated assessments that consider economic, social, and environmental needs and objectives.",8_3,8_12,
"With properly functioning international financial markets associated with key institutional reforms within emerging economies to reduce investment risks and to channel investments towards economic, social, and environmental priorities, the stream of annual global savings – roughly US$30 trillion per year – will flow in a vast and rising current to meet the needs and fulfill the potential of the poorest countries.",This is becoming an important area of work at the SDSN to promote resilience and concerted action for a sustainable international trade system.,8_3,8_13,
"Financing for economic development is within reach, but the timeline of development must be understood and respected by the international financial system.",Capital should flow to these countries.,8_4,8_5,
"Financing for economic development is within reach, but the timeline of development must be understood and respected by the international financial system.",The obvious and crucial remedy is to match the time horizon of the loan with a realistic horizon for long-term economic growth (especially considering that the returns on investments in human capital typically require 20 to 40 years to come to fruition).,8_4,8_6,
"Financing for economic development is within reach, but the timeline of development must be understood and respected by the international financial system.","The simple fact is that the EMDEs are good credit prospects if the financing program is well designed (with long maturities and affordable yields); the national economy is well managed (fiscal rules and sound debt management systems); the investment program is well targeted to infrastructure, human capital, and business development; and LLR services are available.",8_4,8_7,
"Financing for economic development is within reach, but the timeline of development must be understood and respected by the international financial system.","In such circumstances, the overriding truth is that today’s poorer countries have very high growth potential and high investment returns.",8_4,8_8,
"Financing for economic development is within reach, but the timeline of development must be understood and respected by the international financial system.","Indeed, their potential economic growth and return on investment are far higher than in high-income countries.",8_4,8_9,
"Financing for economic development is within reach, but the timeline of development must be understood and respected by the international financial system.","We therefore call on the IMF and the World Bank in their Debt Sustainability Framework (DSF), and to the credit rating agencies, to revamp their methodologies to take account of: the high potential growth of poorer countries if they can access the necessary financing for development; the maturity structure of loans (awarding higher credit ratings and debt-sustainability assessments to long-term loans); the quality of a country’s debt management systems; the presence of a domestic and/or international lender of last resort; and the uses of the external financing, recognizing the growth-creating benefits of high-return investments in human capital and physical infrastructure.",8_4,8_10,
"Financing for economic development is within reach, but the timeline of development must be understood and respected by the international financial system.","Official financing should be accorded based on growth potential, good governance, and financing needs – not on the foreign policy considerations of one or another major power.",8_4,8_11,
"Financing for economic development is within reach, but the timeline of development must be understood and respected by the international financial system.","Financing needs should be calibrated on the basis of integrated assessments that consider economic, social, and environmental needs and objectives.",8_4,8_12,
"Financing for economic development is within reach, but the timeline of development must be understood and respected by the international financial system.",This is becoming an important area of work at the SDSN to promote resilience and concerted action for a sustainable international trade system.,8_4,8_13,
Capital should flow to these countries.,The obvious and crucial remedy is to match the time horizon of the loan with a realistic horizon for long-term economic growth (especially considering that the returns on investments in human capital typically require 20 to 40 years to come to fruition).,8_5,8_6,
Capital should flow to these countries.,"The simple fact is that the EMDEs are good credit prospects if the financing program is well designed (with long maturities and affordable yields); the national economy is well managed (fiscal rules and sound debt management systems); the investment program is well targeted to infrastructure, human capital, and business development; and LLR services are available.",8_5,8_7,
Capital should flow to these countries.,"In such circumstances, the overriding truth is that today’s poorer countries have very high growth potential and high investment returns.",8_5,8_8,
Capital should flow to these countries.,"Indeed, their potential economic growth and return on investment are far higher than in high-income countries.",8_5,8_9,
Capital should flow to these countries.,"We therefore call on the IMF and the World Bank in their Debt Sustainability Framework (DSF), and to the credit rating agencies, to revamp their methodologies to take account of: the high potential growth of poorer countries if they can access the necessary financing for development; the maturity structure of loans (awarding higher credit ratings and debt-sustainability assessments to long-term loans); the quality of a country’s debt management systems; the presence of a domestic and/or international lender of last resort; and the uses of the external financing, recognizing the growth-creating benefits of high-return investments in human capital and physical infrastructure.",8_5,8_10,
Capital should flow to these countries.,"Official financing should be accorded based on growth potential, good governance, and financing needs – not on the foreign policy considerations of one or another major power.",8_5,8_11,
Capital should flow to these countries.,"Financing needs should be calibrated on the basis of integrated assessments that consider economic, social, and environmental needs and objectives.",8_5,8_12,
Capital should flow to these countries.,This is becoming an important area of work at the SDSN to promote resilience and concerted action for a sustainable international trade system.,8_5,8_13,
The obvious and crucial remedy is to match the time horizon of the loan with a realistic horizon for long-term economic growth (especially considering that the returns on investments in human capital typically require 20 to 40 years to come to fruition).,"The simple fact is that the EMDEs are good credit prospects if the financing program is well designed (with long maturities and affordable yields); the national economy is well managed (fiscal rules and sound debt management systems); the investment program is well targeted to infrastructure, human capital, and business development; and LLR services are available.",8_6,8_7,
The obvious and crucial remedy is to match the time horizon of the loan with a realistic horizon for long-term economic growth (especially considering that the returns on investments in human capital typically require 20 to 40 years to come to fruition).,"In such circumstances, the overriding truth is that today’s poorer countries have very high growth potential and high investment returns.",8_6,8_8,
The obvious and crucial remedy is to match the time horizon of the loan with a realistic horizon for long-term economic growth (especially considering that the returns on investments in human capital typically require 20 to 40 years to come to fruition).,"Indeed, their potential economic growth and return on investment are far higher than in high-income countries.",8_6,8_9,
The obvious and crucial remedy is to match the time horizon of the loan with a realistic horizon for long-term economic growth (especially considering that the returns on investments in human capital typically require 20 to 40 years to come to fruition).,"We therefore call on the IMF and the World Bank in their Debt Sustainability Framework (DSF), and to the credit rating agencies, to revamp their methodologies to take account of: the high potential growth of poorer countries if they can access the necessary financing for development; the maturity structure of loans (awarding higher credit ratings and debt-sustainability assessments to long-term loans); the quality of a country’s debt management systems; the presence of a domestic and/or international lender of last resort; and the uses of the external financing, recognizing the growth-creating benefits of high-return investments in human capital and physical infrastructure.",8_6,8_10,
The obvious and crucial remedy is to match the time horizon of the loan with a realistic horizon for long-term economic growth (especially considering that the returns on investments in human capital typically require 20 to 40 years to come to fruition).,"Official financing should be accorded based on growth potential, good governance, and financing needs – not on the foreign policy considerations of one or another major power.",8_6,8_11,
The obvious and crucial remedy is to match the time horizon of the loan with a realistic horizon for long-term economic growth (especially considering that the returns on investments in human capital typically require 20 to 40 years to come to fruition).,"Financing needs should be calibrated on the basis of integrated assessments that consider economic, social, and environmental needs and objectives.",8_6,8_12,
The obvious and crucial remedy is to match the time horizon of the loan with a realistic horizon for long-term economic growth (especially considering that the returns on investments in human capital typically require 20 to 40 years to come to fruition).,This is becoming an important area of work at the SDSN to promote resilience and concerted action for a sustainable international trade system.,8_6,8_13,
"The simple fact is that the EMDEs are good credit prospects if the financing program is well designed (with long maturities and affordable yields); the national economy is well managed (fiscal rules and sound debt management systems); the investment program is well targeted to infrastructure, human capital, and business development; and LLR services are available.","In such circumstances, the overriding truth is that today’s poorer countries have very high growth potential and high investment returns.",8_7,8_8,
"The simple fact is that the EMDEs are good credit prospects if the financing program is well designed (with long maturities and affordable yields); the national economy is well managed (fiscal rules and sound debt management systems); the investment program is well targeted to infrastructure, human capital, and business development; and LLR services are available.","Indeed, their potential economic growth and return on investment are far higher than in high-income countries.",8_7,8_9,
"The simple fact is that the EMDEs are good credit prospects if the financing program is well designed (with long maturities and affordable yields); the national economy is well managed (fiscal rules and sound debt management systems); the investment program is well targeted to infrastructure, human capital, and business development; and LLR services are available.","We therefore call on the IMF and the World Bank in their Debt Sustainability Framework (DSF), and to the credit rating agencies, to revamp their methodologies to take account of: the high potential growth of poorer countries if they can access the necessary financing for development; the maturity structure of loans (awarding higher credit ratings and debt-sustainability assessments to long-term loans); the quality of a country’s debt management systems; the presence of a domestic and/or international lender of last resort; and the uses of the external financing, recognizing the growth-creating benefits of high-return investments in human capital and physical infrastructure.",8_7,8_10,
"The simple fact is that the EMDEs are good credit prospects if the financing program is well designed (with long maturities and affordable yields); the national economy is well managed (fiscal rules and sound debt management systems); the investment program is well targeted to infrastructure, human capital, and business development; and LLR services are available.","Official financing should be accorded based on growth potential, good governance, and financing needs – not on the foreign policy considerations of one or another major power.",8_7,8_11,
"The simple fact is that the EMDEs are good credit prospects if the financing program is well designed (with long maturities and affordable yields); the national economy is well managed (fiscal rules and sound debt management systems); the investment program is well targeted to infrastructure, human capital, and business development; and LLR services are available.","Financing needs should be calibrated on the basis of integrated assessments that consider economic, social, and environmental needs and objectives.",8_7,8_12,
"The simple fact is that the EMDEs are good credit prospects if the financing program is well designed (with long maturities and affordable yields); the national economy is well managed (fiscal rules and sound debt management systems); the investment program is well targeted to infrastructure, human capital, and business development; and LLR services are available.",This is becoming an important area of work at the SDSN to promote resilience and concerted action for a sustainable international trade system.,8_7,8_13,
"In such circumstances, the overriding truth is that today’s poorer countries have very high growth potential and high investment returns.","Indeed, their potential economic growth and return on investment are far higher than in high-income countries.",8_8,8_9,
"In such circumstances, the overriding truth is that today’s poorer countries have very high growth potential and high investment returns.","We therefore call on the IMF and the World Bank in their Debt Sustainability Framework (DSF), and to the credit rating agencies, to revamp their methodologies to take account of: the high potential growth of poorer countries if they can access the necessary financing for development; the maturity structure of loans (awarding higher credit ratings and debt-sustainability assessments to long-term loans); the quality of a country’s debt management systems; the presence of a domestic and/or international lender of last resort; and the uses of the external financing, recognizing the growth-creating benefits of high-return investments in human capital and physical infrastructure.",8_8,8_10,
"In such circumstances, the overriding truth is that today’s poorer countries have very high growth potential and high investment returns.","Official financing should be accorded based on growth potential, good governance, and financing needs – not on the foreign policy considerations of one or another major power.",8_8,8_11,
"In such circumstances, the overriding truth is that today’s poorer countries have very high growth potential and high investment returns.","Financing needs should be calibrated on the basis of integrated assessments that consider economic, social, and environmental needs and objectives.",8_8,8_12,
"In such circumstances, the overriding truth is that today’s poorer countries have very high growth potential and high investment returns.",This is becoming an important area of work at the SDSN to promote resilience and concerted action for a sustainable international trade system.,8_8,8_13,
"Indeed, their potential economic growth and return on investment are far higher than in high-income countries.","We therefore call on the IMF and the World Bank in their Debt Sustainability Framework (DSF), and to the credit rating agencies, to revamp their methodologies to take account of: the high potential growth of poorer countries if they can access the necessary financing for development; the maturity structure of loans (awarding higher credit ratings and debt-sustainability assessments to long-term loans); the quality of a country’s debt management systems; the presence of a domestic and/or international lender of last resort; and the uses of the external financing, recognizing the growth-creating benefits of high-return investments in human capital and physical infrastructure.",8_9,8_10,
"Indeed, their potential economic growth and return on investment are far higher than in high-income countries.","Official financing should be accorded based on growth potential, good governance, and financing needs – not on the foreign policy considerations of one or another major power.",8_9,8_11,
"Indeed, their potential economic growth and return on investment are far higher than in high-income countries.","Financing needs should be calibrated on the basis of integrated assessments that consider economic, social, and environmental needs and objectives.",8_9,8_12,
"Indeed, their potential economic growth and return on investment are far higher than in high-income countries.",This is becoming an important area of work at the SDSN to promote resilience and concerted action for a sustainable international trade system.,8_9,8_13,
"We therefore call on the IMF and the World Bank in their Debt Sustainability Framework (DSF), and to the credit rating agencies, to revamp their methodologies to take account of: the high potential growth of poorer countries if they can access the necessary financing for development; the maturity structure of loans (awarding higher credit ratings and debt-sustainability assessments to long-term loans); the quality of a country’s debt management systems; the presence of a domestic and/or international lender of last resort; and the uses of the external financing, recognizing the growth-creating benefits of high-return investments in human capital and physical infrastructure.","Official financing should be accorded based on growth potential, good governance, and financing needs – not on the foreign policy considerations of one or another major power.",8_10,8_11,
"We therefore call on the IMF and the World Bank in their Debt Sustainability Framework (DSF), and to the credit rating agencies, to revamp their methodologies to take account of: the high potential growth of poorer countries if they can access the necessary financing for development; the maturity structure of loans (awarding higher credit ratings and debt-sustainability assessments to long-term loans); the quality of a country’s debt management systems; the presence of a domestic and/or international lender of last resort; and the uses of the external financing, recognizing the growth-creating benefits of high-return investments in human capital and physical infrastructure.","Financing needs should be calibrated on the basis of integrated assessments that consider economic, social, and environmental needs and objectives.",8_10,8_12,
"We therefore call on the IMF and the World Bank in their Debt Sustainability Framework (DSF), and to the credit rating agencies, to revamp their methodologies to take account of: the high potential growth of poorer countries if they can access the necessary financing for development; the maturity structure of loans (awarding higher credit ratings and debt-sustainability assessments to long-term loans); the quality of a country’s debt management systems; the presence of a domestic and/or international lender of last resort; and the uses of the external financing, recognizing the growth-creating benefits of high-return investments in human capital and physical infrastructure.",This is becoming an important area of work at the SDSN to promote resilience and concerted action for a sustainable international trade system.,8_10,8_13,
"Official financing should be accorded based on growth potential, good governance, and financing needs – not on the foreign policy considerations of one or another major power.","Financing needs should be calibrated on the basis of integrated assessments that consider economic, social, and environmental needs and objectives.",8_11,8_12,
"Official financing should be accorded based on growth potential, good governance, and financing needs – not on the foreign policy considerations of one or another major power.",This is becoming an important area of work at the SDSN to promote resilience and concerted action for a sustainable international trade system.,8_11,8_13,
"Financing needs should be calibrated on the basis of integrated assessments that consider economic, social, and environmental needs and objectives.",This is becoming an important area of work at the SDSN to promote resilience and concerted action for a sustainable international trade system.,8_12,8_13,
"most UN member states have made strong progress on targets related to access to basic services and infrastructure, including mobile broadband use (SDG 9), access to electricity (SDG 7), internet use (SDG 9)",instead favoring a debt sustainability system that discourages or even bars the long-term financing of infrastructure and human capital in poorer countries.,9_0,9_1,
"most UN member states have made strong progress on targets related to access to basic services and infrastructure, including mobile broadband use (SDG 9), access to electricity (SDG 7), internet use (SDG 9)",The potential of cutting-edge technologies to advance sustainable development,9_0,9_2,
"most UN member states have made strong progress on targets related to access to basic services and infrastructure, including mobile broadband use (SDG 9), access to electricity (SDG 7), internet use (SDG 9)","DeepSeek, an ingenious AI engine devised by young Chinese engineers, building on the ingenuity of AI pioneers, offers a powerful low-cost, open-source AI system that can benefit humanity.",9_0,9_3,
"most UN member states have made strong progress on targets related to access to basic services and infrastructure, including mobile broadband use (SDG 9), access to electricity (SDG 7), internet use (SDG 9)","BYD, another innovative Chinese company, unveiled a system that charges electric vehicles in just five minutes, bringing the dream of convenient, low-cost and zero-emission mobility within reach.",9_0,9_4,
"most UN member states have made strong progress on targets related to access to basic services and infrastructure, including mobile broadband use (SDG 9), access to electricity (SDG 7), internet use (SDG 9)","The 2024 Nobel prizes in chemistry and physics awarded to British and British-Canadian scientists celebrated breakthroughs in protein folding and machine learning, offering prospects for drug development and other stunning breakthroughs that could benefit human health and global prosperity.",9_0,9_5,
"most UN member states have made strong progress on targets related to access to basic services and infrastructure, including mobile broadband use (SDG 9), access to electricity (SDG 7), internet use (SDG 9)","We call on governments and policymakers to collaborate with scholars and civil society to establish legal, regulatory, and ethical frameworks to direct innovations towards the common good.",9_0,9_6,
"most UN member states have made strong progress on targets related to access to basic services and infrastructure, including mobile broadband use (SDG 9), access to electricity (SDG 7), internet use (SDG 9)","We note as well the importance of new private credit managers in mobilizing private-sector financing for EMDEs, either through standalone private financing or blended financing in cooperation with MDBs. We also note that large-scale infrastructure investment initiatives – such as China’s Belt and Road Initiative or Europe’s Global Gateway – can accelerate connectivity across people and nations.",9_0,9_7,
"most UN member states have made strong progress on targets related to access to basic services and infrastructure, including mobile broadband use (SDG 9), access to electricity (SDG 7), internet use (SDG 9)","The five targets most on track are: Mobile use (SDG 9), Access to electricity (SDG 7), Internet use (SDG 9)",9_0,9_8,
"most UN member states have made strong progress on targets related to access to basic services and infrastructure, including mobile broadband use (SDG 9), access to electricity (SDG 7), internet use (SDG 9)","In most cases, rapid progress has primarily been driven by improvements on socioeconomic SDG indicators – especially ... and rates of electrification (SDG 7), of adults with a bank account in a financial institution (SDG 8), and internet use (SDG 9)",9_0,9_9,
instead favoring a debt sustainability system that discourages or even bars the long-term financing of infrastructure and human capital in poorer countries.,The potential of cutting-edge technologies to advance sustainable development,9_1,9_2,
instead favoring a debt sustainability system that discourages or even bars the long-term financing of infrastructure and human capital in poorer countries.,"DeepSeek, an ingenious AI engine devised by young Chinese engineers, building on the ingenuity of AI pioneers, offers a powerful low-cost, open-source AI system that can benefit humanity.",9_1,9_3,
instead favoring a debt sustainability system that discourages or even bars the long-term financing of infrastructure and human capital in poorer countries.,"BYD, another innovative Chinese company, unveiled a system that charges electric vehicles in just five minutes, bringing the dream of convenient, low-cost and zero-emission mobility within reach.",9_1,9_4,
instead favoring a debt sustainability system that discourages or even bars the long-term financing of infrastructure and human capital in poorer countries.,"The 2024 Nobel prizes in chemistry and physics awarded to British and British-Canadian scientists celebrated breakthroughs in protein folding and machine learning, offering prospects for drug development and other stunning breakthroughs that could benefit human health and global prosperity.",9_1,9_5,
instead favoring a debt sustainability system that discourages or even bars the long-term financing of infrastructure and human capital in poorer countries.,"We call on governments and policymakers to collaborate with scholars and civil society to establish legal, regulatory, and ethical frameworks to direct innovations towards the common good.",9_1,9_6,
instead favoring a debt sustainability system that discourages or even bars the long-term financing of infrastructure and human capital in poorer countries.,"We note as well the importance of new private credit managers in mobilizing private-sector financing for EMDEs, either through standalone private financing or blended financing in cooperation with MDBs. We also note that large-scale infrastructure investment initiatives – such as China’s Belt and Road Initiative or Europe’s Global Gateway – can accelerate connectivity across people and nations.",9_1,9_7,
instead favoring a debt sustainability system that discourages or even bars the long-term financing of infrastructure and human capital in poorer countries.,"The five targets most on track are: Mobile use (SDG 9), Access to electricity (SDG 7), Internet use (SDG 9)",9_1,9_8,
instead favoring a debt sustainability system that discourages or even bars the long-term financing of infrastructure and human capital in poorer countries.,"In most cases, rapid progress has primarily been driven by improvements on socioeconomic SDG indicators – especially ... and rates of electrification (SDG 7), of adults with a bank account in a financial institution (SDG 8), and internet use (SDG 9)",9_1,9_9,
The potential of cutting-edge technologies to advance sustainable development,"DeepSeek, an ingenious AI engine devised by young Chinese engineers, building on the ingenuity of AI pioneers, offers a powerful low-cost, open-source AI system that can benefit humanity.",9_2,9_3,
The potential of cutting-edge technologies to advance sustainable development,"BYD, another innovative Chinese company, unveiled a system that charges electric vehicles in just five minutes, bringing the dream of convenient, low-cost and zero-emission mobility within reach.",9_2,9_4,
The potential of cutting-edge technologies to advance sustainable development,"The 2024 Nobel prizes in chemistry and physics awarded to British and British-Canadian scientists celebrated breakthroughs in protein folding and machine learning, offering prospects for drug development and other stunning breakthroughs that could benefit human health and global prosperity.",9_2,9_5,
The potential of cutting-edge technologies to advance sustainable development,"We call on governments and policymakers to collaborate with scholars and civil society to establish legal, regulatory, and ethical frameworks to direct innovations towards the common good.",9_2,9_6,
The potential of cutting-edge technologies to advance sustainable development,"We note as well the importance of new private credit managers in mobilizing private-sector financing for EMDEs, either through standalone private financing or blended financing in cooperation with MDBs. We also note that large-scale infrastructure investment initiatives – such as China’s Belt and Road Initiative or Europe’s Global Gateway – can accelerate connectivity across people and nations.",9_2,9_7,
The potential of cutting-edge technologies to advance sustainable development,"The five targets most on track are: Mobile use (SDG 9), Access to electricity (SDG 7), Internet use (SDG 9)",9_2,9_8,
The potential of cutting-edge technologies to advance sustainable development,"In most cases, rapid progress has primarily been driven by improvements on socioeconomic SDG indicators – especially ... and rates of electrification (SDG 7), of adults with a bank account in a financial institution (SDG 8), and internet use (SDG 9)",9_2,9_9,
"DeepSeek, an ingenious AI engine devised by young Chinese engineers, building on the ingenuity of AI pioneers, offers a powerful low-cost, open-source AI system that can benefit humanity.","BYD, another innovative Chinese company, unveiled a system that charges electric vehicles in just five minutes, bringing the dream of convenient, low-cost and zero-emission mobility within reach.",9_3,9_4,
"DeepSeek, an ingenious AI engine devised by young Chinese engineers, building on the ingenuity of AI pioneers, offers a powerful low-cost, open-source AI system that can benefit humanity.","The 2024 Nobel prizes in chemistry and physics awarded to British and British-Canadian scientists celebrated breakthroughs in protein folding and machine learning, offering prospects for drug development and other stunning breakthroughs that could benefit human health and global prosperity.",9_3,9_5,
"DeepSeek, an ingenious AI engine devised by young Chinese engineers, building on the ingenuity of AI pioneers, offers a powerful low-cost, open-source AI system that can benefit humanity.","We call on governments and policymakers to collaborate with scholars and civil society to establish legal, regulatory, and ethical frameworks to direct innovations towards the common good.",9_3,9_6,
"DeepSeek, an ingenious AI engine devised by young Chinese engineers, building on the ingenuity of AI pioneers, offers a powerful low-cost, open-source AI system that can benefit humanity.","We note as well the importance of new private credit managers in mobilizing private-sector financing for EMDEs, either through standalone private financing or blended financing in cooperation with MDBs. We also note that large-scale infrastructure investment initiatives – such as China’s Belt and Road Initiative or Europe’s Global Gateway – can accelerate connectivity across people and nations.",9_3,9_7,
"DeepSeek, an ingenious AI engine devised by young Chinese engineers, building on the ingenuity of AI pioneers, offers a powerful low-cost, open-source AI system that can benefit humanity.","The five targets most on track are: Mobile use (SDG 9), Access to electricity (SDG 7), Internet use (SDG 9)",9_3,9_8,
"DeepSeek, an ingenious AI engine devised by young Chinese engineers, building on the ingenuity of AI pioneers, offers a powerful low-cost, open-source AI system that can benefit humanity.","In most cases, rapid progress has primarily been driven by improvements on socioeconomic SDG indicators – especially ... and rates of electrification (SDG 7), of adults with a bank account in a financial institution (SDG 8), and internet use (SDG 9)",9_3,9_9,
"BYD, another innovative Chinese company, unveiled a system that charges electric vehicles in just five minutes, bringing the dream of convenient, low-cost and zero-emission mobility within reach.","The 2024 Nobel prizes in chemistry and physics awarded to British and British-Canadian scientists celebrated breakthroughs in protein folding and machine learning, offering prospects for drug development and other stunning breakthroughs that could benefit human health and global prosperity.",9_4,9_5,
"BYD, another innovative Chinese company, unveiled a system that charges electric vehicles in just five minutes, bringing the dream of convenient, low-cost and zero-emission mobility within reach.","We call on governments and policymakers to collaborate with scholars and civil society to establish legal, regulatory, and ethical frameworks to direct innovations towards the common good.",9_4,9_6,
"BYD, another innovative Chinese company, unveiled a system that charges electric vehicles in just five minutes, bringing the dream of convenient, low-cost and zero-emission mobility within reach.","We note as well the importance of new private credit managers in mobilizing private-sector financing for EMDEs, either through standalone private financing or blended financing in cooperation with MDBs. We also note that large-scale infrastructure investment initiatives – such as China’s Belt and Road Initiative or Europe’s Global Gateway – can accelerate connectivity across people and nations.",9_4,9_7,
"BYD, another innovative Chinese company, unveiled a system that charges electric vehicles in just five minutes, bringing the dream of convenient, low-cost and zero-emission mobility within reach.","The five targets most on track are: Mobile use (SDG 9), Access to electricity (SDG 7), Internet use (SDG 9)",9_4,9_8,
"BYD, another innovative Chinese company, unveiled a system that charges electric vehicles in just five minutes, bringing the dream of convenient, low-cost and zero-emission mobility within reach.","In most cases, rapid progress has primarily been driven by improvements on socioeconomic SDG indicators – especially ... and rates of electrification (SDG 7), of adults with a bank account in a financial institution (SDG 8), and internet use (SDG 9)",9_4,9_9,
"The 2024 Nobel prizes in chemistry and physics awarded to British and British-Canadian scientists celebrated breakthroughs in protein folding and machine learning, offering prospects for drug development and other stunning breakthroughs that could benefit human health and global prosperity.","We call on governments and policymakers to collaborate with scholars and civil society to establish legal, regulatory, and ethical frameworks to direct innovations towards the common good.",9_5,9_6,
"The 2024 Nobel prizes in chemistry and physics awarded to British and British-Canadian scientists celebrated breakthroughs in protein folding and machine learning, offering prospects for drug development and other stunning breakthroughs that could benefit human health and global prosperity.","We note as well the importance of new private credit managers in mobilizing private-sector financing for EMDEs, either through standalone private financing or blended financing in cooperation with MDBs. We also note that large-scale infrastructure investment initiatives – such as China’s Belt and Road Initiative or Europe’s Global Gateway – can accelerate connectivity across people and nations.",9_5,9_7,
"The 2024 Nobel prizes in chemistry and physics awarded to British and British-Canadian scientists celebrated breakthroughs in protein folding and machine learning, offering prospects for drug development and other stunning breakthroughs that could benefit human health and global prosperity.","The five targets most on track are: Mobile use (SDG 9), Access to electricity (SDG 7), Internet use (SDG 9)",9_5,9_8,
"The 2024 Nobel prizes in chemistry and physics awarded to British and British-Canadian scientists celebrated breakthroughs in protein folding and machine learning, offering prospects for drug development and other stunning breakthroughs that could benefit human health and global prosperity.","In most cases, rapid progress has primarily been driven by improvements on socioeconomic SDG indicators – especially ... and rates of electrification (SDG 7), of adults with a bank account in a financial institution (SDG 8), and internet use (SDG 9)",9_5,9_9,
"We call on governments and policymakers to collaborate with scholars and civil society to establish legal, regulatory, and ethical frameworks to direct innovations towards the common good.","We note as well the importance of new private credit managers in mobilizing private-sector financing for EMDEs, either through standalone private financing or blended financing in cooperation with MDBs. We also note that large-scale infrastructure investment initiatives – such as China’s Belt and Road Initiative or Europe’s Global Gateway – can accelerate connectivity across people and nations.",9_6,9_7,
"We call on governments and policymakers to collaborate with scholars and civil society to establish legal, regulatory, and ethical frameworks to direct innovations towards the common good.","The five targets most on track are: Mobile use (SDG 9), Access to electricity (SDG 7), Internet use (SDG 9)",9_6,9_8,
"We call on governments and policymakers to collaborate with scholars and civil society to establish legal, regulatory, and ethical frameworks to direct innovations towards the common good.","In most cases, rapid progress has primarily been driven by improvements on socioeconomic SDG indicators – especially ... and rates of electrification (SDG 7), of adults with a bank account in a financial institution (SDG 8), and internet use (SDG 9)",9_6,9_9,
"We note as well the importance of new private credit managers in mobilizing private-sector financing for EMDEs, either through standalone private financing or blended financing in cooperation with MDBs. We also note that large-scale infrastructure investment initiatives – such as China’s Belt and Road Initiative or Europe’s Global Gateway – can accelerate connectivity across people and nations.","The five targets most on track are: Mobile use (SDG 9), Access to electricity (SDG 7), Internet use (SDG 9)",9_7,9_8,
"We note as well the importance of new private credit managers in mobilizing private-sector financing for EMDEs, either through standalone private financing or blended financing in cooperation with MDBs. We also note that large-scale infrastructure investment initiatives – such as China’s Belt and Road Initiative or Europe’s Global Gateway – can accelerate connectivity across people and nations.","In most cases, rapid progress has primarily been driven by improvements on socioeconomic SDG indicators – especially ... and rates of electrification (SDG 7), of adults with a bank account in a financial institution (SDG 8), and internet use (SDG 9)",9_7,9_9,
"The five targets most on track are: Mobile use (SDG 9), Access to electricity (SDG 7), Internet use (SDG 9)","In most cases, rapid progress has primarily been driven by improvements on socioeconomic SDG indicators – especially ... and rates of electrification (SDG 7), of adults with a bank account in a financial institution (SDG 8), and internet use (SDG 9)",9_8,9_9,
"High-income member states have a special responsibility, both as a matter of distributive justice – that the rich not leave the poor behind – and as a matter of reparative justice – that those countries that contributed most to greenhouse gas emissions and other environmental harms in the past must do the most to curb their emissions in the future and to compensate the other countries for the damages their past actions have caused.",No single member state of the United Nations can excuse itself from the responsibility to contribute fairly and adequately to the provision of global public goods and services.,10_0,10_1,
"High-income member states have a special responsibility, both as a matter of distributive justice – that the rich not leave the poor behind – and as a matter of reparative justice – that those countries that contributed most to greenhouse gas emissions and other environmental harms in the past must do the most to curb their emissions in the future and to compensate the other countries for the damages their past actions have caused.","The high-income countries bear the responsibility for filling the funds they have designated for these purposes, including the Adaptation Fund, the Loss and Damage Fund, the Green Climate Fund, and others.",10_0,10_2,
"High-income member states have a special responsibility, both as a matter of distributive justice – that the rich not leave the poor behind – and as a matter of reparative justice – that those countries that contributed most to greenhouse gas emissions and other environmental harms in the past must do the most to curb their emissions in the future and to compensate the other countries for the damages their past actions have caused.","Fourth, UN member states must agree on critical reforms of the international financial markets to ensure that world savings flow to countries with the highest investment returns and the highest growth prospects – which are the world’s poorer countries.",10_0,10_3,
"High-income member states have a special responsibility, both as a matter of distributive justice – that the rich not leave the poor behind – and as a matter of reparative justice – that those countries that contributed most to greenhouse gas emissions and other environmental harms in the past must do the most to curb their emissions in the future and to compensate the other countries for the damages their past actions have caused.","The most pressing practical challenge is to enable such investments even in impoverished areas where governments currently lack the revenue to provide health services, nutritional supplementation, and quality schooling for all children.",10_0,10_4,
"High-income member states have a special responsibility, both as a matter of distributive justice – that the rich not leave the poor behind – and as a matter of reparative justice – that those countries that contributed most to greenhouse gas emissions and other environmental harms in the past must do the most to curb their emissions in the future and to compensate the other countries for the damages their past actions have caused.","We recall with alarm, sadness, and determination that some 250 million children are out of school because of the poverty of their societies, an estimated 733 million people struggle with chronic hunger, and roughly a third of humanity cannot afford a healthy diet.",10_0,10_5,
"High-income member states have a special responsibility, both as a matter of distributive justice – that the rich not leave the poor behind – and as a matter of reparative justice – that those countries that contributed most to greenhouse gas emissions and other environmental harms in the past must do the most to curb their emissions in the future and to compensate the other countries for the damages their past actions have caused.","Sound international finance could and would channel long-term grants and loans to the poorest nations, allowing governments to ensure that all children receive the start in life they need and are enabled to achieve higher earnings in the future, so creating the very means for countries to repay international debts.",10_0,10_6,
"High-income member states have a special responsibility, both as a matter of distributive justice – that the rich not leave the poor behind – and as a matter of reparative justice – that those countries that contributed most to greenhouse gas emissions and other environmental harms in the past must do the most to curb their emissions in the future and to compensate the other countries for the damages their past actions have caused.","For the millions of out-of-school, poor children living in middle-income countries, domestic financing and accountable governance can ensure that even the poorest within these societies have access to health, nutrition, and quality education.",10_0,10_7,
"High-income member states have a special responsibility, both as a matter of distributive justice – that the rich not leave the poor behind – and as a matter of reparative justice – that those countries that contributed most to greenhouse gas emissions and other environmental harms in the past must do the most to curb their emissions in the future and to compensate the other countries for the damages their past actions have caused.","We emphasize, therefore, that the most important practical problem facing UN members at FfD4 is how to enable the vast US$30 trillion pool of world savings to flow in much larger amounts to where they are most in need: to low-income and lower-middle income countries and those most vulnerable to global environmental shocks, and to the poorest people within all countries.",10_0,10_8,
"High-income member states have a special responsibility, both as a matter of distributive justice – that the rich not leave the poor behind – and as a matter of reparative justice – that those countries that contributed most to greenhouse gas emissions and other environmental harms in the past must do the most to curb their emissions in the future and to compensate the other countries for the damages their past actions have caused.",We call on the UN member states meeting in Seville to redesign the international financial architecture in accord with the high potential and realistic timeline of economic convergence.,10_0,10_9,
"High-income member states have a special responsibility, both as a matter of distributive justice – that the rich not leave the poor behind – and as a matter of reparative justice – that those countries that contributed most to greenhouse gas emissions and other environmental harms in the past must do the most to curb their emissions in the future and to compensate the other countries for the damages their past actions have caused.","For impoverished nations struggling under the weight of unsustainable debt and burdensome debt servicing, we call for debt relief consistent with the Jubilee Year. Debt relief should entail at the least a restructuring of the outstanding debts of heavily burdened countries, so that their debts fall due not in the immediate future but in 30–40 years: a realistic timeline that aligns with future economic growth.",10_0,10_10,
"High-income member states have a special responsibility, both as a matter of distributive justice – that the rich not leave the poor behind – and as a matter of reparative justice – that those countries that contributed most to greenhouse gas emissions and other environmental harms in the past must do the most to curb their emissions in the future and to compensate the other countries for the damages their past actions have caused.","ODA, after all, reflects a combination of distributive justice (ensuring that no one is left behind), reparative justice (repaying debts owed for past harms, whether from slavery, imperialism, the emissions of climate-changing greenhouse gases, or other harms to Earth’s physical systems), and inter-generational justice (respecting the pressing needs of today’s young people and future generations).",10_0,10_11,
"High-income member states have a special responsibility, both as a matter of distributive justice – that the rich not leave the poor behind – and as a matter of reparative justice – that those countries that contributed most to greenhouse gas emissions and other environmental harms in the past must do the most to curb their emissions in the future and to compensate the other countries for the damages their past actions have caused.","Taxing the greenhouse gas emissions of high-income countries would combine the multiple dimensions of justice (distributive, reparative, and intergenerational) with practical resource mobilization to help poorer and more vulnerable countries undertake effective climate action.",10_0,10_12,
"High-income member states have a special responsibility, both as a matter of distributive justice – that the rich not leave the poor behind – and as a matter of reparative justice – that those countries that contributed most to greenhouse gas emissions and other environmental harms in the past must do the most to curb their emissions in the future and to compensate the other countries for the damages their past actions have caused.","The most important ethical principle is to co-create solutions: we should act with the poor, not merely for the poor.",10_0,10_13,
"High-income member states have a special responsibility, both as a matter of distributive justice – that the rich not leave the poor behind – and as a matter of reparative justice – that those countries that contributed most to greenhouse gas emissions and other environmental harms in the past must do the most to curb their emissions in the future and to compensate the other countries for the damages their past actions have caused.","creditor nations have failed to establish fair and equitable standards of debt restructuring to prevent poor and vulnerable countries from being strangled by debt servicing, exacerbated by short and insufficient maturities of the debts.",10_0,10_14,
"High-income member states have a special responsibility, both as a matter of distributive justice – that the rich not leave the poor behind – and as a matter of reparative justice – that those countries that contributed most to greenhouse gas emissions and other environmental harms in the past must do the most to curb their emissions in the future and to compensate the other countries for the damages their past actions have caused.","The international financial markets are led by faulty regulations and policies to favor countries that use the major international currencies, notably the US dollar and the euro, as well as countries already favored by the US Federal Reserve and the European Central Bank.",10_0,10_15,
"High-income member states have a special responsibility, both as a matter of distributive justice – that the rich not leave the poor behind – and as a matter of reparative justice – that those countries that contributed most to greenhouse gas emissions and other environmental harms in the past must do the most to curb their emissions in the future and to compensate the other countries for the damages their past actions have caused.","Factors such as various forms of conflicts, structural vulnerabilities, weak institutional leadership, and limited fiscal space may explain disparities in SDG progress since 2015.",10_0,10_16,
"High-income member states have a special responsibility, both as a matter of distributive justice – that the rich not leave the poor behind – and as a matter of reparative justice – that those countries that contributed most to greenhouse gas emissions and other environmental harms in the past must do the most to curb their emissions in the future and to compensate the other countries for the damages their past actions have caused.","At the same time, the regional and income-group aggregates hide significant disparities in SDG progress across countries.",10_0,10_17,
"High-income member states have a special responsibility, both as a matter of distributive justice – that the rich not leave the poor behind – and as a matter of reparative justice – that those countries that contributed most to greenhouse gas emissions and other environmental harms in the past must do the most to curb their emissions in the future and to compensate the other countries for the damages their past actions have caused.","Preliminary research using high-resolution satellite imagery estimates that around 40 percent of the world’s population might be assigned to a different SDG Index quintile than that of their aggregated national SDG Index estimate, which suggests significant and persistent territorial disparities in SDG performance within countries (Iablonovski 2024).",10_0,10_18,
"High-income member states have a special responsibility, both as a matter of distributive justice – that the rich not leave the poor behind – and as a matter of reparative justice – that those countries that contributed most to greenhouse gas emissions and other environmental harms in the past must do the most to curb their emissions in the future and to compensate the other countries for the damages their past actions have caused.","Overall, rich countries outperform other country group-ings on overall SDG performance and life satisfaction, but they have also outsourced numerous negative environmental and socioeconomic impacts abroad",10_0,10_19,
"High-income member states have a special responsibility, both as a matter of distributive justice – that the rich not leave the poor behind – and as a matter of reparative justice – that those countries that contributed most to greenhouse gas emissions and other environmental harms in the past must do the most to curb their emissions in the future and to compensate the other countries for the damages their past actions have caused.",Therefore resources released as a result of the implementation of disarmament measures should be devoted to the economic and social development of all nations and contribute to the bridging of the economic gap between developed and developing countries.,10_0,10_20,
No single member state of the United Nations can excuse itself from the responsibility to contribute fairly and adequately to the provision of global public goods and services.,"The high-income countries bear the responsibility for filling the funds they have designated for these purposes, including the Adaptation Fund, the Loss and Damage Fund, the Green Climate Fund, and others.",10_1,10_2,
No single member state of the United Nations can excuse itself from the responsibility to contribute fairly and adequately to the provision of global public goods and services.,"Fourth, UN member states must agree on critical reforms of the international financial markets to ensure that world savings flow to countries with the highest investment returns and the highest growth prospects – which are the world’s poorer countries.",10_1,10_3,
No single member state of the United Nations can excuse itself from the responsibility to contribute fairly and adequately to the provision of global public goods and services.,"The most pressing practical challenge is to enable such investments even in impoverished areas where governments currently lack the revenue to provide health services, nutritional supplementation, and quality schooling for all children.",10_1,10_4,
No single member state of the United Nations can excuse itself from the responsibility to contribute fairly and adequately to the provision of global public goods and services.,"We recall with alarm, sadness, and determination that some 250 million children are out of school because of the poverty of their societies, an estimated 733 million people struggle with chronic hunger, and roughly a third of humanity cannot afford a healthy diet.",10_1,10_5,
No single member state of the United Nations can excuse itself from the responsibility to contribute fairly and adequately to the provision of global public goods and services.,"Sound international finance could and would channel long-term grants and loans to the poorest nations, allowing governments to ensure that all children receive the start in life they need and are enabled to achieve higher earnings in the future, so creating the very means for countries to repay international debts.",10_1,10_6,
No single member state of the United Nations can excuse itself from the responsibility to contribute fairly and adequately to the provision of global public goods and services.,"For the millions of out-of-school, poor children living in middle-income countries, domestic financing and accountable governance can ensure that even the poorest within these societies have access to health, nutrition, and quality education.",10_1,10_7,
No single member state of the United Nations can excuse itself from the responsibility to contribute fairly and adequately to the provision of global public goods and services.,"We emphasize, therefore, that the most important practical problem facing UN members at FfD4 is how to enable the vast US$30 trillion pool of world savings to flow in much larger amounts to where they are most in need: to low-income and lower-middle income countries and those most vulnerable to global environmental shocks, and to the poorest people within all countries.",10_1,10_8,
No single member state of the United Nations can excuse itself from the responsibility to contribute fairly and adequately to the provision of global public goods and services.,We call on the UN member states meeting in Seville to redesign the international financial architecture in accord with the high potential and realistic timeline of economic convergence.,10_1,10_9,
No single member state of the United Nations can excuse itself from the responsibility to contribute fairly and adequately to the provision of global public goods and services.,"For impoverished nations struggling under the weight of unsustainable debt and burdensome debt servicing, we call for debt relief consistent with the Jubilee Year. Debt relief should entail at the least a restructuring of the outstanding debts of heavily burdened countries, so that their debts fall due not in the immediate future but in 30–40 years: a realistic timeline that aligns with future economic growth.",10_1,10_10,
No single member state of the United Nations can excuse itself from the responsibility to contribute fairly and adequately to the provision of global public goods and services.,"ODA, after all, reflects a combination of distributive justice (ensuring that no one is left behind), reparative justice (repaying debts owed for past harms, whether from slavery, imperialism, the emissions of climate-changing greenhouse gases, or other harms to Earth’s physical systems), and inter-generational justice (respecting the pressing needs of today’s young people and future generations).",10_1,10_11,
No single member state of the United Nations can excuse itself from the responsibility to contribute fairly and adequately to the provision of global public goods and services.,"Taxing the greenhouse gas emissions of high-income countries would combine the multiple dimensions of justice (distributive, reparative, and intergenerational) with practical resource mobilization to help poorer and more vulnerable countries undertake effective climate action.",10_1,10_12,
No single member state of the United Nations can excuse itself from the responsibility to contribute fairly and adequately to the provision of global public goods and services.,"The most important ethical principle is to co-create solutions: we should act with the poor, not merely for the poor.",10_1,10_13,
No single member state of the United Nations can excuse itself from the responsibility to contribute fairly and adequately to the provision of global public goods and services.,"creditor nations have failed to establish fair and equitable standards of debt restructuring to prevent poor and vulnerable countries from being strangled by debt servicing, exacerbated by short and insufficient maturities of the debts.",10_1,10_14,
No single member state of the United Nations can excuse itself from the responsibility to contribute fairly and adequately to the provision of global public goods and services.,"The international financial markets are led by faulty regulations and policies to favor countries that use the major international currencies, notably the US dollar and the euro, as well as countries already favored by the US Federal Reserve and the European Central Bank.",10_1,10_15,
No single member state of the United Nations can excuse itself from the responsibility to contribute fairly and adequately to the provision of global public goods and services.,"Factors such as various forms of conflicts, structural vulnerabilities, weak institutional leadership, and limited fiscal space may explain disparities in SDG progress since 2015.",10_1,10_16,
No single member state of the United Nations can excuse itself from the responsibility to contribute fairly and adequately to the provision of global public goods and services.,"At the same time, the regional and income-group aggregates hide significant disparities in SDG progress across countries.",10_1,10_17,
No single member state of the United Nations can excuse itself from the responsibility to contribute fairly and adequately to the provision of global public goods and services.,"Preliminary research using high-resolution satellite imagery estimates that around 40 percent of the world’s population might be assigned to a different SDG Index quintile than that of their aggregated national SDG Index estimate, which suggests significant and persistent territorial disparities in SDG performance within countries (Iablonovski 2024).",10_1,10_18,
No single member state of the United Nations can excuse itself from the responsibility to contribute fairly and adequately to the provision of global public goods and services.,"Overall, rich countries outperform other country group-ings on overall SDG performance and life satisfaction, but they have also outsourced numerous negative environmental and socioeconomic impacts abroad",10_1,10_19,
No single member state of the United Nations can excuse itself from the responsibility to contribute fairly and adequately to the provision of global public goods and services.,Therefore resources released as a result of the implementation of disarmament measures should be devoted to the economic and social development of all nations and contribute to the bridging of the economic gap between developed and developing countries.,10_1,10_20,
"The high-income countries bear the responsibility for filling the funds they have designated for these purposes, including the Adaptation Fund, the Loss and Damage Fund, the Green Climate Fund, and others.","Fourth, UN member states must agree on critical reforms of the international financial markets to ensure that world savings flow to countries with the highest investment returns and the highest growth prospects – which are the world’s poorer countries.",10_2,10_3,
"The high-income countries bear the responsibility for filling the funds they have designated for these purposes, including the Adaptation Fund, the Loss and Damage Fund, the Green Climate Fund, and others.","The most pressing practical challenge is to enable such investments even in impoverished areas where governments currently lack the revenue to provide health services, nutritional supplementation, and quality schooling for all children.",10_2,10_4,
"The high-income countries bear the responsibility for filling the funds they have designated for these purposes, including the Adaptation Fund, the Loss and Damage Fund, the Green Climate Fund, and others.","We recall with alarm, sadness, and determination that some 250 million children are out of school because of the poverty of their societies, an estimated 733 million people struggle with chronic hunger, and roughly a third of humanity cannot afford a healthy diet.",10_2,10_5,
"The high-income countries bear the responsibility for filling the funds they have designated for these purposes, including the Adaptation Fund, the Loss and Damage Fund, the Green Climate Fund, and others.","Sound international finance could and would channel long-term grants and loans to the poorest nations, allowing governments to ensure that all children receive the start in life they need and are enabled to achieve higher earnings in the future, so creating the very means for countries to repay international debts.",10_2,10_6,
"The high-income countries bear the responsibility for filling the funds they have designated for these purposes, including the Adaptation Fund, the Loss and Damage Fund, the Green Climate Fund, and others.","For the millions of out-of-school, poor children living in middle-income countries, domestic financing and accountable governance can ensure that even the poorest within these societies have access to health, nutrition, and quality education.",10_2,10_7,
"The high-income countries bear the responsibility for filling the funds they have designated for these purposes, including the Adaptation Fund, the Loss and Damage Fund, the Green Climate Fund, and others.","We emphasize, therefore, that the most important practical problem facing UN members at FfD4 is how to enable the vast US$30 trillion pool of world savings to flow in much larger amounts to where they are most in need: to low-income and lower-middle income countries and those most vulnerable to global environmental shocks, and to the poorest people within all countries.",10_2,10_8,
"The high-income countries bear the responsibility for filling the funds they have designated for these purposes, including the Adaptation Fund, the Loss and Damage Fund, the Green Climate Fund, and others.",We call on the UN member states meeting in Seville to redesign the international financial architecture in accord with the high potential and realistic timeline of economic convergence.,10_2,10_9,
"The high-income countries bear the responsibility for filling the funds they have designated for these purposes, including the Adaptation Fund, the Loss and Damage Fund, the Green Climate Fund, and others.","For impoverished nations struggling under the weight of unsustainable debt and burdensome debt servicing, we call for debt relief consistent with the Jubilee Year. Debt relief should entail at the least a restructuring of the outstanding debts of heavily burdened countries, so that their debts fall due not in the immediate future but in 30–40 years: a realistic timeline that aligns with future economic growth.",10_2,10_10,
"The high-income countries bear the responsibility for filling the funds they have designated for these purposes, including the Adaptation Fund, the Loss and Damage Fund, the Green Climate Fund, and others.","ODA, after all, reflects a combination of distributive justice (ensuring that no one is left behind), reparative justice (repaying debts owed for past harms, whether from slavery, imperialism, the emissions of climate-changing greenhouse gases, or other harms to Earth’s physical systems), and inter-generational justice (respecting the pressing needs of today’s young people and future generations).",10_2,10_11,
"The high-income countries bear the responsibility for filling the funds they have designated for these purposes, including the Adaptation Fund, the Loss and Damage Fund, the Green Climate Fund, and others.","Taxing the greenhouse gas emissions of high-income countries would combine the multiple dimensions of justice (distributive, reparative, and intergenerational) with practical resource mobilization to help poorer and more vulnerable countries undertake effective climate action.",10_2,10_12,
"The high-income countries bear the responsibility for filling the funds they have designated for these purposes, including the Adaptation Fund, the Loss and Damage Fund, the Green Climate Fund, and others.","The most important ethical principle is to co-create solutions: we should act with the poor, not merely for the poor.",10_2,10_13,
"The high-income countries bear the responsibility for filling the funds they have designated for these purposes, including the Adaptation Fund, the Loss and Damage Fund, the Green Climate Fund, and others.","creditor nations have failed to establish fair and equitable standards of debt restructuring to prevent poor and vulnerable countries from being strangled by debt servicing, exacerbated by short and insufficient maturities of the debts.",10_2,10_14,
"The high-income countries bear the responsibility for filling the funds they have designated for these purposes, including the Adaptation Fund, the Loss and Damage Fund, the Green Climate Fund, and others.","The international financial markets are led by faulty regulations and policies to favor countries that use the major international currencies, notably the US dollar and the euro, as well as countries already favored by the US Federal Reserve and the European Central Bank.",10_2,10_15,
"The high-income countries bear the responsibility for filling the funds they have designated for these purposes, including the Adaptation Fund, the Loss and Damage Fund, the Green Climate Fund, and others.","Factors such as various forms of conflicts, structural vulnerabilities, weak institutional leadership, and limited fiscal space may explain disparities in SDG progress since 2015.",10_2,10_16,
"The high-income countries bear the responsibility for filling the funds they have designated for these purposes, including the Adaptation Fund, the Loss and Damage Fund, the Green Climate Fund, and others.","At the same time, the regional and income-group aggregates hide significant disparities in SDG progress across countries.",10_2,10_17,
"The high-income countries bear the responsibility for filling the funds they have designated for these purposes, including the Adaptation Fund, the Loss and Damage Fund, the Green Climate Fund, and others.","Preliminary research using high-resolution satellite imagery estimates that around 40 percent of the world’s population might be assigned to a different SDG Index quintile than that of their aggregated national SDG Index estimate, which suggests significant and persistent territorial disparities in SDG performance within countries (Iablonovski 2024).",10_2,10_18,
"The high-income countries bear the responsibility for filling the funds they have designated for these purposes, including the Adaptation Fund, the Loss and Damage Fund, the Green Climate Fund, and others.","Overall, rich countries outperform other country group-ings on overall SDG performance and life satisfaction, but they have also outsourced numerous negative environmental and socioeconomic impacts abroad",10_2,10_19,
"The high-income countries bear the responsibility for filling the funds they have designated for these purposes, including the Adaptation Fund, the Loss and Damage Fund, the Green Climate Fund, and others.",Therefore resources released as a result of the implementation of disarmament measures should be devoted to the economic and social development of all nations and contribute to the bridging of the economic gap between developed and developing countries.,10_2,10_20,
"Fourth, UN member states must agree on critical reforms of the international financial markets to ensure that world savings flow to countries with the highest investment returns and the highest growth prospects – which are the world’s poorer countries.","The most pressing practical challenge is to enable such investments even in impoverished areas where governments currently lack the revenue to provide health services, nutritional supplementation, and quality schooling for all children.",10_3,10_4,
"Fourth, UN member states must agree on critical reforms of the international financial markets to ensure that world savings flow to countries with the highest investment returns and the highest growth prospects – which are the world’s poorer countries.","We recall with alarm, sadness, and determination that some 250 million children are out of school because of the poverty of their societies, an estimated 733 million people struggle with chronic hunger, and roughly a third of humanity cannot afford a healthy diet.",10_3,10_5,
"Fourth, UN member states must agree on critical reforms of the international financial markets to ensure that world savings flow to countries with the highest investment returns and the highest growth prospects – which are the world’s poorer countries.","Sound international finance could and would channel long-term grants and loans to the poorest nations, allowing governments to ensure that all children receive the start in life they need and are enabled to achieve higher earnings in the future, so creating the very means for countries to repay international debts.",10_3,10_6,
"Fourth, UN member states must agree on critical reforms of the international financial markets to ensure that world savings flow to countries with the highest investment returns and the highest growth prospects – which are the world’s poorer countries.","For the millions of out-of-school, poor children living in middle-income countries, domestic financing and accountable governance can ensure that even the poorest within these societies have access to health, nutrition, and quality education.",10_3,10_7,
"Fourth, UN member states must agree on critical reforms of the international financial markets to ensure that world savings flow to countries with the highest investment returns and the highest growth prospects – which are the world’s poorer countries.","We emphasize, therefore, that the most important practical problem facing UN members at FfD4 is how to enable the vast US$30 trillion pool of world savings to flow in much larger amounts to where they are most in need: to low-income and lower-middle income countries and those most vulnerable to global environmental shocks, and to the poorest people within all countries.",10_3,10_8,
"Fourth, UN member states must agree on critical reforms of the international financial markets to ensure that world savings flow to countries with the highest investment returns and the highest growth prospects – which are the world’s poorer countries.",We call on the UN member states meeting in Seville to redesign the international financial architecture in accord with the high potential and realistic timeline of economic convergence.,10_3,10_9,
"Fourth, UN member states must agree on critical reforms of the international financial markets to ensure that world savings flow to countries with the highest investment returns and the highest growth prospects – which are the world’s poorer countries.","For impoverished nations struggling under the weight of unsustainable debt and burdensome debt servicing, we call for debt relief consistent with the Jubilee Year. Debt relief should entail at the least a restructuring of the outstanding debts of heavily burdened countries, so that their debts fall due not in the immediate future but in 30–40 years: a realistic timeline that aligns with future economic growth.",10_3,10_10,
"Fourth, UN member states must agree on critical reforms of the international financial markets to ensure that world savings flow to countries with the highest investment returns and the highest growth prospects – which are the world’s poorer countries.","ODA, after all, reflects a combination of distributive justice (ensuring that no one is left behind), reparative justice (repaying debts owed for past harms, whether from slavery, imperialism, the emissions of climate-changing greenhouse gases, or other harms to Earth’s physical systems), and inter-generational justice (respecting the pressing needs of today’s young people and future generations).",10_3,10_11,
"Fourth, UN member states must agree on critical reforms of the international financial markets to ensure that world savings flow to countries with the highest investment returns and the highest growth prospects – which are the world’s poorer countries.","Taxing the greenhouse gas emissions of high-income countries would combine the multiple dimensions of justice (distributive, reparative, and intergenerational) with practical resource mobilization to help poorer and more vulnerable countries undertake effective climate action.",10_3,10_12,
"Fourth, UN member states must agree on critical reforms of the international financial markets to ensure that world savings flow to countries with the highest investment returns and the highest growth prospects – which are the world’s poorer countries.","The most important ethical principle is to co-create solutions: we should act with the poor, not merely for the poor.",10_3,10_13,
"Fourth, UN member states must agree on critical reforms of the international financial markets to ensure that world savings flow to countries with the highest investment returns and the highest growth prospects – which are the world’s poorer countries.","creditor nations have failed to establish fair and equitable standards of debt restructuring to prevent poor and vulnerable countries from being strangled by debt servicing, exacerbated by short and insufficient maturities of the debts.",10_3,10_14,
"Fourth, UN member states must agree on critical reforms of the international financial markets to ensure that world savings flow to countries with the highest investment returns and the highest growth prospects – which are the world’s poorer countries.","The international financial markets are led by faulty regulations and policies to favor countries that use the major international currencies, notably the US dollar and the euro, as well as countries already favored by the US Federal Reserve and the European Central Bank.",10_3,10_15,
"Fourth, UN member states must agree on critical reforms of the international financial markets to ensure that world savings flow to countries with the highest investment returns and the highest growth prospects – which are the world’s poorer countries.","Factors such as various forms of conflicts, structural vulnerabilities, weak institutional leadership, and limited fiscal space may explain disparities in SDG progress since 2015.",10_3,10_16,
"Fourth, UN member states must agree on critical reforms of the international financial markets to ensure that world savings flow to countries with the highest investment returns and the highest growth prospects – which are the world’s poorer countries.","At the same time, the regional and income-group aggregates hide significant disparities in SDG progress across countries.",10_3,10_17,
"Fourth, UN member states must agree on critical reforms of the international financial markets to ensure that world savings flow to countries with the highest investment returns and the highest growth prospects – which are the world’s poorer countries.","Preliminary research using high-resolution satellite imagery estimates that around 40 percent of the world’s population might be assigned to a different SDG Index quintile than that of their aggregated national SDG Index estimate, which suggests significant and persistent territorial disparities in SDG performance within countries (Iablonovski 2024).",10_3,10_18,
"Fourth, UN member states must agree on critical reforms of the international financial markets to ensure that world savings flow to countries with the highest investment returns and the highest growth prospects – which are the world’s poorer countries.","Overall, rich countries outperform other country group-ings on overall SDG performance and life satisfaction, but they have also outsourced numerous negative environmental and socioeconomic impacts abroad",10_3,10_19,
"Fourth, UN member states must agree on critical reforms of the international financial markets to ensure that world savings flow to countries with the highest investment returns and the highest growth prospects – which are the world’s poorer countries.",Therefore resources released as a result of the implementation of disarmament measures should be devoted to the economic and social development of all nations and contribute to the bridging of the economic gap between developed and developing countries.,10_3,10_20,
"The most pressing practical challenge is to enable such investments even in impoverished areas where governments currently lack the revenue to provide health services, nutritional supplementation, and quality schooling for all children.","We recall with alarm, sadness, and determination that some 250 million children are out of school because of the poverty of their societies, an estimated 733 million people struggle with chronic hunger, and roughly a third of humanity cannot afford a healthy diet.",10_4,10_5,
"The most pressing practical challenge is to enable such investments even in impoverished areas where governments currently lack the revenue to provide health services, nutritional supplementation, and quality schooling for all children.","Sound international finance could and would channel long-term grants and loans to the poorest nations, allowing governments to ensure that all children receive the start in life they need and are enabled to achieve higher earnings in the future, so creating the very means for countries to repay international debts.",10_4,10_6,
"The most pressing practical challenge is to enable such investments even in impoverished areas where governments currently lack the revenue to provide health services, nutritional supplementation, and quality schooling for all children.","For the millions of out-of-school, poor children living in middle-income countries, domestic financing and accountable governance can ensure that even the poorest within these societies have access to health, nutrition, and quality education.",10_4,10_7,
"The most pressing practical challenge is to enable such investments even in impoverished areas where governments currently lack the revenue to provide health services, nutritional supplementation, and quality schooling for all children.","We emphasize, therefore, that the most important practical problem facing UN members at FfD4 is how to enable the vast US$30 trillion pool of world savings to flow in much larger amounts to where they are most in need: to low-income and lower-middle income countries and those most vulnerable to global environmental shocks, and to the poorest people within all countries.",10_4,10_8,
"The most pressing practical challenge is to enable such investments even in impoverished areas where governments currently lack the revenue to provide health services, nutritional supplementation, and quality schooling for all children.",We call on the UN member states meeting in Seville to redesign the international financial architecture in accord with the high potential and realistic timeline of economic convergence.,10_4,10_9,
"The most pressing practical challenge is to enable such investments even in impoverished areas where governments currently lack the revenue to provide health services, nutritional supplementation, and quality schooling for all children.","For impoverished nations struggling under the weight of unsustainable debt and burdensome debt servicing, we call for debt relief consistent with the Jubilee Year. Debt relief should entail at the least a restructuring of the outstanding debts of heavily burdened countries, so that their debts fall due not in the immediate future but in 30–40 years: a realistic timeline that aligns with future economic growth.",10_4,10_10,
"The most pressing practical challenge is to enable such investments even in impoverished areas where governments currently lack the revenue to provide health services, nutritional supplementation, and quality schooling for all children.","ODA, after all, reflects a combination of distributive justice (ensuring that no one is left behind), reparative justice (repaying debts owed for past harms, whether from slavery, imperialism, the emissions of climate-changing greenhouse gases, or other harms to Earth’s physical systems), and inter-generational justice (respecting the pressing needs of today’s young people and future generations).",10_4,10_11,
"The most pressing practical challenge is to enable such investments even in impoverished areas where governments currently lack the revenue to provide health services, nutritional supplementation, and quality schooling for all children.","Taxing the greenhouse gas emissions of high-income countries would combine the multiple dimensions of justice (distributive, reparative, and intergenerational) with practical resource mobilization to help poorer and more vulnerable countries undertake effective climate action.",10_4,10_12,
"The most pressing practical challenge is to enable such investments even in impoverished areas where governments currently lack the revenue to provide health services, nutritional supplementation, and quality schooling for all children.","The most important ethical principle is to co-create solutions: we should act with the poor, not merely for the poor.",10_4,10_13,
"The most pressing practical challenge is to enable such investments even in impoverished areas where governments currently lack the revenue to provide health services, nutritional supplementation, and quality schooling for all children.","creditor nations have failed to establish fair and equitable standards of debt restructuring to prevent poor and vulnerable countries from being strangled by debt servicing, exacerbated by short and insufficient maturities of the debts.",10_4,10_14,
"The most pressing practical challenge is to enable such investments even in impoverished areas where governments currently lack the revenue to provide health services, nutritional supplementation, and quality schooling for all children.","The international financial markets are led by faulty regulations and policies to favor countries that use the major international currencies, notably the US dollar and the euro, as well as countries already favored by the US Federal Reserve and the European Central Bank.",10_4,10_15,
"The most pressing practical challenge is to enable such investments even in impoverished areas where governments currently lack the revenue to provide health services, nutritional supplementation, and quality schooling for all children.","Factors such as various forms of conflicts, structural vulnerabilities, weak institutional leadership, and limited fiscal space may explain disparities in SDG progress since 2015.",10_4,10_16,
"The most pressing practical challenge is to enable such investments even in impoverished areas where governments currently lack the revenue to provide health services, nutritional supplementation, and quality schooling for all children.","At the same time, the regional and income-group aggregates hide significant disparities in SDG progress across countries.",10_4,10_17,
"The most pressing practical challenge is to enable such investments even in impoverished areas where governments currently lack the revenue to provide health services, nutritional supplementation, and quality schooling for all children.","Preliminary research using high-resolution satellite imagery estimates that around 40 percent of the world’s population might be assigned to a different SDG Index quintile than that of their aggregated national SDG Index estimate, which suggests significant and persistent territorial disparities in SDG performance within countries (Iablonovski 2024).",10_4,10_18,
"The most pressing practical challenge is to enable such investments even in impoverished areas where governments currently lack the revenue to provide health services, nutritional supplementation, and quality schooling for all children.","Overall, rich countries outperform other country group-ings on overall SDG performance and life satisfaction, but they have also outsourced numerous negative environmental and socioeconomic impacts abroad",10_4,10_19,
"The most pressing practical challenge is to enable such investments even in impoverished areas where governments currently lack the revenue to provide health services, nutritional supplementation, and quality schooling for all children.",Therefore resources released as a result of the implementation of disarmament measures should be devoted to the economic and social development of all nations and contribute to the bridging of the economic gap between developed and developing countries.,10_4,10_20,
"We recall with alarm, sadness, and determination that some 250 million children are out of school because of the poverty of their societies, an estimated 733 million people struggle with chronic hunger, and roughly a third of humanity cannot afford a healthy diet.","Sound international finance could and would channel long-term grants and loans to the poorest nations, allowing governments to ensure that all children receive the start in life they need and are enabled to achieve higher earnings in the future, so creating the very means for countries to repay international debts.",10_5,10_6,
"We recall with alarm, sadness, and determination that some 250 million children are out of school because of the poverty of their societies, an estimated 733 million people struggle with chronic hunger, and roughly a third of humanity cannot afford a healthy diet.","For the millions of out-of-school, poor children living in middle-income countries, domestic financing and accountable governance can ensure that even the poorest within these societies have access to health, nutrition, and quality education.",10_5,10_7,
"We recall with alarm, sadness, and determination that some 250 million children are out of school because of the poverty of their societies, an estimated 733 million people struggle with chronic hunger, and roughly a third of humanity cannot afford a healthy diet.","We emphasize, therefore, that the most important practical problem facing UN members at FfD4 is how to enable the vast US$30 trillion pool of world savings to flow in much larger amounts to where they are most in need: to low-income and lower-middle income countries and those most vulnerable to global environmental shocks, and to the poorest people within all countries.",10_5,10_8,
"We recall with alarm, sadness, and determination that some 250 million children are out of school because of the poverty of their societies, an estimated 733 million people struggle with chronic hunger, and roughly a third of humanity cannot afford a healthy diet.",We call on the UN member states meeting in Seville to redesign the international financial architecture in accord with the high potential and realistic timeline of economic convergence.,10_5,10_9,
"We recall with alarm, sadness, and determination that some 250 million children are out of school because of the poverty of their societies, an estimated 733 million people struggle with chronic hunger, and roughly a third of humanity cannot afford a healthy diet.","For impoverished nations struggling under the weight of unsustainable debt and burdensome debt servicing, we call for debt relief consistent with the Jubilee Year. Debt relief should entail at the least a restructuring of the outstanding debts of heavily burdened countries, so that their debts fall due not in the immediate future but in 30–40 years: a realistic timeline that aligns with future economic growth.",10_5,10_10,
"We recall with alarm, sadness, and determination that some 250 million children are out of school because of the poverty of their societies, an estimated 733 million people struggle with chronic hunger, and roughly a third of humanity cannot afford a healthy diet.","ODA, after all, reflects a combination of distributive justice (ensuring that no one is left behind), reparative justice (repaying debts owed for past harms, whether from slavery, imperialism, the emissions of climate-changing greenhouse gases, or other harms to Earth’s physical systems), and inter-generational justice (respecting the pressing needs of today’s young people and future generations).",10_5,10_11,
"We recall with alarm, sadness, and determination that some 250 million children are out of school because of the poverty of their societies, an estimated 733 million people struggle with chronic hunger, and roughly a third of humanity cannot afford a healthy diet.","Taxing the greenhouse gas emissions of high-income countries would combine the multiple dimensions of justice (distributive, reparative, and intergenerational) with practical resource mobilization to help poorer and more vulnerable countries undertake effective climate action.",10_5,10_12,
"We recall with alarm, sadness, and determination that some 250 million children are out of school because of the poverty of their societies, an estimated 733 million people struggle with chronic hunger, and roughly a third of humanity cannot afford a healthy diet.","The most important ethical principle is to co-create solutions: we should act with the poor, not merely for the poor.",10_5,10_13,
"We recall with alarm, sadness, and determination that some 250 million children are out of school because of the poverty of their societies, an estimated 733 million people struggle with chronic hunger, and roughly a third of humanity cannot afford a healthy diet.","creditor nations have failed to establish fair and equitable standards of debt restructuring to prevent poor and vulnerable countries from being strangled by debt servicing, exacerbated by short and insufficient maturities of the debts.",10_5,10_14,
"We recall with alarm, sadness, and determination that some 250 million children are out of school because of the poverty of their societies, an estimated 733 million people struggle with chronic hunger, and roughly a third of humanity cannot afford a healthy diet.","The international financial markets are led by faulty regulations and policies to favor countries that use the major international currencies, notably the US dollar and the euro, as well as countries already favored by the US Federal Reserve and the European Central Bank.",10_5,10_15,
"We recall with alarm, sadness, and determination that some 250 million children are out of school because of the poverty of their societies, an estimated 733 million people struggle with chronic hunger, and roughly a third of humanity cannot afford a healthy diet.","Factors such as various forms of conflicts, structural vulnerabilities, weak institutional leadership, and limited fiscal space may explain disparities in SDG progress since 2015.",10_5,10_16,
"We recall with alarm, sadness, and determination that some 250 million children are out of school because of the poverty of their societies, an estimated 733 million people struggle with chronic hunger, and roughly a third of humanity cannot afford a healthy diet.","At the same time, the regional and income-group aggregates hide significant disparities in SDG progress across countries.",10_5,10_17,
"We recall with alarm, sadness, and determination that some 250 million children are out of school because of the poverty of their societies, an estimated 733 million people struggle with chronic hunger, and roughly a third of humanity cannot afford a healthy diet.","Preliminary research using high-resolution satellite imagery estimates that around 40 percent of the world’s population might be assigned to a different SDG Index quintile than that of their aggregated national SDG Index estimate, which suggests significant and persistent territorial disparities in SDG performance within countries (Iablonovski 2024).",10_5,10_18,
"We recall with alarm, sadness, and determination that some 250 million children are out of school because of the poverty of their societies, an estimated 733 million people struggle with chronic hunger, and roughly a third of humanity cannot afford a healthy diet.","Overall, rich countries outperform other country group-ings on overall SDG performance and life satisfaction, but they have also outsourced numerous negative environmental and socioeconomic impacts abroad",10_5,10_19,
"We recall with alarm, sadness, and determination that some 250 million children are out of school because of the poverty of their societies, an estimated 733 million people struggle with chronic hunger, and roughly a third of humanity cannot afford a healthy diet.",Therefore resources released as a result of the implementation of disarmament measures should be devoted to the economic and social development of all nations and contribute to the bridging of the economic gap between developed and developing countries.,10_5,10_20,
"Sound international finance could and would channel long-term grants and loans to the poorest nations, allowing governments to ensure that all children receive the start in life they need and are enabled to achieve higher earnings in the future, so creating the very means for countries to repay international debts.","For the millions of out-of-school, poor children living in middle-income countries, domestic financing and accountable governance can ensure that even the poorest within these societies have access to health, nutrition, and quality education.",10_6,10_7,
"Sound international finance could and would channel long-term grants and loans to the poorest nations, allowing governments to ensure that all children receive the start in life they need and are enabled to achieve higher earnings in the future, so creating the very means for countries to repay international debts.","We emphasize, therefore, that the most important practical problem facing UN members at FfD4 is how to enable the vast US$30 trillion pool of world savings to flow in much larger amounts to where they are most in need: to low-income and lower-middle income countries and those most vulnerable to global environmental shocks, and to the poorest people within all countries.",10_6,10_8,
"Sound international finance could and would channel long-term grants and loans to the poorest nations, allowing governments to ensure that all children receive the start in life they need and are enabled to achieve higher earnings in the future, so creating the very means for countries to repay international debts.",We call on the UN member states meeting in Seville to redesign the international financial architecture in accord with the high potential and realistic timeline of economic convergence.,10_6,10_9,
"Sound international finance could and would channel long-term grants and loans to the poorest nations, allowing governments to ensure that all children receive the start in life they need and are enabled to achieve higher earnings in the future, so creating the very means for countries to repay international debts.","For impoverished nations struggling under the weight of unsustainable debt and burdensome debt servicing, we call for debt relief consistent with the Jubilee Year. Debt relief should entail at the least a restructuring of the outstanding debts of heavily burdened countries, so that their debts fall due not in the immediate future but in 30–40 years: a realistic timeline that aligns with future economic growth.",10_6,10_10,
"Sound international finance could and would channel long-term grants and loans to the poorest nations, allowing governments to ensure that all children receive the start in life they need and are enabled to achieve higher earnings in the future, so creating the very means for countries to repay international debts.","ODA, after all, reflects a combination of distributive justice (ensuring that no one is left behind), reparative justice (repaying debts owed for past harms, whether from slavery, imperialism, the emissions of climate-changing greenhouse gases, or other harms to Earth’s physical systems), and inter-generational justice (respecting the pressing needs of today’s young people and future generations).",10_6,10_11,
"Sound international finance could and would channel long-term grants and loans to the poorest nations, allowing governments to ensure that all children receive the start in life they need and are enabled to achieve higher earnings in the future, so creating the very means for countries to repay international debts.","Taxing the greenhouse gas emissions of high-income countries would combine the multiple dimensions of justice (distributive, reparative, and intergenerational) with practical resource mobilization to help poorer and more vulnerable countries undertake effective climate action.",10_6,10_12,
"Sound international finance could and would channel long-term grants and loans to the poorest nations, allowing governments to ensure that all children receive the start in life they need and are enabled to achieve higher earnings in the future, so creating the very means for countries to repay international debts.","The most important ethical principle is to co-create solutions: we should act with the poor, not merely for the poor.",10_6,10_13,
"Sound international finance could and would channel long-term grants and loans to the poorest nations, allowing governments to ensure that all children receive the start in life they need and are enabled to achieve higher earnings in the future, so creating the very means for countries to repay international debts.","creditor nations have failed to establish fair and equitable standards of debt restructuring to prevent poor and vulnerable countries from being strangled by debt servicing, exacerbated by short and insufficient maturities of the debts.",10_6,10_14,
"Sound international finance could and would channel long-term grants and loans to the poorest nations, allowing governments to ensure that all children receive the start in life they need and are enabled to achieve higher earnings in the future, so creating the very means for countries to repay international debts.","The international financial markets are led by faulty regulations and policies to favor countries that use the major international currencies, notably the US dollar and the euro, as well as countries already favored by the US Federal Reserve and the European Central Bank.",10_6,10_15,
"Sound international finance could and would channel long-term grants and loans to the poorest nations, allowing governments to ensure that all children receive the start in life they need and are enabled to achieve higher earnings in the future, so creating the very means for countries to repay international debts.","Factors such as various forms of conflicts, structural vulnerabilities, weak institutional leadership, and limited fiscal space may explain disparities in SDG progress since 2015.",10_6,10_16,
"Sound international finance could and would channel long-term grants and loans to the poorest nations, allowing governments to ensure that all children receive the start in life they need and are enabled to achieve higher earnings in the future, so creating the very means for countries to repay international debts.","At the same time, the regional and income-group aggregates hide significant disparities in SDG progress across countries.",10_6,10_17,
"Sound international finance could and would channel long-term grants and loans to the poorest nations, allowing governments to ensure that all children receive the start in life they need and are enabled to achieve higher earnings in the future, so creating the very means for countries to repay international debts.","Preliminary research using high-resolution satellite imagery estimates that around 40 percent of the world’s population might be assigned to a different SDG Index quintile than that of their aggregated national SDG Index estimate, which suggests significant and persistent territorial disparities in SDG performance within countries (Iablonovski 2024).",10_6,10_18,
"Sound international finance could and would channel long-term grants and loans to the poorest nations, allowing governments to ensure that all children receive the start in life they need and are enabled to achieve higher earnings in the future, so creating the very means for countries to repay international debts.","Overall, rich countries outperform other country group-ings on overall SDG performance and life satisfaction, but they have also outsourced numerous negative environmental and socioeconomic impacts abroad",10_6,10_19,
"Sound international finance could and would channel long-term grants and loans to the poorest nations, allowing governments to ensure that all children receive the start in life they need and are enabled to achieve higher earnings in the future, so creating the very means for countries to repay international debts.",Therefore resources released as a result of the implementation of disarmament measures should be devoted to the economic and social development of all nations and contribute to the bridging of the economic gap between developed and developing countries.,10_6,10_20,
"For the millions of out-of-school, poor children living in middle-income countries, domestic financing and accountable governance can ensure that even the poorest within these societies have access to health, nutrition, and quality education.","We emphasize, therefore, that the most important practical problem facing UN members at FfD4 is how to enable the vast US$30 trillion pool of world savings to flow in much larger amounts to where they are most in need: to low-income and lower-middle income countries and those most vulnerable to global environmental shocks, and to the poorest people within all countries.",10_7,10_8,
"For the millions of out-of-school, poor children living in middle-income countries, domestic financing and accountable governance can ensure that even the poorest within these societies have access to health, nutrition, and quality education.",We call on the UN member states meeting in Seville to redesign the international financial architecture in accord with the high potential and realistic timeline of economic convergence.,10_7,10_9,
"For the millions of out-of-school, poor children living in middle-income countries, domestic financing and accountable governance can ensure that even the poorest within these societies have access to health, nutrition, and quality education.","For impoverished nations struggling under the weight of unsustainable debt and burdensome debt servicing, we call for debt relief consistent with the Jubilee Year. Debt relief should entail at the least a restructuring of the outstanding debts of heavily burdened countries, so that their debts fall due not in the immediate future but in 30–40 years: a realistic timeline that aligns with future economic growth.",10_7,10_10,
"For the millions of out-of-school, poor children living in middle-income countries, domestic financing and accountable governance can ensure that even the poorest within these societies have access to health, nutrition, and quality education.","ODA, after all, reflects a combination of distributive justice (ensuring that no one is left behind), reparative justice (repaying debts owed for past harms, whether from slavery, imperialism, the emissions of climate-changing greenhouse gases, or other harms to Earth’s physical systems), and inter-generational justice (respecting the pressing needs of today’s young people and future generations).",10_7,10_11,
"For the millions of out-of-school, poor children living in middle-income countries, domestic financing and accountable governance can ensure that even the poorest within these societies have access to health, nutrition, and quality education.","Taxing the greenhouse gas emissions of high-income countries would combine the multiple dimensions of justice (distributive, reparative, and intergenerational) with practical resource mobilization to help poorer and more vulnerable countries undertake effective climate action.",10_7,10_12,
"For the millions of out-of-school, poor children living in middle-income countries, domestic financing and accountable governance can ensure that even the poorest within these societies have access to health, nutrition, and quality education.","The most important ethical principle is to co-create solutions: we should act with the poor, not merely for the poor.",10_7,10_13,
"For the millions of out-of-school, poor children living in middle-income countries, domestic financing and accountable governance can ensure that even the poorest within these societies have access to health, nutrition, and quality education.","creditor nations have failed to establish fair and equitable standards of debt restructuring to prevent poor and vulnerable countries from being strangled by debt servicing, exacerbated by short and insufficient maturities of the debts.",10_7,10_14,
"For the millions of out-of-school, poor children living in middle-income countries, domestic financing and accountable governance can ensure that even the poorest within these societies have access to health, nutrition, and quality education.","The international financial markets are led by faulty regulations and policies to favor countries that use the major international currencies, notably the US dollar and the euro, as well as countries already favored by the US Federal Reserve and the European Central Bank.",10_7,10_15,
"For the millions of out-of-school, poor children living in middle-income countries, domestic financing and accountable governance can ensure that even the poorest within these societies have access to health, nutrition, and quality education.","Factors such as various forms of conflicts, structural vulnerabilities, weak institutional leadership, and limited fiscal space may explain disparities in SDG progress since 2015.",10_7,10_16,
"For the millions of out-of-school, poor children living in middle-income countries, domestic financing and accountable governance can ensure that even the poorest within these societies have access to health, nutrition, and quality education.","At the same time, the regional and income-group aggregates hide significant disparities in SDG progress across countries.",10_7,10_17,
"For the millions of out-of-school, poor children living in middle-income countries, domestic financing and accountable governance can ensure that even the poorest within these societies have access to health, nutrition, and quality education.","Preliminary research using high-resolution satellite imagery estimates that around 40 percent of the world’s population might be assigned to a different SDG Index quintile than that of their aggregated national SDG Index estimate, which suggests significant and persistent territorial disparities in SDG performance within countries (Iablonovski 2024).",10_7,10_18,
"For the millions of out-of-school, poor children living in middle-income countries, domestic financing and accountable governance can ensure that even the poorest within these societies have access to health, nutrition, and quality education.","Overall, rich countries outperform other country group-ings on overall SDG performance and life satisfaction, but they have also outsourced numerous negative environmental and socioeconomic impacts abroad",10_7,10_19,
"For the millions of out-of-school, poor children living in middle-income countries, domestic financing and accountable governance can ensure that even the poorest within these societies have access to health, nutrition, and quality education.",Therefore resources released as a result of the implementation of disarmament measures should be devoted to the economic and social development of all nations and contribute to the bridging of the economic gap between developed and developing countries.,10_7,10_20,
"We emphasize, therefore, that the most important practical problem facing UN members at FfD4 is how to enable the vast US$30 trillion pool of world savings to flow in much larger amounts to where they are most in need: to low-income and lower-middle income countries and those most vulnerable to global environmental shocks, and to the poorest people within all countries.",We call on the UN member states meeting in Seville to redesign the international financial architecture in accord with the high potential and realistic timeline of economic convergence.,10_8,10_9,
"We emphasize, therefore, that the most important practical problem facing UN members at FfD4 is how to enable the vast US$30 trillion pool of world savings to flow in much larger amounts to where they are most in need: to low-income and lower-middle income countries and those most vulnerable to global environmental shocks, and to the poorest people within all countries.","For impoverished nations struggling under the weight of unsustainable debt and burdensome debt servicing, we call for debt relief consistent with the Jubilee Year. Debt relief should entail at the least a restructuring of the outstanding debts of heavily burdened countries, so that their debts fall due not in the immediate future but in 30–40 years: a realistic timeline that aligns with future economic growth.",10_8,10_10,
"We emphasize, therefore, that the most important practical problem facing UN members at FfD4 is how to enable the vast US$30 trillion pool of world savings to flow in much larger amounts to where they are most in need: to low-income and lower-middle income countries and those most vulnerable to global environmental shocks, and to the poorest people within all countries.","ODA, after all, reflects a combination of distributive justice (ensuring that no one is left behind), reparative justice (repaying debts owed for past harms, whether from slavery, imperialism, the emissions of climate-changing greenhouse gases, or other harms to Earth’s physical systems), and inter-generational justice (respecting the pressing needs of today’s young people and future generations).",10_8,10_11,
"We emphasize, therefore, that the most important practical problem facing UN members at FfD4 is how to enable the vast US$30 trillion pool of world savings to flow in much larger amounts to where they are most in need: to low-income and lower-middle income countries and those most vulnerable to global environmental shocks, and to the poorest people within all countries.","Taxing the greenhouse gas emissions of high-income countries would combine the multiple dimensions of justice (distributive, reparative, and intergenerational) with practical resource mobilization to help poorer and more vulnerable countries undertake effective climate action.",10_8,10_12,
"We emphasize, therefore, that the most important practical problem facing UN members at FfD4 is how to enable the vast US$30 trillion pool of world savings to flow in much larger amounts to where they are most in need: to low-income and lower-middle income countries and those most vulnerable to global environmental shocks, and to the poorest people within all countries.","The most important ethical principle is to co-create solutions: we should act with the poor, not merely for the poor.",10_8,10_13,
"We emphasize, therefore, that the most important practical problem facing UN members at FfD4 is how to enable the vast US$30 trillion pool of world savings to flow in much larger amounts to where they are most in need: to low-income and lower-middle income countries and those most vulnerable to global environmental shocks, and to the poorest people within all countries.","creditor nations have failed to establish fair and equitable standards of debt restructuring to prevent poor and vulnerable countries from being strangled by debt servicing, exacerbated by short and insufficient maturities of the debts.",10_8,10_14,
"We emphasize, therefore, that the most important practical problem facing UN members at FfD4 is how to enable the vast US$30 trillion pool of world savings to flow in much larger amounts to where they are most in need: to low-income and lower-middle income countries and those most vulnerable to global environmental shocks, and to the poorest people within all countries.","The international financial markets are led by faulty regulations and policies to favor countries that use the major international currencies, notably the US dollar and the euro, as well as countries already favored by the US Federal Reserve and the European Central Bank.",10_8,10_15,
"We emphasize, therefore, that the most important practical problem facing UN members at FfD4 is how to enable the vast US$30 trillion pool of world savings to flow in much larger amounts to where they are most in need: to low-income and lower-middle income countries and those most vulnerable to global environmental shocks, and to the poorest people within all countries.","Factors such as various forms of conflicts, structural vulnerabilities, weak institutional leadership, and limited fiscal space may explain disparities in SDG progress since 2015.",10_8,10_16,
"We emphasize, therefore, that the most important practical problem facing UN members at FfD4 is how to enable the vast US$30 trillion pool of world savings to flow in much larger amounts to where they are most in need: to low-income and lower-middle income countries and those most vulnerable to global environmental shocks, and to the poorest people within all countries.","At the same time, the regional and income-group aggregates hide significant disparities in SDG progress across countries.",10_8,10_17,
"We emphasize, therefore, that the most important practical problem facing UN members at FfD4 is how to enable the vast US$30 trillion pool of world savings to flow in much larger amounts to where they are most in need: to low-income and lower-middle income countries and those most vulnerable to global environmental shocks, and to the poorest people within all countries.","Preliminary research using high-resolution satellite imagery estimates that around 40 percent of the world’s population might be assigned to a different SDG Index quintile than that of their aggregated national SDG Index estimate, which suggests significant and persistent territorial disparities in SDG performance within countries (Iablonovski 2024).",10_8,10_18,
"We emphasize, therefore, that the most important practical problem facing UN members at FfD4 is how to enable the vast US$30 trillion pool of world savings to flow in much larger amounts to where they are most in need: to low-income and lower-middle income countries and those most vulnerable to global environmental shocks, and to the poorest people within all countries.","Overall, rich countries outperform other country group-ings on overall SDG performance and life satisfaction, but they have also outsourced numerous negative environmental and socioeconomic impacts abroad",10_8,10_19,
"We emphasize, therefore, that the most important practical problem facing UN members at FfD4 is how to enable the vast US$30 trillion pool of world savings to flow in much larger amounts to where they are most in need: to low-income and lower-middle income countries and those most vulnerable to global environmental shocks, and to the poorest people within all countries.",Therefore resources released as a result of the implementation of disarmament measures should be devoted to the economic and social development of all nations and contribute to the bridging of the economic gap between developed and developing countries.,10_8,10_20,
We call on the UN member states meeting in Seville to redesign the international financial architecture in accord with the high potential and realistic timeline of economic convergence.,"For impoverished nations struggling under the weight of unsustainable debt and burdensome debt servicing, we call for debt relief consistent with the Jubilee Year. Debt relief should entail at the least a restructuring of the outstanding debts of heavily burdened countries, so that their debts fall due not in the immediate future but in 30–40 years: a realistic timeline that aligns with future economic growth.",10_9,10_10,
We call on the UN member states meeting in Seville to redesign the international financial architecture in accord with the high potential and realistic timeline of economic convergence.,"ODA, after all, reflects a combination of distributive justice (ensuring that no one is left behind), reparative justice (repaying debts owed for past harms, whether from slavery, imperialism, the emissions of climate-changing greenhouse gases, or other harms to Earth’s physical systems), and inter-generational justice (respecting the pressing needs of today’s young people and future generations).",10_9,10_11,
We call on the UN member states meeting in Seville to redesign the international financial architecture in accord with the high potential and realistic timeline of economic convergence.,"Taxing the greenhouse gas emissions of high-income countries would combine the multiple dimensions of justice (distributive, reparative, and intergenerational) with practical resource mobilization to help poorer and more vulnerable countries undertake effective climate action.",10_9,10_12,
We call on the UN member states meeting in Seville to redesign the international financial architecture in accord with the high potential and realistic timeline of economic convergence.,"The most important ethical principle is to co-create solutions: we should act with the poor, not merely for the poor.",10_9,10_13,
We call on the UN member states meeting in Seville to redesign the international financial architecture in accord with the high potential and realistic timeline of economic convergence.,"creditor nations have failed to establish fair and equitable standards of debt restructuring to prevent poor and vulnerable countries from being strangled by debt servicing, exacerbated by short and insufficient maturities of the debts.",10_9,10_14,
We call on the UN member states meeting in Seville to redesign the international financial architecture in accord with the high potential and realistic timeline of economic convergence.,"The international financial markets are led by faulty regulations and policies to favor countries that use the major international currencies, notably the US dollar and the euro, as well as countries already favored by the US Federal Reserve and the European Central Bank.",10_9,10_15,
We call on the UN member states meeting in Seville to redesign the international financial architecture in accord with the high potential and realistic timeline of economic convergence.,"Factors such as various forms of conflicts, structural vulnerabilities, weak institutional leadership, and limited fiscal space may explain disparities in SDG progress since 2015.",10_9,10_16,
We call on the UN member states meeting in Seville to redesign the international financial architecture in accord with the high potential and realistic timeline of economic convergence.,"At the same time, the regional and income-group aggregates hide significant disparities in SDG progress across countries.",10_9,10_17,
We call on the UN member states meeting in Seville to redesign the international financial architecture in accord with the high potential and realistic timeline of economic convergence.,"Preliminary research using high-resolution satellite imagery estimates that around 40 percent of the world’s population might be assigned to a different SDG Index quintile than that of their aggregated national SDG Index estimate, which suggests significant and persistent territorial disparities in SDG performance within countries (Iablonovski 2024).",10_9,10_18,
We call on the UN member states meeting in Seville to redesign the international financial architecture in accord with the high potential and realistic timeline of economic convergence.,"Overall, rich countries outperform other country group-ings on overall SDG performance and life satisfaction, but they have also outsourced numerous negative environmental and socioeconomic impacts abroad",10_9,10_19,
We call on the UN member states meeting in Seville to redesign the international financial architecture in accord with the high potential and realistic timeline of economic convergence.,Therefore resources released as a result of the implementation of disarmament measures should be devoted to the economic and social development of all nations and contribute to the bridging of the economic gap between developed and developing countries.,10_9,10_20,
"For impoverished nations struggling under the weight of unsustainable debt and burdensome debt servicing, we call for debt relief consistent with the Jubilee Year. Debt relief should entail at the least a restructuring of the outstanding debts of heavily burdened countries, so that their debts fall due not in the immediate future but in 30–40 years: a realistic timeline that aligns with future economic growth.","ODA, after all, reflects a combination of distributive justice (ensuring that no one is left behind), reparative justice (repaying debts owed for past harms, whether from slavery, imperialism, the emissions of climate-changing greenhouse gases, or other harms to Earth’s physical systems), and inter-generational justice (respecting the pressing needs of today’s young people and future generations).",10_10,10_11,
"For impoverished nations struggling under the weight of unsustainable debt and burdensome debt servicing, we call for debt relief consistent with the Jubilee Year. Debt relief should entail at the least a restructuring of the outstanding debts of heavily burdened countries, so that their debts fall due not in the immediate future but in 30–40 years: a realistic timeline that aligns with future economic growth.","Taxing the greenhouse gas emissions of high-income countries would combine the multiple dimensions of justice (distributive, reparative, and intergenerational) with practical resource mobilization to help poorer and more vulnerable countries undertake effective climate action.",10_10,10_12,
"For impoverished nations struggling under the weight of unsustainable debt and burdensome debt servicing, we call for debt relief consistent with the Jubilee Year. Debt relief should entail at the least a restructuring of the outstanding debts of heavily burdened countries, so that their debts fall due not in the immediate future but in 30–40 years: a realistic timeline that aligns with future economic growth.","The most important ethical principle is to co-create solutions: we should act with the poor, not merely for the poor.",10_10,10_13,
"For impoverished nations struggling under the weight of unsustainable debt and burdensome debt servicing, we call for debt relief consistent with the Jubilee Year. Debt relief should entail at the least a restructuring of the outstanding debts of heavily burdened countries, so that their debts fall due not in the immediate future but in 30–40 years: a realistic timeline that aligns with future economic growth.","creditor nations have failed to establish fair and equitable standards of debt restructuring to prevent poor and vulnerable countries from being strangled by debt servicing, exacerbated by short and insufficient maturities of the debts.",10_10,10_14,
"For impoverished nations struggling under the weight of unsustainable debt and burdensome debt servicing, we call for debt relief consistent with the Jubilee Year. Debt relief should entail at the least a restructuring of the outstanding debts of heavily burdened countries, so that their debts fall due not in the immediate future but in 30–40 years: a realistic timeline that aligns with future economic growth.","The international financial markets are led by faulty regulations and policies to favor countries that use the major international currencies, notably the US dollar and the euro, as well as countries already favored by the US Federal Reserve and the European Central Bank.",10_10,10_15,
"For impoverished nations struggling under the weight of unsustainable debt and burdensome debt servicing, we call for debt relief consistent with the Jubilee Year. Debt relief should entail at the least a restructuring of the outstanding debts of heavily burdened countries, so that their debts fall due not in the immediate future but in 30–40 years: a realistic timeline that aligns with future economic growth.","Factors such as various forms of conflicts, structural vulnerabilities, weak institutional leadership, and limited fiscal space may explain disparities in SDG progress since 2015.",10_10,10_16,
"For impoverished nations struggling under the weight of unsustainable debt and burdensome debt servicing, we call for debt relief consistent with the Jubilee Year. Debt relief should entail at the least a restructuring of the outstanding debts of heavily burdened countries, so that their debts fall due not in the immediate future but in 30–40 years: a realistic timeline that aligns with future economic growth.","At the same time, the regional and income-group aggregates hide significant disparities in SDG progress across countries.",10_10,10_17,
"For impoverished nations struggling under the weight of unsustainable debt and burdensome debt servicing, we call for debt relief consistent with the Jubilee Year. Debt relief should entail at the least a restructuring of the outstanding debts of heavily burdened countries, so that their debts fall due not in the immediate future but in 30–40 years: a realistic timeline that aligns with future economic growth.","Preliminary research using high-resolution satellite imagery estimates that around 40 percent of the world’s population might be assigned to a different SDG Index quintile than that of their aggregated national SDG Index estimate, which suggests significant and persistent territorial disparities in SDG performance within countries (Iablonovski 2024).",10_10,10_18,
"For impoverished nations struggling under the weight of unsustainable debt and burdensome debt servicing, we call for debt relief consistent with the Jubilee Year. Debt relief should entail at the least a restructuring of the outstanding debts of heavily burdened countries, so that their debts fall due not in the immediate future but in 30–40 years: a realistic timeline that aligns with future economic growth.","Overall, rich countries outperform other country group-ings on overall SDG performance and life satisfaction, but they have also outsourced numerous negative environmental and socioeconomic impacts abroad",10_10,10_19,
"For impoverished nations struggling under the weight of unsustainable debt and burdensome debt servicing, we call for debt relief consistent with the Jubilee Year. Debt relief should entail at the least a restructuring of the outstanding debts of heavily burdened countries, so that their debts fall due not in the immediate future but in 30–40 years: a realistic timeline that aligns with future economic growth.",Therefore resources released as a result of the implementation of disarmament measures should be devoted to the economic and social development of all nations and contribute to the bridging of the economic gap between developed and developing countries.,10_10,10_20,
"ODA, after all, reflects a combination of distributive justice (ensuring that no one is left behind), reparative justice (repaying debts owed for past harms, whether from slavery, imperialism, the emissions of climate-changing greenhouse gases, or other harms to Earth’s physical systems), and inter-generational justice (respecting the pressing needs of today’s young people and future generations).","Taxing the greenhouse gas emissions of high-income countries would combine the multiple dimensions of justice (distributive, reparative, and intergenerational) with practical resource mobilization to help poorer and more vulnerable countries undertake effective climate action.",10_11,10_12,
"ODA, after all, reflects a combination of distributive justice (ensuring that no one is left behind), reparative justice (repaying debts owed for past harms, whether from slavery, imperialism, the emissions of climate-changing greenhouse gases, or other harms to Earth’s physical systems), and inter-generational justice (respecting the pressing needs of today’s young people and future generations).","The most important ethical principle is to co-create solutions: we should act with the poor, not merely for the poor.",10_11,10_13,
"ODA, after all, reflects a combination of distributive justice (ensuring that no one is left behind), reparative justice (repaying debts owed for past harms, whether from slavery, imperialism, the emissions of climate-changing greenhouse gases, or other harms to Earth’s physical systems), and inter-generational justice (respecting the pressing needs of today’s young people and future generations).","creditor nations have failed to establish fair and equitable standards of debt restructuring to prevent poor and vulnerable countries from being strangled by debt servicing, exacerbated by short and insufficient maturities of the debts.",10_11,10_14,
"ODA, after all, reflects a combination of distributive justice (ensuring that no one is left behind), reparative justice (repaying debts owed for past harms, whether from slavery, imperialism, the emissions of climate-changing greenhouse gases, or other harms to Earth’s physical systems), and inter-generational justice (respecting the pressing needs of today’s young people and future generations).","The international financial markets are led by faulty regulations and policies to favor countries that use the major international currencies, notably the US dollar and the euro, as well as countries already favored by the US Federal Reserve and the European Central Bank.",10_11,10_15,
"ODA, after all, reflects a combination of distributive justice (ensuring that no one is left behind), reparative justice (repaying debts owed for past harms, whether from slavery, imperialism, the emissions of climate-changing greenhouse gases, or other harms to Earth’s physical systems), and inter-generational justice (respecting the pressing needs of today’s young people and future generations).","Factors such as various forms of conflicts, structural vulnerabilities, weak institutional leadership, and limited fiscal space may explain disparities in SDG progress since 2015.",10_11,10_16,
"ODA, after all, reflects a combination of distributive justice (ensuring that no one is left behind), reparative justice (repaying debts owed for past harms, whether from slavery, imperialism, the emissions of climate-changing greenhouse gases, or other harms to Earth’s physical systems), and inter-generational justice (respecting the pressing needs of today’s young people and future generations).","At the same time, the regional and income-group aggregates hide significant disparities in SDG progress across countries.",10_11,10_17,
"ODA, after all, reflects a combination of distributive justice (ensuring that no one is left behind), reparative justice (repaying debts owed for past harms, whether from slavery, imperialism, the emissions of climate-changing greenhouse gases, or other harms to Earth’s physical systems), and inter-generational justice (respecting the pressing needs of today’s young people and future generations).","Preliminary research using high-resolution satellite imagery estimates that around 40 percent of the world’s population might be assigned to a different SDG Index quintile than that of their aggregated national SDG Index estimate, which suggests significant and persistent territorial disparities in SDG performance within countries (Iablonovski 2024).",10_11,10_18,
"ODA, after all, reflects a combination of distributive justice (ensuring that no one is left behind), reparative justice (repaying debts owed for past harms, whether from slavery, imperialism, the emissions of climate-changing greenhouse gases, or other harms to Earth’s physical systems), and inter-generational justice (respecting the pressing needs of today’s young people and future generations).","Overall, rich countries outperform other country group-ings on overall SDG performance and life satisfaction, but they have also outsourced numerous negative environmental and socioeconomic impacts abroad",10_11,10_19,
"ODA, after all, reflects a combination of distributive justice (ensuring that no one is left behind), reparative justice (repaying debts owed for past harms, whether from slavery, imperialism, the emissions of climate-changing greenhouse gases, or other harms to Earth’s physical systems), and inter-generational justice (respecting the pressing needs of today’s young people and future generations).",Therefore resources released as a result of the implementation of disarmament measures should be devoted to the economic and social development of all nations and contribute to the bridging of the economic gap between developed and developing countries.,10_11,10_20,
"Taxing the greenhouse gas emissions of high-income countries would combine the multiple dimensions of justice (distributive, reparative, and intergenerational) with practical resource mobilization to help poorer and more vulnerable countries undertake effective climate action.","The most important ethical principle is to co-create solutions: we should act with the poor, not merely for the poor.",10_12,10_13,
"Taxing the greenhouse gas emissions of high-income countries would combine the multiple dimensions of justice (distributive, reparative, and intergenerational) with practical resource mobilization to help poorer and more vulnerable countries undertake effective climate action.","creditor nations have failed to establish fair and equitable standards of debt restructuring to prevent poor and vulnerable countries from being strangled by debt servicing, exacerbated by short and insufficient maturities of the debts.",10_12,10_14,
"Taxing the greenhouse gas emissions of high-income countries would combine the multiple dimensions of justice (distributive, reparative, and intergenerational) with practical resource mobilization to help poorer and more vulnerable countries undertake effective climate action.","The international financial markets are led by faulty regulations and policies to favor countries that use the major international currencies, notably the US dollar and the euro, as well as countries already favored by the US Federal Reserve and the European Central Bank.",10_12,10_15,
"Taxing the greenhouse gas emissions of high-income countries would combine the multiple dimensions of justice (distributive, reparative, and intergenerational) with practical resource mobilization to help poorer and more vulnerable countries undertake effective climate action.","Factors such as various forms of conflicts, structural vulnerabilities, weak institutional leadership, and limited fiscal space may explain disparities in SDG progress since 2015.",10_12,10_16,
"Taxing the greenhouse gas emissions of high-income countries would combine the multiple dimensions of justice (distributive, reparative, and intergenerational) with practical resource mobilization to help poorer and more vulnerable countries undertake effective climate action.","At the same time, the regional and income-group aggregates hide significant disparities in SDG progress across countries.",10_12,10_17,
"Taxing the greenhouse gas emissions of high-income countries would combine the multiple dimensions of justice (distributive, reparative, and intergenerational) with practical resource mobilization to help poorer and more vulnerable countries undertake effective climate action.","Preliminary research using high-resolution satellite imagery estimates that around 40 percent of the world’s population might be assigned to a different SDG Index quintile than that of their aggregated national SDG Index estimate, which suggests significant and persistent territorial disparities in SDG performance within countries (Iablonovski 2024).",10_12,10_18,
"Taxing the greenhouse gas emissions of high-income countries would combine the multiple dimensions of justice (distributive, reparative, and intergenerational) with practical resource mobilization to help poorer and more vulnerable countries undertake effective climate action.","Overall, rich countries outperform other country group-ings on overall SDG performance and life satisfaction, but they have also outsourced numerous negative environmental and socioeconomic impacts abroad",10_12,10_19,
"Taxing the greenhouse gas emissions of high-income countries would combine the multiple dimensions of justice (distributive, reparative, and intergenerational) with practical resource mobilization to help poorer and more vulnerable countries undertake effective climate action.",Therefore resources released as a result of the implementation of disarmament measures should be devoted to the economic and social development of all nations and contribute to the bridging of the economic gap between developed and developing countries.,10_12,10_20,
"The most important ethical principle is to co-create solutions: we should act with the poor, not merely for the poor.","creditor nations have failed to establish fair and equitable standards of debt restructuring to prevent poor and vulnerable countries from being strangled by debt servicing, exacerbated by short and insufficient maturities of the debts.",10_13,10_14,
"The most important ethical principle is to co-create solutions: we should act with the poor, not merely for the poor.","The international financial markets are led by faulty regulations and policies to favor countries that use the major international currencies, notably the US dollar and the euro, as well as countries already favored by the US Federal Reserve and the European Central Bank.",10_13,10_15,
"The most important ethical principle is to co-create solutions: we should act with the poor, not merely for the poor.","Factors such as various forms of conflicts, structural vulnerabilities, weak institutional leadership, and limited fiscal space may explain disparities in SDG progress since 2015.",10_13,10_16,
"The most important ethical principle is to co-create solutions: we should act with the poor, not merely for the poor.","At the same time, the regional and income-group aggregates hide significant disparities in SDG progress across countries.",10_13,10_17,
"The most important ethical principle is to co-create solutions: we should act with the poor, not merely for the poor.","Preliminary research using high-resolution satellite imagery estimates that around 40 percent of the world’s population might be assigned to a different SDG Index quintile than that of their aggregated national SDG Index estimate, which suggests significant and persistent territorial disparities in SDG performance within countries (Iablonovski 2024).",10_13,10_18,
"The most important ethical principle is to co-create solutions: we should act with the poor, not merely for the poor.","Overall, rich countries outperform other country group-ings on overall SDG performance and life satisfaction, but they have also outsourced numerous negative environmental and socioeconomic impacts abroad",10_13,10_19,
"The most important ethical principle is to co-create solutions: we should act with the poor, not merely for the poor.",Therefore resources released as a result of the implementation of disarmament measures should be devoted to the economic and social development of all nations and contribute to the bridging of the economic gap between developed and developing countries.,10_13,10_20,
"creditor nations have failed to establish fair and equitable standards of debt restructuring to prevent poor and vulnerable countries from being strangled by debt servicing, exacerbated by short and insufficient maturities of the debts.","The international financial markets are led by faulty regulations and policies to favor countries that use the major international currencies, notably the US dollar and the euro, as well as countries already favored by the US Federal Reserve and the European Central Bank.",10_14,10_15,
"creditor nations have failed to establish fair and equitable standards of debt restructuring to prevent poor and vulnerable countries from being strangled by debt servicing, exacerbated by short and insufficient maturities of the debts.","Factors such as various forms of conflicts, structural vulnerabilities, weak institutional leadership, and limited fiscal space may explain disparities in SDG progress since 2015.",10_14,10_16,
"creditor nations have failed to establish fair and equitable standards of debt restructuring to prevent poor and vulnerable countries from being strangled by debt servicing, exacerbated by short and insufficient maturities of the debts.","At the same time, the regional and income-group aggregates hide significant disparities in SDG progress across countries.",10_14,10_17,
"creditor nations have failed to establish fair and equitable standards of debt restructuring to prevent poor and vulnerable countries from being strangled by debt servicing, exacerbated by short and insufficient maturities of the debts.","Preliminary research using high-resolution satellite imagery estimates that around 40 percent of the world’s population might be assigned to a different SDG Index quintile than that of their aggregated national SDG Index estimate, which suggests significant and persistent territorial disparities in SDG performance within countries (Iablonovski 2024).",10_14,10_18,
"creditor nations have failed to establish fair and equitable standards of debt restructuring to prevent poor and vulnerable countries from being strangled by debt servicing, exacerbated by short and insufficient maturities of the debts.","Overall, rich countries outperform other country group-ings on overall SDG performance and life satisfaction, but they have also outsourced numerous negative environmental and socioeconomic impacts abroad",10_14,10_19,
"creditor nations have failed to establish fair and equitable standards of debt restructuring to prevent poor and vulnerable countries from being strangled by debt servicing, exacerbated by short and insufficient maturities of the debts.",Therefore resources released as a result of the implementation of disarmament measures should be devoted to the economic and social development of all nations and contribute to the bridging of the economic gap between developed and developing countries.,10_14,10_20,
"The international financial markets are led by faulty regulations and policies to favor countries that use the major international currencies, notably the US dollar and the euro, as well as countries already favored by the US Federal Reserve and the European Central Bank.","Factors such as various forms of conflicts, structural vulnerabilities, weak institutional leadership, and limited fiscal space may explain disparities in SDG progress since 2015.",10_15,10_16,
"The international financial markets are led by faulty regulations and policies to favor countries that use the major international currencies, notably the US dollar and the euro, as well as countries already favored by the US Federal Reserve and the European Central Bank.","At the same time, the regional and income-group aggregates hide significant disparities in SDG progress across countries.",10_15,10_17,
"The international financial markets are led by faulty regulations and policies to favor countries that use the major international currencies, notably the US dollar and the euro, as well as countries already favored by the US Federal Reserve and the European Central Bank.","Preliminary research using high-resolution satellite imagery estimates that around 40 percent of the world’s population might be assigned to a different SDG Index quintile than that of their aggregated national SDG Index estimate, which suggests significant and persistent territorial disparities in SDG performance within countries (Iablonovski 2024).",10_15,10_18,
"The international financial markets are led by faulty regulations and policies to favor countries that use the major international currencies, notably the US dollar and the euro, as well as countries already favored by the US Federal Reserve and the European Central Bank.","Overall, rich countries outperform other country group-ings on overall SDG performance and life satisfaction, but they have also outsourced numerous negative environmental and socioeconomic impacts abroad",10_15,10_19,
"The international financial markets are led by faulty regulations and policies to favor countries that use the major international currencies, notably the US dollar and the euro, as well as countries already favored by the US Federal Reserve and the European Central Bank.",Therefore resources released as a result of the implementation of disarmament measures should be devoted to the economic and social development of all nations and contribute to the bridging of the economic gap between developed and developing countries.,10_15,10_20,
"Factors such as various forms of conflicts, structural vulnerabilities, weak institutional leadership, and limited fiscal space may explain disparities in SDG progress since 2015.","At the same time, the regional and income-group aggregates hide significant disparities in SDG progress across countries.",10_16,10_17,
"Factors such as various forms of conflicts, structural vulnerabilities, weak institutional leadership, and limited fiscal space may explain disparities in SDG progress since 2015.","Preliminary research using high-resolution satellite imagery estimates that around 40 percent of the world’s population might be assigned to a different SDG Index quintile than that of their aggregated national SDG Index estimate, which suggests significant and persistent territorial disparities in SDG performance within countries (Iablonovski 2024).",10_16,10_18,
"Factors such as various forms of conflicts, structural vulnerabilities, weak institutional leadership, and limited fiscal space may explain disparities in SDG progress since 2015.","Overall, rich countries outperform other country group-ings on overall SDG performance and life satisfaction, but they have also outsourced numerous negative environmental and socioeconomic impacts abroad",10_16,10_19,
"Factors such as various forms of conflicts, structural vulnerabilities, weak institutional leadership, and limited fiscal space may explain disparities in SDG progress since 2015.",Therefore resources released as a result of the implementation of disarmament measures should be devoted to the economic and social development of all nations and contribute to the bridging of the economic gap between developed and developing countries.,10_16,10_20,
"At the same time, the regional and income-group aggregates hide significant disparities in SDG progress across countries.","Preliminary research using high-resolution satellite imagery estimates that around 40 percent of the world’s population might be assigned to a different SDG Index quintile than that of their aggregated national SDG Index estimate, which suggests significant and persistent territorial disparities in SDG performance within countries (Iablonovski 2024).",10_17,10_18,
"At the same time, the regional and income-group aggregates hide significant disparities in SDG progress across countries.","Overall, rich countries outperform other country group-ings on overall SDG performance and life satisfaction, but they have also outsourced numerous negative environmental and socioeconomic impacts abroad",10_17,10_19,
"At the same time, the regional and income-group aggregates hide significant disparities in SDG progress across countries.",Therefore resources released as a result of the implementation of disarmament measures should be devoted to the economic and social development of all nations and contribute to the bridging of the economic gap between developed and developing countries.,10_17,10_20,
"Preliminary research using high-resolution satellite imagery estimates that around 40 percent of the world’s population might be assigned to a different SDG Index quintile than that of their aggregated national SDG Index estimate, which suggests significant and persistent territorial disparities in SDG performance within countries (Iablonovski 2024).","Overall, rich countries outperform other country group-ings on overall SDG performance and life satisfaction, but they have also outsourced numerous negative environmental and socioeconomic impacts abroad",10_18,10_19,
"Preliminary research using high-resolution satellite imagery estimates that around 40 percent of the world’s population might be assigned to a different SDG Index quintile than that of their aggregated national SDG Index estimate, which suggests significant and persistent territorial disparities in SDG performance within countries (Iablonovski 2024).",Therefore resources released as a result of the implementation of disarmament measures should be devoted to the economic and social development of all nations and contribute to the bridging of the economic gap between developed and developing countries.,10_18,10_20,
"Overall, rich countries outperform other country group-ings on overall SDG performance and life satisfaction, but they have also outsourced numerous negative environmental and socioeconomic impacts abroad",Therefore resources released as a result of the implementation of disarmament measures should be devoted to the economic and social development of all nations and contribute to the bridging of the economic gap between developed and developing countries.,10_19,10_20,
"In early 2025, the United States announced its withdrawal from the Paris Climate Agreement and the World Health Organization (WHO) and formally declared its opposition to the SDGs and the 2030 Agenda.",those countries that contributed most to greenhouse gas emissions and other environmental harms in the past must do the most to curb their emissions in the future and to compensate the other countries for the damages their past actions have caused,13_0,13_1,
"In early 2025, the United States announced its withdrawal from the Paris Climate Agreement and the World Health Organization (WHO) and formally declared its opposition to the SDGs and the 2030 Agenda.","cutting UN budgets at a time of pervasive conflicts, human displacements, climate disasters, epidemic diseases, and other crises is unacceptable",13_0,13_2,
"In early 2025, the United States announced its withdrawal from the Paris Climate Agreement and the World Health Organization (WHO) and formally declared its opposition to the SDGs and the 2030 Agenda.","The high-income countries bear the responsibility for filling the funds they have designated for these purposes, including the Adaptation Fund, the Loss and Damage Fund, the Green Climate Fund, and others",13_0,13_3,
"In early 2025, the United States announced its withdrawal from the Paris Climate Agreement and the World Health Organization (WHO) and formally declared its opposition to the SDGs and the 2030 Agenda.",humanity’s global goals to end poverty and contain the climate emergency are within reach,13_0,13_4,
"In early 2025, the United States announced its withdrawal from the Paris Climate Agreement and the World Health Organization (WHO) and formally declared its opposition to the SDGs and the 2030 Agenda.","The core outcome document should strongly reaffirm the global sustainability frameworks and agreements (Agenda 2030, the Sustainable Development Goals, the Paris Climate Agreement, and the Montreal-Kunming Biodiversity Framework) and the overarching principles of sustainable development, distributive and reparative justice, common but differentiated responsibilities, and collective responsibility for the UN system, and commit to fixing the global financial architecture to ensure the financing needed for sustainable development.",13_0,13_5,
"In early 2025, the United States announced its withdrawal from the Paris Climate Agreement and the World Health Organization (WHO) and formally declared its opposition to the SDGs and the 2030 Agenda.","proper funding of the institutions established to protect the global commons, including the Global Environmental Facility, the Adaptation Fund, and the Loss and Damage Fund, with clear assessments by country and new revenues raised via international taxes (e.g. on international shipping, aviation, and greenhouse emissions) and other agreed means;",13_0,13_6,
"In early 2025, the United States announced its withdrawal from the Paris Climate Agreement and the World Health Organization (WHO) and formally declared its opposition to the SDGs and the 2030 Agenda.","Agenda 2030 and the Paris Climate Agreement further the common good of humanity, and humanity and the United Nations member states must actively work towards achieving them.",13_0,13_7,
"In early 2025, the United States announced its withdrawal from the Paris Climate Agreement and the World Health Organization (WHO) and formally declared its opposition to the SDGs and the 2030 Agenda.",The climate crisis is rapidly worsening.,13_0,13_8,
"In early 2025, the United States announced its withdrawal from the Paris Climate Agreement and the World Health Organization (WHO) and formally declared its opposition to the SDGs and the 2030 Agenda.","We have powerful tools at our disposal – zero-carbon energy, open-source AI, precision agriculture, biodiversity conservation.",13_0,13_9,
"In early 2025, the United States announced its withdrawal from the Paris Climate Agreement and the World Health Organization (WHO) and formally declared its opposition to the SDGs and the 2030 Agenda.",We must undertake the needed investments to bring these solutions to bear at the global scale.,13_0,13_10,
"In early 2025, the United States announced its withdrawal from the Paris Climate Agreement and the World Health Organization (WHO) and formally declared its opposition to the SDGs and the 2030 Agenda.","high-intensity tropical cyclones, droughts, floods, heatwaves and forest fires that are occurring with increasing frequency as the result of human-induced climate change.",13_0,13_11,
"In early 2025, the United States announced its withdrawal from the Paris Climate Agreement and the World Health Organization (WHO) and formally declared its opposition to the SDGs and the 2030 Agenda.",We also call on creditor governments to swap outstanding debts for investments in climate safety (debt-for-climate swaps),13_0,13_12,
"In early 2025, the United States announced its withdrawal from the Paris Climate Agreement and the World Health Organization (WHO) and formally declared its opposition to the SDGs and the 2030 Agenda.","ODA, after all, reflects a combination of distributive justice (ensuring that no one is left behind), reparative justice (repaying debts owed for past harms, whether from slavery, imperialism, the emissions of climate-changing greenhouse gases, or other harms to Earth’s physical systems), and inter-generational justice (respecting the pressing needs of today’s young people and future generations).",13_0,13_13,
"In early 2025, the United States announced its withdrawal from the Paris Climate Agreement and the World Health Organization (WHO) and formally declared its opposition to the SDGs and the 2030 Agenda.","Taxing the greenhouse gas emissions of high-income countries would combine the multiple dimensions of justice (distributive, reparative, and intergenerational) with practical resource mobilization to help poorer and more vulnerable countries undertake effective climate action.",13_0,13_14,
"In early 2025, the United States announced its withdrawal from the Paris Climate Agreement and the World Health Organization (WHO) and formally declared its opposition to the SDGs and the 2030 Agenda.","cutting UN budgets at a time of pervasive conflicts, human displacements, climate disasters, epidemic diseases, and other crises is unacceptable.",13_0,13_15,
"In early 2025, the United States announced its withdrawal from the Paris Climate Agreement and the World Health Organization (WHO) and formally declared its opposition to the SDGs and the 2030 Agenda.","The core outcome document should strongly reaffirm the global sustainability frameworks and agreements (Agenda 2030, the Sustainable Development Goals, the Paris Climate Agreement, and the Montreal-Kunming Biodiversity Framework)",13_0,13_16,
"In early 2025, the United States announced its withdrawal from the Paris Climate Agreement and the World Health Organization (WHO) and formally declared its opposition to the SDGs and the 2030 Agenda.","These disruptions can result from accelerated climate change and natural disasters, geopolitical events, unilateral policies, or other events (Koks et al. 2016; Koks and Thissen 2016; Koks et al. 2019; Fahr, Vismara, and Senner 2024).",13_0,13_17,
"In early 2025, the United States announced its withdrawal from the Paris Climate Agreement and the World Health Organization (WHO) and formally declared its opposition to the SDGs and the 2030 Agenda.",Reinvesting 5 per cent of global military spending would also exceed the initial annual costs of adapting to climate change in developing countries (Goal 13).,13_0,13_18,
those countries that contributed most to greenhouse gas emissions and other environmental harms in the past must do the most to curb their emissions in the future and to compensate the other countries for the damages their past actions have caused,"cutting UN budgets at a time of pervasive conflicts, human displacements, climate disasters, epidemic diseases, and other crises is unacceptable",13_1,13_2,
those countries that contributed most to greenhouse gas emissions and other environmental harms in the past must do the most to curb their emissions in the future and to compensate the other countries for the damages their past actions have caused,"The high-income countries bear the responsibility for filling the funds they have designated for these purposes, including the Adaptation Fund, the Loss and Damage Fund, the Green Climate Fund, and others",13_1,13_3,
those countries that contributed most to greenhouse gas emissions and other environmental harms in the past must do the most to curb their emissions in the future and to compensate the other countries for the damages their past actions have caused,humanity’s global goals to end poverty and contain the climate emergency are within reach,13_1,13_4,
those countries that contributed most to greenhouse gas emissions and other environmental harms in the past must do the most to curb their emissions in the future and to compensate the other countries for the damages their past actions have caused,"The core outcome document should strongly reaffirm the global sustainability frameworks and agreements (Agenda 2030, the Sustainable Development Goals, the Paris Climate Agreement, and the Montreal-Kunming Biodiversity Framework) and the overarching principles of sustainable development, distributive and reparative justice, common but differentiated responsibilities, and collective responsibility for the UN system, and commit to fixing the global financial architecture to ensure the financing needed for sustainable development.",13_1,13_5,
those countries that contributed most to greenhouse gas emissions and other environmental harms in the past must do the most to curb their emissions in the future and to compensate the other countries for the damages their past actions have caused,"proper funding of the institutions established to protect the global commons, including the Global Environmental Facility, the Adaptation Fund, and the Loss and Damage Fund, with clear assessments by country and new revenues raised via international taxes (e.g. on international shipping, aviation, and greenhouse emissions) and other agreed means;",13_1,13_6,
those countries that contributed most to greenhouse gas emissions and other environmental harms in the past must do the most to curb their emissions in the future and to compensate the other countries for the damages their past actions have caused,"Agenda 2030 and the Paris Climate Agreement further the common good of humanity, and humanity and the United Nations member states must actively work towards achieving them.",13_1,13_7,
those countries that contributed most to greenhouse gas emissions and other environmental harms in the past must do the most to curb their emissions in the future and to compensate the other countries for the damages their past actions have caused,The climate crisis is rapidly worsening.,13_1,13_8,
those countries that contributed most to greenhouse gas emissions and other environmental harms in the past must do the most to curb their emissions in the future and to compensate the other countries for the damages their past actions have caused,"We have powerful tools at our disposal – zero-carbon energy, open-source AI, precision agriculture, biodiversity conservation.",13_1,13_9,
those countries that contributed most to greenhouse gas emissions and other environmental harms in the past must do the most to curb their emissions in the future and to compensate the other countries for the damages their past actions have caused,We must undertake the needed investments to bring these solutions to bear at the global scale.,13_1,13_10,
those countries that contributed most to greenhouse gas emissions and other environmental harms in the past must do the most to curb their emissions in the future and to compensate the other countries for the damages their past actions have caused,"high-intensity tropical cyclones, droughts, floods, heatwaves and forest fires that are occurring with increasing frequency as the result of human-induced climate change.",13_1,13_11,
those countries that contributed most to greenhouse gas emissions and other environmental harms in the past must do the most to curb their emissions in the future and to compensate the other countries for the damages their past actions have caused,We also call on creditor governments to swap outstanding debts for investments in climate safety (debt-for-climate swaps),13_1,13_12,
those countries that contributed most to greenhouse gas emissions and other environmental harms in the past must do the most to curb their emissions in the future and to compensate the other countries for the damages their past actions have caused,"ODA, after all, reflects a combination of distributive justice (ensuring that no one is left behind), reparative justice (repaying debts owed for past harms, whether from slavery, imperialism, the emissions of climate-changing greenhouse gases, or other harms to Earth’s physical systems), and inter-generational justice (respecting the pressing needs of today’s young people and future generations).",13_1,13_13,
those countries that contributed most to greenhouse gas emissions and other environmental harms in the past must do the most to curb their emissions in the future and to compensate the other countries for the damages their past actions have caused,"Taxing the greenhouse gas emissions of high-income countries would combine the multiple dimensions of justice (distributive, reparative, and intergenerational) with practical resource mobilization to help poorer and more vulnerable countries undertake effective climate action.",13_1,13_14,
those countries that contributed most to greenhouse gas emissions and other environmental harms in the past must do the most to curb their emissions in the future and to compensate the other countries for the damages their past actions have caused,"cutting UN budgets at a time of pervasive conflicts, human displacements, climate disasters, epidemic diseases, and other crises is unacceptable.",13_1,13_15,
those countries that contributed most to greenhouse gas emissions and other environmental harms in the past must do the most to curb their emissions in the future and to compensate the other countries for the damages their past actions have caused,"The core outcome document should strongly reaffirm the global sustainability frameworks and agreements (Agenda 2030, the Sustainable Development Goals, the Paris Climate Agreement, and the Montreal-Kunming Biodiversity Framework)",13_1,13_16,
those countries that contributed most to greenhouse gas emissions and other environmental harms in the past must do the most to curb their emissions in the future and to compensate the other countries for the damages their past actions have caused,"These disruptions can result from accelerated climate change and natural disasters, geopolitical events, unilateral policies, or other events (Koks et al. 2016; Koks and Thissen 2016; Koks et al. 2019; Fahr, Vismara, and Senner 2024).",13_1,13_17,
those countries that contributed most to greenhouse gas emissions and other environmental harms in the past must do the most to curb their emissions in the future and to compensate the other countries for the damages their past actions have caused,Reinvesting 5 per cent of global military spending would also exceed the initial annual costs of adapting to climate change in developing countries (Goal 13).,13_1,13_18,
"cutting UN budgets at a time of pervasive conflicts, human displacements, climate disasters, epidemic diseases, and other crises is unacceptable","The high-income countries bear the responsibility for filling the funds they have designated for these purposes, including the Adaptation Fund, the Loss and Damage Fund, the Green Climate Fund, and others",13_2,13_3,
"cutting UN budgets at a time of pervasive conflicts, human displacements, climate disasters, epidemic diseases, and other crises is unacceptable",humanity’s global goals to end poverty and contain the climate emergency are within reach,13_2,13_4,
"cutting UN budgets at a time of pervasive conflicts, human displacements, climate disasters, epidemic diseases, and other crises is unacceptable","The core outcome document should strongly reaffirm the global sustainability frameworks and agreements (Agenda 2030, the Sustainable Development Goals, the Paris Climate Agreement, and the Montreal-Kunming Biodiversity Framework) and the overarching principles of sustainable development, distributive and reparative justice, common but differentiated responsibilities, and collective responsibility for the UN system, and commit to fixing the global financial architecture to ensure the financing needed for sustainable development.",13_2,13_5,
"cutting UN budgets at a time of pervasive conflicts, human displacements, climate disasters, epidemic diseases, and other crises is unacceptable","proper funding of the institutions established to protect the global commons, including the Global Environmental Facility, the Adaptation Fund, and the Loss and Damage Fund, with clear assessments by country and new revenues raised via international taxes (e.g. on international shipping, aviation, and greenhouse emissions) and other agreed means;",13_2,13_6,
"cutting UN budgets at a time of pervasive conflicts, human displacements, climate disasters, epidemic diseases, and other crises is unacceptable","Agenda 2030 and the Paris Climate Agreement further the common good of humanity, and humanity and the United Nations member states must actively work towards achieving them.",13_2,13_7,
"cutting UN budgets at a time of pervasive conflicts, human displacements, climate disasters, epidemic diseases, and other crises is unacceptable",The climate crisis is rapidly worsening.,13_2,13_8,
"cutting UN budgets at a time of pervasive conflicts, human displacements, climate disasters, epidemic diseases, and other crises is unacceptable","We have powerful tools at our disposal – zero-carbon energy, open-source AI, precision agriculture, biodiversity conservation.",13_2,13_9,
"cutting UN budgets at a time of pervasive conflicts, human displacements, climate disasters, epidemic diseases, and other crises is unacceptable",We must undertake the needed investments to bring these solutions to bear at the global scale.,13_2,13_10,
"cutting UN budgets at a time of pervasive conflicts, human displacements, climate disasters, epidemic diseases, and other crises is unacceptable","high-intensity tropical cyclones, droughts, floods, heatwaves and forest fires that are occurring with increasing frequency as the result of human-induced climate change.",13_2,13_11,
"cutting UN budgets at a time of pervasive conflicts, human displacements, climate disasters, epidemic diseases, and other crises is unacceptable",We also call on creditor governments to swap outstanding debts for investments in climate safety (debt-for-climate swaps),13_2,13_12,
"cutting UN budgets at a time of pervasive conflicts, human displacements, climate disasters, epidemic diseases, and other crises is unacceptable","ODA, after all, reflects a combination of distributive justice (ensuring that no one is left behind), reparative justice (repaying debts owed for past harms, whether from slavery, imperialism, the emissions of climate-changing greenhouse gases, or other harms to Earth’s physical systems), and inter-generational justice (respecting the pressing needs of today’s young people and future generations).",13_2,13_13,
"cutting UN budgets at a time of pervasive conflicts, human displacements, climate disasters, epidemic diseases, and other crises is unacceptable","Taxing the greenhouse gas emissions of high-income countries would combine the multiple dimensions of justice (distributive, reparative, and intergenerational) with practical resource mobilization to help poorer and more vulnerable countries undertake effective climate action.",13_2,13_14,
"cutting UN budgets at a time of pervasive conflicts, human displacements, climate disasters, epidemic diseases, and other crises is unacceptable","cutting UN budgets at a time of pervasive conflicts, human displacements, climate disasters, epidemic diseases, and other crises is unacceptable.",13_2,13_15,
"cutting UN budgets at a time of pervasive conflicts, human displacements, climate disasters, epidemic diseases, and other crises is unacceptable","The core outcome document should strongly reaffirm the global sustainability frameworks and agreements (Agenda 2030, the Sustainable Development Goals, the Paris Climate Agreement, and the Montreal-Kunming Biodiversity Framework)",13_2,13_16,
"cutting UN budgets at a time of pervasive conflicts, human displacements, climate disasters, epidemic diseases, and other crises is unacceptable","These disruptions can result from accelerated climate change and natural disasters, geopolitical events, unilateral policies, or other events (Koks et al. 2016; Koks and Thissen 2016; Koks et al. 2019; Fahr, Vismara, and Senner 2024).",13_2,13_17,
"cutting UN budgets at a time of pervasive conflicts, human displacements, climate disasters, epidemic diseases, and other crises is unacceptable",Reinvesting 5 per cent of global military spending would also exceed the initial annual costs of adapting to climate change in developing countries (Goal 13).,13_2,13_18,
"The high-income countries bear the responsibility for filling the funds they have designated for these purposes, including the Adaptation Fund, the Loss and Damage Fund, the Green Climate Fund, and others",humanity’s global goals to end poverty and contain the climate emergency are within reach,13_3,13_4,
"The high-income countries bear the responsibility for filling the funds they have designated for these purposes, including the Adaptation Fund, the Loss and Damage Fund, the Green Climate Fund, and others","The core outcome document should strongly reaffirm the global sustainability frameworks and agreements (Agenda 2030, the Sustainable Development Goals, the Paris Climate Agreement, and the Montreal-Kunming Biodiversity Framework) and the overarching principles of sustainable development, distributive and reparative justice, common but differentiated responsibilities, and collective responsibility for the UN system, and commit to fixing the global financial architecture to ensure the financing needed for sustainable development.",13_3,13_5,
"The high-income countries bear the responsibility for filling the funds they have designated for these purposes, including the Adaptation Fund, the Loss and Damage Fund, the Green Climate Fund, and others","proper funding of the institutions established to protect the global commons, including the Global Environmental Facility, the Adaptation Fund, and the Loss and Damage Fund, with clear assessments by country and new revenues raised via international taxes (e.g. on international shipping, aviation, and greenhouse emissions) and other agreed means;",13_3,13_6,
"The high-income countries bear the responsibility for filling the funds they have designated for these purposes, including the Adaptation Fund, the Loss and Damage Fund, the Green Climate Fund, and others","Agenda 2030 and the Paris Climate Agreement further the common good of humanity, and humanity and the United Nations member states must actively work towards achieving them.",13_3,13_7,
"The high-income countries bear the responsibility for filling the funds they have designated for these purposes, including the Adaptation Fund, the Loss and Damage Fund, the Green Climate Fund, and others",The climate crisis is rapidly worsening.,13_3,13_8,
"The high-income countries bear the responsibility for filling the funds they have designated for these purposes, including the Adaptation Fund, the Loss and Damage Fund, the Green Climate Fund, and others","We have powerful tools at our disposal – zero-carbon energy, open-source AI, precision agriculture, biodiversity conservation.",13_3,13_9,
"The high-income countries bear the responsibility for filling the funds they have designated for these purposes, including the Adaptation Fund, the Loss and Damage Fund, the Green Climate Fund, and others",We must undertake the needed investments to bring these solutions to bear at the global scale.,13_3,13_10,
"The high-income countries bear the responsibility for filling the funds they have designated for these purposes, including the Adaptation Fund, the Loss and Damage Fund, the Green Climate Fund, and others","high-intensity tropical cyclones, droughts, floods, heatwaves and forest fires that are occurring with increasing frequency as the result of human-induced climate change.",13_3,13_11,
"The high-income countries bear the responsibility for filling the funds they have designated for these purposes, including the Adaptation Fund, the Loss and Damage Fund, the Green Climate Fund, and others",We also call on creditor governments to swap outstanding debts for investments in climate safety (debt-for-climate swaps),13_3,13_12,
"The high-income countries bear the responsibility for filling the funds they have designated for these purposes, including the Adaptation Fund, the Loss and Damage Fund, the Green Climate Fund, and others","ODA, after all, reflects a combination of distributive justice (ensuring that no one is left behind), reparative justice (repaying debts owed for past harms, whether from slavery, imperialism, the emissions of climate-changing greenhouse gases, or other harms to Earth’s physical systems), and inter-generational justice (respecting the pressing needs of today’s young people and future generations).",13_3,13_13,
"The high-income countries bear the responsibility for filling the funds they have designated for these purposes, including the Adaptation Fund, the Loss and Damage Fund, the Green Climate Fund, and others","Taxing the greenhouse gas emissions of high-income countries would combine the multiple dimensions of justice (distributive, reparative, and intergenerational) with practical resource mobilization to help poorer and more vulnerable countries undertake effective climate action.",13_3,13_14,
"The high-income countries bear the responsibility for filling the funds they have designated for these purposes, including the Adaptation Fund, the Loss and Damage Fund, the Green Climate Fund, and others","cutting UN budgets at a time of pervasive conflicts, human displacements, climate disasters, epidemic diseases, and other crises is unacceptable.",13_3,13_15,
"The high-income countries bear the responsibility for filling the funds they have designated for these purposes, including the Adaptation Fund, the Loss and Damage Fund, the Green Climate Fund, and others","The core outcome document should strongly reaffirm the global sustainability frameworks and agreements (Agenda 2030, the Sustainable Development Goals, the Paris Climate Agreement, and the Montreal-Kunming Biodiversity Framework)",13_3,13_16,
"The high-income countries bear the responsibility for filling the funds they have designated for these purposes, including the Adaptation Fund, the Loss and Damage Fund, the Green Climate Fund, and others","These disruptions can result from accelerated climate change and natural disasters, geopolitical events, unilateral policies, or other events (Koks et al. 2016; Koks and Thissen 2016; Koks et al. 2019; Fahr, Vismara, and Senner 2024).",13_3,13_17,
"The high-income countries bear the responsibility for filling the funds they have designated for these purposes, including the Adaptation Fund, the Loss and Damage Fund, the Green Climate Fund, and others",Reinvesting 5 per cent of global military spending would also exceed the initial annual costs of adapting to climate change in developing countries (Goal 13).,13_3,13_18,
humanity’s global goals to end poverty and contain the climate emergency are within reach,"The core outcome document should strongly reaffirm the global sustainability frameworks and agreements (Agenda 2030, the Sustainable Development Goals, the Paris Climate Agreement, and the Montreal-Kunming Biodiversity Framework) and the overarching principles of sustainable development, distributive and reparative justice, common but differentiated responsibilities, and collective responsibility for the UN system, and commit to fixing the global financial architecture to ensure the financing needed for sustainable development.",13_4,13_5,
humanity’s global goals to end poverty and contain the climate emergency are within reach,"proper funding of the institutions established to protect the global commons, including the Global Environmental Facility, the Adaptation Fund, and the Loss and Damage Fund, with clear assessments by country and new revenues raised via international taxes (e.g. on international shipping, aviation, and greenhouse emissions) and other agreed means;",13_4,13_6,
humanity’s global goals to end poverty and contain the climate emergency are within reach,"Agenda 2030 and the Paris Climate Agreement further the common good of humanity, and humanity and the United Nations member states must actively work towards achieving them.",13_4,13_7,
humanity’s global goals to end poverty and contain the climate emergency are within reach,The climate crisis is rapidly worsening.,13_4,13_8,
humanity’s global goals to end poverty and contain the climate emergency are within reach,"We have powerful tools at our disposal – zero-carbon energy, open-source AI, precision agriculture, biodiversity conservation.",13_4,13_9,
humanity’s global goals to end poverty and contain the climate emergency are within reach,We must undertake the needed investments to bring these solutions to bear at the global scale.,13_4,13_10,
humanity’s global goals to end poverty and contain the climate emergency are within reach,"high-intensity tropical cyclones, droughts, floods, heatwaves and forest fires that are occurring with increasing frequency as the result of human-induced climate change.",13_4,13_11,
humanity’s global goals to end poverty and contain the climate emergency are within reach,We also call on creditor governments to swap outstanding debts for investments in climate safety (debt-for-climate swaps),13_4,13_12,
humanity’s global goals to end poverty and contain the climate emergency are within reach,"ODA, after all, reflects a combination of distributive justice (ensuring that no one is left behind), reparative justice (repaying debts owed for past harms, whether from slavery, imperialism, the emissions of climate-changing greenhouse gases, or other harms to Earth’s physical systems), and inter-generational justice (respecting the pressing needs of today’s young people and future generations).",13_4,13_13,
humanity’s global goals to end poverty and contain the climate emergency are within reach,"Taxing the greenhouse gas emissions of high-income countries would combine the multiple dimensions of justice (distributive, reparative, and intergenerational) with practical resource mobilization to help poorer and more vulnerable countries undertake effective climate action.",13_4,13_14,
humanity’s global goals to end poverty and contain the climate emergency are within reach,"cutting UN budgets at a time of pervasive conflicts, human displacements, climate disasters, epidemic diseases, and other crises is unacceptable.",13_4,13_15,
humanity’s global goals to end poverty and contain the climate emergency are within reach,"The core outcome document should strongly reaffirm the global sustainability frameworks and agreements (Agenda 2030, the Sustainable Development Goals, the Paris Climate Agreement, and the Montreal-Kunming Biodiversity Framework)",13_4,13_16,
humanity’s global goals to end poverty and contain the climate emergency are within reach,"These disruptions can result from accelerated climate change and natural disasters, geopolitical events, unilateral policies, or other events (Koks et al. 2016; Koks and Thissen 2016; Koks et al. 2019; Fahr, Vismara, and Senner 2024).",13_4,13_17,
humanity’s global goals to end poverty and contain the climate emergency are within reach,Reinvesting 5 per cent of global military spending would also exceed the initial annual costs of adapting to climate change in developing countries (Goal 13).,13_4,13_18,
"The core outcome document should strongly reaffirm the global sustainability frameworks and agreements (Agenda 2030, the Sustainable Development Goals, the Paris Climate Agreement, and the Montreal-Kunming Biodiversity Framework) and the overarching principles of sustainable development, distributive and reparative justice, common but differentiated responsibilities, and collective responsibility for the UN system, and commit to fixing the global financial architecture to ensure the financing needed for sustainable development.","proper funding of the institutions established to protect the global commons, including the Global Environmental Facility, the Adaptation Fund, and the Loss and Damage Fund, with clear assessments by country and new revenues raised via international taxes (e.g. on international shipping, aviation, and greenhouse emissions) and other agreed means;",13_5,13_6,
"The core outcome document should strongly reaffirm the global sustainability frameworks and agreements (Agenda 2030, the Sustainable Development Goals, the Paris Climate Agreement, and the Montreal-Kunming Biodiversity Framework) and the overarching principles of sustainable development, distributive and reparative justice, common but differentiated responsibilities, and collective responsibility for the UN system, and commit to fixing the global financial architecture to ensure the financing needed for sustainable development.","Agenda 2030 and the Paris Climate Agreement further the common good of humanity, and humanity and the United Nations member states must actively work towards achieving them.",13_5,13_7,
"The core outcome document should strongly reaffirm the global sustainability frameworks and agreements (Agenda 2030, the Sustainable Development Goals, the Paris Climate Agreement, and the Montreal-Kunming Biodiversity Framework) and the overarching principles of sustainable development, distributive and reparative justice, common but differentiated responsibilities, and collective responsibility for the UN system, and commit to fixing the global financial architecture to ensure the financing needed for sustainable development.",The climate crisis is rapidly worsening.,13_5,13_8,
"The core outcome document should strongly reaffirm the global sustainability frameworks and agreements (Agenda 2030, the Sustainable Development Goals, the Paris Climate Agreement, and the Montreal-Kunming Biodiversity Framework) and the overarching principles of sustainable development, distributive and reparative justice, common but differentiated responsibilities, and collective responsibility for the UN system, and commit to fixing the global financial architecture to ensure the financing needed for sustainable development.","We have powerful tools at our disposal – zero-carbon energy, open-source AI, precision agriculture, biodiversity conservation.",13_5,13_9,
"The core outcome document should strongly reaffirm the global sustainability frameworks and agreements (Agenda 2030, the Sustainable Development Goals, the Paris Climate Agreement, and the Montreal-Kunming Biodiversity Framework) and the overarching principles of sustainable development, distributive and reparative justice, common but differentiated responsibilities, and collective responsibility for the UN system, and commit to fixing the global financial architecture to ensure the financing needed for sustainable development.",We must undertake the needed investments to bring these solutions to bear at the global scale.,13_5,13_10,
"The core outcome document should strongly reaffirm the global sustainability frameworks and agreements (Agenda 2030, the Sustainable Development Goals, the Paris Climate Agreement, and the Montreal-Kunming Biodiversity Framework) and the overarching principles of sustainable development, distributive and reparative justice, common but differentiated responsibilities, and collective responsibility for the UN system, and commit to fixing the global financial architecture to ensure the financing needed for sustainable development.","high-intensity tropical cyclones, droughts, floods, heatwaves and forest fires that are occurring with increasing frequency as the result of human-induced climate change.",13_5,13_11,
"The core outcome document should strongly reaffirm the global sustainability frameworks and agreements (Agenda 2030, the Sustainable Development Goals, the Paris Climate Agreement, and the Montreal-Kunming Biodiversity Framework) and the overarching principles of sustainable development, distributive and reparative justice, common but differentiated responsibilities, and collective responsibility for the UN system, and commit to fixing the global financial architecture to ensure the financing needed for sustainable development.",We also call on creditor governments to swap outstanding debts for investments in climate safety (debt-for-climate swaps),13_5,13_12,
"The core outcome document should strongly reaffirm the global sustainability frameworks and agreements (Agenda 2030, the Sustainable Development Goals, the Paris Climate Agreement, and the Montreal-Kunming Biodiversity Framework) and the overarching principles of sustainable development, distributive and reparative justice, common but differentiated responsibilities, and collective responsibility for the UN system, and commit to fixing the global financial architecture to ensure the financing needed for sustainable development.","ODA, after all, reflects a combination of distributive justice (ensuring that no one is left behind), reparative justice (repaying debts owed for past harms, whether from slavery, imperialism, the emissions of climate-changing greenhouse gases, or other harms to Earth’s physical systems), and inter-generational justice (respecting the pressing needs of today’s young people and future generations).",13_5,13_13,
"The core outcome document should strongly reaffirm the global sustainability frameworks and agreements (Agenda 2030, the Sustainable Development Goals, the Paris Climate Agreement, and the Montreal-Kunming Biodiversity Framework) and the overarching principles of sustainable development, distributive and reparative justice, common but differentiated responsibilities, and collective responsibility for the UN system, and commit to fixing the global financial architecture to ensure the financing needed for sustainable development.","Taxing the greenhouse gas emissions of high-income countries would combine the multiple dimensions of justice (distributive, reparative, and intergenerational) with practical resource mobilization to help poorer and more vulnerable countries undertake effective climate action.",13_5,13_14,
"The core outcome document should strongly reaffirm the global sustainability frameworks and agreements (Agenda 2030, the Sustainable Development Goals, the Paris Climate Agreement, and the Montreal-Kunming Biodiversity Framework) and the overarching principles of sustainable development, distributive and reparative justice, common but differentiated responsibilities, and collective responsibility for the UN system, and commit to fixing the global financial architecture to ensure the financing needed for sustainable development.","cutting UN budgets at a time of pervasive conflicts, human displacements, climate disasters, epidemic diseases, and other crises is unacceptable.",13_5,13_15,
"The core outcome document should strongly reaffirm the global sustainability frameworks and agreements (Agenda 2030, the Sustainable Development Goals, the Paris Climate Agreement, and the Montreal-Kunming Biodiversity Framework) and the overarching principles of sustainable development, distributive and reparative justice, common but differentiated responsibilities, and collective responsibility for the UN system, and commit to fixing the global financial architecture to ensure the financing needed for sustainable development.","The core outcome document should strongly reaffirm the global sustainability frameworks and agreements (Agenda 2030, the Sustainable Development Goals, the Paris Climate Agreement, and the Montreal-Kunming Biodiversity Framework)",13_5,13_16,
"The core outcome document should strongly reaffirm the global sustainability frameworks and agreements (Agenda 2030, the Sustainable Development Goals, the Paris Climate Agreement, and the Montreal-Kunming Biodiversity Framework) and the overarching principles of sustainable development, distributive and reparative justice, common but differentiated responsibilities, and collective responsibility for the UN system, and commit to fixing the global financial architecture to ensure the financing needed for sustainable development.","These disruptions can result from accelerated climate change and natural disasters, geopolitical events, unilateral policies, or other events (Koks et al. 2016; Koks and Thissen 2016; Koks et al. 2019; Fahr, Vismara, and Senner 2024).",13_5,13_17,
"The core outcome document should strongly reaffirm the global sustainability frameworks and agreements (Agenda 2030, the Sustainable Development Goals, the Paris Climate Agreement, and the Montreal-Kunming Biodiversity Framework) and the overarching principles of sustainable development, distributive and reparative justice, common but differentiated responsibilities, and collective responsibility for the UN system, and commit to fixing the global financial architecture to ensure the financing needed for sustainable development.",Reinvesting 5 per cent of global military spending would also exceed the initial annual costs of adapting to climate change in developing countries (Goal 13).,13_5,13_18,
"proper funding of the institutions established to protect the global commons, including the Global Environmental Facility, the Adaptation Fund, and the Loss and Damage Fund, with clear assessments by country and new revenues raised via international taxes (e.g. on international shipping, aviation, and greenhouse emissions) and other agreed means;","Agenda 2030 and the Paris Climate Agreement further the common good of humanity, and humanity and the United Nations member states must actively work towards achieving them.",13_6,13_7,
"proper funding of the institutions established to protect the global commons, including the Global Environmental Facility, the Adaptation Fund, and the Loss and Damage Fund, with clear assessments by country and new revenues raised via international taxes (e.g. on international shipping, aviation, and greenhouse emissions) and other agreed means;",The climate crisis is rapidly worsening.,13_6,13_8,
"proper funding of the institutions established to protect the global commons, including the Global Environmental Facility, the Adaptation Fund, and the Loss and Damage Fund, with clear assessments by country and new revenues raised via international taxes (e.g. on international shipping, aviation, and greenhouse emissions) and other agreed means;","We have powerful tools at our disposal – zero-carbon energy, open-source AI, precision agriculture, biodiversity conservation.",13_6,13_9,
"proper funding of the institutions established to protect the global commons, including the Global Environmental Facility, the Adaptation Fund, and the Loss and Damage Fund, with clear assessments by country and new revenues raised via international taxes (e.g. on international shipping, aviation, and greenhouse emissions) and other agreed means;",We must undertake the needed investments to bring these solutions to bear at the global scale.,13_6,13_10,
"proper funding of the institutions established to protect the global commons, including the Global Environmental Facility, the Adaptation Fund, and the Loss and Damage Fund, with clear assessments by country and new revenues raised via international taxes (e.g. on international shipping, aviation, and greenhouse emissions) and other agreed means;","high-intensity tropical cyclones, droughts, floods, heatwaves and forest fires that are occurring with increasing frequency as the result of human-induced climate change.",13_6,13_11,
"proper funding of the institutions established to protect the global commons, including the Global Environmental Facility, the Adaptation Fund, and the Loss and Damage Fund, with clear assessments by country and new revenues raised via international taxes (e.g. on international shipping, aviation, and greenhouse emissions) and other agreed means;",We also call on creditor governments to swap outstanding debts for investments in climate safety (debt-for-climate swaps),13_6,13_12,
"proper funding of the institutions established to protect the global commons, including the Global Environmental Facility, the Adaptation Fund, and the Loss and Damage Fund, with clear assessments by country and new revenues raised via international taxes (e.g. on international shipping, aviation, and greenhouse emissions) and other agreed means;","ODA, after all, reflects a combination of distributive justice (ensuring that no one is left behind), reparative justice (repaying debts owed for past harms, whether from slavery, imperialism, the emissions of climate-changing greenhouse gases, or other harms to Earth’s physical systems), and inter-generational justice (respecting the pressing needs of today’s young people and future generations).",13_6,13_13,
"proper funding of the institutions established to protect the global commons, including the Global Environmental Facility, the Adaptation Fund, and the Loss and Damage Fund, with clear assessments by country and new revenues raised via international taxes (e.g. on international shipping, aviation, and greenhouse emissions) and other agreed means;","Taxing the greenhouse gas emissions of high-income countries would combine the multiple dimensions of justice (distributive, reparative, and intergenerational) with practical resource mobilization to help poorer and more vulnerable countries undertake effective climate action.",13_6,13_14,
"proper funding of the institutions established to protect the global commons, including the Global Environmental Facility, the Adaptation Fund, and the Loss and Damage Fund, with clear assessments by country and new revenues raised via international taxes (e.g. on international shipping, aviation, and greenhouse emissions) and other agreed means;","cutting UN budgets at a time of pervasive conflicts, human displacements, climate disasters, epidemic diseases, and other crises is unacceptable.",13_6,13_15,
"proper funding of the institutions established to protect the global commons, including the Global Environmental Facility, the Adaptation Fund, and the Loss and Damage Fund, with clear assessments by country and new revenues raised via international taxes (e.g. on international shipping, aviation, and greenhouse emissions) and other agreed means;","The core outcome document should strongly reaffirm the global sustainability frameworks and agreements (Agenda 2030, the Sustainable Development Goals, the Paris Climate Agreement, and the Montreal-Kunming Biodiversity Framework)",13_6,13_16,
"proper funding of the institutions established to protect the global commons, including the Global Environmental Facility, the Adaptation Fund, and the Loss and Damage Fund, with clear assessments by country and new revenues raised via international taxes (e.g. on international shipping, aviation, and greenhouse emissions) and other agreed means;","These disruptions can result from accelerated climate change and natural disasters, geopolitical events, unilateral policies, or other events (Koks et al. 2016; Koks and Thissen 2016; Koks et al. 2019; Fahr, Vismara, and Senner 2024).",13_6,13_17,
"proper funding of the institutions established to protect the global commons, including the Global Environmental Facility, the Adaptation Fund, and the Loss and Damage Fund, with clear assessments by country and new revenues raised via international taxes (e.g. on international shipping, aviation, and greenhouse emissions) and other agreed means;",Reinvesting 5 per cent of global military spending would also exceed the initial annual costs of adapting to climate change in developing countries (Goal 13).,13_6,13_18,
"Agenda 2030 and the Paris Climate Agreement further the common good of humanity, and humanity and the United Nations member states must actively work towards achieving them.",The climate crisis is rapidly worsening.,13_7,13_8,
"Agenda 2030 and the Paris Climate Agreement further the common good of humanity, and humanity and the United Nations member states must actively work towards achieving them.","We have powerful tools at our disposal – zero-carbon energy, open-source AI, precision agriculture, biodiversity conservation.",13_7,13_9,
"Agenda 2030 and the Paris Climate Agreement further the common good of humanity, and humanity and the United Nations member states must actively work towards achieving them.",We must undertake the needed investments to bring these solutions to bear at the global scale.,13_7,13_10,
"Agenda 2030 and the Paris Climate Agreement further the common good of humanity, and humanity and the United Nations member states must actively work towards achieving them.","high-intensity tropical cyclones, droughts, floods, heatwaves and forest fires that are occurring with increasing frequency as the result of human-induced climate change.",13_7,13_11,
"Agenda 2030 and the Paris Climate Agreement further the common good of humanity, and humanity and the United Nations member states must actively work towards achieving them.",We also call on creditor governments to swap outstanding debts for investments in climate safety (debt-for-climate swaps),13_7,13_12,
"Agenda 2030 and the Paris Climate Agreement further the common good of humanity, and humanity and the United Nations member states must actively work towards achieving them.","ODA, after all, reflects a combination of distributive justice (ensuring that no one is left behind), reparative justice (repaying debts owed for past harms, whether from slavery, imperialism, the emissions of climate-changing greenhouse gases, or other harms to Earth’s physical systems), and inter-generational justice (respecting the pressing needs of today’s young people and future generations).",13_7,13_13,
"Agenda 2030 and the Paris Climate Agreement further the common good of humanity, and humanity and the United Nations member states must actively work towards achieving them.","Taxing the greenhouse gas emissions of high-income countries would combine the multiple dimensions of justice (distributive, reparative, and intergenerational) with practical resource mobilization to help poorer and more vulnerable countries undertake effective climate action.",13_7,13_14,
"Agenda 2030 and the Paris Climate Agreement further the common good of humanity, and humanity and the United Nations member states must actively work towards achieving them.","cutting UN budgets at a time of pervasive conflicts, human displacements, climate disasters, epidemic diseases, and other crises is unacceptable.",13_7,13_15,
"Agenda 2030 and the Paris Climate Agreement further the common good of humanity, and humanity and the United Nations member states must actively work towards achieving them.","The core outcome document should strongly reaffirm the global sustainability frameworks and agreements (Agenda 2030, the Sustainable Development Goals, the Paris Climate Agreement, and the Montreal-Kunming Biodiversity Framework)",13_7,13_16,
"Agenda 2030 and the Paris Climate Agreement further the common good of humanity, and humanity and the United Nations member states must actively work towards achieving them.","These disruptions can result from accelerated climate change and natural disasters, geopolitical events, unilateral policies, or other events (Koks et al. 2016; Koks and Thissen 2016; Koks et al. 2019; Fahr, Vismara, and Senner 2024).",13_7,13_17,
"Agenda 2030 and the Paris Climate Agreement further the common good of humanity, and humanity and the United Nations member states must actively work towards achieving them.",Reinvesting 5 per cent of global military spending would also exceed the initial annual costs of adapting to climate change in developing countries (Goal 13).,13_7,13_18,
The climate crisis is rapidly worsening.,"We have powerful tools at our disposal – zero-carbon energy, open-source AI, precision agriculture, biodiversity conservation.",13_8,13_9,
The climate crisis is rapidly worsening.,We must undertake the needed investments to bring these solutions to bear at the global scale.,13_8,13_10,
The climate crisis is rapidly worsening.,"high-intensity tropical cyclones, droughts, floods, heatwaves and forest fires that are occurring with increasing frequency as the result of human-induced climate change.",13_8,13_11,
The climate crisis is rapidly worsening.,We also call on creditor governments to swap outstanding debts for investments in climate safety (debt-for-climate swaps),13_8,13_12,
The climate crisis is rapidly worsening.,"ODA, after all, reflects a combination of distributive justice (ensuring that no one is left behind), reparative justice (repaying debts owed for past harms, whether from slavery, imperialism, the emissions of climate-changing greenhouse gases, or other harms to Earth’s physical systems), and inter-generational justice (respecting the pressing needs of today’s young people and future generations).",13_8,13_13,
The climate crisis is rapidly worsening.,"Taxing the greenhouse gas emissions of high-income countries would combine the multiple dimensions of justice (distributive, reparative, and intergenerational) with practical resource mobilization to help poorer and more vulnerable countries undertake effective climate action.",13_8,13_14,
The climate crisis is rapidly worsening.,"cutting UN budgets at a time of pervasive conflicts, human displacements, climate disasters, epidemic diseases, and other crises is unacceptable.",13_8,13_15,
The climate crisis is rapidly worsening.,"The core outcome document should strongly reaffirm the global sustainability frameworks and agreements (Agenda 2030, the Sustainable Development Goals, the Paris Climate Agreement, and the Montreal-Kunming Biodiversity Framework)",13_8,13_16,
The climate crisis is rapidly worsening.,"These disruptions can result from accelerated climate change and natural disasters, geopolitical events, unilateral policies, or other events (Koks et al. 2016; Koks and Thissen 2016; Koks et al. 2019; Fahr, Vismara, and Senner 2024).",13_8,13_17,
The climate crisis is rapidly worsening.,Reinvesting 5 per cent of global military spending would also exceed the initial annual costs of adapting to climate change in developing countries (Goal 13).,13_8,13_18,
"We have powerful tools at our disposal – zero-carbon energy, open-source AI, precision agriculture, biodiversity conservation.",We must undertake the needed investments to bring these solutions to bear at the global scale.,13_9,13_10,
"We have powerful tools at our disposal – zero-carbon energy, open-source AI, precision agriculture, biodiversity conservation.","high-intensity tropical cyclones, droughts, floods, heatwaves and forest fires that are occurring with increasing frequency as the result of human-induced climate change.",13_9,13_11,
"We have powerful tools at our disposal – zero-carbon energy, open-source AI, precision agriculture, biodiversity conservation.",We also call on creditor governments to swap outstanding debts for investments in climate safety (debt-for-climate swaps),13_9,13_12,
"We have powerful tools at our disposal – zero-carbon energy, open-source AI, precision agriculture, biodiversity conservation.","ODA, after all, reflects a combination of distributive justice (ensuring that no one is left behind), reparative justice (repaying debts owed for past harms, whether from slavery, imperialism, the emissions of climate-changing greenhouse gases, or other harms to Earth’s physical systems), and inter-generational justice (respecting the pressing needs of today’s young people and future generations).",13_9,13_13,
"We have powerful tools at our disposal – zero-carbon energy, open-source AI, precision agriculture, biodiversity conservation.","Taxing the greenhouse gas emissions of high-income countries would combine the multiple dimensions of justice (distributive, reparative, and intergenerational) with practical resource mobilization to help poorer and more vulnerable countries undertake effective climate action.",13_9,13_14,
"We have powerful tools at our disposal – zero-carbon energy, open-source AI, precision agriculture, biodiversity conservation.","cutting UN budgets at a time of pervasive conflicts, human displacements, climate disasters, epidemic diseases, and other crises is unacceptable.",13_9,13_15,
"We have powerful tools at our disposal – zero-carbon energy, open-source AI, precision agriculture, biodiversity conservation.","The core outcome document should strongly reaffirm the global sustainability frameworks and agreements (Agenda 2030, the Sustainable Development Goals, the Paris Climate Agreement, and the Montreal-Kunming Biodiversity Framework)",13_9,13_16,
"We have powerful tools at our disposal – zero-carbon energy, open-source AI, precision agriculture, biodiversity conservation.","These disruptions can result from accelerated climate change and natural disasters, geopolitical events, unilateral policies, or other events (Koks et al. 2016; Koks and Thissen 2016; Koks et al. 2019; Fahr, Vismara, and Senner 2024).",13_9,13_17,
"We have powerful tools at our disposal – zero-carbon energy, open-source AI, precision agriculture, biodiversity conservation.",Reinvesting 5 per cent of global military spending would also exceed the initial annual costs of adapting to climate change in developing countries (Goal 13).,13_9,13_18,
We must undertake the needed investments to bring these solutions to bear at the global scale.,"high-intensity tropical cyclones, droughts, floods, heatwaves and forest fires that are occurring with increasing frequency as the result of human-induced climate change.",13_10,13_11,
We must undertake the needed investments to bring these solutions to bear at the global scale.,We also call on creditor governments to swap outstanding debts for investments in climate safety (debt-for-climate swaps),13_10,13_12,
We must undertake the needed investments to bring these solutions to bear at the global scale.,"ODA, after all, reflects a combination of distributive justice (ensuring that no one is left behind), reparative justice (repaying debts owed for past harms, whether from slavery, imperialism, the emissions of climate-changing greenhouse gases, or other harms to Earth’s physical systems), and inter-generational justice (respecting the pressing needs of today’s young people and future generations).",13_10,13_13,
We must undertake the needed investments to bring these solutions to bear at the global scale.,"Taxing the greenhouse gas emissions of high-income countries would combine the multiple dimensions of justice (distributive, reparative, and intergenerational) with practical resource mobilization to help poorer and more vulnerable countries undertake effective climate action.",13_10,13_14,
We must undertake the needed investments to bring these solutions to bear at the global scale.,"cutting UN budgets at a time of pervasive conflicts, human displacements, climate disasters, epidemic diseases, and other crises is unacceptable.",13_10,13_15,
We must undertake the needed investments to bring these solutions to bear at the global scale.,"The core outcome document should strongly reaffirm the global sustainability frameworks and agreements (Agenda 2030, the Sustainable Development Goals, the Paris Climate Agreement, and the Montreal-Kunming Biodiversity Framework)",13_10,13_16,
We must undertake the needed investments to bring these solutions to bear at the global scale.,"These disruptions can result from accelerated climate change and natural disasters, geopolitical events, unilateral policies, or other events (Koks et al. 2016; Koks and Thissen 2016; Koks et al. 2019; Fahr, Vismara, and Senner 2024).",13_10,13_17,
We must undertake the needed investments to bring these solutions to bear at the global scale.,Reinvesting 5 per cent of global military spending would also exceed the initial annual costs of adapting to climate change in developing countries (Goal 13).,13_10,13_18,
"high-intensity tropical cyclones, droughts, floods, heatwaves and forest fires that are occurring with increasing frequency as the result of human-induced climate change.",We also call on creditor governments to swap outstanding debts for investments in climate safety (debt-for-climate swaps),13_11,13_12,
"high-intensity tropical cyclones, droughts, floods, heatwaves and forest fires that are occurring with increasing frequency as the result of human-induced climate change.","ODA, after all, reflects a combination of distributive justice (ensuring that no one is left behind), reparative justice (repaying debts owed for past harms, whether from slavery, imperialism, the emissions of climate-changing greenhouse gases, or other harms to Earth’s physical systems), and inter-generational justice (respecting the pressing needs of today’s young people and future generations).",13_11,13_13,
"high-intensity tropical cyclones, droughts, floods, heatwaves and forest fires that are occurring with increasing frequency as the result of human-induced climate change.","Taxing the greenhouse gas emissions of high-income countries would combine the multiple dimensions of justice (distributive, reparative, and intergenerational) with practical resource mobilization to help poorer and more vulnerable countries undertake effective climate action.",13_11,13_14,
"high-intensity tropical cyclones, droughts, floods, heatwaves and forest fires that are occurring with increasing frequency as the result of human-induced climate change.","cutting UN budgets at a time of pervasive conflicts, human displacements, climate disasters, epidemic diseases, and other crises is unacceptable.",13_11,13_15,
"high-intensity tropical cyclones, droughts, floods, heatwaves and forest fires that are occurring with increasing frequency as the result of human-induced climate change.","The core outcome document should strongly reaffirm the global sustainability frameworks and agreements (Agenda 2030, the Sustainable Development Goals, the Paris Climate Agreement, and the Montreal-Kunming Biodiversity Framework)",13_11,13_16,
"high-intensity tropical cyclones, droughts, floods, heatwaves and forest fires that are occurring with increasing frequency as the result of human-induced climate change.","These disruptions can result from accelerated climate change and natural disasters, geopolitical events, unilateral policies, or other events (Koks et al. 2016; Koks and Thissen 2016; Koks et al. 2019; Fahr, Vismara, and Senner 2024).",13_11,13_17,
"high-intensity tropical cyclones, droughts, floods, heatwaves and forest fires that are occurring with increasing frequency as the result of human-induced climate change.",Reinvesting 5 per cent of global military spending would also exceed the initial annual costs of adapting to climate change in developing countries (Goal 13).,13_11,13_18,
We also call on creditor governments to swap outstanding debts for investments in climate safety (debt-for-climate swaps),"ODA, after all, reflects a combination of distributive justice (ensuring that no one is left behind), reparative justice (repaying debts owed for past harms, whether from slavery, imperialism, the emissions of climate-changing greenhouse gases, or other harms to Earth’s physical systems), and inter-generational justice (respecting the pressing needs of today’s young people and future generations).",13_12,13_13,
We also call on creditor governments to swap outstanding debts for investments in climate safety (debt-for-climate swaps),"Taxing the greenhouse gas emissions of high-income countries would combine the multiple dimensions of justice (distributive, reparative, and intergenerational) with practical resource mobilization to help poorer and more vulnerable countries undertake effective climate action.",13_12,13_14,
We also call on creditor governments to swap outstanding debts for investments in climate safety (debt-for-climate swaps),"cutting UN budgets at a time of pervasive conflicts, human displacements, climate disasters, epidemic diseases, and other crises is unacceptable.",13_12,13_15,
We also call on creditor governments to swap outstanding debts for investments in climate safety (debt-for-climate swaps),"The core outcome document should strongly reaffirm the global sustainability frameworks and agreements (Agenda 2030, the Sustainable Development Goals, the Paris Climate Agreement, and the Montreal-Kunming Biodiversity Framework)",13_12,13_16,
We also call on creditor governments to swap outstanding debts for investments in climate safety (debt-for-climate swaps),"These disruptions can result from accelerated climate change and natural disasters, geopolitical events, unilateral policies, or other events (Koks et al. 2016; Koks and Thissen 2016; Koks et al. 2019; Fahr, Vismara, and Senner 2024).",13_12,13_17,
We also call on creditor governments to swap outstanding debts for investments in climate safety (debt-for-climate swaps),Reinvesting 5 per cent of global military spending would also exceed the initial annual costs of adapting to climate change in developing countries (Goal 13).,13_12,13_18,
"ODA, after all, reflects a combination of distributive justice (ensuring that no one is left behind), reparative justice (repaying debts owed for past harms, whether from slavery, imperialism, the emissions of climate-changing greenhouse gases, or other harms to Earth’s physical systems), and inter-generational justice (respecting the pressing needs of today’s young people and future generations).","Taxing the greenhouse gas emissions of high-income countries would combine the multiple dimensions of justice (distributive, reparative, and intergenerational) with practical resource mobilization to help poorer and more vulnerable countries undertake effective climate action.",13_13,13_14,
"ODA, after all, reflects a combination of distributive justice (ensuring that no one is left behind), reparative justice (repaying debts owed for past harms, whether from slavery, imperialism, the emissions of climate-changing greenhouse gases, or other harms to Earth’s physical systems), and inter-generational justice (respecting the pressing needs of today’s young people and future generations).","cutting UN budgets at a time of pervasive conflicts, human displacements, climate disasters, epidemic diseases, and other crises is unacceptable.",13_13,13_15,
"ODA, after all, reflects a combination of distributive justice (ensuring that no one is left behind), reparative justice (repaying debts owed for past harms, whether from slavery, imperialism, the emissions of climate-changing greenhouse gases, or other harms to Earth’s physical systems), and inter-generational justice (respecting the pressing needs of today’s young people and future generations).","The core outcome document should strongly reaffirm the global sustainability frameworks and agreements (Agenda 2030, the Sustainable Development Goals, the Paris Climate Agreement, and the Montreal-Kunming Biodiversity Framework)",13_13,13_16,
"ODA, after all, reflects a combination of distributive justice (ensuring that no one is left behind), reparative justice (repaying debts owed for past harms, whether from slavery, imperialism, the emissions of climate-changing greenhouse gases, or other harms to Earth’s physical systems), and inter-generational justice (respecting the pressing needs of today’s young people and future generations).","These disruptions can result from accelerated climate change and natural disasters, geopolitical events, unilateral policies, or other events (Koks et al. 2016; Koks and Thissen 2016; Koks et al. 2019; Fahr, Vismara, and Senner 2024).",13_13,13_17,
"ODA, after all, reflects a combination of distributive justice (ensuring that no one is left behind), reparative justice (repaying debts owed for past harms, whether from slavery, imperialism, the emissions of climate-changing greenhouse gases, or other harms to Earth’s physical systems), and inter-generational justice (respecting the pressing needs of today’s young people and future generations).",Reinvesting 5 per cent of global military spending would also exceed the initial annual costs of adapting to climate change in developing countries (Goal 13).,13_13,13_18,
"Taxing the greenhouse gas emissions of high-income countries would combine the multiple dimensions of justice (distributive, reparative, and intergenerational) with practical resource mobilization to help poorer and more vulnerable countries undertake effective climate action.","cutting UN budgets at a time of pervasive conflicts, human displacements, climate disasters, epidemic diseases, and other crises is unacceptable.",13_14,13_15,
"Taxing the greenhouse gas emissions of high-income countries would combine the multiple dimensions of justice (distributive, reparative, and intergenerational) with practical resource mobilization to help poorer and more vulnerable countries undertake effective climate action.","The core outcome document should strongly reaffirm the global sustainability frameworks and agreements (Agenda 2030, the Sustainable Development Goals, the Paris Climate Agreement, and the Montreal-Kunming Biodiversity Framework)",13_14,13_16,
"Taxing the greenhouse gas emissions of high-income countries would combine the multiple dimensions of justice (distributive, reparative, and intergenerational) with practical resource mobilization to help poorer and more vulnerable countries undertake effective climate action.","These disruptions can result from accelerated climate change and natural disasters, geopolitical events, unilateral policies, or other events (Koks et al. 2016; Koks and Thissen 2016; Koks et al. 2019; Fahr, Vismara, and Senner 2024).",13_14,13_17,
"Taxing the greenhouse gas emissions of high-income countries would combine the multiple dimensions of justice (distributive, reparative, and intergenerational) with practical resource mobilization to help poorer and more vulnerable countries undertake effective climate action.",Reinvesting 5 per cent of global military spending would also exceed the initial annual costs of adapting to climate change in developing countries (Goal 13).,13_14,13_18,
"cutting UN budgets at a time of pervasive conflicts, human displacements, climate disasters, epidemic diseases, and other crises is unacceptable.","The core outcome document should strongly reaffirm the global sustainability frameworks and agreements (Agenda 2030, the Sustainable Development Goals, the Paris Climate Agreement, and the Montreal-Kunming Biodiversity Framework)",13_15,13_16,
"cutting UN budgets at a time of pervasive conflicts, human displacements, climate disasters, epidemic diseases, and other crises is unacceptable.","These disruptions can result from accelerated climate change and natural disasters, geopolitical events, unilateral policies, or other events (Koks et al. 2016; Koks and Thissen 2016; Koks et al. 2019; Fahr, Vismara, and Senner 2024).",13_15,13_17,
"cutting UN budgets at a time of pervasive conflicts, human displacements, climate disasters, epidemic diseases, and other crises is unacceptable.",Reinvesting 5 per cent of global military spending would also exceed the initial annual costs of adapting to climate change in developing countries (Goal 13).,13_15,13_18,
"The core outcome document should strongly reaffirm the global sustainability frameworks and agreements (Agenda 2030, the Sustainable Development Goals, the Paris Climate Agreement, and the Montreal-Kunming Biodiversity Framework)","These disruptions can result from accelerated climate change and natural disasters, geopolitical events, unilateral policies, or other events (Koks et al. 2016; Koks and Thissen 2016; Koks et al. 2019; Fahr, Vismara, and Senner 2024).",13_16,13_17,
"The core outcome document should strongly reaffirm the global sustainability frameworks and agreements (Agenda 2030, the Sustainable Development Goals, the Paris Climate Agreement, and the Montreal-Kunming Biodiversity Framework)",Reinvesting 5 per cent of global military spending would also exceed the initial annual costs of adapting to climate change in developing countries (Goal 13).,13_16,13_18,
"These disruptions can result from accelerated climate change and natural disasters, geopolitical events, unilateral policies, or other events (Koks et al. 2016; Koks and Thissen 2016; Koks et al. 2019; Fahr, Vismara, and Senner 2024).",Reinvesting 5 per cent of global military spending would also exceed the initial annual costs of adapting to climate change in developing countries (Goal 13).,13_17,13_18,
"Third, UN member states must increase their financing of the global commons, including the biodiversity of the world’s tropical rainforests; the marine life of the oceans; and the protection of the atmosphere, fresh-water, soils, coastlines, wetlands, and other ecosystems from transboundary pollution and global-scale degradation.","Third, UN member states must increase their financing of the global commons: the biodiversity of the world’s tropical rainforests; the marine life of the oceans; and the protection of the atmosphere, freshwater, soils, coastlines, wetlands, and other ecosystems from transboundary pollution and global-scale degradation.",14_0,14_1,
"Third, UN member states must increase their financing of the global commons, including the biodiversity of the world’s tropical rainforests; the marine life of the oceans; and the protection of the atmosphere, fresh-water, soils, coastlines, wetlands, and other ecosystems from transboundary pollution and global-scale degradation.","At the global level, SDG 2 (Zero Hunger), SDG 11 (Sustainable Cities and Communities), SDG 14 (Life Below Water), SDG 15 (Life on Land) and SDG 16 (Peace, Justice and Strong Institutions) are particularly off track, facing major challenges (indicated in red on the dashboards) and showing no or very limited progress since 2015.",14_0,14_2,
"Third, UN member states must increase their financing of the global commons: the biodiversity of the world’s tropical rainforests; the marine life of the oceans; and the protection of the atmosphere, freshwater, soils, coastlines, wetlands, and other ecosystems from transboundary pollution and global-scale degradation.","At the global level, SDG 2 (Zero Hunger), SDG 11 (Sustainable Cities and Communities), SDG 14 (Life Below Water), SDG 15 (Life on Land) and SDG 16 (Peace, Justice and Strong Institutions) are particularly off track, facing major challenges (indicated in red on the dashboards) and showing no or very limited progress since 2015.",14_1,14_2,
"Third, UN member states must increase their financing of the global commons, including the biodiversity of the world’s tropical rainforests; the marine life of the oceans; and the protection of the atmosphere, fresh-water, soils, coastlines, wetlands, and other ecosystems from transboundary pollution and global-scale degradation.","We have powerful tools at our disposal – zero-carbon energy, open-source AI, precision agriculture, biodiversity conservation.",15_0,15_1,
"Third, UN member states must increase their financing of the global commons, including the biodiversity of the world’s tropical rainforests; the marine life of the oceans; and the protection of the atmosphere, fresh-water, soils, coastlines, wetlands, and other ecosystems from transboundary pollution and global-scale degradation.","We also call on creditor governments to swap outstanding debts for investments in climate safety (debt-for-climate swaps), the protection of biodiversity (debt-for-nature swaps)",15_0,15_2,
"Third, UN member states must increase their financing of the global commons, including the biodiversity of the world’s tropical rainforests; the marine life of the oceans; and the protection of the atmosphere, fresh-water, soils, coastlines, wetlands, and other ecosystems from transboundary pollution and global-scale degradation.","At the global level, SDG 2 (Zero Hunger), SDG 11 (Sustainable Cities and Communities), SDG 14 (Life Below Water), SDG 15 (Life on Land) and SDG 16 (Peace, Justice and Strong Institutions) are particularly off track, facing major challenges (indicated in red on the dashboards) and showing no or very limited progress since 2015.",15_0,15_3,
"Third, UN member states must increase their financing of the global commons, including the biodiversity of the world’s tropical rainforests; the marine life of the oceans; and the protection of the atmosphere, fresh-water, soils, coastlines, wetlands, and other ecosystems from transboundary pollution and global-scale degradation.","However, even these countries face substantial challenges in achieving several SDGs, notably SDG 2 (Zero Hunger), SDG 12 (Responsible Consumption and Production), SDG 13 (Climate Action) and SDG 15 (Life on Land), partly driven by unsustainable consumption patterns and negative international spillover effects.",15_0,15_4,
"We have powerful tools at our disposal – zero-carbon energy, open-source AI, precision agriculture, biodiversity conservation.","We also call on creditor governments to swap outstanding debts for investments in climate safety (debt-for-climate swaps), the protection of biodiversity (debt-for-nature swaps)",15_1,15_2,
"We have powerful tools at our disposal – zero-carbon energy, open-source AI, precision agriculture, biodiversity conservation.","At the global level, SDG 2 (Zero Hunger), SDG 11 (Sustainable Cities and Communities), SDG 14 (Life Below Water), SDG 15 (Life on Land) and SDG 16 (Peace, Justice and Strong Institutions) are particularly off track, facing major challenges (indicated in red on the dashboards) and showing no or very limited progress since 2015.",15_1,15_3,
"We have powerful tools at our disposal – zero-carbon energy, open-source AI, precision agriculture, biodiversity conservation.","However, even these countries face substantial challenges in achieving several SDGs, notably SDG 2 (Zero Hunger), SDG 12 (Responsible Consumption and Production), SDG 13 (Climate Action) and SDG 15 (Life on Land), partly driven by unsustainable consumption patterns and negative international spillover effects.",15_1,15_4,
"We also call on creditor governments to swap outstanding debts for investments in climate safety (debt-for-climate swaps), the protection of biodiversity (debt-for-nature swaps)","At the global level, SDG 2 (Zero Hunger), SDG 11 (Sustainable Cities and Communities), SDG 14 (Life Below Water), SDG 15 (Life on Land) and SDG 16 (Peace, Justice and Strong Institutions) are particularly off track, facing major challenges (indicated in red on the dashboards) and showing no or very limited progress since 2015.",15_2,15_3,
"We also call on creditor governments to swap outstanding debts for investments in climate safety (debt-for-climate swaps), the protection of biodiversity (debt-for-nature swaps)","However, even these countries face substantial challenges in achieving several SDGs, notably SDG 2 (Zero Hunger), SDG 12 (Responsible Consumption and Production), SDG 13 (Climate Action) and SDG 15 (Life on Land), partly driven by unsustainable consumption patterns and negative international spillover effects.",15_2,15_4,
"At the global level, SDG 2 (Zero Hunger), SDG 11 (Sustainable Cities and Communities), SDG 14 (Life Below Water), SDG 15 (Life on Land) and SDG 16 (Peace, Justice and Strong Institutions) are particularly off track, facing major challenges (indicated in red on the dashboards) and showing no or very limited progress since 2015.","However, even these countries face substantial challenges in achieving several SDGs, notably SDG 2 (Zero Hunger), SDG 12 (Responsible Consumption and Production), SDG 13 (Climate Action) and SDG 15 (Life on Land), partly driven by unsustainable consumption patterns and negative international spillover effects.",15_3,15_4,
