SDGarg1,SDGarg2,id_arg1,id_arg2,rel
"At their core, the SDGs are an investment agenda: it is critical that UN Member States adopt and implement the SDG Stimulus and support a comprehensive reform of the global financial architecture.","Investing in statistical capacity, science, and data literacy are important priorities for achieving the SDGs.",0_0,0_1,
"At their core, the SDGs are an investment agenda: it is critical that UN Member States adopt and implement the SDG Stimulus and support a comprehensive reform of the global financial architecture.","At the global level, averaging across countries, not a single SDG is currently projected to be met by 2030, with the poorest countries struggling the most.",0_0,0_2,
"At their core, the SDGs are an investment agenda: it is critical that UN Member States adopt and implement the SDG Stimulus and support a comprehensive reform of the global financial architecture.","All UN Member States should adopt long-term sustainable development pathways that provide a stepwise and medium- to long-term approach to guide their sustainable development policies, not only to 2030 but to 2050, with particular focus on gender equality, social inclusion, and the principal of ‘leave no one behind’.",0_0,0_3,
"At their core, the SDGs are an investment agenda: it is critical that UN Member States adopt and implement the SDG Stimulus and support a comprehensive reform of the global financial architecture.","The SDGs are seriously off track. According to the annual SDG Index, global achievement of the SDGs rose only slightly, from 64 percent in 2015 to 66 percent in 2019 – far too slowly to meet the goals by 2030, and with highly uneven progress within and between countries.",0_0,0_4,
"At their core, the SDGs are an investment agenda: it is critical that UN Member States adopt and implement the SDG Stimulus and support a comprehensive reform of the global financial architecture.","Investing in the SDGs is an investment agenda. In the most basic terms, the world must devote an increased portion of current output to building up sustainable capital assets for the future, and must deploy such assets effectively.",0_0,0_5,
"At their core, the SDGs are an investment agenda: it is critical that UN Member States adopt and implement the SDG Stimulus and support a comprehensive reform of the global financial architecture.","Parallel to investing in the SDGs, the world needs to stop investing in activities that threaten planetary boundaries, destroy human and natural capital, and harm social cohesion.",0_0,0_6,
"At their core, the SDGs are an investment agenda: it is critical that UN Member States adopt and implement the SDG Stimulus and support a comprehensive reform of the global financial architecture.","The United States, as the world’s biggest economy in terms of GDP at market prices and its biggest oil and gas producer, has a responsibility both to itself and to the rest of the world to immediately embark on an ambitious transformation towards the SDGs, as well as towards other global climate and biodiversity goals.",0_0,0_7,
"At their core, the SDGs are an investment agenda: it is critical that UN Member States adopt and implement the SDG Stimulus and support a comprehensive reform of the global financial architecture.","China has reiterated its support for the SDGs, such as in greening its Belt and Road Initiative and launching the Global Development Initiative as a worldwide effort.",0_0,0_8,
"At their core, the SDGs are an investment agenda: it is critical that UN Member States adopt and implement the SDG Stimulus and support a comprehensive reform of the global financial architecture.","All countries should use the half-way momentum to self-critically review and revise their national strategies, using the principles of the 2030 Agenda (transformative, integrated, inclusive, leaving no one behind) as a yardstick.",0_0,0_9,
"At their core, the SDGs are an investment agenda: it is critical that UN Member States adopt and implement the SDG Stimulus and support a comprehensive reform of the global financial architecture.",Most of the low-income and lower-middle income countries face major challenges in achieving most of the SDGs by 2030.,0_0,0_10,
"At their core, the SDGs are an investment agenda: it is critical that UN Member States adopt and implement the SDG Stimulus and support a comprehensive reform of the global financial architecture.","Many of them lack an adequately high SDG commitment, and almost all lack access to the necessary financial means to implement the SDGs.",0_0,0_11,
"At their core, the SDGs are an investment agenda: it is critical that UN Member States adopt and implement the SDG Stimulus and support a comprehensive reform of the global financial architecture.","At the midpoint of the 2030 Agenda, all countries should use the half-way momentum to self-critically review and revise their national strategies, using the principles of the 2030 Agenda (transformative, integrated, inclusive, leaving no one behind) as a yardstick.",0_0,0_12,
"At their core, the SDGs are an investment agenda: it is critical that UN Member States adopt and implement the SDG Stimulus and support a comprehensive reform of the global financial architecture.","SDSN puts a great emphasis on long-term national planning, to coordinate public investments, regulations, and incentive structures over a time horizon of 20-30 years.",0_0,0_13,
"At their core, the SDGs are an investment agenda: it is critical that UN Member States adopt and implement the SDG Stimulus and support a comprehensive reform of the global financial architecture.","SDSN calls for, and is actively supporting, the development of similar regional-based sustainability plans with associated financing.",0_0,0_14,
"At their core, the SDGs are an investment agenda: it is critical that UN Member States adopt and implement the SDG Stimulus and support a comprehensive reform of the global financial architecture.","We conclude by underscoring the vital, life-affirming importance of four key international agreements: the Sustainable Development Goals, the Paris Climate Agreement, the Kunming-Montreal Framework for Biodiversity, and the High Seas Treaty. These are signal achievements of humanity, to have come together across all nations to adopt a common set of challenges.",0_0,0_15,
"At their core, the SDGs are an investment agenda: it is critical that UN Member States adopt and implement the SDG Stimulus and support a comprehensive reform of the global financial architecture.","First, that UN Member States, at the 2023 SDG Summit and the 2024 Summit of the Future, recommit boldly, strongly, and proactively to the SDGs, accelerate progress to 2030, and adopt even more ambitious SDG targets and objectives to mid-century, also incorporating recent international agreements on oceans and biodiversity.",0_0,0_16,
"At their core, the SDGs are an investment agenda: it is critical that UN Member States adopt and implement the SDG Stimulus and support a comprehensive reform of the global financial architecture.","By contrast, Lebanon, Yemen, Papua New Guinea, Venezuela, and Myanmar present the largest number of SDG targets for which there has been a reversal in progress.",0_0,0_17,
"At their core, the SDGs are an investment agenda: it is critical that UN Member States adopt and implement the SDG Stimulus and support a comprehensive reform of the global financial architecture.",The SDGs require long-term directed change and global cooperation.,0_0,0_18,
"At their core, the SDGs are an investment agenda: it is critical that UN Member States adopt and implement the SDG Stimulus and support a comprehensive reform of the global financial architecture.","By July 2023, all UN Member States will have presented a VNR except for Haiti, Myanmar, South Sudan, the United States and Yemen.",0_0,0_19,
"At their core, the SDGs are an investment agenda: it is critical that UN Member States adopt and implement the SDG Stimulus and support a comprehensive reform of the global financial architecture.",A large majority of governments – 83 percent of those surveyed – have published some form of strategic vision and/or action plan to implement the goals.,0_0,0_20,
"At their core, the SDGs are an investment agenda: it is critical that UN Member States adopt and implement the SDG Stimulus and support a comprehensive reform of the global financial architecture.","The integration of the SDGs in national budget processes could be strengthened in most countries, and especially in LICs and LMICs, where less than a third of the countries surveyed refer to the SDGs in their national budgets – either in the narrative or as a dedicated section or budget line.",0_0,0_21,
"At their core, the SDGs are an investment agenda: it is critical that UN Member States adopt and implement the SDG Stimulus and support a comprehensive reform of the global financial architecture.","While comparable country-level data are not yet available, the IEA has concluded that global fossil-fuel consumption subsidies rose sharply in 2022, as governments attempted to shield consumers from rising energy bills (IEA 2023, OECD 2022).",0_0,0_22,
"At their core, the SDGs are an investment agenda: it is critical that UN Member States adopt and implement the SDG Stimulus and support a comprehensive reform of the global financial architecture.",Achieving the SDGs requires global cooperation under the UN Charter.,0_0,0_23,
"At their core, the SDGs are an investment agenda: it is critical that UN Member States adopt and implement the SDG Stimulus and support a comprehensive reform of the global financial architecture.","the SDG Index, including its regional and local editions, has been generally well received by the research and policy communities",0_0,0_24,
"At their core, the SDGs are an investment agenda: it is critical that UN Member States adopt and implement the SDG Stimulus and support a comprehensive reform of the global financial architecture.","The SDG Index is a flagship instrument to promote awareness of the SDGs. The SDG Index ranking receives widespread attention from politicians and the media, which further helps to raise awareness about the SDGs and creates a 'race to the top'.",0_0,0_25,
"At their core, the SDGs are an investment agenda: it is critical that UN Member States adopt and implement the SDG Stimulus and support a comprehensive reform of the global financial architecture.",The contribution of the SDGs towards a universally accepted framework for monitoring progress is critical.,0_0,0_26,
"Investing in statistical capacity, science, and data literacy are important priorities for achieving the SDGs.","At the global level, averaging across countries, not a single SDG is currently projected to be met by 2030, with the poorest countries struggling the most.",0_1,0_2,
"Investing in statistical capacity, science, and data literacy are important priorities for achieving the SDGs.","All UN Member States should adopt long-term sustainable development pathways that provide a stepwise and medium- to long-term approach to guide their sustainable development policies, not only to 2030 but to 2050, with particular focus on gender equality, social inclusion, and the principal of ‘leave no one behind’.",0_1,0_3,
"Investing in statistical capacity, science, and data literacy are important priorities for achieving the SDGs.","The SDGs are seriously off track. According to the annual SDG Index, global achievement of the SDGs rose only slightly, from 64 percent in 2015 to 66 percent in 2019 – far too slowly to meet the goals by 2030, and with highly uneven progress within and between countries.",0_1,0_4,
"Investing in statistical capacity, science, and data literacy are important priorities for achieving the SDGs.","Investing in the SDGs is an investment agenda. In the most basic terms, the world must devote an increased portion of current output to building up sustainable capital assets for the future, and must deploy such assets effectively.",0_1,0_5,
"Investing in statistical capacity, science, and data literacy are important priorities for achieving the SDGs.","Parallel to investing in the SDGs, the world needs to stop investing in activities that threaten planetary boundaries, destroy human and natural capital, and harm social cohesion.",0_1,0_6,
"Investing in statistical capacity, science, and data literacy are important priorities for achieving the SDGs.","The United States, as the world’s biggest economy in terms of GDP at market prices and its biggest oil and gas producer, has a responsibility both to itself and to the rest of the world to immediately embark on an ambitious transformation towards the SDGs, as well as towards other global climate and biodiversity goals.",0_1,0_7,
"Investing in statistical capacity, science, and data literacy are important priorities for achieving the SDGs.","China has reiterated its support for the SDGs, such as in greening its Belt and Road Initiative and launching the Global Development Initiative as a worldwide effort.",0_1,0_8,
"Investing in statistical capacity, science, and data literacy are important priorities for achieving the SDGs.","All countries should use the half-way momentum to self-critically review and revise their national strategies, using the principles of the 2030 Agenda (transformative, integrated, inclusive, leaving no one behind) as a yardstick.",0_1,0_9,
"Investing in statistical capacity, science, and data literacy are important priorities for achieving the SDGs.",Most of the low-income and lower-middle income countries face major challenges in achieving most of the SDGs by 2030.,0_1,0_10,
"Investing in statistical capacity, science, and data literacy are important priorities for achieving the SDGs.","Many of them lack an adequately high SDG commitment, and almost all lack access to the necessary financial means to implement the SDGs.",0_1,0_11,
"Investing in statistical capacity, science, and data literacy are important priorities for achieving the SDGs.","At the midpoint of the 2030 Agenda, all countries should use the half-way momentum to self-critically review and revise their national strategies, using the principles of the 2030 Agenda (transformative, integrated, inclusive, leaving no one behind) as a yardstick.",0_1,0_12,
"Investing in statistical capacity, science, and data literacy are important priorities for achieving the SDGs.","SDSN puts a great emphasis on long-term national planning, to coordinate public investments, regulations, and incentive structures over a time horizon of 20-30 years.",0_1,0_13,
"Investing in statistical capacity, science, and data literacy are important priorities for achieving the SDGs.","SDSN calls for, and is actively supporting, the development of similar regional-based sustainability plans with associated financing.",0_1,0_14,
"Investing in statistical capacity, science, and data literacy are important priorities for achieving the SDGs.","We conclude by underscoring the vital, life-affirming importance of four key international agreements: the Sustainable Development Goals, the Paris Climate Agreement, the Kunming-Montreal Framework for Biodiversity, and the High Seas Treaty. These are signal achievements of humanity, to have come together across all nations to adopt a common set of challenges.",0_1,0_15,
"Investing in statistical capacity, science, and data literacy are important priorities for achieving the SDGs.","First, that UN Member States, at the 2023 SDG Summit and the 2024 Summit of the Future, recommit boldly, strongly, and proactively to the SDGs, accelerate progress to 2030, and adopt even more ambitious SDG targets and objectives to mid-century, also incorporating recent international agreements on oceans and biodiversity.",0_1,0_16,
"Investing in statistical capacity, science, and data literacy are important priorities for achieving the SDGs.","By contrast, Lebanon, Yemen, Papua New Guinea, Venezuela, and Myanmar present the largest number of SDG targets for which there has been a reversal in progress.",0_1,0_17,
"Investing in statistical capacity, science, and data literacy are important priorities for achieving the SDGs.",The SDGs require long-term directed change and global cooperation.,0_1,0_18,
"Investing in statistical capacity, science, and data literacy are important priorities for achieving the SDGs.","By July 2023, all UN Member States will have presented a VNR except for Haiti, Myanmar, South Sudan, the United States and Yemen.",0_1,0_19,
"Investing in statistical capacity, science, and data literacy are important priorities for achieving the SDGs.",A large majority of governments – 83 percent of those surveyed – have published some form of strategic vision and/or action plan to implement the goals.,0_1,0_20,
"Investing in statistical capacity, science, and data literacy are important priorities for achieving the SDGs.","The integration of the SDGs in national budget processes could be strengthened in most countries, and especially in LICs and LMICs, where less than a third of the countries surveyed refer to the SDGs in their national budgets – either in the narrative or as a dedicated section or budget line.",0_1,0_21,
"Investing in statistical capacity, science, and data literacy are important priorities for achieving the SDGs.","While comparable country-level data are not yet available, the IEA has concluded that global fossil-fuel consumption subsidies rose sharply in 2022, as governments attempted to shield consumers from rising energy bills (IEA 2023, OECD 2022).",0_1,0_22,
"Investing in statistical capacity, science, and data literacy are important priorities for achieving the SDGs.",Achieving the SDGs requires global cooperation under the UN Charter.,0_1,0_23,
"Investing in statistical capacity, science, and data literacy are important priorities for achieving the SDGs.","the SDG Index, including its regional and local editions, has been generally well received by the research and policy communities",0_1,0_24,
"Investing in statistical capacity, science, and data literacy are important priorities for achieving the SDGs.","The SDG Index is a flagship instrument to promote awareness of the SDGs. The SDG Index ranking receives widespread attention from politicians and the media, which further helps to raise awareness about the SDGs and creates a 'race to the top'.",0_1,0_25,
"Investing in statistical capacity, science, and data literacy are important priorities for achieving the SDGs.",The contribution of the SDGs towards a universally accepted framework for monitoring progress is critical.,0_1,0_26,
"At the global level, averaging across countries, not a single SDG is currently projected to be met by 2030, with the poorest countries struggling the most.","All UN Member States should adopt long-term sustainable development pathways that provide a stepwise and medium- to long-term approach to guide their sustainable development policies, not only to 2030 but to 2050, with particular focus on gender equality, social inclusion, and the principal of ‘leave no one behind’.",0_2,0_3,
"At the global level, averaging across countries, not a single SDG is currently projected to be met by 2030, with the poorest countries struggling the most.","The SDGs are seriously off track. According to the annual SDG Index, global achievement of the SDGs rose only slightly, from 64 percent in 2015 to 66 percent in 2019 – far too slowly to meet the goals by 2030, and with highly uneven progress within and between countries.",0_2,0_4,
"At the global level, averaging across countries, not a single SDG is currently projected to be met by 2030, with the poorest countries struggling the most.","Investing in the SDGs is an investment agenda. In the most basic terms, the world must devote an increased portion of current output to building up sustainable capital assets for the future, and must deploy such assets effectively.",0_2,0_5,
"At the global level, averaging across countries, not a single SDG is currently projected to be met by 2030, with the poorest countries struggling the most.","Parallel to investing in the SDGs, the world needs to stop investing in activities that threaten planetary boundaries, destroy human and natural capital, and harm social cohesion.",0_2,0_6,
"At the global level, averaging across countries, not a single SDG is currently projected to be met by 2030, with the poorest countries struggling the most.","The United States, as the world’s biggest economy in terms of GDP at market prices and its biggest oil and gas producer, has a responsibility both to itself and to the rest of the world to immediately embark on an ambitious transformation towards the SDGs, as well as towards other global climate and biodiversity goals.",0_2,0_7,
"At the global level, averaging across countries, not a single SDG is currently projected to be met by 2030, with the poorest countries struggling the most.","China has reiterated its support for the SDGs, such as in greening its Belt and Road Initiative and launching the Global Development Initiative as a worldwide effort.",0_2,0_8,
"At the global level, averaging across countries, not a single SDG is currently projected to be met by 2030, with the poorest countries struggling the most.","All countries should use the half-way momentum to self-critically review and revise their national strategies, using the principles of the 2030 Agenda (transformative, integrated, inclusive, leaving no one behind) as a yardstick.",0_2,0_9,
"At the global level, averaging across countries, not a single SDG is currently projected to be met by 2030, with the poorest countries struggling the most.",Most of the low-income and lower-middle income countries face major challenges in achieving most of the SDGs by 2030.,0_2,0_10,
"At the global level, averaging across countries, not a single SDG is currently projected to be met by 2030, with the poorest countries struggling the most.","Many of them lack an adequately high SDG commitment, and almost all lack access to the necessary financial means to implement the SDGs.",0_2,0_11,
"At the global level, averaging across countries, not a single SDG is currently projected to be met by 2030, with the poorest countries struggling the most.","At the midpoint of the 2030 Agenda, all countries should use the half-way momentum to self-critically review and revise their national strategies, using the principles of the 2030 Agenda (transformative, integrated, inclusive, leaving no one behind) as a yardstick.",0_2,0_12,
"At the global level, averaging across countries, not a single SDG is currently projected to be met by 2030, with the poorest countries struggling the most.","SDSN puts a great emphasis on long-term national planning, to coordinate public investments, regulations, and incentive structures over a time horizon of 20-30 years.",0_2,0_13,
"At the global level, averaging across countries, not a single SDG is currently projected to be met by 2030, with the poorest countries struggling the most.","SDSN calls for, and is actively supporting, the development of similar regional-based sustainability plans with associated financing.",0_2,0_14,
"At the global level, averaging across countries, not a single SDG is currently projected to be met by 2030, with the poorest countries struggling the most.","We conclude by underscoring the vital, life-affirming importance of four key international agreements: the Sustainable Development Goals, the Paris Climate Agreement, the Kunming-Montreal Framework for Biodiversity, and the High Seas Treaty. These are signal achievements of humanity, to have come together across all nations to adopt a common set of challenges.",0_2,0_15,
"At the global level, averaging across countries, not a single SDG is currently projected to be met by 2030, with the poorest countries struggling the most.","First, that UN Member States, at the 2023 SDG Summit and the 2024 Summit of the Future, recommit boldly, strongly, and proactively to the SDGs, accelerate progress to 2030, and adopt even more ambitious SDG targets and objectives to mid-century, also incorporating recent international agreements on oceans and biodiversity.",0_2,0_16,
"At the global level, averaging across countries, not a single SDG is currently projected to be met by 2030, with the poorest countries struggling the most.","By contrast, Lebanon, Yemen, Papua New Guinea, Venezuela, and Myanmar present the largest number of SDG targets for which there has been a reversal in progress.",0_2,0_17,
"At the global level, averaging across countries, not a single SDG is currently projected to be met by 2030, with the poorest countries struggling the most.",The SDGs require long-term directed change and global cooperation.,0_2,0_18,
"At the global level, averaging across countries, not a single SDG is currently projected to be met by 2030, with the poorest countries struggling the most.","By July 2023, all UN Member States will have presented a VNR except for Haiti, Myanmar, South Sudan, the United States and Yemen.",0_2,0_19,
"At the global level, averaging across countries, not a single SDG is currently projected to be met by 2030, with the poorest countries struggling the most.",A large majority of governments – 83 percent of those surveyed – have published some form of strategic vision and/or action plan to implement the goals.,0_2,0_20,
"At the global level, averaging across countries, not a single SDG is currently projected to be met by 2030, with the poorest countries struggling the most.","The integration of the SDGs in national budget processes could be strengthened in most countries, and especially in LICs and LMICs, where less than a third of the countries surveyed refer to the SDGs in their national budgets – either in the narrative or as a dedicated section or budget line.",0_2,0_21,
"At the global level, averaging across countries, not a single SDG is currently projected to be met by 2030, with the poorest countries struggling the most.","While comparable country-level data are not yet available, the IEA has concluded that global fossil-fuel consumption subsidies rose sharply in 2022, as governments attempted to shield consumers from rising energy bills (IEA 2023, OECD 2022).",0_2,0_22,
"At the global level, averaging across countries, not a single SDG is currently projected to be met by 2030, with the poorest countries struggling the most.",Achieving the SDGs requires global cooperation under the UN Charter.,0_2,0_23,
"At the global level, averaging across countries, not a single SDG is currently projected to be met by 2030, with the poorest countries struggling the most.","the SDG Index, including its regional and local editions, has been generally well received by the research and policy communities",0_2,0_24,
"At the global level, averaging across countries, not a single SDG is currently projected to be met by 2030, with the poorest countries struggling the most.","The SDG Index is a flagship instrument to promote awareness of the SDGs. The SDG Index ranking receives widespread attention from politicians and the media, which further helps to raise awareness about the SDGs and creates a 'race to the top'.",0_2,0_25,
"At the global level, averaging across countries, not a single SDG is currently projected to be met by 2030, with the poorest countries struggling the most.",The contribution of the SDGs towards a universally accepted framework for monitoring progress is critical.,0_2,0_26,
"All UN Member States should adopt long-term sustainable development pathways that provide a stepwise and medium- to long-term approach to guide their sustainable development policies, not only to 2030 but to 2050, with particular focus on gender equality, social inclusion, and the principal of ‘leave no one behind’.","The SDGs are seriously off track. According to the annual SDG Index, global achievement of the SDGs rose only slightly, from 64 percent in 2015 to 66 percent in 2019 – far too slowly to meet the goals by 2030, and with highly uneven progress within and between countries.",0_3,0_4,
"All UN Member States should adopt long-term sustainable development pathways that provide a stepwise and medium- to long-term approach to guide their sustainable development policies, not only to 2030 but to 2050, with particular focus on gender equality, social inclusion, and the principal of ‘leave no one behind’.","Investing in the SDGs is an investment agenda. In the most basic terms, the world must devote an increased portion of current output to building up sustainable capital assets for the future, and must deploy such assets effectively.",0_3,0_5,
"All UN Member States should adopt long-term sustainable development pathways that provide a stepwise and medium- to long-term approach to guide their sustainable development policies, not only to 2030 but to 2050, with particular focus on gender equality, social inclusion, and the principal of ‘leave no one behind’.","Parallel to investing in the SDGs, the world needs to stop investing in activities that threaten planetary boundaries, destroy human and natural capital, and harm social cohesion.",0_3,0_6,
"All UN Member States should adopt long-term sustainable development pathways that provide a stepwise and medium- to long-term approach to guide their sustainable development policies, not only to 2030 but to 2050, with particular focus on gender equality, social inclusion, and the principal of ‘leave no one behind’.","The United States, as the world’s biggest economy in terms of GDP at market prices and its biggest oil and gas producer, has a responsibility both to itself and to the rest of the world to immediately embark on an ambitious transformation towards the SDGs, as well as towards other global climate and biodiversity goals.",0_3,0_7,
"All UN Member States should adopt long-term sustainable development pathways that provide a stepwise and medium- to long-term approach to guide their sustainable development policies, not only to 2030 but to 2050, with particular focus on gender equality, social inclusion, and the principal of ‘leave no one behind’.","China has reiterated its support for the SDGs, such as in greening its Belt and Road Initiative and launching the Global Development Initiative as a worldwide effort.",0_3,0_8,
"All UN Member States should adopt long-term sustainable development pathways that provide a stepwise and medium- to long-term approach to guide their sustainable development policies, not only to 2030 but to 2050, with particular focus on gender equality, social inclusion, and the principal of ‘leave no one behind’.","All countries should use the half-way momentum to self-critically review and revise their national strategies, using the principles of the 2030 Agenda (transformative, integrated, inclusive, leaving no one behind) as a yardstick.",0_3,0_9,
"All UN Member States should adopt long-term sustainable development pathways that provide a stepwise and medium- to long-term approach to guide their sustainable development policies, not only to 2030 but to 2050, with particular focus on gender equality, social inclusion, and the principal of ‘leave no one behind’.",Most of the low-income and lower-middle income countries face major challenges in achieving most of the SDGs by 2030.,0_3,0_10,
"All UN Member States should adopt long-term sustainable development pathways that provide a stepwise and medium- to long-term approach to guide their sustainable development policies, not only to 2030 but to 2050, with particular focus on gender equality, social inclusion, and the principal of ‘leave no one behind’.","Many of them lack an adequately high SDG commitment, and almost all lack access to the necessary financial means to implement the SDGs.",0_3,0_11,
"All UN Member States should adopt long-term sustainable development pathways that provide a stepwise and medium- to long-term approach to guide their sustainable development policies, not only to 2030 but to 2050, with particular focus on gender equality, social inclusion, and the principal of ‘leave no one behind’.","At the midpoint of the 2030 Agenda, all countries should use the half-way momentum to self-critically review and revise their national strategies, using the principles of the 2030 Agenda (transformative, integrated, inclusive, leaving no one behind) as a yardstick.",0_3,0_12,
"All UN Member States should adopt long-term sustainable development pathways that provide a stepwise and medium- to long-term approach to guide their sustainable development policies, not only to 2030 but to 2050, with particular focus on gender equality, social inclusion, and the principal of ‘leave no one behind’.","SDSN puts a great emphasis on long-term national planning, to coordinate public investments, regulations, and incentive structures over a time horizon of 20-30 years.",0_3,0_13,
"All UN Member States should adopt long-term sustainable development pathways that provide a stepwise and medium- to long-term approach to guide their sustainable development policies, not only to 2030 but to 2050, with particular focus on gender equality, social inclusion, and the principal of ‘leave no one behind’.","SDSN calls for, and is actively supporting, the development of similar regional-based sustainability plans with associated financing.",0_3,0_14,
"All UN Member States should adopt long-term sustainable development pathways that provide a stepwise and medium- to long-term approach to guide their sustainable development policies, not only to 2030 but to 2050, with particular focus on gender equality, social inclusion, and the principal of ‘leave no one behind’.","We conclude by underscoring the vital, life-affirming importance of four key international agreements: the Sustainable Development Goals, the Paris Climate Agreement, the Kunming-Montreal Framework for Biodiversity, and the High Seas Treaty. These are signal achievements of humanity, to have come together across all nations to adopt a common set of challenges.",0_3,0_15,
"All UN Member States should adopt long-term sustainable development pathways that provide a stepwise and medium- to long-term approach to guide their sustainable development policies, not only to 2030 but to 2050, with particular focus on gender equality, social inclusion, and the principal of ‘leave no one behind’.","First, that UN Member States, at the 2023 SDG Summit and the 2024 Summit of the Future, recommit boldly, strongly, and proactively to the SDGs, accelerate progress to 2030, and adopt even more ambitious SDG targets and objectives to mid-century, also incorporating recent international agreements on oceans and biodiversity.",0_3,0_16,
"All UN Member States should adopt long-term sustainable development pathways that provide a stepwise and medium- to long-term approach to guide their sustainable development policies, not only to 2030 but to 2050, with particular focus on gender equality, social inclusion, and the principal of ‘leave no one behind’.","By contrast, Lebanon, Yemen, Papua New Guinea, Venezuela, and Myanmar present the largest number of SDG targets for which there has been a reversal in progress.",0_3,0_17,
"All UN Member States should adopt long-term sustainable development pathways that provide a stepwise and medium- to long-term approach to guide their sustainable development policies, not only to 2030 but to 2050, with particular focus on gender equality, social inclusion, and the principal of ‘leave no one behind’.",The SDGs require long-term directed change and global cooperation.,0_3,0_18,
"All UN Member States should adopt long-term sustainable development pathways that provide a stepwise and medium- to long-term approach to guide their sustainable development policies, not only to 2030 but to 2050, with particular focus on gender equality, social inclusion, and the principal of ‘leave no one behind’.","By July 2023, all UN Member States will have presented a VNR except for Haiti, Myanmar, South Sudan, the United States and Yemen.",0_3,0_19,
"All UN Member States should adopt long-term sustainable development pathways that provide a stepwise and medium- to long-term approach to guide their sustainable development policies, not only to 2030 but to 2050, with particular focus on gender equality, social inclusion, and the principal of ‘leave no one behind’.",A large majority of governments – 83 percent of those surveyed – have published some form of strategic vision and/or action plan to implement the goals.,0_3,0_20,
"All UN Member States should adopt long-term sustainable development pathways that provide a stepwise and medium- to long-term approach to guide their sustainable development policies, not only to 2030 but to 2050, with particular focus on gender equality, social inclusion, and the principal of ‘leave no one behind’.","The integration of the SDGs in national budget processes could be strengthened in most countries, and especially in LICs and LMICs, where less than a third of the countries surveyed refer to the SDGs in their national budgets – either in the narrative or as a dedicated section or budget line.",0_3,0_21,
"All UN Member States should adopt long-term sustainable development pathways that provide a stepwise and medium- to long-term approach to guide their sustainable development policies, not only to 2030 but to 2050, with particular focus on gender equality, social inclusion, and the principal of ‘leave no one behind’.","While comparable country-level data are not yet available, the IEA has concluded that global fossil-fuel consumption subsidies rose sharply in 2022, as governments attempted to shield consumers from rising energy bills (IEA 2023, OECD 2022).",0_3,0_22,
"All UN Member States should adopt long-term sustainable development pathways that provide a stepwise and medium- to long-term approach to guide their sustainable development policies, not only to 2030 but to 2050, with particular focus on gender equality, social inclusion, and the principal of ‘leave no one behind’.",Achieving the SDGs requires global cooperation under the UN Charter.,0_3,0_23,
"All UN Member States should adopt long-term sustainable development pathways that provide a stepwise and medium- to long-term approach to guide their sustainable development policies, not only to 2030 but to 2050, with particular focus on gender equality, social inclusion, and the principal of ‘leave no one behind’.","the SDG Index, including its regional and local editions, has been generally well received by the research and policy communities",0_3,0_24,
"All UN Member States should adopt long-term sustainable development pathways that provide a stepwise and medium- to long-term approach to guide their sustainable development policies, not only to 2030 but to 2050, with particular focus on gender equality, social inclusion, and the principal of ‘leave no one behind’.","The SDG Index is a flagship instrument to promote awareness of the SDGs. The SDG Index ranking receives widespread attention from politicians and the media, which further helps to raise awareness about the SDGs and creates a 'race to the top'.",0_3,0_25,
"All UN Member States should adopt long-term sustainable development pathways that provide a stepwise and medium- to long-term approach to guide their sustainable development policies, not only to 2030 but to 2050, with particular focus on gender equality, social inclusion, and the principal of ‘leave no one behind’.",The contribution of the SDGs towards a universally accepted framework for monitoring progress is critical.,0_3,0_26,
"The SDGs are seriously off track. According to the annual SDG Index, global achievement of the SDGs rose only slightly, from 64 percent in 2015 to 66 percent in 2019 – far too slowly to meet the goals by 2030, and with highly uneven progress within and between countries.","Investing in the SDGs is an investment agenda. In the most basic terms, the world must devote an increased portion of current output to building up sustainable capital assets for the future, and must deploy such assets effectively.",0_4,0_5,
"The SDGs are seriously off track. According to the annual SDG Index, global achievement of the SDGs rose only slightly, from 64 percent in 2015 to 66 percent in 2019 – far too slowly to meet the goals by 2030, and with highly uneven progress within and between countries.","Parallel to investing in the SDGs, the world needs to stop investing in activities that threaten planetary boundaries, destroy human and natural capital, and harm social cohesion.",0_4,0_6,
"The SDGs are seriously off track. According to the annual SDG Index, global achievement of the SDGs rose only slightly, from 64 percent in 2015 to 66 percent in 2019 – far too slowly to meet the goals by 2030, and with highly uneven progress within and between countries.","The United States, as the world’s biggest economy in terms of GDP at market prices and its biggest oil and gas producer, has a responsibility both to itself and to the rest of the world to immediately embark on an ambitious transformation towards the SDGs, as well as towards other global climate and biodiversity goals.",0_4,0_7,
"The SDGs are seriously off track. According to the annual SDG Index, global achievement of the SDGs rose only slightly, from 64 percent in 2015 to 66 percent in 2019 – far too slowly to meet the goals by 2030, and with highly uneven progress within and between countries.","China has reiterated its support for the SDGs, such as in greening its Belt and Road Initiative and launching the Global Development Initiative as a worldwide effort.",0_4,0_8,
"The SDGs are seriously off track. According to the annual SDG Index, global achievement of the SDGs rose only slightly, from 64 percent in 2015 to 66 percent in 2019 – far too slowly to meet the goals by 2030, and with highly uneven progress within and between countries.","All countries should use the half-way momentum to self-critically review and revise their national strategies, using the principles of the 2030 Agenda (transformative, integrated, inclusive, leaving no one behind) as a yardstick.",0_4,0_9,
"The SDGs are seriously off track. According to the annual SDG Index, global achievement of the SDGs rose only slightly, from 64 percent in 2015 to 66 percent in 2019 – far too slowly to meet the goals by 2030, and with highly uneven progress within and between countries.",Most of the low-income and lower-middle income countries face major challenges in achieving most of the SDGs by 2030.,0_4,0_10,
"The SDGs are seriously off track. According to the annual SDG Index, global achievement of the SDGs rose only slightly, from 64 percent in 2015 to 66 percent in 2019 – far too slowly to meet the goals by 2030, and with highly uneven progress within and between countries.","Many of them lack an adequately high SDG commitment, and almost all lack access to the necessary financial means to implement the SDGs.",0_4,0_11,
"The SDGs are seriously off track. According to the annual SDG Index, global achievement of the SDGs rose only slightly, from 64 percent in 2015 to 66 percent in 2019 – far too slowly to meet the goals by 2030, and with highly uneven progress within and between countries.","At the midpoint of the 2030 Agenda, all countries should use the half-way momentum to self-critically review and revise their national strategies, using the principles of the 2030 Agenda (transformative, integrated, inclusive, leaving no one behind) as a yardstick.",0_4,0_12,
"The SDGs are seriously off track. According to the annual SDG Index, global achievement of the SDGs rose only slightly, from 64 percent in 2015 to 66 percent in 2019 – far too slowly to meet the goals by 2030, and with highly uneven progress within and between countries.","SDSN puts a great emphasis on long-term national planning, to coordinate public investments, regulations, and incentive structures over a time horizon of 20-30 years.",0_4,0_13,
"The SDGs are seriously off track. According to the annual SDG Index, global achievement of the SDGs rose only slightly, from 64 percent in 2015 to 66 percent in 2019 – far too slowly to meet the goals by 2030, and with highly uneven progress within and between countries.","SDSN calls for, and is actively supporting, the development of similar regional-based sustainability plans with associated financing.",0_4,0_14,
"The SDGs are seriously off track. According to the annual SDG Index, global achievement of the SDGs rose only slightly, from 64 percent in 2015 to 66 percent in 2019 – far too slowly to meet the goals by 2030, and with highly uneven progress within and between countries.","We conclude by underscoring the vital, life-affirming importance of four key international agreements: the Sustainable Development Goals, the Paris Climate Agreement, the Kunming-Montreal Framework for Biodiversity, and the High Seas Treaty. These are signal achievements of humanity, to have come together across all nations to adopt a common set of challenges.",0_4,0_15,
"The SDGs are seriously off track. According to the annual SDG Index, global achievement of the SDGs rose only slightly, from 64 percent in 2015 to 66 percent in 2019 – far too slowly to meet the goals by 2030, and with highly uneven progress within and between countries.","First, that UN Member States, at the 2023 SDG Summit and the 2024 Summit of the Future, recommit boldly, strongly, and proactively to the SDGs, accelerate progress to 2030, and adopt even more ambitious SDG targets and objectives to mid-century, also incorporating recent international agreements on oceans and biodiversity.",0_4,0_16,
"The SDGs are seriously off track. According to the annual SDG Index, global achievement of the SDGs rose only slightly, from 64 percent in 2015 to 66 percent in 2019 – far too slowly to meet the goals by 2030, and with highly uneven progress within and between countries.","By contrast, Lebanon, Yemen, Papua New Guinea, Venezuela, and Myanmar present the largest number of SDG targets for which there has been a reversal in progress.",0_4,0_17,
"The SDGs are seriously off track. According to the annual SDG Index, global achievement of the SDGs rose only slightly, from 64 percent in 2015 to 66 percent in 2019 – far too slowly to meet the goals by 2030, and with highly uneven progress within and between countries.",The SDGs require long-term directed change and global cooperation.,0_4,0_18,
"The SDGs are seriously off track. According to the annual SDG Index, global achievement of the SDGs rose only slightly, from 64 percent in 2015 to 66 percent in 2019 – far too slowly to meet the goals by 2030, and with highly uneven progress within and between countries.","By July 2023, all UN Member States will have presented a VNR except for Haiti, Myanmar, South Sudan, the United States and Yemen.",0_4,0_19,
"The SDGs are seriously off track. According to the annual SDG Index, global achievement of the SDGs rose only slightly, from 64 percent in 2015 to 66 percent in 2019 – far too slowly to meet the goals by 2030, and with highly uneven progress within and between countries.",A large majority of governments – 83 percent of those surveyed – have published some form of strategic vision and/or action plan to implement the goals.,0_4,0_20,
"The SDGs are seriously off track. According to the annual SDG Index, global achievement of the SDGs rose only slightly, from 64 percent in 2015 to 66 percent in 2019 – far too slowly to meet the goals by 2030, and with highly uneven progress within and between countries.","The integration of the SDGs in national budget processes could be strengthened in most countries, and especially in LICs and LMICs, where less than a third of the countries surveyed refer to the SDGs in their national budgets – either in the narrative or as a dedicated section or budget line.",0_4,0_21,
"The SDGs are seriously off track. According to the annual SDG Index, global achievement of the SDGs rose only slightly, from 64 percent in 2015 to 66 percent in 2019 – far too slowly to meet the goals by 2030, and with highly uneven progress within and between countries.","While comparable country-level data are not yet available, the IEA has concluded that global fossil-fuel consumption subsidies rose sharply in 2022, as governments attempted to shield consumers from rising energy bills (IEA 2023, OECD 2022).",0_4,0_22,
"The SDGs are seriously off track. According to the annual SDG Index, global achievement of the SDGs rose only slightly, from 64 percent in 2015 to 66 percent in 2019 – far too slowly to meet the goals by 2030, and with highly uneven progress within and between countries.",Achieving the SDGs requires global cooperation under the UN Charter.,0_4,0_23,
"The SDGs are seriously off track. According to the annual SDG Index, global achievement of the SDGs rose only slightly, from 64 percent in 2015 to 66 percent in 2019 – far too slowly to meet the goals by 2030, and with highly uneven progress within and between countries.","the SDG Index, including its regional and local editions, has been generally well received by the research and policy communities",0_4,0_24,
"The SDGs are seriously off track. According to the annual SDG Index, global achievement of the SDGs rose only slightly, from 64 percent in 2015 to 66 percent in 2019 – far too slowly to meet the goals by 2030, and with highly uneven progress within and between countries.","The SDG Index is a flagship instrument to promote awareness of the SDGs. The SDG Index ranking receives widespread attention from politicians and the media, which further helps to raise awareness about the SDGs and creates a 'race to the top'.",0_4,0_25,
"The SDGs are seriously off track. According to the annual SDG Index, global achievement of the SDGs rose only slightly, from 64 percent in 2015 to 66 percent in 2019 – far too slowly to meet the goals by 2030, and with highly uneven progress within and between countries.",The contribution of the SDGs towards a universally accepted framework for monitoring progress is critical.,0_4,0_26,
"Investing in the SDGs is an investment agenda. In the most basic terms, the world must devote an increased portion of current output to building up sustainable capital assets for the future, and must deploy such assets effectively.","Parallel to investing in the SDGs, the world needs to stop investing in activities that threaten planetary boundaries, destroy human and natural capital, and harm social cohesion.",0_5,0_6,
"Investing in the SDGs is an investment agenda. In the most basic terms, the world must devote an increased portion of current output to building up sustainable capital assets for the future, and must deploy such assets effectively.","The United States, as the world’s biggest economy in terms of GDP at market prices and its biggest oil and gas producer, has a responsibility both to itself and to the rest of the world to immediately embark on an ambitious transformation towards the SDGs, as well as towards other global climate and biodiversity goals.",0_5,0_7,
"Investing in the SDGs is an investment agenda. In the most basic terms, the world must devote an increased portion of current output to building up sustainable capital assets for the future, and must deploy such assets effectively.","China has reiterated its support for the SDGs, such as in greening its Belt and Road Initiative and launching the Global Development Initiative as a worldwide effort.",0_5,0_8,
"Investing in the SDGs is an investment agenda. In the most basic terms, the world must devote an increased portion of current output to building up sustainable capital assets for the future, and must deploy such assets effectively.","All countries should use the half-way momentum to self-critically review and revise their national strategies, using the principles of the 2030 Agenda (transformative, integrated, inclusive, leaving no one behind) as a yardstick.",0_5,0_9,
"Investing in the SDGs is an investment agenda. In the most basic terms, the world must devote an increased portion of current output to building up sustainable capital assets for the future, and must deploy such assets effectively.",Most of the low-income and lower-middle income countries face major challenges in achieving most of the SDGs by 2030.,0_5,0_10,
"Investing in the SDGs is an investment agenda. In the most basic terms, the world must devote an increased portion of current output to building up sustainable capital assets for the future, and must deploy such assets effectively.","Many of them lack an adequately high SDG commitment, and almost all lack access to the necessary financial means to implement the SDGs.",0_5,0_11,
"Investing in the SDGs is an investment agenda. In the most basic terms, the world must devote an increased portion of current output to building up sustainable capital assets for the future, and must deploy such assets effectively.","At the midpoint of the 2030 Agenda, all countries should use the half-way momentum to self-critically review and revise their national strategies, using the principles of the 2030 Agenda (transformative, integrated, inclusive, leaving no one behind) as a yardstick.",0_5,0_12,
"Investing in the SDGs is an investment agenda. In the most basic terms, the world must devote an increased portion of current output to building up sustainable capital assets for the future, and must deploy such assets effectively.","SDSN puts a great emphasis on long-term national planning, to coordinate public investments, regulations, and incentive structures over a time horizon of 20-30 years.",0_5,0_13,
"Investing in the SDGs is an investment agenda. In the most basic terms, the world must devote an increased portion of current output to building up sustainable capital assets for the future, and must deploy such assets effectively.","SDSN calls for, and is actively supporting, the development of similar regional-based sustainability plans with associated financing.",0_5,0_14,
"Investing in the SDGs is an investment agenda. In the most basic terms, the world must devote an increased portion of current output to building up sustainable capital assets for the future, and must deploy such assets effectively.","We conclude by underscoring the vital, life-affirming importance of four key international agreements: the Sustainable Development Goals, the Paris Climate Agreement, the Kunming-Montreal Framework for Biodiversity, and the High Seas Treaty. These are signal achievements of humanity, to have come together across all nations to adopt a common set of challenges.",0_5,0_15,
"Investing in the SDGs is an investment agenda. In the most basic terms, the world must devote an increased portion of current output to building up sustainable capital assets for the future, and must deploy such assets effectively.","First, that UN Member States, at the 2023 SDG Summit and the 2024 Summit of the Future, recommit boldly, strongly, and proactively to the SDGs, accelerate progress to 2030, and adopt even more ambitious SDG targets and objectives to mid-century, also incorporating recent international agreements on oceans and biodiversity.",0_5,0_16,
"Investing in the SDGs is an investment agenda. In the most basic terms, the world must devote an increased portion of current output to building up sustainable capital assets for the future, and must deploy such assets effectively.","By contrast, Lebanon, Yemen, Papua New Guinea, Venezuela, and Myanmar present the largest number of SDG targets for which there has been a reversal in progress.",0_5,0_17,
"Investing in the SDGs is an investment agenda. In the most basic terms, the world must devote an increased portion of current output to building up sustainable capital assets for the future, and must deploy such assets effectively.",The SDGs require long-term directed change and global cooperation.,0_5,0_18,
"Investing in the SDGs is an investment agenda. In the most basic terms, the world must devote an increased portion of current output to building up sustainable capital assets for the future, and must deploy such assets effectively.","By July 2023, all UN Member States will have presented a VNR except for Haiti, Myanmar, South Sudan, the United States and Yemen.",0_5,0_19,
"Investing in the SDGs is an investment agenda. In the most basic terms, the world must devote an increased portion of current output to building up sustainable capital assets for the future, and must deploy such assets effectively.",A large majority of governments – 83 percent of those surveyed – have published some form of strategic vision and/or action plan to implement the goals.,0_5,0_20,
"Investing in the SDGs is an investment agenda. In the most basic terms, the world must devote an increased portion of current output to building up sustainable capital assets for the future, and must deploy such assets effectively.","The integration of the SDGs in national budget processes could be strengthened in most countries, and especially in LICs and LMICs, where less than a third of the countries surveyed refer to the SDGs in their national budgets – either in the narrative or as a dedicated section or budget line.",0_5,0_21,
"Investing in the SDGs is an investment agenda. In the most basic terms, the world must devote an increased portion of current output to building up sustainable capital assets for the future, and must deploy such assets effectively.","While comparable country-level data are not yet available, the IEA has concluded that global fossil-fuel consumption subsidies rose sharply in 2022, as governments attempted to shield consumers from rising energy bills (IEA 2023, OECD 2022).",0_5,0_22,
"Investing in the SDGs is an investment agenda. In the most basic terms, the world must devote an increased portion of current output to building up sustainable capital assets for the future, and must deploy such assets effectively.",Achieving the SDGs requires global cooperation under the UN Charter.,0_5,0_23,
"Investing in the SDGs is an investment agenda. In the most basic terms, the world must devote an increased portion of current output to building up sustainable capital assets for the future, and must deploy such assets effectively.","the SDG Index, including its regional and local editions, has been generally well received by the research and policy communities",0_5,0_24,
"Investing in the SDGs is an investment agenda. In the most basic terms, the world must devote an increased portion of current output to building up sustainable capital assets for the future, and must deploy such assets effectively.","The SDG Index is a flagship instrument to promote awareness of the SDGs. The SDG Index ranking receives widespread attention from politicians and the media, which further helps to raise awareness about the SDGs and creates a 'race to the top'.",0_5,0_25,
"Investing in the SDGs is an investment agenda. In the most basic terms, the world must devote an increased portion of current output to building up sustainable capital assets for the future, and must deploy such assets effectively.",The contribution of the SDGs towards a universally accepted framework for monitoring progress is critical.,0_5,0_26,
"Parallel to investing in the SDGs, the world needs to stop investing in activities that threaten planetary boundaries, destroy human and natural capital, and harm social cohesion.","The United States, as the world’s biggest economy in terms of GDP at market prices and its biggest oil and gas producer, has a responsibility both to itself and to the rest of the world to immediately embark on an ambitious transformation towards the SDGs, as well as towards other global climate and biodiversity goals.",0_6,0_7,
"Parallel to investing in the SDGs, the world needs to stop investing in activities that threaten planetary boundaries, destroy human and natural capital, and harm social cohesion.","China has reiterated its support for the SDGs, such as in greening its Belt and Road Initiative and launching the Global Development Initiative as a worldwide effort.",0_6,0_8,
"Parallel to investing in the SDGs, the world needs to stop investing in activities that threaten planetary boundaries, destroy human and natural capital, and harm social cohesion.","All countries should use the half-way momentum to self-critically review and revise their national strategies, using the principles of the 2030 Agenda (transformative, integrated, inclusive, leaving no one behind) as a yardstick.",0_6,0_9,
"Parallel to investing in the SDGs, the world needs to stop investing in activities that threaten planetary boundaries, destroy human and natural capital, and harm social cohesion.",Most of the low-income and lower-middle income countries face major challenges in achieving most of the SDGs by 2030.,0_6,0_10,
"Parallel to investing in the SDGs, the world needs to stop investing in activities that threaten planetary boundaries, destroy human and natural capital, and harm social cohesion.","Many of them lack an adequately high SDG commitment, and almost all lack access to the necessary financial means to implement the SDGs.",0_6,0_11,
"Parallel to investing in the SDGs, the world needs to stop investing in activities that threaten planetary boundaries, destroy human and natural capital, and harm social cohesion.","At the midpoint of the 2030 Agenda, all countries should use the half-way momentum to self-critically review and revise their national strategies, using the principles of the 2030 Agenda (transformative, integrated, inclusive, leaving no one behind) as a yardstick.",0_6,0_12,
"Parallel to investing in the SDGs, the world needs to stop investing in activities that threaten planetary boundaries, destroy human and natural capital, and harm social cohesion.","SDSN puts a great emphasis on long-term national planning, to coordinate public investments, regulations, and incentive structures over a time horizon of 20-30 years.",0_6,0_13,
"Parallel to investing in the SDGs, the world needs to stop investing in activities that threaten planetary boundaries, destroy human and natural capital, and harm social cohesion.","SDSN calls for, and is actively supporting, the development of similar regional-based sustainability plans with associated financing.",0_6,0_14,
"Parallel to investing in the SDGs, the world needs to stop investing in activities that threaten planetary boundaries, destroy human and natural capital, and harm social cohesion.","We conclude by underscoring the vital, life-affirming importance of four key international agreements: the Sustainable Development Goals, the Paris Climate Agreement, the Kunming-Montreal Framework for Biodiversity, and the High Seas Treaty. These are signal achievements of humanity, to have come together across all nations to adopt a common set of challenges.",0_6,0_15,
"Parallel to investing in the SDGs, the world needs to stop investing in activities that threaten planetary boundaries, destroy human and natural capital, and harm social cohesion.","First, that UN Member States, at the 2023 SDG Summit and the 2024 Summit of the Future, recommit boldly, strongly, and proactively to the SDGs, accelerate progress to 2030, and adopt even more ambitious SDG targets and objectives to mid-century, also incorporating recent international agreements on oceans and biodiversity.",0_6,0_16,
"Parallel to investing in the SDGs, the world needs to stop investing in activities that threaten planetary boundaries, destroy human and natural capital, and harm social cohesion.","By contrast, Lebanon, Yemen, Papua New Guinea, Venezuela, and Myanmar present the largest number of SDG targets for which there has been a reversal in progress.",0_6,0_17,
"Parallel to investing in the SDGs, the world needs to stop investing in activities that threaten planetary boundaries, destroy human and natural capital, and harm social cohesion.",The SDGs require long-term directed change and global cooperation.,0_6,0_18,
"Parallel to investing in the SDGs, the world needs to stop investing in activities that threaten planetary boundaries, destroy human and natural capital, and harm social cohesion.","By July 2023, all UN Member States will have presented a VNR except for Haiti, Myanmar, South Sudan, the United States and Yemen.",0_6,0_19,
"Parallel to investing in the SDGs, the world needs to stop investing in activities that threaten planetary boundaries, destroy human and natural capital, and harm social cohesion.",A large majority of governments – 83 percent of those surveyed – have published some form of strategic vision and/or action plan to implement the goals.,0_6,0_20,
"Parallel to investing in the SDGs, the world needs to stop investing in activities that threaten planetary boundaries, destroy human and natural capital, and harm social cohesion.","The integration of the SDGs in national budget processes could be strengthened in most countries, and especially in LICs and LMICs, where less than a third of the countries surveyed refer to the SDGs in their national budgets – either in the narrative or as a dedicated section or budget line.",0_6,0_21,
"Parallel to investing in the SDGs, the world needs to stop investing in activities that threaten planetary boundaries, destroy human and natural capital, and harm social cohesion.","While comparable country-level data are not yet available, the IEA has concluded that global fossil-fuel consumption subsidies rose sharply in 2022, as governments attempted to shield consumers from rising energy bills (IEA 2023, OECD 2022).",0_6,0_22,
"Parallel to investing in the SDGs, the world needs to stop investing in activities that threaten planetary boundaries, destroy human and natural capital, and harm social cohesion.",Achieving the SDGs requires global cooperation under the UN Charter.,0_6,0_23,
"Parallel to investing in the SDGs, the world needs to stop investing in activities that threaten planetary boundaries, destroy human and natural capital, and harm social cohesion.","the SDG Index, including its regional and local editions, has been generally well received by the research and policy communities",0_6,0_24,
"Parallel to investing in the SDGs, the world needs to stop investing in activities that threaten planetary boundaries, destroy human and natural capital, and harm social cohesion.","The SDG Index is a flagship instrument to promote awareness of the SDGs. The SDG Index ranking receives widespread attention from politicians and the media, which further helps to raise awareness about the SDGs and creates a 'race to the top'.",0_6,0_25,
"Parallel to investing in the SDGs, the world needs to stop investing in activities that threaten planetary boundaries, destroy human and natural capital, and harm social cohesion.",The contribution of the SDGs towards a universally accepted framework for monitoring progress is critical.,0_6,0_26,
"The United States, as the world’s biggest economy in terms of GDP at market prices and its biggest oil and gas producer, has a responsibility both to itself and to the rest of the world to immediately embark on an ambitious transformation towards the SDGs, as well as towards other global climate and biodiversity goals.","China has reiterated its support for the SDGs, such as in greening its Belt and Road Initiative and launching the Global Development Initiative as a worldwide effort.",0_7,0_8,
"The United States, as the world’s biggest economy in terms of GDP at market prices and its biggest oil and gas producer, has a responsibility both to itself and to the rest of the world to immediately embark on an ambitious transformation towards the SDGs, as well as towards other global climate and biodiversity goals.","All countries should use the half-way momentum to self-critically review and revise their national strategies, using the principles of the 2030 Agenda (transformative, integrated, inclusive, leaving no one behind) as a yardstick.",0_7,0_9,
"The United States, as the world’s biggest economy in terms of GDP at market prices and its biggest oil and gas producer, has a responsibility both to itself and to the rest of the world to immediately embark on an ambitious transformation towards the SDGs, as well as towards other global climate and biodiversity goals.",Most of the low-income and lower-middle income countries face major challenges in achieving most of the SDGs by 2030.,0_7,0_10,
"The United States, as the world’s biggest economy in terms of GDP at market prices and its biggest oil and gas producer, has a responsibility both to itself and to the rest of the world to immediately embark on an ambitious transformation towards the SDGs, as well as towards other global climate and biodiversity goals.","Many of them lack an adequately high SDG commitment, and almost all lack access to the necessary financial means to implement the SDGs.",0_7,0_11,
"The United States, as the world’s biggest economy in terms of GDP at market prices and its biggest oil and gas producer, has a responsibility both to itself and to the rest of the world to immediately embark on an ambitious transformation towards the SDGs, as well as towards other global climate and biodiversity goals.","At the midpoint of the 2030 Agenda, all countries should use the half-way momentum to self-critically review and revise their national strategies, using the principles of the 2030 Agenda (transformative, integrated, inclusive, leaving no one behind) as a yardstick.",0_7,0_12,
"The United States, as the world’s biggest economy in terms of GDP at market prices and its biggest oil and gas producer, has a responsibility both to itself and to the rest of the world to immediately embark on an ambitious transformation towards the SDGs, as well as towards other global climate and biodiversity goals.","SDSN puts a great emphasis on long-term national planning, to coordinate public investments, regulations, and incentive structures over a time horizon of 20-30 years.",0_7,0_13,
"The United States, as the world’s biggest economy in terms of GDP at market prices and its biggest oil and gas producer, has a responsibility both to itself and to the rest of the world to immediately embark on an ambitious transformation towards the SDGs, as well as towards other global climate and biodiversity goals.","SDSN calls for, and is actively supporting, the development of similar regional-based sustainability plans with associated financing.",0_7,0_14,
"The United States, as the world’s biggest economy in terms of GDP at market prices and its biggest oil and gas producer, has a responsibility both to itself and to the rest of the world to immediately embark on an ambitious transformation towards the SDGs, as well as towards other global climate and biodiversity goals.","We conclude by underscoring the vital, life-affirming importance of four key international agreements: the Sustainable Development Goals, the Paris Climate Agreement, the Kunming-Montreal Framework for Biodiversity, and the High Seas Treaty. These are signal achievements of humanity, to have come together across all nations to adopt a common set of challenges.",0_7,0_15,
"The United States, as the world’s biggest economy in terms of GDP at market prices and its biggest oil and gas producer, has a responsibility both to itself and to the rest of the world to immediately embark on an ambitious transformation towards the SDGs, as well as towards other global climate and biodiversity goals.","First, that UN Member States, at the 2023 SDG Summit and the 2024 Summit of the Future, recommit boldly, strongly, and proactively to the SDGs, accelerate progress to 2030, and adopt even more ambitious SDG targets and objectives to mid-century, also incorporating recent international agreements on oceans and biodiversity.",0_7,0_16,
"The United States, as the world’s biggest economy in terms of GDP at market prices and its biggest oil and gas producer, has a responsibility both to itself and to the rest of the world to immediately embark on an ambitious transformation towards the SDGs, as well as towards other global climate and biodiversity goals.","By contrast, Lebanon, Yemen, Papua New Guinea, Venezuela, and Myanmar present the largest number of SDG targets for which there has been a reversal in progress.",0_7,0_17,
"The United States, as the world’s biggest economy in terms of GDP at market prices and its biggest oil and gas producer, has a responsibility both to itself and to the rest of the world to immediately embark on an ambitious transformation towards the SDGs, as well as towards other global climate and biodiversity goals.",The SDGs require long-term directed change and global cooperation.,0_7,0_18,
"The United States, as the world’s biggest economy in terms of GDP at market prices and its biggest oil and gas producer, has a responsibility both to itself and to the rest of the world to immediately embark on an ambitious transformation towards the SDGs, as well as towards other global climate and biodiversity goals.","By July 2023, all UN Member States will have presented a VNR except for Haiti, Myanmar, South Sudan, the United States and Yemen.",0_7,0_19,
"The United States, as the world’s biggest economy in terms of GDP at market prices and its biggest oil and gas producer, has a responsibility both to itself and to the rest of the world to immediately embark on an ambitious transformation towards the SDGs, as well as towards other global climate and biodiversity goals.",A large majority of governments – 83 percent of those surveyed – have published some form of strategic vision and/or action plan to implement the goals.,0_7,0_20,
"The United States, as the world’s biggest economy in terms of GDP at market prices and its biggest oil and gas producer, has a responsibility both to itself and to the rest of the world to immediately embark on an ambitious transformation towards the SDGs, as well as towards other global climate and biodiversity goals.","The integration of the SDGs in national budget processes could be strengthened in most countries, and especially in LICs and LMICs, where less than a third of the countries surveyed refer to the SDGs in their national budgets – either in the narrative or as a dedicated section or budget line.",0_7,0_21,
"The United States, as the world’s biggest economy in terms of GDP at market prices and its biggest oil and gas producer, has a responsibility both to itself and to the rest of the world to immediately embark on an ambitious transformation towards the SDGs, as well as towards other global climate and biodiversity goals.","While comparable country-level data are not yet available, the IEA has concluded that global fossil-fuel consumption subsidies rose sharply in 2022, as governments attempted to shield consumers from rising energy bills (IEA 2023, OECD 2022).",0_7,0_22,
"The United States, as the world’s biggest economy in terms of GDP at market prices and its biggest oil and gas producer, has a responsibility both to itself and to the rest of the world to immediately embark on an ambitious transformation towards the SDGs, as well as towards other global climate and biodiversity goals.",Achieving the SDGs requires global cooperation under the UN Charter.,0_7,0_23,
"The United States, as the world’s biggest economy in terms of GDP at market prices and its biggest oil and gas producer, has a responsibility both to itself and to the rest of the world to immediately embark on an ambitious transformation towards the SDGs, as well as towards other global climate and biodiversity goals.","the SDG Index, including its regional and local editions, has been generally well received by the research and policy communities",0_7,0_24,
"The United States, as the world’s biggest economy in terms of GDP at market prices and its biggest oil and gas producer, has a responsibility both to itself and to the rest of the world to immediately embark on an ambitious transformation towards the SDGs, as well as towards other global climate and biodiversity goals.","The SDG Index is a flagship instrument to promote awareness of the SDGs. The SDG Index ranking receives widespread attention from politicians and the media, which further helps to raise awareness about the SDGs and creates a 'race to the top'.",0_7,0_25,
"The United States, as the world’s biggest economy in terms of GDP at market prices and its biggest oil and gas producer, has a responsibility both to itself and to the rest of the world to immediately embark on an ambitious transformation towards the SDGs, as well as towards other global climate and biodiversity goals.",The contribution of the SDGs towards a universally accepted framework for monitoring progress is critical.,0_7,0_26,
"China has reiterated its support for the SDGs, such as in greening its Belt and Road Initiative and launching the Global Development Initiative as a worldwide effort.","All countries should use the half-way momentum to self-critically review and revise their national strategies, using the principles of the 2030 Agenda (transformative, integrated, inclusive, leaving no one behind) as a yardstick.",0_8,0_9,
"China has reiterated its support for the SDGs, such as in greening its Belt and Road Initiative and launching the Global Development Initiative as a worldwide effort.",Most of the low-income and lower-middle income countries face major challenges in achieving most of the SDGs by 2030.,0_8,0_10,
"China has reiterated its support for the SDGs, such as in greening its Belt and Road Initiative and launching the Global Development Initiative as a worldwide effort.","Many of them lack an adequately high SDG commitment, and almost all lack access to the necessary financial means to implement the SDGs.",0_8,0_11,
"China has reiterated its support for the SDGs, such as in greening its Belt and Road Initiative and launching the Global Development Initiative as a worldwide effort.","At the midpoint of the 2030 Agenda, all countries should use the half-way momentum to self-critically review and revise their national strategies, using the principles of the 2030 Agenda (transformative, integrated, inclusive, leaving no one behind) as a yardstick.",0_8,0_12,
"China has reiterated its support for the SDGs, such as in greening its Belt and Road Initiative and launching the Global Development Initiative as a worldwide effort.","SDSN puts a great emphasis on long-term national planning, to coordinate public investments, regulations, and incentive structures over a time horizon of 20-30 years.",0_8,0_13,
"China has reiterated its support for the SDGs, such as in greening its Belt and Road Initiative and launching the Global Development Initiative as a worldwide effort.","SDSN calls for, and is actively supporting, the development of similar regional-based sustainability plans with associated financing.",0_8,0_14,
"China has reiterated its support for the SDGs, such as in greening its Belt and Road Initiative and launching the Global Development Initiative as a worldwide effort.","We conclude by underscoring the vital, life-affirming importance of four key international agreements: the Sustainable Development Goals, the Paris Climate Agreement, the Kunming-Montreal Framework for Biodiversity, and the High Seas Treaty. These are signal achievements of humanity, to have come together across all nations to adopt a common set of challenges.",0_8,0_15,
"China has reiterated its support for the SDGs, such as in greening its Belt and Road Initiative and launching the Global Development Initiative as a worldwide effort.","First, that UN Member States, at the 2023 SDG Summit and the 2024 Summit of the Future, recommit boldly, strongly, and proactively to the SDGs, accelerate progress to 2030, and adopt even more ambitious SDG targets and objectives to mid-century, also incorporating recent international agreements on oceans and biodiversity.",0_8,0_16,
"China has reiterated its support for the SDGs, such as in greening its Belt and Road Initiative and launching the Global Development Initiative as a worldwide effort.","By contrast, Lebanon, Yemen, Papua New Guinea, Venezuela, and Myanmar present the largest number of SDG targets for which there has been a reversal in progress.",0_8,0_17,
"China has reiterated its support for the SDGs, such as in greening its Belt and Road Initiative and launching the Global Development Initiative as a worldwide effort.",The SDGs require long-term directed change and global cooperation.,0_8,0_18,
"China has reiterated its support for the SDGs, such as in greening its Belt and Road Initiative and launching the Global Development Initiative as a worldwide effort.","By July 2023, all UN Member States will have presented a VNR except for Haiti, Myanmar, South Sudan, the United States and Yemen.",0_8,0_19,
"China has reiterated its support for the SDGs, such as in greening its Belt and Road Initiative and launching the Global Development Initiative as a worldwide effort.",A large majority of governments – 83 percent of those surveyed – have published some form of strategic vision and/or action plan to implement the goals.,0_8,0_20,
"China has reiterated its support for the SDGs, such as in greening its Belt and Road Initiative and launching the Global Development Initiative as a worldwide effort.","The integration of the SDGs in national budget processes could be strengthened in most countries, and especially in LICs and LMICs, where less than a third of the countries surveyed refer to the SDGs in their national budgets – either in the narrative or as a dedicated section or budget line.",0_8,0_21,
"China has reiterated its support for the SDGs, such as in greening its Belt and Road Initiative and launching the Global Development Initiative as a worldwide effort.","While comparable country-level data are not yet available, the IEA has concluded that global fossil-fuel consumption subsidies rose sharply in 2022, as governments attempted to shield consumers from rising energy bills (IEA 2023, OECD 2022).",0_8,0_22,
"China has reiterated its support for the SDGs, such as in greening its Belt and Road Initiative and launching the Global Development Initiative as a worldwide effort.",Achieving the SDGs requires global cooperation under the UN Charter.,0_8,0_23,
"China has reiterated its support for the SDGs, such as in greening its Belt and Road Initiative and launching the Global Development Initiative as a worldwide effort.","the SDG Index, including its regional and local editions, has been generally well received by the research and policy communities",0_8,0_24,
"China has reiterated its support for the SDGs, such as in greening its Belt and Road Initiative and launching the Global Development Initiative as a worldwide effort.","The SDG Index is a flagship instrument to promote awareness of the SDGs. The SDG Index ranking receives widespread attention from politicians and the media, which further helps to raise awareness about the SDGs and creates a 'race to the top'.",0_8,0_25,
"China has reiterated its support for the SDGs, such as in greening its Belt and Road Initiative and launching the Global Development Initiative as a worldwide effort.",The contribution of the SDGs towards a universally accepted framework for monitoring progress is critical.,0_8,0_26,
"All countries should use the half-way momentum to self-critically review and revise their national strategies, using the principles of the 2030 Agenda (transformative, integrated, inclusive, leaving no one behind) as a yardstick.",Most of the low-income and lower-middle income countries face major challenges in achieving most of the SDGs by 2030.,0_9,0_10,
"All countries should use the half-way momentum to self-critically review and revise their national strategies, using the principles of the 2030 Agenda (transformative, integrated, inclusive, leaving no one behind) as a yardstick.","Many of them lack an adequately high SDG commitment, and almost all lack access to the necessary financial means to implement the SDGs.",0_9,0_11,
"All countries should use the half-way momentum to self-critically review and revise their national strategies, using the principles of the 2030 Agenda (transformative, integrated, inclusive, leaving no one behind) as a yardstick.","At the midpoint of the 2030 Agenda, all countries should use the half-way momentum to self-critically review and revise their national strategies, using the principles of the 2030 Agenda (transformative, integrated, inclusive, leaving no one behind) as a yardstick.",0_9,0_12,
"All countries should use the half-way momentum to self-critically review and revise their national strategies, using the principles of the 2030 Agenda (transformative, integrated, inclusive, leaving no one behind) as a yardstick.","SDSN puts a great emphasis on long-term national planning, to coordinate public investments, regulations, and incentive structures over a time horizon of 20-30 years.",0_9,0_13,
"All countries should use the half-way momentum to self-critically review and revise their national strategies, using the principles of the 2030 Agenda (transformative, integrated, inclusive, leaving no one behind) as a yardstick.","SDSN calls for, and is actively supporting, the development of similar regional-based sustainability plans with associated financing.",0_9,0_14,
"All countries should use the half-way momentum to self-critically review and revise their national strategies, using the principles of the 2030 Agenda (transformative, integrated, inclusive, leaving no one behind) as a yardstick.","We conclude by underscoring the vital, life-affirming importance of four key international agreements: the Sustainable Development Goals, the Paris Climate Agreement, the Kunming-Montreal Framework for Biodiversity, and the High Seas Treaty. These are signal achievements of humanity, to have come together across all nations to adopt a common set of challenges.",0_9,0_15,
"All countries should use the half-way momentum to self-critically review and revise their national strategies, using the principles of the 2030 Agenda (transformative, integrated, inclusive, leaving no one behind) as a yardstick.","First, that UN Member States, at the 2023 SDG Summit and the 2024 Summit of the Future, recommit boldly, strongly, and proactively to the SDGs, accelerate progress to 2030, and adopt even more ambitious SDG targets and objectives to mid-century, also incorporating recent international agreements on oceans and biodiversity.",0_9,0_16,
"All countries should use the half-way momentum to self-critically review and revise their national strategies, using the principles of the 2030 Agenda (transformative, integrated, inclusive, leaving no one behind) as a yardstick.","By contrast, Lebanon, Yemen, Papua New Guinea, Venezuela, and Myanmar present the largest number of SDG targets for which there has been a reversal in progress.",0_9,0_17,
"All countries should use the half-way momentum to self-critically review and revise their national strategies, using the principles of the 2030 Agenda (transformative, integrated, inclusive, leaving no one behind) as a yardstick.",The SDGs require long-term directed change and global cooperation.,0_9,0_18,
"All countries should use the half-way momentum to self-critically review and revise their national strategies, using the principles of the 2030 Agenda (transformative, integrated, inclusive, leaving no one behind) as a yardstick.","By July 2023, all UN Member States will have presented a VNR except for Haiti, Myanmar, South Sudan, the United States and Yemen.",0_9,0_19,
"All countries should use the half-way momentum to self-critically review and revise their national strategies, using the principles of the 2030 Agenda (transformative, integrated, inclusive, leaving no one behind) as a yardstick.",A large majority of governments – 83 percent of those surveyed – have published some form of strategic vision and/or action plan to implement the goals.,0_9,0_20,
"All countries should use the half-way momentum to self-critically review and revise their national strategies, using the principles of the 2030 Agenda (transformative, integrated, inclusive, leaving no one behind) as a yardstick.","The integration of the SDGs in national budget processes could be strengthened in most countries, and especially in LICs and LMICs, where less than a third of the countries surveyed refer to the SDGs in their national budgets – either in the narrative or as a dedicated section or budget line.",0_9,0_21,
"All countries should use the half-way momentum to self-critically review and revise their national strategies, using the principles of the 2030 Agenda (transformative, integrated, inclusive, leaving no one behind) as a yardstick.","While comparable country-level data are not yet available, the IEA has concluded that global fossil-fuel consumption subsidies rose sharply in 2022, as governments attempted to shield consumers from rising energy bills (IEA 2023, OECD 2022).",0_9,0_22,
"All countries should use the half-way momentum to self-critically review and revise their national strategies, using the principles of the 2030 Agenda (transformative, integrated, inclusive, leaving no one behind) as a yardstick.",Achieving the SDGs requires global cooperation under the UN Charter.,0_9,0_23,
"All countries should use the half-way momentum to self-critically review and revise their national strategies, using the principles of the 2030 Agenda (transformative, integrated, inclusive, leaving no one behind) as a yardstick.","the SDG Index, including its regional and local editions, has been generally well received by the research and policy communities",0_9,0_24,
"All countries should use the half-way momentum to self-critically review and revise their national strategies, using the principles of the 2030 Agenda (transformative, integrated, inclusive, leaving no one behind) as a yardstick.","The SDG Index is a flagship instrument to promote awareness of the SDGs. The SDG Index ranking receives widespread attention from politicians and the media, which further helps to raise awareness about the SDGs and creates a 'race to the top'.",0_9,0_25,
"All countries should use the half-way momentum to self-critically review and revise their national strategies, using the principles of the 2030 Agenda (transformative, integrated, inclusive, leaving no one behind) as a yardstick.",The contribution of the SDGs towards a universally accepted framework for monitoring progress is critical.,0_9,0_26,
Most of the low-income and lower-middle income countries face major challenges in achieving most of the SDGs by 2030.,"Many of them lack an adequately high SDG commitment, and almost all lack access to the necessary financial means to implement the SDGs.",0_10,0_11,
Most of the low-income and lower-middle income countries face major challenges in achieving most of the SDGs by 2030.,"At the midpoint of the 2030 Agenda, all countries should use the half-way momentum to self-critically review and revise their national strategies, using the principles of the 2030 Agenda (transformative, integrated, inclusive, leaving no one behind) as a yardstick.",0_10,0_12,
Most of the low-income and lower-middle income countries face major challenges in achieving most of the SDGs by 2030.,"SDSN puts a great emphasis on long-term national planning, to coordinate public investments, regulations, and incentive structures over a time horizon of 20-30 years.",0_10,0_13,
Most of the low-income and lower-middle income countries face major challenges in achieving most of the SDGs by 2030.,"SDSN calls for, and is actively supporting, the development of similar regional-based sustainability plans with associated financing.",0_10,0_14,
Most of the low-income and lower-middle income countries face major challenges in achieving most of the SDGs by 2030.,"We conclude by underscoring the vital, life-affirming importance of four key international agreements: the Sustainable Development Goals, the Paris Climate Agreement, the Kunming-Montreal Framework for Biodiversity, and the High Seas Treaty. These are signal achievements of humanity, to have come together across all nations to adopt a common set of challenges.",0_10,0_15,
Most of the low-income and lower-middle income countries face major challenges in achieving most of the SDGs by 2030.,"First, that UN Member States, at the 2023 SDG Summit and the 2024 Summit of the Future, recommit boldly, strongly, and proactively to the SDGs, accelerate progress to 2030, and adopt even more ambitious SDG targets and objectives to mid-century, also incorporating recent international agreements on oceans and biodiversity.",0_10,0_16,
Most of the low-income and lower-middle income countries face major challenges in achieving most of the SDGs by 2030.,"By contrast, Lebanon, Yemen, Papua New Guinea, Venezuela, and Myanmar present the largest number of SDG targets for which there has been a reversal in progress.",0_10,0_17,
Most of the low-income and lower-middle income countries face major challenges in achieving most of the SDGs by 2030.,The SDGs require long-term directed change and global cooperation.,0_10,0_18,
Most of the low-income and lower-middle income countries face major challenges in achieving most of the SDGs by 2030.,"By July 2023, all UN Member States will have presented a VNR except for Haiti, Myanmar, South Sudan, the United States and Yemen.",0_10,0_19,
Most of the low-income and lower-middle income countries face major challenges in achieving most of the SDGs by 2030.,A large majority of governments – 83 percent of those surveyed – have published some form of strategic vision and/or action plan to implement the goals.,0_10,0_20,
Most of the low-income and lower-middle income countries face major challenges in achieving most of the SDGs by 2030.,"The integration of the SDGs in national budget processes could be strengthened in most countries, and especially in LICs and LMICs, where less than a third of the countries surveyed refer to the SDGs in their national budgets – either in the narrative or as a dedicated section or budget line.",0_10,0_21,
Most of the low-income and lower-middle income countries face major challenges in achieving most of the SDGs by 2030.,"While comparable country-level data are not yet available, the IEA has concluded that global fossil-fuel consumption subsidies rose sharply in 2022, as governments attempted to shield consumers from rising energy bills (IEA 2023, OECD 2022).",0_10,0_22,
Most of the low-income and lower-middle income countries face major challenges in achieving most of the SDGs by 2030.,Achieving the SDGs requires global cooperation under the UN Charter.,0_10,0_23,
Most of the low-income and lower-middle income countries face major challenges in achieving most of the SDGs by 2030.,"the SDG Index, including its regional and local editions, has been generally well received by the research and policy communities",0_10,0_24,
Most of the low-income and lower-middle income countries face major challenges in achieving most of the SDGs by 2030.,"The SDG Index is a flagship instrument to promote awareness of the SDGs. The SDG Index ranking receives widespread attention from politicians and the media, which further helps to raise awareness about the SDGs and creates a 'race to the top'.",0_10,0_25,
Most of the low-income and lower-middle income countries face major challenges in achieving most of the SDGs by 2030.,The contribution of the SDGs towards a universally accepted framework for monitoring progress is critical.,0_10,0_26,
"Many of them lack an adequately high SDG commitment, and almost all lack access to the necessary financial means to implement the SDGs.","At the midpoint of the 2030 Agenda, all countries should use the half-way momentum to self-critically review and revise their national strategies, using the principles of the 2030 Agenda (transformative, integrated, inclusive, leaving no one behind) as a yardstick.",0_11,0_12,
"Many of them lack an adequately high SDG commitment, and almost all lack access to the necessary financial means to implement the SDGs.","SDSN puts a great emphasis on long-term national planning, to coordinate public investments, regulations, and incentive structures over a time horizon of 20-30 years.",0_11,0_13,
"Many of them lack an adequately high SDG commitment, and almost all lack access to the necessary financial means to implement the SDGs.","SDSN calls for, and is actively supporting, the development of similar regional-based sustainability plans with associated financing.",0_11,0_14,
"Many of them lack an adequately high SDG commitment, and almost all lack access to the necessary financial means to implement the SDGs.","We conclude by underscoring the vital, life-affirming importance of four key international agreements: the Sustainable Development Goals, the Paris Climate Agreement, the Kunming-Montreal Framework for Biodiversity, and the High Seas Treaty. These are signal achievements of humanity, to have come together across all nations to adopt a common set of challenges.",0_11,0_15,
"Many of them lack an adequately high SDG commitment, and almost all lack access to the necessary financial means to implement the SDGs.","First, that UN Member States, at the 2023 SDG Summit and the 2024 Summit of the Future, recommit boldly, strongly, and proactively to the SDGs, accelerate progress to 2030, and adopt even more ambitious SDG targets and objectives to mid-century, also incorporating recent international agreements on oceans and biodiversity.",0_11,0_16,
"Many of them lack an adequately high SDG commitment, and almost all lack access to the necessary financial means to implement the SDGs.","By contrast, Lebanon, Yemen, Papua New Guinea, Venezuela, and Myanmar present the largest number of SDG targets for which there has been a reversal in progress.",0_11,0_17,
"Many of them lack an adequately high SDG commitment, and almost all lack access to the necessary financial means to implement the SDGs.",The SDGs require long-term directed change and global cooperation.,0_11,0_18,
"Many of them lack an adequately high SDG commitment, and almost all lack access to the necessary financial means to implement the SDGs.","By July 2023, all UN Member States will have presented a VNR except for Haiti, Myanmar, South Sudan, the United States and Yemen.",0_11,0_19,
"Many of them lack an adequately high SDG commitment, and almost all lack access to the necessary financial means to implement the SDGs.",A large majority of governments – 83 percent of those surveyed – have published some form of strategic vision and/or action plan to implement the goals.,0_11,0_20,
"Many of them lack an adequately high SDG commitment, and almost all lack access to the necessary financial means to implement the SDGs.","The integration of the SDGs in national budget processes could be strengthened in most countries, and especially in LICs and LMICs, where less than a third of the countries surveyed refer to the SDGs in their national budgets – either in the narrative or as a dedicated section or budget line.",0_11,0_21,
"Many of them lack an adequately high SDG commitment, and almost all lack access to the necessary financial means to implement the SDGs.","While comparable country-level data are not yet available, the IEA has concluded that global fossil-fuel consumption subsidies rose sharply in 2022, as governments attempted to shield consumers from rising energy bills (IEA 2023, OECD 2022).",0_11,0_22,
"Many of them lack an adequately high SDG commitment, and almost all lack access to the necessary financial means to implement the SDGs.",Achieving the SDGs requires global cooperation under the UN Charter.,0_11,0_23,
"Many of them lack an adequately high SDG commitment, and almost all lack access to the necessary financial means to implement the SDGs.","the SDG Index, including its regional and local editions, has been generally well received by the research and policy communities",0_11,0_24,
"Many of them lack an adequately high SDG commitment, and almost all lack access to the necessary financial means to implement the SDGs.","The SDG Index is a flagship instrument to promote awareness of the SDGs. The SDG Index ranking receives widespread attention from politicians and the media, which further helps to raise awareness about the SDGs and creates a 'race to the top'.",0_11,0_25,
"Many of them lack an adequately high SDG commitment, and almost all lack access to the necessary financial means to implement the SDGs.",The contribution of the SDGs towards a universally accepted framework for monitoring progress is critical.,0_11,0_26,
"At the midpoint of the 2030 Agenda, all countries should use the half-way momentum to self-critically review and revise their national strategies, using the principles of the 2030 Agenda (transformative, integrated, inclusive, leaving no one behind) as a yardstick.","SDSN puts a great emphasis on long-term national planning, to coordinate public investments, regulations, and incentive structures over a time horizon of 20-30 years.",0_12,0_13,
"At the midpoint of the 2030 Agenda, all countries should use the half-way momentum to self-critically review and revise their national strategies, using the principles of the 2030 Agenda (transformative, integrated, inclusive, leaving no one behind) as a yardstick.","SDSN calls for, and is actively supporting, the development of similar regional-based sustainability plans with associated financing.",0_12,0_14,
"At the midpoint of the 2030 Agenda, all countries should use the half-way momentum to self-critically review and revise their national strategies, using the principles of the 2030 Agenda (transformative, integrated, inclusive, leaving no one behind) as a yardstick.","We conclude by underscoring the vital, life-affirming importance of four key international agreements: the Sustainable Development Goals, the Paris Climate Agreement, the Kunming-Montreal Framework for Biodiversity, and the High Seas Treaty. These are signal achievements of humanity, to have come together across all nations to adopt a common set of challenges.",0_12,0_15,
"At the midpoint of the 2030 Agenda, all countries should use the half-way momentum to self-critically review and revise their national strategies, using the principles of the 2030 Agenda (transformative, integrated, inclusive, leaving no one behind) as a yardstick.","First, that UN Member States, at the 2023 SDG Summit and the 2024 Summit of the Future, recommit boldly, strongly, and proactively to the SDGs, accelerate progress to 2030, and adopt even more ambitious SDG targets and objectives to mid-century, also incorporating recent international agreements on oceans and biodiversity.",0_12,0_16,
"At the midpoint of the 2030 Agenda, all countries should use the half-way momentum to self-critically review and revise their national strategies, using the principles of the 2030 Agenda (transformative, integrated, inclusive, leaving no one behind) as a yardstick.","By contrast, Lebanon, Yemen, Papua New Guinea, Venezuela, and Myanmar present the largest number of SDG targets for which there has been a reversal in progress.",0_12,0_17,
"At the midpoint of the 2030 Agenda, all countries should use the half-way momentum to self-critically review and revise their national strategies, using the principles of the 2030 Agenda (transformative, integrated, inclusive, leaving no one behind) as a yardstick.",The SDGs require long-term directed change and global cooperation.,0_12,0_18,
"At the midpoint of the 2030 Agenda, all countries should use the half-way momentum to self-critically review and revise their national strategies, using the principles of the 2030 Agenda (transformative, integrated, inclusive, leaving no one behind) as a yardstick.","By July 2023, all UN Member States will have presented a VNR except for Haiti, Myanmar, South Sudan, the United States and Yemen.",0_12,0_19,
"At the midpoint of the 2030 Agenda, all countries should use the half-way momentum to self-critically review and revise their national strategies, using the principles of the 2030 Agenda (transformative, integrated, inclusive, leaving no one behind) as a yardstick.",A large majority of governments – 83 percent of those surveyed – have published some form of strategic vision and/or action plan to implement the goals.,0_12,0_20,
"At the midpoint of the 2030 Agenda, all countries should use the half-way momentum to self-critically review and revise their national strategies, using the principles of the 2030 Agenda (transformative, integrated, inclusive, leaving no one behind) as a yardstick.","The integration of the SDGs in national budget processes could be strengthened in most countries, and especially in LICs and LMICs, where less than a third of the countries surveyed refer to the SDGs in their national budgets – either in the narrative or as a dedicated section or budget line.",0_12,0_21,
"At the midpoint of the 2030 Agenda, all countries should use the half-way momentum to self-critically review and revise their national strategies, using the principles of the 2030 Agenda (transformative, integrated, inclusive, leaving no one behind) as a yardstick.","While comparable country-level data are not yet available, the IEA has concluded that global fossil-fuel consumption subsidies rose sharply in 2022, as governments attempted to shield consumers from rising energy bills (IEA 2023, OECD 2022).",0_12,0_22,
"At the midpoint of the 2030 Agenda, all countries should use the half-way momentum to self-critically review and revise their national strategies, using the principles of the 2030 Agenda (transformative, integrated, inclusive, leaving no one behind) as a yardstick.",Achieving the SDGs requires global cooperation under the UN Charter.,0_12,0_23,
"At the midpoint of the 2030 Agenda, all countries should use the half-way momentum to self-critically review and revise their national strategies, using the principles of the 2030 Agenda (transformative, integrated, inclusive, leaving no one behind) as a yardstick.","the SDG Index, including its regional and local editions, has been generally well received by the research and policy communities",0_12,0_24,
"At the midpoint of the 2030 Agenda, all countries should use the half-way momentum to self-critically review and revise their national strategies, using the principles of the 2030 Agenda (transformative, integrated, inclusive, leaving no one behind) as a yardstick.","The SDG Index is a flagship instrument to promote awareness of the SDGs. The SDG Index ranking receives widespread attention from politicians and the media, which further helps to raise awareness about the SDGs and creates a 'race to the top'.",0_12,0_25,
"At the midpoint of the 2030 Agenda, all countries should use the half-way momentum to self-critically review and revise their national strategies, using the principles of the 2030 Agenda (transformative, integrated, inclusive, leaving no one behind) as a yardstick.",The contribution of the SDGs towards a universally accepted framework for monitoring progress is critical.,0_12,0_26,
"SDSN puts a great emphasis on long-term national planning, to coordinate public investments, regulations, and incentive structures over a time horizon of 20-30 years.","SDSN calls for, and is actively supporting, the development of similar regional-based sustainability plans with associated financing.",0_13,0_14,
"SDSN puts a great emphasis on long-term national planning, to coordinate public investments, regulations, and incentive structures over a time horizon of 20-30 years.","We conclude by underscoring the vital, life-affirming importance of four key international agreements: the Sustainable Development Goals, the Paris Climate Agreement, the Kunming-Montreal Framework for Biodiversity, and the High Seas Treaty. These are signal achievements of humanity, to have come together across all nations to adopt a common set of challenges.",0_13,0_15,
"SDSN puts a great emphasis on long-term national planning, to coordinate public investments, regulations, and incentive structures over a time horizon of 20-30 years.","First, that UN Member States, at the 2023 SDG Summit and the 2024 Summit of the Future, recommit boldly, strongly, and proactively to the SDGs, accelerate progress to 2030, and adopt even more ambitious SDG targets and objectives to mid-century, also incorporating recent international agreements on oceans and biodiversity.",0_13,0_16,
"SDSN puts a great emphasis on long-term national planning, to coordinate public investments, regulations, and incentive structures over a time horizon of 20-30 years.","By contrast, Lebanon, Yemen, Papua New Guinea, Venezuela, and Myanmar present the largest number of SDG targets for which there has been a reversal in progress.",0_13,0_17,
"SDSN puts a great emphasis on long-term national planning, to coordinate public investments, regulations, and incentive structures over a time horizon of 20-30 years.",The SDGs require long-term directed change and global cooperation.,0_13,0_18,
"SDSN puts a great emphasis on long-term national planning, to coordinate public investments, regulations, and incentive structures over a time horizon of 20-30 years.","By July 2023, all UN Member States will have presented a VNR except for Haiti, Myanmar, South Sudan, the United States and Yemen.",0_13,0_19,
"SDSN puts a great emphasis on long-term national planning, to coordinate public investments, regulations, and incentive structures over a time horizon of 20-30 years.",A large majority of governments – 83 percent of those surveyed – have published some form of strategic vision and/or action plan to implement the goals.,0_13,0_20,
"SDSN puts a great emphasis on long-term national planning, to coordinate public investments, regulations, and incentive structures over a time horizon of 20-30 years.","The integration of the SDGs in national budget processes could be strengthened in most countries, and especially in LICs and LMICs, where less than a third of the countries surveyed refer to the SDGs in their national budgets – either in the narrative or as a dedicated section or budget line.",0_13,0_21,
"SDSN puts a great emphasis on long-term national planning, to coordinate public investments, regulations, and incentive structures over a time horizon of 20-30 years.","While comparable country-level data are not yet available, the IEA has concluded that global fossil-fuel consumption subsidies rose sharply in 2022, as governments attempted to shield consumers from rising energy bills (IEA 2023, OECD 2022).",0_13,0_22,
"SDSN puts a great emphasis on long-term national planning, to coordinate public investments, regulations, and incentive structures over a time horizon of 20-30 years.",Achieving the SDGs requires global cooperation under the UN Charter.,0_13,0_23,
"SDSN puts a great emphasis on long-term national planning, to coordinate public investments, regulations, and incentive structures over a time horizon of 20-30 years.","the SDG Index, including its regional and local editions, has been generally well received by the research and policy communities",0_13,0_24,
"SDSN puts a great emphasis on long-term national planning, to coordinate public investments, regulations, and incentive structures over a time horizon of 20-30 years.","The SDG Index is a flagship instrument to promote awareness of the SDGs. The SDG Index ranking receives widespread attention from politicians and the media, which further helps to raise awareness about the SDGs and creates a 'race to the top'.",0_13,0_25,
"SDSN puts a great emphasis on long-term national planning, to coordinate public investments, regulations, and incentive structures over a time horizon of 20-30 years.",The contribution of the SDGs towards a universally accepted framework for monitoring progress is critical.,0_13,0_26,
"SDSN calls for, and is actively supporting, the development of similar regional-based sustainability plans with associated financing.","We conclude by underscoring the vital, life-affirming importance of four key international agreements: the Sustainable Development Goals, the Paris Climate Agreement, the Kunming-Montreal Framework for Biodiversity, and the High Seas Treaty. These are signal achievements of humanity, to have come together across all nations to adopt a common set of challenges.",0_14,0_15,
"SDSN calls for, and is actively supporting, the development of similar regional-based sustainability plans with associated financing.","First, that UN Member States, at the 2023 SDG Summit and the 2024 Summit of the Future, recommit boldly, strongly, and proactively to the SDGs, accelerate progress to 2030, and adopt even more ambitious SDG targets and objectives to mid-century, also incorporating recent international agreements on oceans and biodiversity.",0_14,0_16,
"SDSN calls for, and is actively supporting, the development of similar regional-based sustainability plans with associated financing.","By contrast, Lebanon, Yemen, Papua New Guinea, Venezuela, and Myanmar present the largest number of SDG targets for which there has been a reversal in progress.",0_14,0_17,
"SDSN calls for, and is actively supporting, the development of similar regional-based sustainability plans with associated financing.",The SDGs require long-term directed change and global cooperation.,0_14,0_18,
"SDSN calls for, and is actively supporting, the development of similar regional-based sustainability plans with associated financing.","By July 2023, all UN Member States will have presented a VNR except for Haiti, Myanmar, South Sudan, the United States and Yemen.",0_14,0_19,
"SDSN calls for, and is actively supporting, the development of similar regional-based sustainability plans with associated financing.",A large majority of governments – 83 percent of those surveyed – have published some form of strategic vision and/or action plan to implement the goals.,0_14,0_20,
"SDSN calls for, and is actively supporting, the development of similar regional-based sustainability plans with associated financing.","The integration of the SDGs in national budget processes could be strengthened in most countries, and especially in LICs and LMICs, where less than a third of the countries surveyed refer to the SDGs in their national budgets – either in the narrative or as a dedicated section or budget line.",0_14,0_21,
"SDSN calls for, and is actively supporting, the development of similar regional-based sustainability plans with associated financing.","While comparable country-level data are not yet available, the IEA has concluded that global fossil-fuel consumption subsidies rose sharply in 2022, as governments attempted to shield consumers from rising energy bills (IEA 2023, OECD 2022).",0_14,0_22,
"SDSN calls for, and is actively supporting, the development of similar regional-based sustainability plans with associated financing.",Achieving the SDGs requires global cooperation under the UN Charter.,0_14,0_23,
"SDSN calls for, and is actively supporting, the development of similar regional-based sustainability plans with associated financing.","the SDG Index, including its regional and local editions, has been generally well received by the research and policy communities",0_14,0_24,
"SDSN calls for, and is actively supporting, the development of similar regional-based sustainability plans with associated financing.","The SDG Index is a flagship instrument to promote awareness of the SDGs. The SDG Index ranking receives widespread attention from politicians and the media, which further helps to raise awareness about the SDGs and creates a 'race to the top'.",0_14,0_25,
"SDSN calls for, and is actively supporting, the development of similar regional-based sustainability plans with associated financing.",The contribution of the SDGs towards a universally accepted framework for monitoring progress is critical.,0_14,0_26,
"We conclude by underscoring the vital, life-affirming importance of four key international agreements: the Sustainable Development Goals, the Paris Climate Agreement, the Kunming-Montreal Framework for Biodiversity, and the High Seas Treaty. These are signal achievements of humanity, to have come together across all nations to adopt a common set of challenges.","First, that UN Member States, at the 2023 SDG Summit and the 2024 Summit of the Future, recommit boldly, strongly, and proactively to the SDGs, accelerate progress to 2030, and adopt even more ambitious SDG targets and objectives to mid-century, also incorporating recent international agreements on oceans and biodiversity.",0_15,0_16,
"We conclude by underscoring the vital, life-affirming importance of four key international agreements: the Sustainable Development Goals, the Paris Climate Agreement, the Kunming-Montreal Framework for Biodiversity, and the High Seas Treaty. These are signal achievements of humanity, to have come together across all nations to adopt a common set of challenges.","By contrast, Lebanon, Yemen, Papua New Guinea, Venezuela, and Myanmar present the largest number of SDG targets for which there has been a reversal in progress.",0_15,0_17,
"We conclude by underscoring the vital, life-affirming importance of four key international agreements: the Sustainable Development Goals, the Paris Climate Agreement, the Kunming-Montreal Framework for Biodiversity, and the High Seas Treaty. These are signal achievements of humanity, to have come together across all nations to adopt a common set of challenges.",The SDGs require long-term directed change and global cooperation.,0_15,0_18,
"We conclude by underscoring the vital, life-affirming importance of four key international agreements: the Sustainable Development Goals, the Paris Climate Agreement, the Kunming-Montreal Framework for Biodiversity, and the High Seas Treaty. These are signal achievements of humanity, to have come together across all nations to adopt a common set of challenges.","By July 2023, all UN Member States will have presented a VNR except for Haiti, Myanmar, South Sudan, the United States and Yemen.",0_15,0_19,
"We conclude by underscoring the vital, life-affirming importance of four key international agreements: the Sustainable Development Goals, the Paris Climate Agreement, the Kunming-Montreal Framework for Biodiversity, and the High Seas Treaty. These are signal achievements of humanity, to have come together across all nations to adopt a common set of challenges.",A large majority of governments – 83 percent of those surveyed – have published some form of strategic vision and/or action plan to implement the goals.,0_15,0_20,
"We conclude by underscoring the vital, life-affirming importance of four key international agreements: the Sustainable Development Goals, the Paris Climate Agreement, the Kunming-Montreal Framework for Biodiversity, and the High Seas Treaty. These are signal achievements of humanity, to have come together across all nations to adopt a common set of challenges.","The integration of the SDGs in national budget processes could be strengthened in most countries, and especially in LICs and LMICs, where less than a third of the countries surveyed refer to the SDGs in their national budgets – either in the narrative or as a dedicated section or budget line.",0_15,0_21,
"We conclude by underscoring the vital, life-affirming importance of four key international agreements: the Sustainable Development Goals, the Paris Climate Agreement, the Kunming-Montreal Framework for Biodiversity, and the High Seas Treaty. These are signal achievements of humanity, to have come together across all nations to adopt a common set of challenges.","While comparable country-level data are not yet available, the IEA has concluded that global fossil-fuel consumption subsidies rose sharply in 2022, as governments attempted to shield consumers from rising energy bills (IEA 2023, OECD 2022).",0_15,0_22,
"We conclude by underscoring the vital, life-affirming importance of four key international agreements: the Sustainable Development Goals, the Paris Climate Agreement, the Kunming-Montreal Framework for Biodiversity, and the High Seas Treaty. These are signal achievements of humanity, to have come together across all nations to adopt a common set of challenges.",Achieving the SDGs requires global cooperation under the UN Charter.,0_15,0_23,
"We conclude by underscoring the vital, life-affirming importance of four key international agreements: the Sustainable Development Goals, the Paris Climate Agreement, the Kunming-Montreal Framework for Biodiversity, and the High Seas Treaty. These are signal achievements of humanity, to have come together across all nations to adopt a common set of challenges.","the SDG Index, including its regional and local editions, has been generally well received by the research and policy communities",0_15,0_24,
"We conclude by underscoring the vital, life-affirming importance of four key international agreements: the Sustainable Development Goals, the Paris Climate Agreement, the Kunming-Montreal Framework for Biodiversity, and the High Seas Treaty. These are signal achievements of humanity, to have come together across all nations to adopt a common set of challenges.","The SDG Index is a flagship instrument to promote awareness of the SDGs. The SDG Index ranking receives widespread attention from politicians and the media, which further helps to raise awareness about the SDGs and creates a 'race to the top'.",0_15,0_25,
"We conclude by underscoring the vital, life-affirming importance of four key international agreements: the Sustainable Development Goals, the Paris Climate Agreement, the Kunming-Montreal Framework for Biodiversity, and the High Seas Treaty. These are signal achievements of humanity, to have come together across all nations to adopt a common set of challenges.",The contribution of the SDGs towards a universally accepted framework for monitoring progress is critical.,0_15,0_26,
"First, that UN Member States, at the 2023 SDG Summit and the 2024 Summit of the Future, recommit boldly, strongly, and proactively to the SDGs, accelerate progress to 2030, and adopt even more ambitious SDG targets and objectives to mid-century, also incorporating recent international agreements on oceans and biodiversity.","By contrast, Lebanon, Yemen, Papua New Guinea, Venezuela, and Myanmar present the largest number of SDG targets for which there has been a reversal in progress.",0_16,0_17,
"First, that UN Member States, at the 2023 SDG Summit and the 2024 Summit of the Future, recommit boldly, strongly, and proactively to the SDGs, accelerate progress to 2030, and adopt even more ambitious SDG targets and objectives to mid-century, also incorporating recent international agreements on oceans and biodiversity.",The SDGs require long-term directed change and global cooperation.,0_16,0_18,
"First, that UN Member States, at the 2023 SDG Summit and the 2024 Summit of the Future, recommit boldly, strongly, and proactively to the SDGs, accelerate progress to 2030, and adopt even more ambitious SDG targets and objectives to mid-century, also incorporating recent international agreements on oceans and biodiversity.","By July 2023, all UN Member States will have presented a VNR except for Haiti, Myanmar, South Sudan, the United States and Yemen.",0_16,0_19,
"First, that UN Member States, at the 2023 SDG Summit and the 2024 Summit of the Future, recommit boldly, strongly, and proactively to the SDGs, accelerate progress to 2030, and adopt even more ambitious SDG targets and objectives to mid-century, also incorporating recent international agreements on oceans and biodiversity.",A large majority of governments – 83 percent of those surveyed – have published some form of strategic vision and/or action plan to implement the goals.,0_16,0_20,
"First, that UN Member States, at the 2023 SDG Summit and the 2024 Summit of the Future, recommit boldly, strongly, and proactively to the SDGs, accelerate progress to 2030, and adopt even more ambitious SDG targets and objectives to mid-century, also incorporating recent international agreements on oceans and biodiversity.","The integration of the SDGs in national budget processes could be strengthened in most countries, and especially in LICs and LMICs, where less than a third of the countries surveyed refer to the SDGs in their national budgets – either in the narrative or as a dedicated section or budget line.",0_16,0_21,
"First, that UN Member States, at the 2023 SDG Summit and the 2024 Summit of the Future, recommit boldly, strongly, and proactively to the SDGs, accelerate progress to 2030, and adopt even more ambitious SDG targets and objectives to mid-century, also incorporating recent international agreements on oceans and biodiversity.","While comparable country-level data are not yet available, the IEA has concluded that global fossil-fuel consumption subsidies rose sharply in 2022, as governments attempted to shield consumers from rising energy bills (IEA 2023, OECD 2022).",0_16,0_22,
"First, that UN Member States, at the 2023 SDG Summit and the 2024 Summit of the Future, recommit boldly, strongly, and proactively to the SDGs, accelerate progress to 2030, and adopt even more ambitious SDG targets and objectives to mid-century, also incorporating recent international agreements on oceans and biodiversity.",Achieving the SDGs requires global cooperation under the UN Charter.,0_16,0_23,
"First, that UN Member States, at the 2023 SDG Summit and the 2024 Summit of the Future, recommit boldly, strongly, and proactively to the SDGs, accelerate progress to 2030, and adopt even more ambitious SDG targets and objectives to mid-century, also incorporating recent international agreements on oceans and biodiversity.","the SDG Index, including its regional and local editions, has been generally well received by the research and policy communities",0_16,0_24,
"First, that UN Member States, at the 2023 SDG Summit and the 2024 Summit of the Future, recommit boldly, strongly, and proactively to the SDGs, accelerate progress to 2030, and adopt even more ambitious SDG targets and objectives to mid-century, also incorporating recent international agreements on oceans and biodiversity.","The SDG Index is a flagship instrument to promote awareness of the SDGs. The SDG Index ranking receives widespread attention from politicians and the media, which further helps to raise awareness about the SDGs and creates a 'race to the top'.",0_16,0_25,
"First, that UN Member States, at the 2023 SDG Summit and the 2024 Summit of the Future, recommit boldly, strongly, and proactively to the SDGs, accelerate progress to 2030, and adopt even more ambitious SDG targets and objectives to mid-century, also incorporating recent international agreements on oceans and biodiversity.",The contribution of the SDGs towards a universally accepted framework for monitoring progress is critical.,0_16,0_26,
"By contrast, Lebanon, Yemen, Papua New Guinea, Venezuela, and Myanmar present the largest number of SDG targets for which there has been a reversal in progress.",The SDGs require long-term directed change and global cooperation.,0_17,0_18,
"By contrast, Lebanon, Yemen, Papua New Guinea, Venezuela, and Myanmar present the largest number of SDG targets for which there has been a reversal in progress.","By July 2023, all UN Member States will have presented a VNR except for Haiti, Myanmar, South Sudan, the United States and Yemen.",0_17,0_19,
"By contrast, Lebanon, Yemen, Papua New Guinea, Venezuela, and Myanmar present the largest number of SDG targets for which there has been a reversal in progress.",A large majority of governments – 83 percent of those surveyed – have published some form of strategic vision and/or action plan to implement the goals.,0_17,0_20,
"By contrast, Lebanon, Yemen, Papua New Guinea, Venezuela, and Myanmar present the largest number of SDG targets for which there has been a reversal in progress.","The integration of the SDGs in national budget processes could be strengthened in most countries, and especially in LICs and LMICs, where less than a third of the countries surveyed refer to the SDGs in their national budgets – either in the narrative or as a dedicated section or budget line.",0_17,0_21,
"By contrast, Lebanon, Yemen, Papua New Guinea, Venezuela, and Myanmar present the largest number of SDG targets for which there has been a reversal in progress.","While comparable country-level data are not yet available, the IEA has concluded that global fossil-fuel consumption subsidies rose sharply in 2022, as governments attempted to shield consumers from rising energy bills (IEA 2023, OECD 2022).",0_17,0_22,
"By contrast, Lebanon, Yemen, Papua New Guinea, Venezuela, and Myanmar present the largest number of SDG targets for which there has been a reversal in progress.",Achieving the SDGs requires global cooperation under the UN Charter.,0_17,0_23,
"By contrast, Lebanon, Yemen, Papua New Guinea, Venezuela, and Myanmar present the largest number of SDG targets for which there has been a reversal in progress.","the SDG Index, including its regional and local editions, has been generally well received by the research and policy communities",0_17,0_24,
"By contrast, Lebanon, Yemen, Papua New Guinea, Venezuela, and Myanmar present the largest number of SDG targets for which there has been a reversal in progress.","The SDG Index is a flagship instrument to promote awareness of the SDGs. The SDG Index ranking receives widespread attention from politicians and the media, which further helps to raise awareness about the SDGs and creates a 'race to the top'.",0_17,0_25,
"By contrast, Lebanon, Yemen, Papua New Guinea, Venezuela, and Myanmar present the largest number of SDG targets for which there has been a reversal in progress.",The contribution of the SDGs towards a universally accepted framework for monitoring progress is critical.,0_17,0_26,
The SDGs require long-term directed change and global cooperation.,"By July 2023, all UN Member States will have presented a VNR except for Haiti, Myanmar, South Sudan, the United States and Yemen.",0_18,0_19,
The SDGs require long-term directed change and global cooperation.,A large majority of governments – 83 percent of those surveyed – have published some form of strategic vision and/or action plan to implement the goals.,0_18,0_20,
The SDGs require long-term directed change and global cooperation.,"The integration of the SDGs in national budget processes could be strengthened in most countries, and especially in LICs and LMICs, where less than a third of the countries surveyed refer to the SDGs in their national budgets – either in the narrative or as a dedicated section or budget line.",0_18,0_21,
The SDGs require long-term directed change and global cooperation.,"While comparable country-level data are not yet available, the IEA has concluded that global fossil-fuel consumption subsidies rose sharply in 2022, as governments attempted to shield consumers from rising energy bills (IEA 2023, OECD 2022).",0_18,0_22,
The SDGs require long-term directed change and global cooperation.,Achieving the SDGs requires global cooperation under the UN Charter.,0_18,0_23,
The SDGs require long-term directed change and global cooperation.,"the SDG Index, including its regional and local editions, has been generally well received by the research and policy communities",0_18,0_24,
The SDGs require long-term directed change and global cooperation.,"The SDG Index is a flagship instrument to promote awareness of the SDGs. The SDG Index ranking receives widespread attention from politicians and the media, which further helps to raise awareness about the SDGs and creates a 'race to the top'.",0_18,0_25,
The SDGs require long-term directed change and global cooperation.,The contribution of the SDGs towards a universally accepted framework for monitoring progress is critical.,0_18,0_26,
"By July 2023, all UN Member States will have presented a VNR except for Haiti, Myanmar, South Sudan, the United States and Yemen.",A large majority of governments – 83 percent of those surveyed – have published some form of strategic vision and/or action plan to implement the goals.,0_19,0_20,
"By July 2023, all UN Member States will have presented a VNR except for Haiti, Myanmar, South Sudan, the United States and Yemen.","The integration of the SDGs in national budget processes could be strengthened in most countries, and especially in LICs and LMICs, where less than a third of the countries surveyed refer to the SDGs in their national budgets – either in the narrative or as a dedicated section or budget line.",0_19,0_21,
"By July 2023, all UN Member States will have presented a VNR except for Haiti, Myanmar, South Sudan, the United States and Yemen.","While comparable country-level data are not yet available, the IEA has concluded that global fossil-fuel consumption subsidies rose sharply in 2022, as governments attempted to shield consumers from rising energy bills (IEA 2023, OECD 2022).",0_19,0_22,
"By July 2023, all UN Member States will have presented a VNR except for Haiti, Myanmar, South Sudan, the United States and Yemen.",Achieving the SDGs requires global cooperation under the UN Charter.,0_19,0_23,
"By July 2023, all UN Member States will have presented a VNR except for Haiti, Myanmar, South Sudan, the United States and Yemen.","the SDG Index, including its regional and local editions, has been generally well received by the research and policy communities",0_19,0_24,
"By July 2023, all UN Member States will have presented a VNR except for Haiti, Myanmar, South Sudan, the United States and Yemen.","The SDG Index is a flagship instrument to promote awareness of the SDGs. The SDG Index ranking receives widespread attention from politicians and the media, which further helps to raise awareness about the SDGs and creates a 'race to the top'.",0_19,0_25,
"By July 2023, all UN Member States will have presented a VNR except for Haiti, Myanmar, South Sudan, the United States and Yemen.",The contribution of the SDGs towards a universally accepted framework for monitoring progress is critical.,0_19,0_26,
A large majority of governments – 83 percent of those surveyed – have published some form of strategic vision and/or action plan to implement the goals.,"The integration of the SDGs in national budget processes could be strengthened in most countries, and especially in LICs and LMICs, where less than a third of the countries surveyed refer to the SDGs in their national budgets – either in the narrative or as a dedicated section or budget line.",0_20,0_21,
A large majority of governments – 83 percent of those surveyed – have published some form of strategic vision and/or action plan to implement the goals.,"While comparable country-level data are not yet available, the IEA has concluded that global fossil-fuel consumption subsidies rose sharply in 2022, as governments attempted to shield consumers from rising energy bills (IEA 2023, OECD 2022).",0_20,0_22,
A large majority of governments – 83 percent of those surveyed – have published some form of strategic vision and/or action plan to implement the goals.,Achieving the SDGs requires global cooperation under the UN Charter.,0_20,0_23,
A large majority of governments – 83 percent of those surveyed – have published some form of strategic vision and/or action plan to implement the goals.,"the SDG Index, including its regional and local editions, has been generally well received by the research and policy communities",0_20,0_24,
A large majority of governments – 83 percent of those surveyed – have published some form of strategic vision and/or action plan to implement the goals.,"The SDG Index is a flagship instrument to promote awareness of the SDGs. The SDG Index ranking receives widespread attention from politicians and the media, which further helps to raise awareness about the SDGs and creates a 'race to the top'.",0_20,0_25,
A large majority of governments – 83 percent of those surveyed – have published some form of strategic vision and/or action plan to implement the goals.,The contribution of the SDGs towards a universally accepted framework for monitoring progress is critical.,0_20,0_26,
"The integration of the SDGs in national budget processes could be strengthened in most countries, and especially in LICs and LMICs, where less than a third of the countries surveyed refer to the SDGs in their national budgets – either in the narrative or as a dedicated section or budget line.","While comparable country-level data are not yet available, the IEA has concluded that global fossil-fuel consumption subsidies rose sharply in 2022, as governments attempted to shield consumers from rising energy bills (IEA 2023, OECD 2022).",0_21,0_22,
"The integration of the SDGs in national budget processes could be strengthened in most countries, and especially in LICs and LMICs, where less than a third of the countries surveyed refer to the SDGs in their national budgets – either in the narrative or as a dedicated section or budget line.",Achieving the SDGs requires global cooperation under the UN Charter.,0_21,0_23,
"The integration of the SDGs in national budget processes could be strengthened in most countries, and especially in LICs and LMICs, where less than a third of the countries surveyed refer to the SDGs in their national budgets – either in the narrative or as a dedicated section or budget line.","the SDG Index, including its regional and local editions, has been generally well received by the research and policy communities",0_21,0_24,
"The integration of the SDGs in national budget processes could be strengthened in most countries, and especially in LICs and LMICs, where less than a third of the countries surveyed refer to the SDGs in their national budgets – either in the narrative or as a dedicated section or budget line.","The SDG Index is a flagship instrument to promote awareness of the SDGs. The SDG Index ranking receives widespread attention from politicians and the media, which further helps to raise awareness about the SDGs and creates a 'race to the top'.",0_21,0_25,
"The integration of the SDGs in national budget processes could be strengthened in most countries, and especially in LICs and LMICs, where less than a third of the countries surveyed refer to the SDGs in their national budgets – either in the narrative or as a dedicated section or budget line.",The contribution of the SDGs towards a universally accepted framework for monitoring progress is critical.,0_21,0_26,
"While comparable country-level data are not yet available, the IEA has concluded that global fossil-fuel consumption subsidies rose sharply in 2022, as governments attempted to shield consumers from rising energy bills (IEA 2023, OECD 2022).",Achieving the SDGs requires global cooperation under the UN Charter.,0_22,0_23,
"While comparable country-level data are not yet available, the IEA has concluded that global fossil-fuel consumption subsidies rose sharply in 2022, as governments attempted to shield consumers from rising energy bills (IEA 2023, OECD 2022).","the SDG Index, including its regional and local editions, has been generally well received by the research and policy communities",0_22,0_24,
"While comparable country-level data are not yet available, the IEA has concluded that global fossil-fuel consumption subsidies rose sharply in 2022, as governments attempted to shield consumers from rising energy bills (IEA 2023, OECD 2022).","The SDG Index is a flagship instrument to promote awareness of the SDGs. The SDG Index ranking receives widespread attention from politicians and the media, which further helps to raise awareness about the SDGs and creates a 'race to the top'.",0_22,0_25,
"While comparable country-level data are not yet available, the IEA has concluded that global fossil-fuel consumption subsidies rose sharply in 2022, as governments attempted to shield consumers from rising energy bills (IEA 2023, OECD 2022).",The contribution of the SDGs towards a universally accepted framework for monitoring progress is critical.,0_22,0_26,
Achieving the SDGs requires global cooperation under the UN Charter.,"the SDG Index, including its regional and local editions, has been generally well received by the research and policy communities",0_23,0_24,
Achieving the SDGs requires global cooperation under the UN Charter.,"The SDG Index is a flagship instrument to promote awareness of the SDGs. The SDG Index ranking receives widespread attention from politicians and the media, which further helps to raise awareness about the SDGs and creates a 'race to the top'.",0_23,0_25,
Achieving the SDGs requires global cooperation under the UN Charter.,The contribution of the SDGs towards a universally accepted framework for monitoring progress is critical.,0_23,0_26,
"the SDG Index, including its regional and local editions, has been generally well received by the research and policy communities","The SDG Index is a flagship instrument to promote awareness of the SDGs. The SDG Index ranking receives widespread attention from politicians and the media, which further helps to raise awareness about the SDGs and creates a 'race to the top'.",0_24,0_25,
"the SDG Index, including its regional and local editions, has been generally well received by the research and policy communities",The contribution of the SDGs towards a universally accepted framework for monitoring progress is critical.,0_24,0_26,
"The SDG Index is a flagship instrument to promote awareness of the SDGs. The SDG Index ranking receives widespread attention from politicians and the media, which further helps to raise awareness about the SDGs and creates a 'race to the top'.",The contribution of the SDGs towards a universally accepted framework for monitoring progress is critical.,0_25,0_26,
"Increased funding from the multilateral development banks (MDBs) and public development banks (PDBs) to low- and middle-income countries, linked to investments in the SDGs;","Many of them lack an adequately high SDG commitment, and almost all lack access to the necessary financial means to implement the SDGs.",1_0,1_1,
"Increased funding from the multilateral development banks (MDBs) and public development banks (PDBs) to low- and middle-income countries, linked to investments in the SDGs;","The SDG Dashboards rate rich countries, including Nordic countries, at ‘red’ on several SDGs – particularly those related to responsible consumption and production, climate action, and biodiversity – meaning major challenges remain (Lafortune, Sachs, and Schmidt-Traub 2020).",1_0,1_2,
"Many of them lack an adequately high SDG commitment, and almost all lack access to the necessary financial means to implement the SDGs.","The SDG Dashboards rate rich countries, including Nordic countries, at ‘red’ on several SDGs – particularly those related to responsible consumption and production, climate action, and biodiversity – meaning major challenges remain (Lafortune, Sachs, and Schmidt-Traub 2020).",1_1,1_2,
Ensure healthy lives and promote well-being for all at all ages,"The pandemic and other crises have led to substantial declines in subjective well-being, which remains below pre-pandemic levels.",3_0,3_1,
Ensure healthy lives and promote well-being for all at all ages,ensure universal health coverage,3_0,3_2,
Ensure healthy lives and promote well-being for all at all ages,"This Transformation promotes key investments in health and well-being. It aligns closely with SDG Target 3.8, achieving universal health coverage and ensuring that all people have access to the health services they need.",3_0,3_3,
"The pandemic and other crises have led to substantial declines in subjective well-being, which remains below pre-pandemic levels.",ensure universal health coverage,3_1,3_2,
"The pandemic and other crises have led to substantial declines in subjective well-being, which remains below pre-pandemic levels.","This Transformation promotes key investments in health and well-being. It aligns closely with SDG Target 3.8, achieving universal health coverage and ensuring that all people have access to the health services they need.",3_1,3_3,
ensure universal health coverage,"This Transformation promotes key investments in health and well-being. It aligns closely with SDG Target 3.8, achieving universal health coverage and ensuring that all people have access to the health services they need.",3_2,3_3,
"The UN General Assembly’s Transforming Education Summit held in September 2022 was a critical meeting to spur national and global efforts to transform education to give all people the skills and knowledge to end poverty, protect the environment, and build peaceful and inclusive societies.",We see across societies that inequalities are rising. Environmental crises weigh most heavily on the poorest and most marginalized individuals.,4_0,4_1,
"The UN General Assembly’s Transforming Education Summit held in September 2022 was a critical meeting to spur national and global efforts to transform education to give all people the skills and knowledge to end poverty, protect the environment, and build peaceful and inclusive societies.","Inclusion and equitable quality education is crucial for promoting economic growth, innovation, decent work, and ending extreme poverty.",4_0,4_2,
We see across societies that inequalities are rising. Environmental crises weigh most heavily on the poorest and most marginalized individuals.,"Inclusion and equitable quality education is crucial for promoting economic growth, innovation, decent work, and ending extreme poverty.",4_1,4_2,
An estimated 1.8 billion people depend on drinking water contaminated by human waste.,ensure availability and sustainable management of water and sanitation for all,6_0,6_1,
An estimated 1.8 billion people depend on drinking water contaminated by human waste.,"Although on average the world has made some progress in strengthening access to key infrastructure, covered notably under SDG 6 (Clean Water and Sanitation), SDG 7 (Affordable and Clean Energy) and SDG 9 (Industry, Innovation and Infrastructure), this varies extensively across countries, and the world average remains too slow to achieve these SDGs globally by 2030.",6_0,6_2,
An estimated 1.8 billion people depend on drinking water contaminated by human waste.,Ensure availability and sustainable management of water and sanitation for all,6_0,6_3,
ensure availability and sustainable management of water and sanitation for all,"Although on average the world has made some progress in strengthening access to key infrastructure, covered notably under SDG 6 (Clean Water and Sanitation), SDG 7 (Affordable and Clean Energy) and SDG 9 (Industry, Innovation and Infrastructure), this varies extensively across countries, and the world average remains too slow to achieve these SDGs globally by 2030.",6_1,6_2,
ensure availability and sustainable management of water and sanitation for all,Ensure availability and sustainable management of water and sanitation for all,6_1,6_3,
"Although on average the world has made some progress in strengthening access to key infrastructure, covered notably under SDG 6 (Clean Water and Sanitation), SDG 7 (Affordable and Clean Energy) and SDG 9 (Industry, Innovation and Infrastructure), this varies extensively across countries, and the world average remains too slow to achieve these SDGs globally by 2030.",Ensure availability and sustainable management of water and sanitation for all,6_2,6_3,
The transition by 2050 of energy systems to net-zero emissions;,"The United States, as the world’s biggest economy in terms of GDP at market prices and its biggest oil and gas producer, has a responsibility both to itself and to the rest of the world to immediately embark on an ambitious transformation towards the SDGs, as well as towards other global climate and biodiversity goals.",7_0,7_1,
The transition by 2050 of energy systems to net-zero emissions;,"Ensure access to affordable, reliable, sustainable and modern energy for all",7_0,7_2,
The transition by 2050 of energy systems to net-zero emissions;,"Although on average the world has made some progress in strengthening access to key infrastructure, covered notably under SDG 6 (Clean Water and Sanitation), SDG 7 (Affordable and Clean Energy) and SDG 9 (Industry, Innovation and Infrastructure), this varies extensively across countries, and the world average remains too slow to achieve these SDGs globally by 2030.",7_0,7_3,
The transition by 2050 of energy systems to net-zero emissions;,"Transforming the energy system to ensure universal access to modern energy sources; decarbonizing it by mid-century (in line with the Paris Agreement); and reducing industrial pollution of soil, water, and air.",7_0,7_4,
"The United States, as the world’s biggest economy in terms of GDP at market prices and its biggest oil and gas producer, has a responsibility both to itself and to the rest of the world to immediately embark on an ambitious transformation towards the SDGs, as well as towards other global climate and biodiversity goals.","Ensure access to affordable, reliable, sustainable and modern energy for all",7_1,7_2,
"The United States, as the world’s biggest economy in terms of GDP at market prices and its biggest oil and gas producer, has a responsibility both to itself and to the rest of the world to immediately embark on an ambitious transformation towards the SDGs, as well as towards other global climate and biodiversity goals.","Although on average the world has made some progress in strengthening access to key infrastructure, covered notably under SDG 6 (Clean Water and Sanitation), SDG 7 (Affordable and Clean Energy) and SDG 9 (Industry, Innovation and Infrastructure), this varies extensively across countries, and the world average remains too slow to achieve these SDGs globally by 2030.",7_1,7_3,
"The United States, as the world’s biggest economy in terms of GDP at market prices and its biggest oil and gas producer, has a responsibility both to itself and to the rest of the world to immediately embark on an ambitious transformation towards the SDGs, as well as towards other global climate and biodiversity goals.","Transforming the energy system to ensure universal access to modern energy sources; decarbonizing it by mid-century (in line with the Paris Agreement); and reducing industrial pollution of soil, water, and air.",7_1,7_4,
"Ensure access to affordable, reliable, sustainable and modern energy for all","Although on average the world has made some progress in strengthening access to key infrastructure, covered notably under SDG 6 (Clean Water and Sanitation), SDG 7 (Affordable and Clean Energy) and SDG 9 (Industry, Innovation and Infrastructure), this varies extensively across countries, and the world average remains too slow to achieve these SDGs globally by 2030.",7_2,7_3,
"Ensure access to affordable, reliable, sustainable and modern energy for all","Transforming the energy system to ensure universal access to modern energy sources; decarbonizing it by mid-century (in line with the Paris Agreement); and reducing industrial pollution of soil, water, and air.",7_2,7_4,
"Although on average the world has made some progress in strengthening access to key infrastructure, covered notably under SDG 6 (Clean Water and Sanitation), SDG 7 (Affordable and Clean Energy) and SDG 9 (Industry, Innovation and Infrastructure), this varies extensively across countries, and the world average remains too slow to achieve these SDGs globally by 2030.","Transforming the energy system to ensure universal access to modern energy sources; decarbonizing it by mid-century (in line with the Paris Agreement); and reducing industrial pollution of soil, water, and air.",7_3,7_4,
"All countries, poorer and richer alike, should use the half-way momentum to self-critically review and revise their national SDG strategies and commit to strengthening multilateralism.","The United States, as the world’s biggest economy in terms of GDP at market prices and its biggest oil and gas producer, has a responsibility both to itself and to the rest of the world to immediately embark on an ambitious transformation towards the SDGs, as well as towards other global climate and biodiversity goals.",8_0,8_1,
"All countries, poorer and richer alike, should use the half-way momentum to self-critically review and revise their national SDG strategies and commit to strengthening multilateralism.","Inclusive economic growth, full and productive employment, and decent work for all is crucial for sustainable development.",8_0,8_2,
"All countries, poorer and richer alike, should use the half-way momentum to self-critically review and revise their national SDG strategies and commit to strengthening multilateralism.",The SDG Index and Dashboards notes that SDG 8 (Decent Work and Economic Growth) demands the eradication of child labor and modern slavery.,8_0,8_3,
"All countries, poorer and richer alike, should use the half-way momentum to self-critically review and revise their national SDG strategies and commit to strengthening multilateralism.",industrial,8_0,8_4,
"The United States, as the world’s biggest economy in terms of GDP at market prices and its biggest oil and gas producer, has a responsibility both to itself and to the rest of the world to immediately embark on an ambitious transformation towards the SDGs, as well as towards other global climate and biodiversity goals.","Inclusive economic growth, full and productive employment, and decent work for all is crucial for sustainable development.",8_1,8_2,
"The United States, as the world’s biggest economy in terms of GDP at market prices and its biggest oil and gas producer, has a responsibility both to itself and to the rest of the world to immediately embark on an ambitious transformation towards the SDGs, as well as towards other global climate and biodiversity goals.",The SDG Index and Dashboards notes that SDG 8 (Decent Work and Economic Growth) demands the eradication of child labor and modern slavery.,8_1,8_3,
"The United States, as the world’s biggest economy in terms of GDP at market prices and its biggest oil and gas producer, has a responsibility both to itself and to the rest of the world to immediately embark on an ambitious transformation towards the SDGs, as well as towards other global climate and biodiversity goals.",industrial,8_1,8_4,
"Inclusive economic growth, full and productive employment, and decent work for all is crucial for sustainable development.",The SDG Index and Dashboards notes that SDG 8 (Decent Work and Economic Growth) demands the eradication of child labor and modern slavery.,8_2,8_3,
"Inclusive economic growth, full and productive employment, and decent work for all is crucial for sustainable development.",industrial,8_2,8_4,
The SDG Index and Dashboards notes that SDG 8 (Decent Work and Economic Growth) demands the eradication of child labor and modern slavery.,industrial,8_3,8_4,
"To achieve the SDGs, the world must invest boldly, 
    ample, and consistently in all eight kinds of capital. ","The European Green Deal (EGD), which is exemplary in many regards. Many EU member states demonstrate a high or moderate SDG commitment.",9_0,9_1,
"To achieve the SDGs, the world must invest boldly, 
    ample, and consistently in all eight kinds of capital. ","The sub-national level, including provincial, metropolitan, and city governments are typically at the front line in achieving the SDGs.",9_0,9_2,
"The European Green Deal (EGD), which is exemplary in many regards. Many EU member states demonstrate a high or moderate SDG commitment.","The sub-national level, including provincial, metropolitan, and city governments are typically at the front line in achieving the SDGs.",9_1,9_2,
"The rise of China has led to great tension between it and the United States, which could lead to significant social conflicts within and between nations.",The greatest responsibility for achieving the SDGs and safeguarding the planetary boundaries lies with the G20 members.,10_0,10_1,
"The rise of China has led to great tension between it and the United States, which could lead to significant social conflicts within and between nations.",Almost all lack access to the necessary financial means to implement the SDGs.,10_0,10_2,
"The rise of China has led to great tension between it and the United States, which could lead to significant social conflicts within and between nations.","The SDGs also call on all countries to strengthen their capacities for early warning, risk reduction, and the management of national and global health risks (SDG target 3.d).",10_0,10_3,
"The rise of China has led to great tension between it and the United States, which could lead to significant social conflicts within and between nations.","The SDG Dashboards rate rich countries, including Nordic countries, at ‘red’ on several SDGs – particularly those related to responsible consumption and production, climate action, and biodiversity.",10_0,10_4,
"The rise of China has led to great tension between it and the United States, which could lead to significant social conflicts within and between nations.","The SDG Index ranking receives widespread attention from politicians and the media, which further helps to raise awareness about the SDGs and creates a “race to the top.”",10_0,10_5,
The greatest responsibility for achieving the SDGs and safeguarding the planetary boundaries lies with the G20 members.,Almost all lack access to the necessary financial means to implement the SDGs.,10_1,10_2,
The greatest responsibility for achieving the SDGs and safeguarding the planetary boundaries lies with the G20 members.,"The SDGs also call on all countries to strengthen their capacities for early warning, risk reduction, and the management of national and global health risks (SDG target 3.d).",10_1,10_3,
The greatest responsibility for achieving the SDGs and safeguarding the planetary boundaries lies with the G20 members.,"The SDG Dashboards rate rich countries, including Nordic countries, at ‘red’ on several SDGs – particularly those related to responsible consumption and production, climate action, and biodiversity.",10_1,10_4,
The greatest responsibility for achieving the SDGs and safeguarding the planetary boundaries lies with the G20 members.,"The SDG Index ranking receives widespread attention from politicians and the media, which further helps to raise awareness about the SDGs and creates a “race to the top.”",10_1,10_5,
Almost all lack access to the necessary financial means to implement the SDGs.,"The SDGs also call on all countries to strengthen their capacities for early warning, risk reduction, and the management of national and global health risks (SDG target 3.d).",10_2,10_3,
Almost all lack access to the necessary financial means to implement the SDGs.,"The SDG Dashboards rate rich countries, including Nordic countries, at ‘red’ on several SDGs – particularly those related to responsible consumption and production, climate action, and biodiversity.",10_2,10_4,
Almost all lack access to the necessary financial means to implement the SDGs.,"The SDG Index ranking receives widespread attention from politicians and the media, which further helps to raise awareness about the SDGs and creates a “race to the top.”",10_2,10_5,
"The SDGs also call on all countries to strengthen their capacities for early warning, risk reduction, and the management of national and global health risks (SDG target 3.d).","The SDG Dashboards rate rich countries, including Nordic countries, at ‘red’ on several SDGs – particularly those related to responsible consumption and production, climate action, and biodiversity.",10_3,10_4,
"The SDGs also call on all countries to strengthen their capacities for early warning, risk reduction, and the management of national and global health risks (SDG target 3.d).","The SDG Index ranking receives widespread attention from politicians and the media, which further helps to raise awareness about the SDGs and creates a “race to the top.”",10_3,10_5,
"The SDG Dashboards rate rich countries, including Nordic countries, at ‘red’ on several SDGs – particularly those related to responsible consumption and production, climate action, and biodiversity.","The SDG Index ranking receives widespread attention from politicians and the media, which further helps to raise awareness about the SDGs and creates a “race to the top.”",10_4,10_5,
"Sustainable cities: urban infrastructure and services to ensure productive, safe, inclusive, and healthful cities for a world that will be around 70 percent urbanized in 2050;","Make cities and human settlements inclusive, safe, resilient and sustainable",11_0,11_1,
"Sustainable cities: urban infrastructure and services to ensure productive, safe, inclusive, and healthful cities for a world that will be around 70 percent urbanized in 2050;","China has reiterated its support for the SDGs, such as in greening its Belt and Road Initiative and launching the Global Development Initiative as a worldwide effort.",11_0,11_2,
"Sustainable cities: urban infrastructure and services to ensure productive, safe, inclusive, and healthful cities for a world that will be around 70 percent urbanized in 2050;","Provincial, metropolitan, and city governments are typically at the front line in achieving the SDGs.",11_0,11_3,
"Sustainable cities: urban infrastructure and services to ensure productive, safe, inclusive, and healthful cities for a world that will be around 70 percent urbanized in 2050;","By design, Transformation 5 calls for regional and local policy trackers. These would notably track efforts at the regional and city level to curb urban pollution, increase housing affordability, and strengthen mobility and access to public transport.",11_0,11_4,
"Make cities and human settlements inclusive, safe, resilient and sustainable","China has reiterated its support for the SDGs, such as in greening its Belt and Road Initiative and launching the Global Development Initiative as a worldwide effort.",11_1,11_2,
"Make cities and human settlements inclusive, safe, resilient and sustainable","Provincial, metropolitan, and city governments are typically at the front line in achieving the SDGs.",11_1,11_3,
"Make cities and human settlements inclusive, safe, resilient and sustainable","By design, Transformation 5 calls for regional and local policy trackers. These would notably track efforts at the regional and city level to curb urban pollution, increase housing affordability, and strengthen mobility and access to public transport.",11_1,11_4,
"China has reiterated its support for the SDGs, such as in greening its Belt and Road Initiative and launching the Global Development Initiative as a worldwide effort.","Provincial, metropolitan, and city governments are typically at the front line in achieving the SDGs.",11_2,11_3,
"China has reiterated its support for the SDGs, such as in greening its Belt and Road Initiative and launching the Global Development Initiative as a worldwide effort.","By design, Transformation 5 calls for regional and local policy trackers. These would notably track efforts at the regional and city level to curb urban pollution, increase housing affordability, and strengthen mobility and access to public transport.",11_2,11_4,
"Provincial, metropolitan, and city governments are typically at the front line in achieving the SDGs.","By design, Transformation 5 calls for regional and local policy trackers. These would notably track efforts at the regional and city level to curb urban pollution, increase housing affordability, and strengthen mobility and access to public transport.",11_3,11_4,
"The European Green Deal (EGD), which is exemplary in many regards. Many EU member states demonstrate a high or moderate SDG commitment.","Unsustainable consumption is strongly interconnected with diets, land-use policies, and the health of major ecosystems.",12_0,12_1,
"The European Green Deal (EGD), which is exemplary in many regards. Many EU member states demonstrate a high or moderate SDG commitment.","The SDG Dashboards rate rich countries, including Nordic countries, at ‘red’ on several SDGs – particularly those related to responsible consumption and production, climate action, and biodiversity.",12_0,12_2,
"Unsustainable consumption is strongly interconnected with diets, land-use policies, and the health of major ecosystems.","The SDG Dashboards rate rich countries, including Nordic countries, at ‘red’ on several SDGs – particularly those related to responsible consumption and production, climate action, and biodiversity.",12_1,12_2,
"Only limited progress is being made on the environmental and biodiversity goals, including SDG 12 (Responsible Consumption and Production), SDG 13 (Climate Action), SDG 14 (Life Below Water), and SDG 15 (Life on Land)","The United States, as the world’s biggest economy in terms of GDP at market prices and its biggest oil and gas producer, has a responsibility both to itself and to the rest of the world to immediately embark on an ambitious transformation towards the SDGs, as well as towards other global climate and biodiversity goals.",13_0,13_1,
"Only limited progress is being made on the environmental and biodiversity goals, including SDG 12 (Responsible Consumption and Production), SDG 13 (Climate Action), SDG 14 (Life Below Water), and SDG 15 (Life on Land)",There continues to be a major discrepancy between coun-tries’ self-declared ambitions and their tangible efforts and policies.,13_0,13_2,
"The United States, as the world’s biggest economy in terms of GDP at market prices and its biggest oil and gas producer, has a responsibility both to itself and to the rest of the world to immediately embark on an ambitious transformation towards the SDGs, as well as towards other global climate and biodiversity goals.",There continues to be a major discrepancy between coun-tries’ self-declared ambitions and their tangible efforts and policies.,13_1,13_2,
"combat desertification, and halt and reverse land degradation",The greatest responsibility for achieving the SDGs and safeguarding the planetary boundaries lies with the G20 members.,15_0,15_1,
"combat desertification, and halt and reverse land degradation","The SDSN is highly committed to supporting global and national efforts to develop sustainable food and land systems, preserve major ecosystems, and ensure adequate finance for nature and climate adaptation.",15_0,15_2,
The greatest responsibility for achieving the SDGs and safeguarding the planetary boundaries lies with the G20 members.,"The SDSN is highly committed to supporting global and national efforts to develop sustainable food and land systems, preserve major ecosystems, and ensure adequate finance for nature and climate adaptation.",15_1,15_2,
"All countries, poorer and richer alike, should use the half-way momentum to self-critically review and revise their national SDG strategies and commit to strengthening multilateralism.","Investing in the SDGs Despite this ominous news, the SDGs are still achievable. None of their objectives are beyond our reach.",16_0,16_1,
"All countries, poorer and richer alike, should use the half-way momentum to self-critically review and revise their national SDG strategies and commit to strengthening multilateralism.","The European Green Deal (EGD), which is exemplary in many regards. Many EU member states demonstrate a high or moderate SDG commitment.",16_0,16_2,
"All countries, poorer and richer alike, should use the half-way momentum to self-critically review and revise their national SDG strategies and commit to strengthening multilateralism.",failures of global governance will require a transformative global approach to achieve the SDGs,16_0,16_3,
"All countries, poorer and richer alike, should use the half-way momentum to self-critically review and revise their national SDG strategies and commit to strengthening multilateralism.","The SDGs have a significant impact on public management practices and procedures (SDSN and OECD, 2019). Every year since 2018, SDSN has called on its global network of experts to track public statements by governments and their strategic use of public processes to support the SDGs.",16_0,16_4,
"All countries, poorer and richer alike, should use the half-way momentum to self-critically review and revise their national SDG strategies and commit to strengthening multilateralism.","provide access to justice for all and build effective, accountable and inclusive institutions at all levels",16_0,16_5,
"All countries, poorer and richer alike, should use the half-way momentum to self-critically review and revise their national SDG strategies and commit to strengthening multilateralism.",A large majority of countries – 83 percent of those surveyed – have published some form of strategic vision and/or action plan to implement the goals.,16_0,16_6,
"All countries, poorer and richer alike, should use the half-way momentum to self-critically review and revise their national SDG strategies and commit to strengthening multilateralism.","build effective, accountable and inclusive institutions at all levels",16_0,16_7,
"All countries, poorer and richer alike, should use the half-way momentum to self-critically review and revise their national SDG strategies and commit to strengthening multilateralism.",Countries promote global cooperation for sustainable development,16_0,16_8,
"Investing in the SDGs Despite this ominous news, the SDGs are still achievable. None of their objectives are beyond our reach.","The European Green Deal (EGD), which is exemplary in many regards. Many EU member states demonstrate a high or moderate SDG commitment.",16_1,16_2,
"Investing in the SDGs Despite this ominous news, the SDGs are still achievable. None of their objectives are beyond our reach.",failures of global governance will require a transformative global approach to achieve the SDGs,16_1,16_3,
"Investing in the SDGs Despite this ominous news, the SDGs are still achievable. None of their objectives are beyond our reach.","The SDGs have a significant impact on public management practices and procedures (SDSN and OECD, 2019). Every year since 2018, SDSN has called on its global network of experts to track public statements by governments and their strategic use of public processes to support the SDGs.",16_1,16_4,
"Investing in the SDGs Despite this ominous news, the SDGs are still achievable. None of their objectives are beyond our reach.","provide access to justice for all and build effective, accountable and inclusive institutions at all levels",16_1,16_5,
"Investing in the SDGs Despite this ominous news, the SDGs are still achievable. None of their objectives are beyond our reach.",A large majority of countries – 83 percent of those surveyed – have published some form of strategic vision and/or action plan to implement the goals.,16_1,16_6,
"Investing in the SDGs Despite this ominous news, the SDGs are still achievable. None of their objectives are beyond our reach.","build effective, accountable and inclusive institutions at all levels",16_1,16_7,
"Investing in the SDGs Despite this ominous news, the SDGs are still achievable. None of their objectives are beyond our reach.",Countries promote global cooperation for sustainable development,16_1,16_8,
"The European Green Deal (EGD), which is exemplary in many regards. Many EU member states demonstrate a high or moderate SDG commitment.",failures of global governance will require a transformative global approach to achieve the SDGs,16_2,16_3,
"The European Green Deal (EGD), which is exemplary in many regards. Many EU member states demonstrate a high or moderate SDG commitment.","The SDGs have a significant impact on public management practices and procedures (SDSN and OECD, 2019). Every year since 2018, SDSN has called on its global network of experts to track public statements by governments and their strategic use of public processes to support the SDGs.",16_2,16_4,
"The European Green Deal (EGD), which is exemplary in many regards. Many EU member states demonstrate a high or moderate SDG commitment.","provide access to justice for all and build effective, accountable and inclusive institutions at all levels",16_2,16_5,
"The European Green Deal (EGD), which is exemplary in many regards. Many EU member states demonstrate a high or moderate SDG commitment.",A large majority of countries – 83 percent of those surveyed – have published some form of strategic vision and/or action plan to implement the goals.,16_2,16_6,
"The European Green Deal (EGD), which is exemplary in many regards. Many EU member states demonstrate a high or moderate SDG commitment.","build effective, accountable and inclusive institutions at all levels",16_2,16_7,
"The European Green Deal (EGD), which is exemplary in many regards. Many EU member states demonstrate a high or moderate SDG commitment.",Countries promote global cooperation for sustainable development,16_2,16_8,
failures of global governance will require a transformative global approach to achieve the SDGs,"The SDGs have a significant impact on public management practices and procedures (SDSN and OECD, 2019). Every year since 2018, SDSN has called on its global network of experts to track public statements by governments and their strategic use of public processes to support the SDGs.",16_3,16_4,
failures of global governance will require a transformative global approach to achieve the SDGs,"provide access to justice for all and build effective, accountable and inclusive institutions at all levels",16_3,16_5,
failures of global governance will require a transformative global approach to achieve the SDGs,A large majority of countries – 83 percent of those surveyed – have published some form of strategic vision and/or action plan to implement the goals.,16_3,16_6,
failures of global governance will require a transformative global approach to achieve the SDGs,"build effective, accountable and inclusive institutions at all levels",16_3,16_7,
failures of global governance will require a transformative global approach to achieve the SDGs,Countries promote global cooperation for sustainable development,16_3,16_8,
"The SDGs have a significant impact on public management practices and procedures (SDSN and OECD, 2019). Every year since 2018, SDSN has called on its global network of experts to track public statements by governments and their strategic use of public processes to support the SDGs.","provide access to justice for all and build effective, accountable and inclusive institutions at all levels",16_4,16_5,
"The SDGs have a significant impact on public management practices and procedures (SDSN and OECD, 2019). Every year since 2018, SDSN has called on its global network of experts to track public statements by governments and their strategic use of public processes to support the SDGs.",A large majority of countries – 83 percent of those surveyed – have published some form of strategic vision and/or action plan to implement the goals.,16_4,16_6,
"The SDGs have a significant impact on public management practices and procedures (SDSN and OECD, 2019). Every year since 2018, SDSN has called on its global network of experts to track public statements by governments and their strategic use of public processes to support the SDGs.","build effective, accountable and inclusive institutions at all levels",16_4,16_7,
"The SDGs have a significant impact on public management practices and procedures (SDSN and OECD, 2019). Every year since 2018, SDSN has called on its global network of experts to track public statements by governments and their strategic use of public processes to support the SDGs.",Countries promote global cooperation for sustainable development,16_4,16_8,
"provide access to justice for all and build effective, accountable and inclusive institutions at all levels",A large majority of countries – 83 percent of those surveyed – have published some form of strategic vision and/or action plan to implement the goals.,16_5,16_6,
"provide access to justice for all and build effective, accountable and inclusive institutions at all levels","build effective, accountable and inclusive institutions at all levels",16_5,16_7,
"provide access to justice for all and build effective, accountable and inclusive institutions at all levels",Countries promote global cooperation for sustainable development,16_5,16_8,
A large majority of countries – 83 percent of those surveyed – have published some form of strategic vision and/or action plan to implement the goals.,"build effective, accountable and inclusive institutions at all levels",16_6,16_7,
A large majority of countries – 83 percent of those surveyed – have published some form of strategic vision and/or action plan to implement the goals.,Countries promote global cooperation for sustainable development,16_6,16_8,
"build effective, accountable and inclusive institutions at all levels",Countries promote global cooperation for sustainable development,16_7,16_8,
"The Stimulus’ urgent objective is to address the chronic shortfall of international SDG financing confronting the LICs and LMICs, and to ramp up financing flows by at least US$500 billion by 2025.","SDSN recommends an SDG Stimulus plan to close the massive financing gap faced by many developing economies, including increased funding from multilateral development banks (MDBs) and public development banks (PDBs) to low- and middle-income countries, linked to investments in the SDGs.",17_0,17_1,
"The Stimulus’ urgent objective is to address the chronic shortfall of international SDG financing confronting the LICs and LMICs, and to ramp up financing flows by at least US$500 billion by 2025.",The greatest responsibility for achieving the SDGs and safeguarding the planetary boundaries lies with the G20 members.,17_0,17_2,
"The Stimulus’ urgent objective is to address the chronic shortfall of international SDG financing confronting the LICs and LMICs, and to ramp up financing flows by at least US$500 billion by 2025.",Strengthening international cooperation is essential for achieving the SDGs. The Global Partnership for Sustainable Development plays a crucial role in this endeavor.,17_0,17_3,
"The Stimulus’ urgent objective is to address the chronic shortfall of international SDG financing confronting the LICs and LMICs, and to ramp up financing flows by at least US$500 billion by 2025.","Reform current institutional frameworks and develop new, innovative mechanisms to improve the quality and speed of deployment of international cooperation, and monitor progress in an open and timely manner.",17_0,17_4,
"The Stimulus’ urgent objective is to address the chronic shortfall of international SDG financing confronting the LICs and LMICs, and to ramp up financing flows by at least US$500 billion by 2025.",The urgent need for an SDG Stimulus,17_0,17_5,
"The Stimulus’ urgent objective is to address the chronic shortfall of international SDG financing confronting the LICs and LMICs, and to ramp up financing flows by at least US$500 billion by 2025.",Part 1. How to Achieve the SDGs: The SDSN Framework by 2025.,17_0,17_6,
"The Stimulus’ urgent objective is to address the chronic shortfall of international SDG financing confronting the LICs and LMICs, and to ramp up financing flows by at least US$500 billion by 2025.","The G20 Bali Leaders’ Declaration noted another important point, which is the need to expand and enhance innovative financing mechanisms, including blended finance, as well as improving transparency and mutual accountability.",17_0,17_7,
"The Stimulus’ urgent objective is to address the chronic shortfall of international SDG financing confronting the LICs and LMICs, and to ramp up financing flows by at least US$500 billion by 2025.","The EU Green Deal has great potential to bring about transformation both within the EU and beyond, including the larger European and Mediterranean region, and even Africa.",17_0,17_8,
"The Stimulus’ urgent objective is to address the chronic shortfall of international SDG financing confronting the LICs and LMICs, and to ramp up financing flows by at least US$500 billion by 2025.",SDG 17 (Partnerships for the Goals) calls for ‘policy coherence’ for sustainable development.,17_0,17_9,
"SDSN recommends an SDG Stimulus plan to close the massive financing gap faced by many developing economies, including increased funding from multilateral development banks (MDBs) and public development banks (PDBs) to low- and middle-income countries, linked to investments in the SDGs.",The greatest responsibility for achieving the SDGs and safeguarding the planetary boundaries lies with the G20 members.,17_1,17_2,
"SDSN recommends an SDG Stimulus plan to close the massive financing gap faced by many developing economies, including increased funding from multilateral development banks (MDBs) and public development banks (PDBs) to low- and middle-income countries, linked to investments in the SDGs.",Strengthening international cooperation is essential for achieving the SDGs. The Global Partnership for Sustainable Development plays a crucial role in this endeavor.,17_1,17_3,
"SDSN recommends an SDG Stimulus plan to close the massive financing gap faced by many developing economies, including increased funding from multilateral development banks (MDBs) and public development banks (PDBs) to low- and middle-income countries, linked to investments in the SDGs.","Reform current institutional frameworks and develop new, innovative mechanisms to improve the quality and speed of deployment of international cooperation, and monitor progress in an open and timely manner.",17_1,17_4,
"SDSN recommends an SDG Stimulus plan to close the massive financing gap faced by many developing economies, including increased funding from multilateral development banks (MDBs) and public development banks (PDBs) to low- and middle-income countries, linked to investments in the SDGs.",The urgent need for an SDG Stimulus,17_1,17_5,
"SDSN recommends an SDG Stimulus plan to close the massive financing gap faced by many developing economies, including increased funding from multilateral development banks (MDBs) and public development banks (PDBs) to low- and middle-income countries, linked to investments in the SDGs.",Part 1. How to Achieve the SDGs: The SDSN Framework by 2025.,17_1,17_6,
"SDSN recommends an SDG Stimulus plan to close the massive financing gap faced by many developing economies, including increased funding from multilateral development banks (MDBs) and public development banks (PDBs) to low- and middle-income countries, linked to investments in the SDGs.","The G20 Bali Leaders’ Declaration noted another important point, which is the need to expand and enhance innovative financing mechanisms, including blended finance, as well as improving transparency and mutual accountability.",17_1,17_7,
"SDSN recommends an SDG Stimulus plan to close the massive financing gap faced by many developing economies, including increased funding from multilateral development banks (MDBs) and public development banks (PDBs) to low- and middle-income countries, linked to investments in the SDGs.","The EU Green Deal has great potential to bring about transformation both within the EU and beyond, including the larger European and Mediterranean region, and even Africa.",17_1,17_8,
"SDSN recommends an SDG Stimulus plan to close the massive financing gap faced by many developing economies, including increased funding from multilateral development banks (MDBs) and public development banks (PDBs) to low- and middle-income countries, linked to investments in the SDGs.",SDG 17 (Partnerships for the Goals) calls for ‘policy coherence’ for sustainable development.,17_1,17_9,
The greatest responsibility for achieving the SDGs and safeguarding the planetary boundaries lies with the G20 members.,Strengthening international cooperation is essential for achieving the SDGs. The Global Partnership for Sustainable Development plays a crucial role in this endeavor.,17_2,17_3,
The greatest responsibility for achieving the SDGs and safeguarding the planetary boundaries lies with the G20 members.,"Reform current institutional frameworks and develop new, innovative mechanisms to improve the quality and speed of deployment of international cooperation, and monitor progress in an open and timely manner.",17_2,17_4,
The greatest responsibility for achieving the SDGs and safeguarding the planetary boundaries lies with the G20 members.,The urgent need for an SDG Stimulus,17_2,17_5,
The greatest responsibility for achieving the SDGs and safeguarding the planetary boundaries lies with the G20 members.,Part 1. How to Achieve the SDGs: The SDSN Framework by 2025.,17_2,17_6,
The greatest responsibility for achieving the SDGs and safeguarding the planetary boundaries lies with the G20 members.,"The G20 Bali Leaders’ Declaration noted another important point, which is the need to expand and enhance innovative financing mechanisms, including blended finance, as well as improving transparency and mutual accountability.",17_2,17_7,
The greatest responsibility for achieving the SDGs and safeguarding the planetary boundaries lies with the G20 members.,"The EU Green Deal has great potential to bring about transformation both within the EU and beyond, including the larger European and Mediterranean region, and even Africa.",17_2,17_8,
The greatest responsibility for achieving the SDGs and safeguarding the planetary boundaries lies with the G20 members.,SDG 17 (Partnerships for the Goals) calls for ‘policy coherence’ for sustainable development.,17_2,17_9,
Strengthening international cooperation is essential for achieving the SDGs. The Global Partnership for Sustainable Development plays a crucial role in this endeavor.,"Reform current institutional frameworks and develop new, innovative mechanisms to improve the quality and speed of deployment of international cooperation, and monitor progress in an open and timely manner.",17_3,17_4,
Strengthening international cooperation is essential for achieving the SDGs. The Global Partnership for Sustainable Development plays a crucial role in this endeavor.,The urgent need for an SDG Stimulus,17_3,17_5,
Strengthening international cooperation is essential for achieving the SDGs. The Global Partnership for Sustainable Development plays a crucial role in this endeavor.,Part 1. How to Achieve the SDGs: The SDSN Framework by 2025.,17_3,17_6,
Strengthening international cooperation is essential for achieving the SDGs. The Global Partnership for Sustainable Development plays a crucial role in this endeavor.,"The G20 Bali Leaders’ Declaration noted another important point, which is the need to expand and enhance innovative financing mechanisms, including blended finance, as well as improving transparency and mutual accountability.",17_3,17_7,
Strengthening international cooperation is essential for achieving the SDGs. The Global Partnership for Sustainable Development plays a crucial role in this endeavor.,"The EU Green Deal has great potential to bring about transformation both within the EU and beyond, including the larger European and Mediterranean region, and even Africa.",17_3,17_8,
Strengthening international cooperation is essential for achieving the SDGs. The Global Partnership for Sustainable Development plays a crucial role in this endeavor.,SDG 17 (Partnerships for the Goals) calls for ‘policy coherence’ for sustainable development.,17_3,17_9,
"Reform current institutional frameworks and develop new, innovative mechanisms to improve the quality and speed of deployment of international cooperation, and monitor progress in an open and timely manner.",The urgent need for an SDG Stimulus,17_4,17_5,
"Reform current institutional frameworks and develop new, innovative mechanisms to improve the quality and speed of deployment of international cooperation, and monitor progress in an open and timely manner.",Part 1. How to Achieve the SDGs: The SDSN Framework by 2025.,17_4,17_6,
"Reform current institutional frameworks and develop new, innovative mechanisms to improve the quality and speed of deployment of international cooperation, and monitor progress in an open and timely manner.","The G20 Bali Leaders’ Declaration noted another important point, which is the need to expand and enhance innovative financing mechanisms, including blended finance, as well as improving transparency and mutual accountability.",17_4,17_7,
"Reform current institutional frameworks and develop new, innovative mechanisms to improve the quality and speed of deployment of international cooperation, and monitor progress in an open and timely manner.","The EU Green Deal has great potential to bring about transformation both within the EU and beyond, including the larger European and Mediterranean region, and even Africa.",17_4,17_8,
"Reform current institutional frameworks and develop new, innovative mechanisms to improve the quality and speed of deployment of international cooperation, and monitor progress in an open and timely manner.",SDG 17 (Partnerships for the Goals) calls for ‘policy coherence’ for sustainable development.,17_4,17_9,
The urgent need for an SDG Stimulus,Part 1. How to Achieve the SDGs: The SDSN Framework by 2025.,17_5,17_6,
The urgent need for an SDG Stimulus,"The G20 Bali Leaders’ Declaration noted another important point, which is the need to expand and enhance innovative financing mechanisms, including blended finance, as well as improving transparency and mutual accountability.",17_5,17_7,
The urgent need for an SDG Stimulus,"The EU Green Deal has great potential to bring about transformation both within the EU and beyond, including the larger European and Mediterranean region, and even Africa.",17_5,17_8,
The urgent need for an SDG Stimulus,SDG 17 (Partnerships for the Goals) calls for ‘policy coherence’ for sustainable development.,17_5,17_9,
Part 1. How to Achieve the SDGs: The SDSN Framework by 2025.,"The G20 Bali Leaders’ Declaration noted another important point, which is the need to expand and enhance innovative financing mechanisms, including blended finance, as well as improving transparency and mutual accountability.",17_6,17_7,
Part 1. How to Achieve the SDGs: The SDSN Framework by 2025.,"The EU Green Deal has great potential to bring about transformation both within the EU and beyond, including the larger European and Mediterranean region, and even Africa.",17_6,17_8,
Part 1. How to Achieve the SDGs: The SDSN Framework by 2025.,SDG 17 (Partnerships for the Goals) calls for ‘policy coherence’ for sustainable development.,17_6,17_9,
"The G20 Bali Leaders’ Declaration noted another important point, which is the need to expand and enhance innovative financing mechanisms, including blended finance, as well as improving transparency and mutual accountability.","The EU Green Deal has great potential to bring about transformation both within the EU and beyond, including the larger European and Mediterranean region, and even Africa.",17_7,17_8,
"The G20 Bali Leaders’ Declaration noted another important point, which is the need to expand and enhance innovative financing mechanisms, including blended finance, as well as improving transparency and mutual accountability.",SDG 17 (Partnerships for the Goals) calls for ‘policy coherence’ for sustainable development.,17_7,17_9,
"The EU Green Deal has great potential to bring about transformation both within the EU and beyond, including the larger European and Mediterranean region, and even Africa.",SDG 17 (Partnerships for the Goals) calls for ‘policy coherence’ for sustainable development.,17_8,17_9,
