SDGarg1,SDGarg2,id_arg1,id_arg2,rel,rel_deberta,rel_bart,rel_flanT5,rel_robertaL
"A decade after the adoption of Agenda 2030 and the SDGs, 190 of the 193 UN member states have participated in the Voluntary National Review (VNR) process, presenting their SDG implementation plans and sustainable development priorities to the international com-munity.","Most UN member states have presented two or more VNRs, and 39 countries volunteered to present one in 2025.",0_0,0_1,,No Relationship,No Relationship,Support,Support
"A decade after the adoption of Agenda 2030 and the SDGs, 190 of the 193 UN member states have participated in the Voluntary National Review (VNR) process, presenting their SDG implementation plans and sustainable development priorities to the international com-munity.",formally declared its opposition to the SDGs and the 2030 Agenda.,0_0,0_2,,No Relationship,Attack,No Relationship,Attack
"A decade after the adoption of Agenda 2030 and the SDGs, 190 of the 193 UN member states have participated in the Voluntary National Review (VNR) process, presenting their SDG implementation plans and sustainable development priorities to the international com-munity.","As the United Nations member states pledged in Agenda 2030, let us leave no one behind.",0_0,0_3,,Attack,No Relationship,No Relationship,Support
"A decade after the adoption of Agenda 2030 and the SDGs, 190 of the 193 UN member states have participated in the Voluntary National Review (VNR) process, presenting their SDG implementation plans and sustainable development priorities to the international com-munity.",We call for a bold outcome that has four parts.,0_0,0_4,,No Relationship,No Relationship,Support,Support
"A decade after the adoption of Agenda 2030 and the SDGs, 190 of the 193 UN member states have participated in the Voluntary National Review (VNR) process, presenting their SDG implementation plans and sustainable development priorities to the international com-munity.","Fourth, there should be a clear list of specific action items that can be reported to the world in clear and unmistakable terms, along with timelines and measurements for accountability.",0_0,0_5,,No Relationship,No Relationship,Support,Support
"A decade after the adoption of Agenda 2030 and the SDGs, 190 of the 193 UN member states have participated in the Voluntary National Review (VNR) process, presenting their SDG implementation plans and sustainable development priorities to the international com-munity.","Agenda 2030 and the Paris Climate Agreement further the common good of humanity, and humanity and the United Nations member states must actively work towards achieving them.",0_0,0_6,,No Relationship,No Relationship,Support,Support
"A decade after the adoption of Agenda 2030 and the SDGs, 190 of the 193 UN member states have participated in the Voluntary National Review (VNR) process, presenting their SDG implementation plans and sustainable development priorities to the international com-munity.","We recall with alarm, sadness, and determination that some 250 million children are out of school because of the poverty of their societies, an estimated 733 million people struggle with chronic hunger, and roughly a third of humanity cannot afford a healthy diet.",0_0,0_7,,No Relationship,No Relationship,No Relationship,Support
"A decade after the adoption of Agenda 2030 and the SDGs, 190 of the 193 UN member states have participated in the Voluntary National Review (VNR) process, presenting their SDG implementation plans and sustainable development priorities to the international com-munity.",We call on the UN member states meeting in Seville to redesign the international financial architecture in accord with the high potential and realistic timeline of economic convergence.,0_0,0_8,,No Relationship,No Relationship,Support,Support
"A decade after the adoption of Agenda 2030 and the SDGs, 190 of the 193 UN member states have participated in the Voluntary National Review (VNR) process, presenting their SDG implementation plans and sustainable development priorities to the international com-munity.","We also call on creditor governments to swap outstanding debts for investments in climate safety (debt-for-climate swaps), the protection of biodiversity (debt-for-nature swaps), and education (debt-for-education swaps), in line with Pope Francis’s declaration of 2025 as a Jubilee Year:",0_0,0_9,,No Relationship,No Relationship,Support,Support
"A decade after the adoption of Agenda 2030 and the SDGs, 190 of the 193 UN member states have participated in the Voluntary National Review (VNR) process, presenting their SDG implementation plans and sustainable development priorities to the international com-munity.","Partnerships among MDBs but also with PDBs, for instance as part of the Financing in Common Initiative (FICs), can help accelerate the convergence towards shared standards and best practices, and to support banks’ commitments to shift their strategies towards achieving the SDGs.",0_0,0_10,,No Relationship,No Relationship,Support,Support
"A decade after the adoption of Agenda 2030 and the SDGs, 190 of the 193 UN member states have participated in the Voluntary National Review (VNR) process, presenting their SDG implementation plans and sustainable development priorities to the international com-munity.","UN member states must increase their official financing of the Sustainable Development Goals in the lead-up to 2030, including providing debt relief as needed to create the fiscal space to achieve them.",0_0,0_11,,No Relationship,No Relationship,Support,Support
"A decade after the adoption of Agenda 2030 and the SDGs, 190 of the 193 UN member states have participated in the Voluntary National Review (VNR) process, presenting their SDG implementation plans and sustainable development priorities to the international com-munity.","Since 2016, SDG financing from official sources has received remarkably short shrift.",0_0,0_12,,No Relationship,Attack,No Relationship,Support
"A decade after the adoption of Agenda 2030 and the SDGs, 190 of the 193 UN member states have participated in the Voluntary National Review (VNR) process, presenting their SDG implementation plans and sustainable development priorities to the international com-munity.","We call for a bold outcome that has four parts. First, the core outcome document from FfD4 should express the consensus of UN member states, if not neces-sarily their unanimity. No single state or small group of states should block the collective will of the UN member states. The core outcome document should strongly reaffirm the global sustainability frameworks and agreements (Agenda 2030, the Sustainable Development Goals, the Paris Climate Agreement, and the Montreal-Kunming Biodiversity Framework) and the overarching principles of sustainable development, distributive and reparative justice, common but differ-entiated responsibilities, and collective responsibility for the UN system, and commit to fixing the global financial architecture to ensure the financing needed for sustainable development.",0_0,0_13,,No Relationship,No Relationship,Support,Support
"A decade after the adoption of Agenda 2030 and the SDGs, 190 of the 193 UN member states have participated in the Voluntary National Review (VNR) process, presenting their SDG implementation plans and sustainable development priorities to the international com-munity.","Even as some countries, businesses, and even philanthropies step back from Sustainable Development, others all over the world are stepping up their efforts.",0_0,0_14,,No Relationship,No Relationship,Support,Support
"A decade after the adoption of Agenda 2030 and the SDGs, 190 of the 193 UN member states have participated in the Voluntary National Review (VNR) process, presenting their SDG implementation plans and sustainable development priorities to the international com-munity.","And as always, the 2000+ universities in the UN Sustainable Development Solutions Network pledge their best efforts to support governments, business, and civil society to build the future we need and want.",0_0,0_15,,No Relationship,No Relationship,Support,Support
"A decade after the adoption of Agenda 2030 and the SDGs, 190 of the 193 UN member states have participated in the Voluntary National Review (VNR) process, presenting their SDG implementation plans and sustainable development priorities to the international com-munity.","Although every UN member state has a country profile, only those with less than 20 percent missing data receive an SDG Index score and rank.",0_0,0_16,,No Relationship,No Relationship,No Relationship,Support
"A decade after the adoption of Agenda 2030 and the SDGs, 190 of the 193 UN member states have participated in the Voluntary National Review (VNR) process, presenting their SDG implementation plans and sustainable development priorities to the international com-munity.",Leveraging GIS and EO technologies to inform long-term investment and poli cy pathways for the SDGs at all levels will remain a key focus of research at the SDSN and SDG Transformation Center in the coming years.,0_0,0_17,,No Relationship,No Relationship,Support,Support
"A decade after the adoption of Agenda 2030 and the SDGs, 190 of the 193 UN member states have participated in the Voluntary National Review (VNR) process, presenting their SDG implementation plans and sustainable development priorities to the international com-munity.","Via unsustainable consumption, the export of toxic waste, illicit trade, unfair tax competition, tax havens and, more generally, poor implementation of SDG 17 (Partnerships for the Goals – including support for UN-based multilateralism), countries can, however, generate negative international spillovers.",0_0,0_18,,No Relationship,No Relationship,Attack,Support
"A decade after the adoption of Agenda 2030 and the SDGs, 190 of the 193 UN member states have participated in the Voluntary National Review (VNR) process, presenting their SDG implementation plans and sustainable development priorities to the international com-munity.","We will redouble our efforts to build and sustain peaceful, inclusive and just societies and address the root causes of conflicts.",0_0,0_19,,No Relationship,No Relationship,Support,Support
"A decade after the adoption of Agenda 2030 and the SDGs, 190 of the 193 UN member states have participated in the Voluntary National Review (VNR) process, presenting their SDG implementation plans and sustainable development priorities to the international com-munity.","We will transform global governance and reinvigorate the multilateral system to tackle the challenges, and seize the opportunities, of today and tomorrow.",0_0,0_20,,No Relationship,No Relationship,Support,Support
"A decade after the adoption of Agenda 2030 and the SDGs, 190 of the 193 UN member states have participated in the Voluntary National Review (VNR) process, presenting their SDG implementation plans and sustainable development priorities to the international com-munity.","Since 2016, more than 400 Voluntary National Reviews (VNRs) have been presented.",0_0,0_21,,No Relationship,No Relationship,No Relationship,Support
"A decade after the adoption of Agenda 2030 and the SDGs, 190 of the 193 UN member states have participated in the Voluntary National Review (VNR) process, presenting their SDG implementation plans and sustainable development priorities to the international com-munity.",3. Commitment to the SDGs,0_0,0_22,,No Relationship,No Relationship,Support,Support
"A decade after the adoption of Agenda 2030 and the SDGs, 190 of the 193 UN member states have participated in the Voluntary National Review (VNR) process, presenting their SDG implementation plans and sustainable development priorities to the international com-munity.","Through its 17 Sustainable Development Goals, the Agenda sets out a road map to end hunger, protect the planet, achieve gender equality, improve health and more.",0_0,0_23,,No Relationship,No Relationship,Support,Support
"A decade after the adoption of Agenda 2030 and the SDGs, 190 of the 193 UN member states have participated in the Voluntary National Review (VNR) process, presenting their SDG implementation plans and sustainable development priorities to the international com-munity.",Reinvesting 5 per cent of global military spending would also exceed the initial annual costs of adapting to climate change in developing countries (Goal 13).,0_0,0_24,,No Relationship,No Relationship,No Relationship,No Relationship
"A decade after the adoption of Agenda 2030 and the SDGs, 190 of the 193 UN member states have participated in the Voluntary National Review (VNR) process, presenting their SDG implementation plans and sustainable development priorities to the international com-munity.","In 2024, through the adoption of the Pact for the Future, UN member states raised their concerns about the potential impact that the global increase in military spending could have on sustainable development (Action 13).",0_0,0_25,,No Relationship,Attack,Support,Support
"A decade after the adoption of Agenda 2030 and the SDGs, 190 of the 193 UN member states have participated in the Voluntary National Review (VNR) process, presenting their SDG implementation plans and sustainable development priorities to the international com-munity.","They requested the Secretary-General establish, by the end of the current (79th) session, an analysis of the impact specifically on the achievement of the SDGs.",0_0,0_26,,No Relationship,No Relationship,Support,Support
"A decade after the adoption of Agenda 2030 and the SDGs, 190 of the 193 UN member states have participated in the Voluntary National Review (VNR) process, presenting their SDG implementation plans and sustainable development priorities to the international com-munity.",The 2030 Agenda stipulates that:,0_0,0_27,,No Relationship,No Relationship,No Relationship,Support
"A decade after the adoption of Agenda 2030 and the SDGs, 190 of the 193 UN member states have participated in the Voluntary National Review (VNR) process, presenting their SDG implementation plans and sustainable development priorities to the international com-munity.","nation-states, which remain at the heart of the multilateral system, must be held accountable for upholding the values and principles of the UN Charter and for advancing the SDGs – our shared global vision for sustainable development.",0_0,0_28,,No Relationship,No Relationship,Support,Support
"Most UN member states have presented two or more VNRs, and 39 countries volunteered to present one in 2025.",formally declared its opposition to the SDGs and the 2030 Agenda.,0_1,0_2,,No Relationship,No Relationship,No Relationship,No Relationship
"Most UN member states have presented two or more VNRs, and 39 countries volunteered to present one in 2025.","As the United Nations member states pledged in Agenda 2030, let us leave no one behind.",0_1,0_3,,Attack,No Relationship,No Relationship,Support
"Most UN member states have presented two or more VNRs, and 39 countries volunteered to present one in 2025.",We call for a bold outcome that has four parts.,0_1,0_4,,No Relationship,No Relationship,Support,No Relationship
"Most UN member states have presented two or more VNRs, and 39 countries volunteered to present one in 2025.","Fourth, there should be a clear list of specific action items that can be reported to the world in clear and unmistakable terms, along with timelines and measurements for accountability.",0_1,0_5,,No Relationship,No Relationship,Support,Support
"Most UN member states have presented two or more VNRs, and 39 countries volunteered to present one in 2025.","Agenda 2030 and the Paris Climate Agreement further the common good of humanity, and humanity and the United Nations member states must actively work towards achieving them.",0_1,0_6,,No Relationship,No Relationship,Support,Support
"Most UN member states have presented two or more VNRs, and 39 countries volunteered to present one in 2025.","We recall with alarm, sadness, and determination that some 250 million children are out of school because of the poverty of their societies, an estimated 733 million people struggle with chronic hunger, and roughly a third of humanity cannot afford a healthy diet.",0_1,0_7,,No Relationship,No Relationship,No Relationship,No Relationship
"Most UN member states have presented two or more VNRs, and 39 countries volunteered to present one in 2025.",We call on the UN member states meeting in Seville to redesign the international financial architecture in accord with the high potential and realistic timeline of economic convergence.,0_1,0_8,,No Relationship,No Relationship,Support,Support
"Most UN member states have presented two or more VNRs, and 39 countries volunteered to present one in 2025.","We also call on creditor governments to swap outstanding debts for investments in climate safety (debt-for-climate swaps), the protection of biodiversity (debt-for-nature swaps), and education (debt-for-education swaps), in line with Pope Francis’s declaration of 2025 as a Jubilee Year:",0_1,0_9,,No Relationship,No Relationship,Support,Support
"Most UN member states have presented two or more VNRs, and 39 countries volunteered to present one in 2025.","Partnerships among MDBs but also with PDBs, for instance as part of the Financing in Common Initiative (FICs), can help accelerate the convergence towards shared standards and best practices, and to support banks’ commitments to shift their strategies towards achieving the SDGs.",0_1,0_10,,No Relationship,No Relationship,Support,No Relationship
"Most UN member states have presented two or more VNRs, and 39 countries volunteered to present one in 2025.","UN member states must increase their official financing of the Sustainable Development Goals in the lead-up to 2030, including providing debt relief as needed to create the fiscal space to achieve them.",0_1,0_11,,No Relationship,No Relationship,Support,Support
"Most UN member states have presented two or more VNRs, and 39 countries volunteered to present one in 2025.","Since 2016, SDG financing from official sources has received remarkably short shrift.",0_1,0_12,,No Relationship,No Relationship,No Relationship,No Relationship
"Most UN member states have presented two or more VNRs, and 39 countries volunteered to present one in 2025.","We call for a bold outcome that has four parts. First, the core outcome document from FfD4 should express the consensus of UN member states, if not neces-sarily their unanimity. No single state or small group of states should block the collective will of the UN member states. The core outcome document should strongly reaffirm the global sustainability frameworks and agreements (Agenda 2030, the Sustainable Development Goals, the Paris Climate Agreement, and the Montreal-Kunming Biodiversity Framework) and the overarching principles of sustainable development, distributive and reparative justice, common but differ-entiated responsibilities, and collective responsibility for the UN system, and commit to fixing the global financial architecture to ensure the financing needed for sustainable development.",0_1,0_13,,No Relationship,No Relationship,Support,Support
"Most UN member states have presented two or more VNRs, and 39 countries volunteered to present one in 2025.","Even as some countries, businesses, and even philanthropies step back from Sustainable Development, others all over the world are stepping up their efforts.",0_1,0_14,,No Relationship,No Relationship,Support,Support
"Most UN member states have presented two or more VNRs, and 39 countries volunteered to present one in 2025.","And as always, the 2000+ universities in the UN Sustainable Development Solutions Network pledge their best efforts to support governments, business, and civil society to build the future we need and want.",0_1,0_15,,No Relationship,No Relationship,Support,Support
"Most UN member states have presented two or more VNRs, and 39 countries volunteered to present one in 2025.","Although every UN member state has a country profile, only those with less than 20 percent missing data receive an SDG Index score and rank.",0_1,0_16,,No Relationship,No Relationship,No Relationship,Support
"Most UN member states have presented two or more VNRs, and 39 countries volunteered to present one in 2025.",Leveraging GIS and EO technologies to inform long-term investment and poli cy pathways for the SDGs at all levels will remain a key focus of research at the SDSN and SDG Transformation Center in the coming years.,0_1,0_17,,No Relationship,No Relationship,Support,No Relationship
"Most UN member states have presented two or more VNRs, and 39 countries volunteered to present one in 2025.","Via unsustainable consumption, the export of toxic waste, illicit trade, unfair tax competition, tax havens and, more generally, poor implementation of SDG 17 (Partnerships for the Goals – including support for UN-based multilateralism), countries can, however, generate negative international spillovers.",0_1,0_18,,No Relationship,No Relationship,Attack,No Relationship
"Most UN member states have presented two or more VNRs, and 39 countries volunteered to present one in 2025.","We will redouble our efforts to build and sustain peaceful, inclusive and just societies and address the root causes of conflicts.",0_1,0_19,,No Relationship,No Relationship,Support,Support
"Most UN member states have presented two or more VNRs, and 39 countries volunteered to present one in 2025.","We will transform global governance and reinvigorate the multilateral system to tackle the challenges, and seize the opportunities, of today and tomorrow.",0_1,0_20,,No Relationship,No Relationship,Support,Support
"Most UN member states have presented two or more VNRs, and 39 countries volunteered to present one in 2025.","Since 2016, more than 400 Voluntary National Reviews (VNRs) have been presented.",0_1,0_21,,No Relationship,No Relationship,No Relationship,Rephrase
"Most UN member states have presented two or more VNRs, and 39 countries volunteered to present one in 2025.",3. Commitment to the SDGs,0_1,0_22,,No Relationship,No Relationship,No Relationship,Support
"Most UN member states have presented two or more VNRs, and 39 countries volunteered to present one in 2025.","Through its 17 Sustainable Development Goals, the Agenda sets out a road map to end hunger, protect the planet, achieve gender equality, improve health and more.",0_1,0_23,,No Relationship,No Relationship,Support,No Relationship
"Most UN member states have presented two or more VNRs, and 39 countries volunteered to present one in 2025.",Reinvesting 5 per cent of global military spending would also exceed the initial annual costs of adapting to climate change in developing countries (Goal 13).,0_1,0_24,,No Relationship,No Relationship,No Relationship,No Relationship
"Most UN member states have presented two or more VNRs, and 39 countries volunteered to present one in 2025.","In 2024, through the adoption of the Pact for the Future, UN member states raised their concerns about the potential impact that the global increase in military spending could have on sustainable development (Action 13).",0_1,0_25,,No Relationship,No Relationship,Support,Rephrase
"Most UN member states have presented two or more VNRs, and 39 countries volunteered to present one in 2025.","They requested the Secretary-General establish, by the end of the current (79th) session, an analysis of the impact specifically on the achievement of the SDGs.",0_1,0_26,,No Relationship,No Relationship,No Relationship,Support
"Most UN member states have presented two or more VNRs, and 39 countries volunteered to present one in 2025.",The 2030 Agenda stipulates that:,0_1,0_27,,No Relationship,No Relationship,No Relationship,Support
"Most UN member states have presented two or more VNRs, and 39 countries volunteered to present one in 2025.","nation-states, which remain at the heart of the multilateral system, must be held accountable for upholding the values and principles of the UN Charter and for advancing the SDGs – our shared global vision for sustainable development.",0_1,0_28,,No Relationship,No Relationship,Support,Support
formally declared its opposition to the SDGs and the 2030 Agenda.,"As the United Nations member states pledged in Agenda 2030, let us leave no one behind.",0_2,0_3,,Attack,Attack,No Relationship,Attack
formally declared its opposition to the SDGs and the 2030 Agenda.,We call for a bold outcome that has four parts.,0_2,0_4,,Attack,No Relationship,No Relationship,Support
formally declared its opposition to the SDGs and the 2030 Agenda.,"Fourth, there should be a clear list of specific action items that can be reported to the world in clear and unmistakable terms, along with timelines and measurements for accountability.",0_2,0_5,,No Relationship,No Relationship,No Relationship,No Relationship
formally declared its opposition to the SDGs and the 2030 Agenda.,"Agenda 2030 and the Paris Climate Agreement further the common good of humanity, and humanity and the United Nations member states must actively work towards achieving them.",0_2,0_6,,No Relationship,Attack,No Relationship,Attack
formally declared its opposition to the SDGs and the 2030 Agenda.,"We recall with alarm, sadness, and determination that some 250 million children are out of school because of the poverty of their societies, an estimated 733 million people struggle with chronic hunger, and roughly a third of humanity cannot afford a healthy diet.",0_2,0_7,,No Relationship,No Relationship,No Relationship,Support
formally declared its opposition to the SDGs and the 2030 Agenda.,We call on the UN member states meeting in Seville to redesign the international financial architecture in accord with the high potential and realistic timeline of economic convergence.,0_2,0_8,,No Relationship,No Relationship,No Relationship,Support
formally declared its opposition to the SDGs and the 2030 Agenda.,"We also call on creditor governments to swap outstanding debts for investments in climate safety (debt-for-climate swaps), the protection of biodiversity (debt-for-nature swaps), and education (debt-for-education swaps), in line with Pope Francis’s declaration of 2025 as a Jubilee Year:",0_2,0_9,,No Relationship,No Relationship,Support,No Relationship
formally declared its opposition to the SDGs and the 2030 Agenda.,"Partnerships among MDBs but also with PDBs, for instance as part of the Financing in Common Initiative (FICs), can help accelerate the convergence towards shared standards and best practices, and to support banks’ commitments to shift their strategies towards achieving the SDGs.",0_2,0_10,,Attack,No Relationship,No Relationship,No Relationship
formally declared its opposition to the SDGs and the 2030 Agenda.,"UN member states must increase their official financing of the Sustainable Development Goals in the lead-up to 2030, including providing debt relief as needed to create the fiscal space to achieve them.",0_2,0_11,,Attack,No Relationship,No Relationship,Attack
formally declared its opposition to the SDGs and the 2030 Agenda.,"Since 2016, SDG financing from official sources has received remarkably short shrift.",0_2,0_12,,No Relationship,No Relationship,No Relationship,Support
formally declared its opposition to the SDGs and the 2030 Agenda.,"We call for a bold outcome that has four parts. First, the core outcome document from FfD4 should express the consensus of UN member states, if not neces-sarily their unanimity. No single state or small group of states should block the collective will of the UN member states. The core outcome document should strongly reaffirm the global sustainability frameworks and agreements (Agenda 2030, the Sustainable Development Goals, the Paris Climate Agreement, and the Montreal-Kunming Biodiversity Framework) and the overarching principles of sustainable development, distributive and reparative justice, common but differ-entiated responsibilities, and collective responsibility for the UN system, and commit to fixing the global financial architecture to ensure the financing needed for sustainable development.",0_2,0_13,,No Relationship,No Relationship,No Relationship,Support
formally declared its opposition to the SDGs and the 2030 Agenda.,"Even as some countries, businesses, and even philanthropies step back from Sustainable Development, others all over the world are stepping up their efforts.",0_2,0_14,,No Relationship,Attack,No Relationship,Attack
formally declared its opposition to the SDGs and the 2030 Agenda.,"And as always, the 2000+ universities in the UN Sustainable Development Solutions Network pledge their best efforts to support governments, business, and civil society to build the future we need and want.",0_2,0_15,,Attack,Attack,No Relationship,Attack
formally declared its opposition to the SDGs and the 2030 Agenda.,"Although every UN member state has a country profile, only those with less than 20 percent missing data receive an SDG Index score and rank.",0_2,0_16,,No Relationship,No Relationship,No Relationship,Support
formally declared its opposition to the SDGs and the 2030 Agenda.,Leveraging GIS and EO technologies to inform long-term investment and poli cy pathways for the SDGs at all levels will remain a key focus of research at the SDSN and SDG Transformation Center in the coming years.,0_2,0_17,,No Relationship,No Relationship,No Relationship,No Relationship
formally declared its opposition to the SDGs and the 2030 Agenda.,"Via unsustainable consumption, the export of toxic waste, illicit trade, unfair tax competition, tax havens and, more generally, poor implementation of SDG 17 (Partnerships for the Goals – including support for UN-based multilateralism), countries can, however, generate negative international spillovers.",0_2,0_18,,No Relationship,No Relationship,No Relationship,Support
formally declared its opposition to the SDGs and the 2030 Agenda.,"We will redouble our efforts to build and sustain peaceful, inclusive and just societies and address the root causes of conflicts.",0_2,0_19,,No Relationship,No Relationship,No Relationship,No Relationship
formally declared its opposition to the SDGs and the 2030 Agenda.,"We will transform global governance and reinvigorate the multilateral system to tackle the challenges, and seize the opportunities, of today and tomorrow.",0_2,0_20,,No Relationship,Attack,No Relationship,Attack
formally declared its opposition to the SDGs and the 2030 Agenda.,"Since 2016, more than 400 Voluntary National Reviews (VNRs) have been presented.",0_2,0_21,,No Relationship,No Relationship,No Relationship,No Relationship
formally declared its opposition to the SDGs and the 2030 Agenda.,3. Commitment to the SDGs,0_2,0_22,,Attack,Attack,No Relationship,Attack
formally declared its opposition to the SDGs and the 2030 Agenda.,"Through its 17 Sustainable Development Goals, the Agenda sets out a road map to end hunger, protect the planet, achieve gender equality, improve health and more.",0_2,0_23,,No Relationship,No Relationship,No Relationship,Attack
formally declared its opposition to the SDGs and the 2030 Agenda.,Reinvesting 5 per cent of global military spending would also exceed the initial annual costs of adapting to climate change in developing countries (Goal 13).,0_2,0_24,,No Relationship,No Relationship,No Relationship,No Relationship
formally declared its opposition to the SDGs and the 2030 Agenda.,"In 2024, through the adoption of the Pact for the Future, UN member states raised their concerns about the potential impact that the global increase in military spending could have on sustainable development (Action 13).",0_2,0_25,,Attack,Attack,No Relationship,Support
formally declared its opposition to the SDGs and the 2030 Agenda.,"They requested the Secretary-General establish, by the end of the current (79th) session, an analysis of the impact specifically on the achievement of the SDGs.",0_2,0_26,,No Relationship,No Relationship,No Relationship,Support
formally declared its opposition to the SDGs and the 2030 Agenda.,The 2030 Agenda stipulates that:,0_2,0_27,,No Relationship,No Relationship,No Relationship,Support
formally declared its opposition to the SDGs and the 2030 Agenda.,"nation-states, which remain at the heart of the multilateral system, must be held accountable for upholding the values and principles of the UN Charter and for advancing the SDGs – our shared global vision for sustainable development.",0_2,0_28,,Attack,Attack,No Relationship,Attack
"As the United Nations member states pledged in Agenda 2030, let us leave no one behind.",We call for a bold outcome that has four parts.,0_3,0_4,,No Relationship,No Relationship,Support,Support
"As the United Nations member states pledged in Agenda 2030, let us leave no one behind.","Fourth, there should be a clear list of specific action items that can be reported to the world in clear and unmistakable terms, along with timelines and measurements for accountability.",0_3,0_5,,No Relationship,No Relationship,Support,Support
"As the United Nations member states pledged in Agenda 2030, let us leave no one behind.","Agenda 2030 and the Paris Climate Agreement further the common good of humanity, and humanity and the United Nations member states must actively work towards achieving them.",0_3,0_6,,No Relationship,No Relationship,Support,Support
"As the United Nations member states pledged in Agenda 2030, let us leave no one behind.","We recall with alarm, sadness, and determination that some 250 million children are out of school because of the poverty of their societies, an estimated 733 million people struggle with chronic hunger, and roughly a third of humanity cannot afford a healthy diet.",0_3,0_7,,No Relationship,No Relationship,Support,Support
"As the United Nations member states pledged in Agenda 2030, let us leave no one behind.",We call on the UN member states meeting in Seville to redesign the international financial architecture in accord with the high potential and realistic timeline of economic convergence.,0_3,0_8,,No Relationship,No Relationship,Support,Support
"As the United Nations member states pledged in Agenda 2030, let us leave no one behind.","We also call on creditor governments to swap outstanding debts for investments in climate safety (debt-for-climate swaps), the protection of biodiversity (debt-for-nature swaps), and education (debt-for-education swaps), in line with Pope Francis’s declaration of 2025 as a Jubilee Year:",0_3,0_9,,No Relationship,No Relationship,Support,Support
"As the United Nations member states pledged in Agenda 2030, let us leave no one behind.","Partnerships among MDBs but also with PDBs, for instance as part of the Financing in Common Initiative (FICs), can help accelerate the convergence towards shared standards and best practices, and to support banks’ commitments to shift their strategies towards achieving the SDGs.",0_3,0_10,,No Relationship,No Relationship,Support,Support
"As the United Nations member states pledged in Agenda 2030, let us leave no one behind.","UN member states must increase their official financing of the Sustainable Development Goals in the lead-up to 2030, including providing debt relief as needed to create the fiscal space to achieve them.",0_3,0_11,,No Relationship,No Relationship,Support,Support
"As the United Nations member states pledged in Agenda 2030, let us leave no one behind.","Since 2016, SDG financing from official sources has received remarkably short shrift.",0_3,0_12,,No Relationship,No Relationship,No Relationship,No Relationship
"As the United Nations member states pledged in Agenda 2030, let us leave no one behind.","We call for a bold outcome that has four parts. First, the core outcome document from FfD4 should express the consensus of UN member states, if not neces-sarily their unanimity. No single state or small group of states should block the collective will of the UN member states. The core outcome document should strongly reaffirm the global sustainability frameworks and agreements (Agenda 2030, the Sustainable Development Goals, the Paris Climate Agreement, and the Montreal-Kunming Biodiversity Framework) and the overarching principles of sustainable development, distributive and reparative justice, common but differ-entiated responsibilities, and collective responsibility for the UN system, and commit to fixing the global financial architecture to ensure the financing needed for sustainable development.",0_3,0_13,,No Relationship,No Relationship,Support,Support
"As the United Nations member states pledged in Agenda 2030, let us leave no one behind.","Even as some countries, businesses, and even philanthropies step back from Sustainable Development, others all over the world are stepping up their efforts.",0_3,0_14,,No Relationship,No Relationship,Support,Support
"As the United Nations member states pledged in Agenda 2030, let us leave no one behind.","And as always, the 2000+ universities in the UN Sustainable Development Solutions Network pledge their best efforts to support governments, business, and civil society to build the future we need and want.",0_3,0_15,,No Relationship,No Relationship,Support,Support
"As the United Nations member states pledged in Agenda 2030, let us leave no one behind.","Although every UN member state has a country profile, only those with less than 20 percent missing data receive an SDG Index score and rank.",0_3,0_16,,No Relationship,No Relationship,Support,Support
"As the United Nations member states pledged in Agenda 2030, let us leave no one behind.",Leveraging GIS and EO technologies to inform long-term investment and poli cy pathways for the SDGs at all levels will remain a key focus of research at the SDSN and SDG Transformation Center in the coming years.,0_3,0_17,,No Relationship,No Relationship,Support,Support
"As the United Nations member states pledged in Agenda 2030, let us leave no one behind.","Via unsustainable consumption, the export of toxic waste, illicit trade, unfair tax competition, tax havens and, more generally, poor implementation of SDG 17 (Partnerships for the Goals – including support for UN-based multilateralism), countries can, however, generate negative international spillovers.",0_3,0_18,,No Relationship,No Relationship,Attack,Support
"As the United Nations member states pledged in Agenda 2030, let us leave no one behind.","We will redouble our efforts to build and sustain peaceful, inclusive and just societies and address the root causes of conflicts.",0_3,0_19,,No Relationship,No Relationship,Support,Support
"As the United Nations member states pledged in Agenda 2030, let us leave no one behind.","We will transform global governance and reinvigorate the multilateral system to tackle the challenges, and seize the opportunities, of today and tomorrow.",0_3,0_20,,No Relationship,No Relationship,Support,Support
"As the United Nations member states pledged in Agenda 2030, let us leave no one behind.","Since 2016, more than 400 Voluntary National Reviews (VNRs) have been presented.",0_3,0_21,,No Relationship,No Relationship,No Relationship,No Relationship
"As the United Nations member states pledged in Agenda 2030, let us leave no one behind.",3. Commitment to the SDGs,0_3,0_22,,No Relationship,No Relationship,Support,Rephrase
"As the United Nations member states pledged in Agenda 2030, let us leave no one behind.","Through its 17 Sustainable Development Goals, the Agenda sets out a road map to end hunger, protect the planet, achieve gender equality, improve health and more.",0_3,0_23,,No Relationship,No Relationship,Support,Support
"As the United Nations member states pledged in Agenda 2030, let us leave no one behind.",Reinvesting 5 per cent of global military spending would also exceed the initial annual costs of adapting to climate change in developing countries (Goal 13).,0_3,0_24,,No Relationship,No Relationship,No Relationship,No Relationship
"As the United Nations member states pledged in Agenda 2030, let us leave no one behind.","In 2024, through the adoption of the Pact for the Future, UN member states raised their concerns about the potential impact that the global increase in military spending could have on sustainable development (Action 13).",0_3,0_25,,Attack,Attack,Support,Support
"As the United Nations member states pledged in Agenda 2030, let us leave no one behind.","They requested the Secretary-General establish, by the end of the current (79th) session, an analysis of the impact specifically on the achievement of the SDGs.",0_3,0_26,,No Relationship,No Relationship,Support,Support
"As the United Nations member states pledged in Agenda 2030, let us leave no one behind.",The 2030 Agenda stipulates that:,0_3,0_27,,No Relationship,No Relationship,Support,Support
"As the United Nations member states pledged in Agenda 2030, let us leave no one behind.","nation-states, which remain at the heart of the multilateral system, must be held accountable for upholding the values and principles of the UN Charter and for advancing the SDGs – our shared global vision for sustainable development.",0_3,0_28,,No Relationship,No Relationship,Support,Support
We call for a bold outcome that has four parts.,"Fourth, there should be a clear list of specific action items that can be reported to the world in clear and unmistakable terms, along with timelines and measurements for accountability.",0_4,0_5,,No Relationship,No Relationship,Support,Rephrase
We call for a bold outcome that has four parts.,"Agenda 2030 and the Paris Climate Agreement further the common good of humanity, and humanity and the United Nations member states must actively work towards achieving them.",0_4,0_6,,No Relationship,No Relationship,Support,Rephrase
We call for a bold outcome that has four parts.,"We recall with alarm, sadness, and determination that some 250 million children are out of school because of the poverty of their societies, an estimated 733 million people struggle with chronic hunger, and roughly a third of humanity cannot afford a healthy diet.",0_4,0_7,,No Relationship,No Relationship,Support,No Relationship
We call for a bold outcome that has four parts.,We call on the UN member states meeting in Seville to redesign the international financial architecture in accord with the high potential and realistic timeline of economic convergence.,0_4,0_8,,No Relationship,No Relationship,Support,Rephrase
We call for a bold outcome that has four parts.,"We also call on creditor governments to swap outstanding debts for investments in climate safety (debt-for-climate swaps), the protection of biodiversity (debt-for-nature swaps), and education (debt-for-education swaps), in line with Pope Francis’s declaration of 2025 as a Jubilee Year:",0_4,0_9,,No Relationship,No Relationship,Support,Support
We call for a bold outcome that has four parts.,"Partnerships among MDBs but also with PDBs, for instance as part of the Financing in Common Initiative (FICs), can help accelerate the convergence towards shared standards and best practices, and to support banks’ commitments to shift their strategies towards achieving the SDGs.",0_4,0_10,,No Relationship,No Relationship,Support,No Relationship
We call for a bold outcome that has four parts.,"UN member states must increase their official financing of the Sustainable Development Goals in the lead-up to 2030, including providing debt relief as needed to create the fiscal space to achieve them.",0_4,0_11,,No Relationship,No Relationship,Support,No Relationship
We call for a bold outcome that has four parts.,"Since 2016, SDG financing from official sources has received remarkably short shrift.",0_4,0_12,,No Relationship,No Relationship,No Relationship,No Relationship
We call for a bold outcome that has four parts.,"We call for a bold outcome that has four parts. First, the core outcome document from FfD4 should express the consensus of UN member states, if not neces-sarily their unanimity. No single state or small group of states should block the collective will of the UN member states. The core outcome document should strongly reaffirm the global sustainability frameworks and agreements (Agenda 2030, the Sustainable Development Goals, the Paris Climate Agreement, and the Montreal-Kunming Biodiversity Framework) and the overarching principles of sustainable development, distributive and reparative justice, common but differ-entiated responsibilities, and collective responsibility for the UN system, and commit to fixing the global financial architecture to ensure the financing needed for sustainable development.",0_4,0_13,,No Relationship,No Relationship,Support,Rephrase
We call for a bold outcome that has four parts.,"Even as some countries, businesses, and even philanthropies step back from Sustainable Development, others all over the world are stepping up their efforts.",0_4,0_14,,No Relationship,No Relationship,Support,No Relationship
We call for a bold outcome that has four parts.,"And as always, the 2000+ universities in the UN Sustainable Development Solutions Network pledge their best efforts to support governments, business, and civil society to build the future we need and want.",0_4,0_15,,No Relationship,No Relationship,Support,Support
We call for a bold outcome that has four parts.,"Although every UN member state has a country profile, only those with less than 20 percent missing data receive an SDG Index score and rank.",0_4,0_16,,No Relationship,No Relationship,No Relationship,No Relationship
We call for a bold outcome that has four parts.,Leveraging GIS and EO technologies to inform long-term investment and poli cy pathways for the SDGs at all levels will remain a key focus of research at the SDSN and SDG Transformation Center in the coming years.,0_4,0_17,,No Relationship,No Relationship,Support,No Relationship
We call for a bold outcome that has four parts.,"Via unsustainable consumption, the export of toxic waste, illicit trade, unfair tax competition, tax havens and, more generally, poor implementation of SDG 17 (Partnerships for the Goals – including support for UN-based multilateralism), countries can, however, generate negative international spillovers.",0_4,0_18,,No Relationship,No Relationship,Attack,No Relationship
We call for a bold outcome that has four parts.,"We will redouble our efforts to build and sustain peaceful, inclusive and just societies and address the root causes of conflicts.",0_4,0_19,,No Relationship,No Relationship,Support,Support
We call for a bold outcome that has four parts.,"We will transform global governance and reinvigorate the multilateral system to tackle the challenges, and seize the opportunities, of today and tomorrow.",0_4,0_20,,No Relationship,No Relationship,Support,Support
We call for a bold outcome that has four parts.,"Since 2016, more than 400 Voluntary National Reviews (VNRs) have been presented.",0_4,0_21,,No Relationship,No Relationship,No Relationship,No Relationship
We call for a bold outcome that has four parts.,3. Commitment to the SDGs,0_4,0_22,,No Relationship,No Relationship,No Relationship,Support
We call for a bold outcome that has four parts.,"Through its 17 Sustainable Development Goals, the Agenda sets out a road map to end hunger, protect the planet, achieve gender equality, improve health and more.",0_4,0_23,,No Relationship,No Relationship,Support,No Relationship
We call for a bold outcome that has four parts.,Reinvesting 5 per cent of global military spending would also exceed the initial annual costs of adapting to climate change in developing countries (Goal 13).,0_4,0_24,,No Relationship,No Relationship,Support,No Relationship
We call for a bold outcome that has four parts.,"In 2024, through the adoption of the Pact for the Future, UN member states raised their concerns about the potential impact that the global increase in military spending could have on sustainable development (Action 13).",0_4,0_25,,No Relationship,No Relationship,Support,No Relationship
We call for a bold outcome that has four parts.,"They requested the Secretary-General establish, by the end of the current (79th) session, an analysis of the impact specifically on the achievement of the SDGs.",0_4,0_26,,No Relationship,No Relationship,No Relationship,Support
We call for a bold outcome that has four parts.,The 2030 Agenda stipulates that:,0_4,0_27,,No Relationship,No Relationship,No Relationship,Rephrase
We call for a bold outcome that has four parts.,"nation-states, which remain at the heart of the multilateral system, must be held accountable for upholding the values and principles of the UN Charter and for advancing the SDGs – our shared global vision for sustainable development.",0_4,0_28,,No Relationship,No Relationship,Support,Support
"Fourth, there should be a clear list of specific action items that can be reported to the world in clear and unmistakable terms, along with timelines and measurements for accountability.","Agenda 2030 and the Paris Climate Agreement further the common good of humanity, and humanity and the United Nations member states must actively work towards achieving them.",0_5,0_6,,No Relationship,No Relationship,Support,Support
"Fourth, there should be a clear list of specific action items that can be reported to the world in clear and unmistakable terms, along with timelines and measurements for accountability.","We recall with alarm, sadness, and determination that some 250 million children are out of school because of the poverty of their societies, an estimated 733 million people struggle with chronic hunger, and roughly a third of humanity cannot afford a healthy diet.",0_5,0_7,,No Relationship,No Relationship,No Relationship,No Relationship
"Fourth, there should be a clear list of specific action items that can be reported to the world in clear and unmistakable terms, along with timelines and measurements for accountability.",We call on the UN member states meeting in Seville to redesign the international financial architecture in accord with the high potential and realistic timeline of economic convergence.,0_5,0_8,,No Relationship,No Relationship,Support,Support
"Fourth, there should be a clear list of specific action items that can be reported to the world in clear and unmistakable terms, along with timelines and measurements for accountability.","We also call on creditor governments to swap outstanding debts for investments in climate safety (debt-for-climate swaps), the protection of biodiversity (debt-for-nature swaps), and education (debt-for-education swaps), in line with Pope Francis’s declaration of 2025 as a Jubilee Year:",0_5,0_9,,No Relationship,No Relationship,Support,No Relationship
"Fourth, there should be a clear list of specific action items that can be reported to the world in clear and unmistakable terms, along with timelines and measurements for accountability.","Partnerships among MDBs but also with PDBs, for instance as part of the Financing in Common Initiative (FICs), can help accelerate the convergence towards shared standards and best practices, and to support banks’ commitments to shift their strategies towards achieving the SDGs.",0_5,0_10,,No Relationship,No Relationship,Support,No Relationship
"Fourth, there should be a clear list of specific action items that can be reported to the world in clear and unmistakable terms, along with timelines and measurements for accountability.","UN member states must increase their official financing of the Sustainable Development Goals in the lead-up to 2030, including providing debt relief as needed to create the fiscal space to achieve them.",0_5,0_11,,No Relationship,No Relationship,Support,No Relationship
"Fourth, there should be a clear list of specific action items that can be reported to the world in clear and unmistakable terms, along with timelines and measurements for accountability.","Since 2016, SDG financing from official sources has received remarkably short shrift.",0_5,0_12,,No Relationship,No Relationship,No Relationship,No Relationship
"Fourth, there should be a clear list of specific action items that can be reported to the world in clear and unmistakable terms, along with timelines and measurements for accountability.","We call for a bold outcome that has four parts. First, the core outcome document from FfD4 should express the consensus of UN member states, if not neces-sarily their unanimity. No single state or small group of states should block the collective will of the UN member states. The core outcome document should strongly reaffirm the global sustainability frameworks and agreements (Agenda 2030, the Sustainable Development Goals, the Paris Climate Agreement, and the Montreal-Kunming Biodiversity Framework) and the overarching principles of sustainable development, distributive and reparative justice, common but differ-entiated responsibilities, and collective responsibility for the UN system, and commit to fixing the global financial architecture to ensure the financing needed for sustainable development.",0_5,0_13,,No Relationship,No Relationship,Support,Support
"Fourth, there should be a clear list of specific action items that can be reported to the world in clear and unmistakable terms, along with timelines and measurements for accountability.","Even as some countries, businesses, and even philanthropies step back from Sustainable Development, others all over the world are stepping up their efforts.",0_5,0_14,,No Relationship,No Relationship,Support,Support
"Fourth, there should be a clear list of specific action items that can be reported to the world in clear and unmistakable terms, along with timelines and measurements for accountability.","And as always, the 2000+ universities in the UN Sustainable Development Solutions Network pledge their best efforts to support governments, business, and civil society to build the future we need and want.",0_5,0_15,,No Relationship,No Relationship,Support,No Relationship
"Fourth, there should be a clear list of specific action items that can be reported to the world in clear and unmistakable terms, along with timelines and measurements for accountability.","Although every UN member state has a country profile, only those with less than 20 percent missing data receive an SDG Index score and rank.",0_5,0_16,,No Relationship,No Relationship,No Relationship,Support
"Fourth, there should be a clear list of specific action items that can be reported to the world in clear and unmistakable terms, along with timelines and measurements for accountability.",Leveraging GIS and EO technologies to inform long-term investment and poli cy pathways for the SDGs at all levels will remain a key focus of research at the SDSN and SDG Transformation Center in the coming years.,0_5,0_17,,No Relationship,No Relationship,Support,No Relationship
"Fourth, there should be a clear list of specific action items that can be reported to the world in clear and unmistakable terms, along with timelines and measurements for accountability.","Via unsustainable consumption, the export of toxic waste, illicit trade, unfair tax competition, tax havens and, more generally, poor implementation of SDG 17 (Partnerships for the Goals – including support for UN-based multilateralism), countries can, however, generate negative international spillovers.",0_5,0_18,,No Relationship,No Relationship,Attack,No Relationship
"Fourth, there should be a clear list of specific action items that can be reported to the world in clear and unmistakable terms, along with timelines and measurements for accountability.","We will redouble our efforts to build and sustain peaceful, inclusive and just societies and address the root causes of conflicts.",0_5,0_19,,No Relationship,No Relationship,Support,No Relationship
"Fourth, there should be a clear list of specific action items that can be reported to the world in clear and unmistakable terms, along with timelines and measurements for accountability.","We will transform global governance and reinvigorate the multilateral system to tackle the challenges, and seize the opportunities, of today and tomorrow.",0_5,0_20,,No Relationship,No Relationship,Support,Support
"Fourth, there should be a clear list of specific action items that can be reported to the world in clear and unmistakable terms, along with timelines and measurements for accountability.","Since 2016, more than 400 Voluntary National Reviews (VNRs) have been presented.",0_5,0_21,,No Relationship,No Relationship,No Relationship,No Relationship
"Fourth, there should be a clear list of specific action items that can be reported to the world in clear and unmistakable terms, along with timelines and measurements for accountability.",3. Commitment to the SDGs,0_5,0_22,,Attack,No Relationship,No Relationship,Rephrase
"Fourth, there should be a clear list of specific action items that can be reported to the world in clear and unmistakable terms, along with timelines and measurements for accountability.","Through its 17 Sustainable Development Goals, the Agenda sets out a road map to end hunger, protect the planet, achieve gender equality, improve health and more.",0_5,0_23,,No Relationship,No Relationship,Support,Support
"Fourth, there should be a clear list of specific action items that can be reported to the world in clear and unmistakable terms, along with timelines and measurements for accountability.",Reinvesting 5 per cent of global military spending would also exceed the initial annual costs of adapting to climate change in developing countries (Goal 13).,0_5,0_24,,No Relationship,No Relationship,Support,No Relationship
"Fourth, there should be a clear list of specific action items that can be reported to the world in clear and unmistakable terms, along with timelines and measurements for accountability.","In 2024, through the adoption of the Pact for the Future, UN member states raised their concerns about the potential impact that the global increase in military spending could have on sustainable development (Action 13).",0_5,0_25,,No Relationship,No Relationship,Support,No Relationship
"Fourth, there should be a clear list of specific action items that can be reported to the world in clear and unmistakable terms, along with timelines and measurements for accountability.","They requested the Secretary-General establish, by the end of the current (79th) session, an analysis of the impact specifically on the achievement of the SDGs.",0_5,0_26,,No Relationship,No Relationship,No Relationship,Support
"Fourth, there should be a clear list of specific action items that can be reported to the world in clear and unmistakable terms, along with timelines and measurements for accountability.",The 2030 Agenda stipulates that:,0_5,0_27,,No Relationship,No Relationship,Support,Support
"Fourth, there should be a clear list of specific action items that can be reported to the world in clear and unmistakable terms, along with timelines and measurements for accountability.","nation-states, which remain at the heart of the multilateral system, must be held accountable for upholding the values and principles of the UN Charter and for advancing the SDGs – our shared global vision for sustainable development.",0_5,0_28,,No Relationship,No Relationship,Support,Support
"Agenda 2030 and the Paris Climate Agreement further the common good of humanity, and humanity and the United Nations member states must actively work towards achieving them.","We recall with alarm, sadness, and determination that some 250 million children are out of school because of the poverty of their societies, an estimated 733 million people struggle with chronic hunger, and roughly a third of humanity cannot afford a healthy diet.",0_6,0_7,,No Relationship,No Relationship,No Relationship,Support
"Agenda 2030 and the Paris Climate Agreement further the common good of humanity, and humanity and the United Nations member states must actively work towards achieving them.",We call on the UN member states meeting in Seville to redesign the international financial architecture in accord with the high potential and realistic timeline of economic convergence.,0_6,0_8,,No Relationship,No Relationship,Support,Support
"Agenda 2030 and the Paris Climate Agreement further the common good of humanity, and humanity and the United Nations member states must actively work towards achieving them.","We also call on creditor governments to swap outstanding debts for investments in climate safety (debt-for-climate swaps), the protection of biodiversity (debt-for-nature swaps), and education (debt-for-education swaps), in line with Pope Francis’s declaration of 2025 as a Jubilee Year:",0_6,0_9,,No Relationship,No Relationship,Support,Support
"Agenda 2030 and the Paris Climate Agreement further the common good of humanity, and humanity and the United Nations member states must actively work towards achieving them.","Partnerships among MDBs but also with PDBs, for instance as part of the Financing in Common Initiative (FICs), can help accelerate the convergence towards shared standards and best practices, and to support banks’ commitments to shift their strategies towards achieving the SDGs.",0_6,0_10,,No Relationship,No Relationship,Support,Support
"Agenda 2030 and the Paris Climate Agreement further the common good of humanity, and humanity and the United Nations member states must actively work towards achieving them.","UN member states must increase their official financing of the Sustainable Development Goals in the lead-up to 2030, including providing debt relief as needed to create the fiscal space to achieve them.",0_6,0_11,,No Relationship,No Relationship,Support,Support
"Agenda 2030 and the Paris Climate Agreement further the common good of humanity, and humanity and the United Nations member states must actively work towards achieving them.","Since 2016, SDG financing from official sources has received remarkably short shrift.",0_6,0_12,,No Relationship,No Relationship,No Relationship,No Relationship
"Agenda 2030 and the Paris Climate Agreement further the common good of humanity, and humanity and the United Nations member states must actively work towards achieving them.","We call for a bold outcome that has four parts. First, the core outcome document from FfD4 should express the consensus of UN member states, if not neces-sarily their unanimity. No single state or small group of states should block the collective will of the UN member states. The core outcome document should strongly reaffirm the global sustainability frameworks and agreements (Agenda 2030, the Sustainable Development Goals, the Paris Climate Agreement, and the Montreal-Kunming Biodiversity Framework) and the overarching principles of sustainable development, distributive and reparative justice, common but differ-entiated responsibilities, and collective responsibility for the UN system, and commit to fixing the global financial architecture to ensure the financing needed for sustainable development.",0_6,0_13,,No Relationship,No Relationship,Support,Support
"Agenda 2030 and the Paris Climate Agreement further the common good of humanity, and humanity and the United Nations member states must actively work towards achieving them.","Even as some countries, businesses, and even philanthropies step back from Sustainable Development, others all over the world are stepping up their efforts.",0_6,0_14,,No Relationship,No Relationship,Support,Support
"Agenda 2030 and the Paris Climate Agreement further the common good of humanity, and humanity and the United Nations member states must actively work towards achieving them.","And as always, the 2000+ universities in the UN Sustainable Development Solutions Network pledge their best efforts to support governments, business, and civil society to build the future we need and want.",0_6,0_15,,No Relationship,No Relationship,Support,Support
"Agenda 2030 and the Paris Climate Agreement further the common good of humanity, and humanity and the United Nations member states must actively work towards achieving them.","Although every UN member state has a country profile, only those with less than 20 percent missing data receive an SDG Index score and rank.",0_6,0_16,,No Relationship,No Relationship,No Relationship,Support
"Agenda 2030 and the Paris Climate Agreement further the common good of humanity, and humanity and the United Nations member states must actively work towards achieving them.",Leveraging GIS and EO technologies to inform long-term investment and poli cy pathways for the SDGs at all levels will remain a key focus of research at the SDSN and SDG Transformation Center in the coming years.,0_6,0_17,,No Relationship,No Relationship,Support,Support
"Agenda 2030 and the Paris Climate Agreement further the common good of humanity, and humanity and the United Nations member states must actively work towards achieving them.","Via unsustainable consumption, the export of toxic waste, illicit trade, unfair tax competition, tax havens and, more generally, poor implementation of SDG 17 (Partnerships for the Goals – including support for UN-based multilateralism), countries can, however, generate negative international spillovers.",0_6,0_18,,No Relationship,No Relationship,Attack,Support
"Agenda 2030 and the Paris Climate Agreement further the common good of humanity, and humanity and the United Nations member states must actively work towards achieving them.","We will redouble our efforts to build and sustain peaceful, inclusive and just societies and address the root causes of conflicts.",0_6,0_19,,No Relationship,No Relationship,Support,Support
"Agenda 2030 and the Paris Climate Agreement further the common good of humanity, and humanity and the United Nations member states must actively work towards achieving them.","We will transform global governance and reinvigorate the multilateral system to tackle the challenges, and seize the opportunities, of today and tomorrow.",0_6,0_20,,No Relationship,No Relationship,Support,Support
"Agenda 2030 and the Paris Climate Agreement further the common good of humanity, and humanity and the United Nations member states must actively work towards achieving them.","Since 2016, more than 400 Voluntary National Reviews (VNRs) have been presented.",0_6,0_21,,No Relationship,No Relationship,No Relationship,No Relationship
"Agenda 2030 and the Paris Climate Agreement further the common good of humanity, and humanity and the United Nations member states must actively work towards achieving them.",3. Commitment to the SDGs,0_6,0_22,,No Relationship,No Relationship,No Relationship,Support
"Agenda 2030 and the Paris Climate Agreement further the common good of humanity, and humanity and the United Nations member states must actively work towards achieving them.","Through its 17 Sustainable Development Goals, the Agenda sets out a road map to end hunger, protect the planet, achieve gender equality, improve health and more.",0_6,0_23,,No Relationship,No Relationship,Support,Support
"Agenda 2030 and the Paris Climate Agreement further the common good of humanity, and humanity and the United Nations member states must actively work towards achieving them.",Reinvesting 5 per cent of global military spending would also exceed the initial annual costs of adapting to climate change in developing countries (Goal 13).,0_6,0_24,,No Relationship,No Relationship,No Relationship,Support
"Agenda 2030 and the Paris Climate Agreement further the common good of humanity, and humanity and the United Nations member states must actively work towards achieving them.","In 2024, through the adoption of the Pact for the Future, UN member states raised their concerns about the potential impact that the global increase in military spending could have on sustainable development (Action 13).",0_6,0_25,,No Relationship,No Relationship,Support,Support
"Agenda 2030 and the Paris Climate Agreement further the common good of humanity, and humanity and the United Nations member states must actively work towards achieving them.","They requested the Secretary-General establish, by the end of the current (79th) session, an analysis of the impact specifically on the achievement of the SDGs.",0_6,0_26,,No Relationship,No Relationship,No Relationship,Support
"Agenda 2030 and the Paris Climate Agreement further the common good of humanity, and humanity and the United Nations member states must actively work towards achieving them.",The 2030 Agenda stipulates that:,0_6,0_27,,No Relationship,No Relationship,Support,Support
"Agenda 2030 and the Paris Climate Agreement further the common good of humanity, and humanity and the United Nations member states must actively work towards achieving them.","nation-states, which remain at the heart of the multilateral system, must be held accountable for upholding the values and principles of the UN Charter and for advancing the SDGs – our shared global vision for sustainable development.",0_6,0_28,,No Relationship,No Relationship,Support,Support
"We recall with alarm, sadness, and determination that some 250 million children are out of school because of the poverty of their societies, an estimated 733 million people struggle with chronic hunger, and roughly a third of humanity cannot afford a healthy diet.",We call on the UN member states meeting in Seville to redesign the international financial architecture in accord with the high potential and realistic timeline of economic convergence.,0_7,0_8,,No Relationship,No Relationship,Support,Support
"We recall with alarm, sadness, and determination that some 250 million children are out of school because of the poverty of their societies, an estimated 733 million people struggle with chronic hunger, and roughly a third of humanity cannot afford a healthy diet.","We also call on creditor governments to swap outstanding debts for investments in climate safety (debt-for-climate swaps), the protection of biodiversity (debt-for-nature swaps), and education (debt-for-education swaps), in line with Pope Francis’s declaration of 2025 as a Jubilee Year:",0_7,0_9,,No Relationship,No Relationship,Support,Support
"We recall with alarm, sadness, and determination that some 250 million children are out of school because of the poverty of their societies, an estimated 733 million people struggle with chronic hunger, and roughly a third of humanity cannot afford a healthy diet.","Partnerships among MDBs but also with PDBs, for instance as part of the Financing in Common Initiative (FICs), can help accelerate the convergence towards shared standards and best practices, and to support banks’ commitments to shift their strategies towards achieving the SDGs.",0_7,0_10,,No Relationship,No Relationship,Support,No Relationship
"We recall with alarm, sadness, and determination that some 250 million children are out of school because of the poverty of their societies, an estimated 733 million people struggle with chronic hunger, and roughly a third of humanity cannot afford a healthy diet.","UN member states must increase their official financing of the Sustainable Development Goals in the lead-up to 2030, including providing debt relief as needed to create the fiscal space to achieve them.",0_7,0_11,,No Relationship,No Relationship,Support,Support
"We recall with alarm, sadness, and determination that some 250 million children are out of school because of the poverty of their societies, an estimated 733 million people struggle with chronic hunger, and roughly a third of humanity cannot afford a healthy diet.","Since 2016, SDG financing from official sources has received remarkably short shrift.",0_7,0_12,,No Relationship,No Relationship,No Relationship,Support
"We recall with alarm, sadness, and determination that some 250 million children are out of school because of the poverty of their societies, an estimated 733 million people struggle with chronic hunger, and roughly a third of humanity cannot afford a healthy diet.","We call for a bold outcome that has four parts. First, the core outcome document from FfD4 should express the consensus of UN member states, if not neces-sarily their unanimity. No single state or small group of states should block the collective will of the UN member states. The core outcome document should strongly reaffirm the global sustainability frameworks and agreements (Agenda 2030, the Sustainable Development Goals, the Paris Climate Agreement, and the Montreal-Kunming Biodiversity Framework) and the overarching principles of sustainable development, distributive and reparative justice, common but differ-entiated responsibilities, and collective responsibility for the UN system, and commit to fixing the global financial architecture to ensure the financing needed for sustainable development.",0_7,0_13,,No Relationship,No Relationship,Support,Support
"We recall with alarm, sadness, and determination that some 250 million children are out of school because of the poverty of their societies, an estimated 733 million people struggle with chronic hunger, and roughly a third of humanity cannot afford a healthy diet.","Even as some countries, businesses, and even philanthropies step back from Sustainable Development, others all over the world are stepping up their efforts.",0_7,0_14,,No Relationship,No Relationship,Support,Support
"We recall with alarm, sadness, and determination that some 250 million children are out of school because of the poverty of their societies, an estimated 733 million people struggle with chronic hunger, and roughly a third of humanity cannot afford a healthy diet.","And as always, the 2000+ universities in the UN Sustainable Development Solutions Network pledge their best efforts to support governments, business, and civil society to build the future we need and want.",0_7,0_15,,No Relationship,No Relationship,Support,Support
"We recall with alarm, sadness, and determination that some 250 million children are out of school because of the poverty of their societies, an estimated 733 million people struggle with chronic hunger, and roughly a third of humanity cannot afford a healthy diet.","Although every UN member state has a country profile, only those with less than 20 percent missing data receive an SDG Index score and rank.",0_7,0_16,,No Relationship,No Relationship,No Relationship,Support
"We recall with alarm, sadness, and determination that some 250 million children are out of school because of the poverty of their societies, an estimated 733 million people struggle with chronic hunger, and roughly a third of humanity cannot afford a healthy diet.",Leveraging GIS and EO technologies to inform long-term investment and poli cy pathways for the SDGs at all levels will remain a key focus of research at the SDSN and SDG Transformation Center in the coming years.,0_7,0_17,,No Relationship,No Relationship,Support,No Relationship
"We recall with alarm, sadness, and determination that some 250 million children are out of school because of the poverty of their societies, an estimated 733 million people struggle with chronic hunger, and roughly a third of humanity cannot afford a healthy diet.","Via unsustainable consumption, the export of toxic waste, illicit trade, unfair tax competition, tax havens and, more generally, poor implementation of SDG 17 (Partnerships for the Goals – including support for UN-based multilateralism), countries can, however, generate negative international spillovers.",0_7,0_18,,No Relationship,No Relationship,Attack,No Relationship
"We recall with alarm, sadness, and determination that some 250 million children are out of school because of the poverty of their societies, an estimated 733 million people struggle with chronic hunger, and roughly a third of humanity cannot afford a healthy diet.","We will redouble our efforts to build and sustain peaceful, inclusive and just societies and address the root causes of conflicts.",0_7,0_19,,No Relationship,No Relationship,Support,Support
"We recall with alarm, sadness, and determination that some 250 million children are out of school because of the poverty of their societies, an estimated 733 million people struggle with chronic hunger, and roughly a third of humanity cannot afford a healthy diet.","We will transform global governance and reinvigorate the multilateral system to tackle the challenges, and seize the opportunities, of today and tomorrow.",0_7,0_20,,No Relationship,No Relationship,Support,Support
"We recall with alarm, sadness, and determination that some 250 million children are out of school because of the poverty of their societies, an estimated 733 million people struggle with chronic hunger, and roughly a third of humanity cannot afford a healthy diet.","Since 2016, more than 400 Voluntary National Reviews (VNRs) have been presented.",0_7,0_21,,No Relationship,No Relationship,No Relationship,No Relationship
"We recall with alarm, sadness, and determination that some 250 million children are out of school because of the poverty of their societies, an estimated 733 million people struggle with chronic hunger, and roughly a third of humanity cannot afford a healthy diet.",3. Commitment to the SDGs,0_7,0_22,,No Relationship,No Relationship,No Relationship,Support
"We recall with alarm, sadness, and determination that some 250 million children are out of school because of the poverty of their societies, an estimated 733 million people struggle with chronic hunger, and roughly a third of humanity cannot afford a healthy diet.","Through its 17 Sustainable Development Goals, the Agenda sets out a road map to end hunger, protect the planet, achieve gender equality, improve health and more.",0_7,0_23,,No Relationship,No Relationship,Support,Support
"We recall with alarm, sadness, and determination that some 250 million children are out of school because of the poverty of their societies, an estimated 733 million people struggle with chronic hunger, and roughly a third of humanity cannot afford a healthy diet.",Reinvesting 5 per cent of global military spending would also exceed the initial annual costs of adapting to climate change in developing countries (Goal 13).,0_7,0_24,,No Relationship,No Relationship,No Relationship,Support
"We recall with alarm, sadness, and determination that some 250 million children are out of school because of the poverty of their societies, an estimated 733 million people struggle with chronic hunger, and roughly a third of humanity cannot afford a healthy diet.","In 2024, through the adoption of the Pact for the Future, UN member states raised their concerns about the potential impact that the global increase in military spending could have on sustainable development (Action 13).",0_7,0_25,,No Relationship,Attack,No Relationship,Support
"We recall with alarm, sadness, and determination that some 250 million children are out of school because of the poverty of their societies, an estimated 733 million people struggle with chronic hunger, and roughly a third of humanity cannot afford a healthy diet.","They requested the Secretary-General establish, by the end of the current (79th) session, an analysis of the impact specifically on the achievement of the SDGs.",0_7,0_26,,No Relationship,No Relationship,No Relationship,Support
"We recall with alarm, sadness, and determination that some 250 million children are out of school because of the poverty of their societies, an estimated 733 million people struggle with chronic hunger, and roughly a third of humanity cannot afford a healthy diet.",The 2030 Agenda stipulates that:,0_7,0_27,,No Relationship,No Relationship,No Relationship,Support
"We recall with alarm, sadness, and determination that some 250 million children are out of school because of the poverty of their societies, an estimated 733 million people struggle with chronic hunger, and roughly a third of humanity cannot afford a healthy diet.","nation-states, which remain at the heart of the multilateral system, must be held accountable for upholding the values and principles of the UN Charter and for advancing the SDGs – our shared global vision for sustainable development.",0_7,0_28,,No Relationship,No Relationship,Support,Support
We call on the UN member states meeting in Seville to redesign the international financial architecture in accord with the high potential and realistic timeline of economic convergence.,"We also call on creditor governments to swap outstanding debts for investments in climate safety (debt-for-climate swaps), the protection of biodiversity (debt-for-nature swaps), and education (debt-for-education swaps), in line with Pope Francis’s declaration of 2025 as a Jubilee Year:",0_8,0_9,,No Relationship,No Relationship,Support,Support
We call on the UN member states meeting in Seville to redesign the international financial architecture in accord with the high potential and realistic timeline of economic convergence.,"Partnerships among MDBs but also with PDBs, for instance as part of the Financing in Common Initiative (FICs), can help accelerate the convergence towards shared standards and best practices, and to support banks’ commitments to shift their strategies towards achieving the SDGs.",0_8,0_10,,No Relationship,No Relationship,Support,Support
We call on the UN member states meeting in Seville to redesign the international financial architecture in accord with the high potential and realistic timeline of economic convergence.,"UN member states must increase their official financing of the Sustainable Development Goals in the lead-up to 2030, including providing debt relief as needed to create the fiscal space to achieve them.",0_8,0_11,,No Relationship,No Relationship,Support,Support
We call on the UN member states meeting in Seville to redesign the international financial architecture in accord with the high potential and realistic timeline of economic convergence.,"Since 2016, SDG financing from official sources has received remarkably short shrift.",0_8,0_12,,No Relationship,No Relationship,Support,No Relationship
We call on the UN member states meeting in Seville to redesign the international financial architecture in accord with the high potential and realistic timeline of economic convergence.,"We call for a bold outcome that has four parts. First, the core outcome document from FfD4 should express the consensus of UN member states, if not neces-sarily their unanimity. No single state or small group of states should block the collective will of the UN member states. The core outcome document should strongly reaffirm the global sustainability frameworks and agreements (Agenda 2030, the Sustainable Development Goals, the Paris Climate Agreement, and the Montreal-Kunming Biodiversity Framework) and the overarching principles of sustainable development, distributive and reparative justice, common but differ-entiated responsibilities, and collective responsibility for the UN system, and commit to fixing the global financial architecture to ensure the financing needed for sustainable development.",0_8,0_13,,No Relationship,No Relationship,Support,Support
We call on the UN member states meeting in Seville to redesign the international financial architecture in accord with the high potential and realistic timeline of economic convergence.,"Even as some countries, businesses, and even philanthropies step back from Sustainable Development, others all over the world are stepping up their efforts.",0_8,0_14,,No Relationship,No Relationship,Support,Support
We call on the UN member states meeting in Seville to redesign the international financial architecture in accord with the high potential and realistic timeline of economic convergence.,"And as always, the 2000+ universities in the UN Sustainable Development Solutions Network pledge their best efforts to support governments, business, and civil society to build the future we need and want.",0_8,0_15,,No Relationship,No Relationship,Support,Support
We call on the UN member states meeting in Seville to redesign the international financial architecture in accord with the high potential and realistic timeline of economic convergence.,"Although every UN member state has a country profile, only those with less than 20 percent missing data receive an SDG Index score and rank.",0_8,0_16,,No Relationship,No Relationship,Support,Support
We call on the UN member states meeting in Seville to redesign the international financial architecture in accord with the high potential and realistic timeline of economic convergence.,Leveraging GIS and EO technologies to inform long-term investment and poli cy pathways for the SDGs at all levels will remain a key focus of research at the SDSN and SDG Transformation Center in the coming years.,0_8,0_17,,No Relationship,No Relationship,Support,No Relationship
We call on the UN member states meeting in Seville to redesign the international financial architecture in accord with the high potential and realistic timeline of economic convergence.,"Via unsustainable consumption, the export of toxic waste, illicit trade, unfair tax competition, tax havens and, more generally, poor implementation of SDG 17 (Partnerships for the Goals – including support for UN-based multilateralism), countries can, however, generate negative international spillovers.",0_8,0_18,,No Relationship,No Relationship,Attack,No Relationship
We call on the UN member states meeting in Seville to redesign the international financial architecture in accord with the high potential and realistic timeline of economic convergence.,"We will redouble our efforts to build and sustain peaceful, inclusive and just societies and address the root causes of conflicts.",0_8,0_19,,No Relationship,Attack,Support,No Relationship
We call on the UN member states meeting in Seville to redesign the international financial architecture in accord with the high potential and realistic timeline of economic convergence.,"We will transform global governance and reinvigorate the multilateral system to tackle the challenges, and seize the opportunities, of today and tomorrow.",0_8,0_20,,No Relationship,No Relationship,Support,Support
We call on the UN member states meeting in Seville to redesign the international financial architecture in accord with the high potential and realistic timeline of economic convergence.,"Since 2016, more than 400 Voluntary National Reviews (VNRs) have been presented.",0_8,0_21,,No Relationship,No Relationship,Support,No Relationship
We call on the UN member states meeting in Seville to redesign the international financial architecture in accord with the high potential and realistic timeline of economic convergence.,3. Commitment to the SDGs,0_8,0_22,,No Relationship,No Relationship,No Relationship,Support
We call on the UN member states meeting in Seville to redesign the international financial architecture in accord with the high potential and realistic timeline of economic convergence.,"Through its 17 Sustainable Development Goals, the Agenda sets out a road map to end hunger, protect the planet, achieve gender equality, improve health and more.",0_8,0_23,,No Relationship,No Relationship,Support,No Relationship
We call on the UN member states meeting in Seville to redesign the international financial architecture in accord with the high potential and realistic timeline of economic convergence.,Reinvesting 5 per cent of global military spending would also exceed the initial annual costs of adapting to climate change in developing countries (Goal 13).,0_8,0_24,,No Relationship,No Relationship,No Relationship,No Relationship
We call on the UN member states meeting in Seville to redesign the international financial architecture in accord with the high potential and realistic timeline of economic convergence.,"In 2024, through the adoption of the Pact for the Future, UN member states raised their concerns about the potential impact that the global increase in military spending could have on sustainable development (Action 13).",0_8,0_25,,No Relationship,Attack,Support,Support
We call on the UN member states meeting in Seville to redesign the international financial architecture in accord with the high potential and realistic timeline of economic convergence.,"They requested the Secretary-General establish, by the end of the current (79th) session, an analysis of the impact specifically on the achievement of the SDGs.",0_8,0_26,,No Relationship,Attack,Support,Support
We call on the UN member states meeting in Seville to redesign the international financial architecture in accord with the high potential and realistic timeline of economic convergence.,The 2030 Agenda stipulates that:,0_8,0_27,,No Relationship,No Relationship,Support,Support
We call on the UN member states meeting in Seville to redesign the international financial architecture in accord with the high potential and realistic timeline of economic convergence.,"nation-states, which remain at the heart of the multilateral system, must be held accountable for upholding the values and principles of the UN Charter and for advancing the SDGs – our shared global vision for sustainable development.",0_8,0_28,,No Relationship,No Relationship,Support,Support
"We also call on creditor governments to swap outstanding debts for investments in climate safety (debt-for-climate swaps), the protection of biodiversity (debt-for-nature swaps), and education (debt-for-education swaps), in line with Pope Francis’s declaration of 2025 as a Jubilee Year:","Partnerships among MDBs but also with PDBs, for instance as part of the Financing in Common Initiative (FICs), can help accelerate the convergence towards shared standards and best practices, and to support banks’ commitments to shift their strategies towards achieving the SDGs.",0_9,0_10,,No Relationship,No Relationship,Support,No Relationship
"We also call on creditor governments to swap outstanding debts for investments in climate safety (debt-for-climate swaps), the protection of biodiversity (debt-for-nature swaps), and education (debt-for-education swaps), in line with Pope Francis’s declaration of 2025 as a Jubilee Year:","UN member states must increase their official financing of the Sustainable Development Goals in the lead-up to 2030, including providing debt relief as needed to create the fiscal space to achieve them.",0_9,0_11,,No Relationship,No Relationship,Support,Support
"We also call on creditor governments to swap outstanding debts for investments in climate safety (debt-for-climate swaps), the protection of biodiversity (debt-for-nature swaps), and education (debt-for-education swaps), in line with Pope Francis’s declaration of 2025 as a Jubilee Year:","Since 2016, SDG financing from official sources has received remarkably short shrift.",0_9,0_12,,No Relationship,No Relationship,No Relationship,No Relationship
"We also call on creditor governments to swap outstanding debts for investments in climate safety (debt-for-climate swaps), the protection of biodiversity (debt-for-nature swaps), and education (debt-for-education swaps), in line with Pope Francis’s declaration of 2025 as a Jubilee Year:","We call for a bold outcome that has four parts. First, the core outcome document from FfD4 should express the consensus of UN member states, if not neces-sarily their unanimity. No single state or small group of states should block the collective will of the UN member states. The core outcome document should strongly reaffirm the global sustainability frameworks and agreements (Agenda 2030, the Sustainable Development Goals, the Paris Climate Agreement, and the Montreal-Kunming Biodiversity Framework) and the overarching principles of sustainable development, distributive and reparative justice, common but differ-entiated responsibilities, and collective responsibility for the UN system, and commit to fixing the global financial architecture to ensure the financing needed for sustainable development.",0_9,0_13,,No Relationship,No Relationship,Support,Support
"We also call on creditor governments to swap outstanding debts for investments in climate safety (debt-for-climate swaps), the protection of biodiversity (debt-for-nature swaps), and education (debt-for-education swaps), in line with Pope Francis’s declaration of 2025 as a Jubilee Year:","Even as some countries, businesses, and even philanthropies step back from Sustainable Development, others all over the world are stepping up their efforts.",0_9,0_14,,No Relationship,No Relationship,Support,Support
"We also call on creditor governments to swap outstanding debts for investments in climate safety (debt-for-climate swaps), the protection of biodiversity (debt-for-nature swaps), and education (debt-for-education swaps), in line with Pope Francis’s declaration of 2025 as a Jubilee Year:","And as always, the 2000+ universities in the UN Sustainable Development Solutions Network pledge their best efforts to support governments, business, and civil society to build the future we need and want.",0_9,0_15,,No Relationship,No Relationship,Support,Support
"We also call on creditor governments to swap outstanding debts for investments in climate safety (debt-for-climate swaps), the protection of biodiversity (debt-for-nature swaps), and education (debt-for-education swaps), in line with Pope Francis’s declaration of 2025 as a Jubilee Year:","Although every UN member state has a country profile, only those with less than 20 percent missing data receive an SDG Index score and rank.",0_9,0_16,,No Relationship,No Relationship,No Relationship,No Relationship
"We also call on creditor governments to swap outstanding debts for investments in climate safety (debt-for-climate swaps), the protection of biodiversity (debt-for-nature swaps), and education (debt-for-education swaps), in line with Pope Francis’s declaration of 2025 as a Jubilee Year:",Leveraging GIS and EO technologies to inform long-term investment and poli cy pathways for the SDGs at all levels will remain a key focus of research at the SDSN and SDG Transformation Center in the coming years.,0_9,0_17,,No Relationship,No Relationship,Support,No Relationship
"We also call on creditor governments to swap outstanding debts for investments in climate safety (debt-for-climate swaps), the protection of biodiversity (debt-for-nature swaps), and education (debt-for-education swaps), in line with Pope Francis’s declaration of 2025 as a Jubilee Year:","Via unsustainable consumption, the export of toxic waste, illicit trade, unfair tax competition, tax havens and, more generally, poor implementation of SDG 17 (Partnerships for the Goals – including support for UN-based multilateralism), countries can, however, generate negative international spillovers.",0_9,0_18,,No Relationship,No Relationship,Attack,No Relationship
"We also call on creditor governments to swap outstanding debts for investments in climate safety (debt-for-climate swaps), the protection of biodiversity (debt-for-nature swaps), and education (debt-for-education swaps), in line with Pope Francis’s declaration of 2025 as a Jubilee Year:","We will redouble our efforts to build and sustain peaceful, inclusive and just societies and address the root causes of conflicts.",0_9,0_19,,No Relationship,No Relationship,Support,No Relationship
"We also call on creditor governments to swap outstanding debts for investments in climate safety (debt-for-climate swaps), the protection of biodiversity (debt-for-nature swaps), and education (debt-for-education swaps), in line with Pope Francis’s declaration of 2025 as a Jubilee Year:","We will transform global governance and reinvigorate the multilateral system to tackle the challenges, and seize the opportunities, of today and tomorrow.",0_9,0_20,,No Relationship,No Relationship,Support,Support
"We also call on creditor governments to swap outstanding debts for investments in climate safety (debt-for-climate swaps), the protection of biodiversity (debt-for-nature swaps), and education (debt-for-education swaps), in line with Pope Francis’s declaration of 2025 as a Jubilee Year:","Since 2016, more than 400 Voluntary National Reviews (VNRs) have been presented.",0_9,0_21,,No Relationship,No Relationship,No Relationship,No Relationship
"We also call on creditor governments to swap outstanding debts for investments in climate safety (debt-for-climate swaps), the protection of biodiversity (debt-for-nature swaps), and education (debt-for-education swaps), in line with Pope Francis’s declaration of 2025 as a Jubilee Year:",3. Commitment to the SDGs,0_9,0_22,,No Relationship,No Relationship,No Relationship,Support
"We also call on creditor governments to swap outstanding debts for investments in climate safety (debt-for-climate swaps), the protection of biodiversity (debt-for-nature swaps), and education (debt-for-education swaps), in line with Pope Francis’s declaration of 2025 as a Jubilee Year:","Through its 17 Sustainable Development Goals, the Agenda sets out a road map to end hunger, protect the planet, achieve gender equality, improve health and more.",0_9,0_23,,No Relationship,No Relationship,Support,No Relationship
"We also call on creditor governments to swap outstanding debts for investments in climate safety (debt-for-climate swaps), the protection of biodiversity (debt-for-nature swaps), and education (debt-for-education swaps), in line with Pope Francis’s declaration of 2025 as a Jubilee Year:",Reinvesting 5 per cent of global military spending would also exceed the initial annual costs of adapting to climate change in developing countries (Goal 13).,0_9,0_24,,No Relationship,No Relationship,Support,No Relationship
"We also call on creditor governments to swap outstanding debts for investments in climate safety (debt-for-climate swaps), the protection of biodiversity (debt-for-nature swaps), and education (debt-for-education swaps), in line with Pope Francis’s declaration of 2025 as a Jubilee Year:","In 2024, through the adoption of the Pact for the Future, UN member states raised their concerns about the potential impact that the global increase in military spending could have on sustainable development (Action 13).",0_9,0_25,,No Relationship,No Relationship,Support,No Relationship
"We also call on creditor governments to swap outstanding debts for investments in climate safety (debt-for-climate swaps), the protection of biodiversity (debt-for-nature swaps), and education (debt-for-education swaps), in line with Pope Francis’s declaration of 2025 as a Jubilee Year:","They requested the Secretary-General establish, by the end of the current (79th) session, an analysis of the impact specifically on the achievement of the SDGs.",0_9,0_26,,No Relationship,No Relationship,No Relationship,Support
"We also call on creditor governments to swap outstanding debts for investments in climate safety (debt-for-climate swaps), the protection of biodiversity (debt-for-nature swaps), and education (debt-for-education swaps), in line with Pope Francis’s declaration of 2025 as a Jubilee Year:",The 2030 Agenda stipulates that:,0_9,0_27,,No Relationship,No Relationship,Support,Support
"We also call on creditor governments to swap outstanding debts for investments in climate safety (debt-for-climate swaps), the protection of biodiversity (debt-for-nature swaps), and education (debt-for-education swaps), in line with Pope Francis’s declaration of 2025 as a Jubilee Year:","nation-states, which remain at the heart of the multilateral system, must be held accountable for upholding the values and principles of the UN Charter and for advancing the SDGs – our shared global vision for sustainable development.",0_9,0_28,,No Relationship,No Relationship,Support,No Relationship
"Partnerships among MDBs but also with PDBs, for instance as part of the Financing in Common Initiative (FICs), can help accelerate the convergence towards shared standards and best practices, and to support banks’ commitments to shift their strategies towards achieving the SDGs.","UN member states must increase their official financing of the Sustainable Development Goals in the lead-up to 2030, including providing debt relief as needed to create the fiscal space to achieve them.",0_10,0_11,,No Relationship,No Relationship,Support,Support
"Partnerships among MDBs but also with PDBs, for instance as part of the Financing in Common Initiative (FICs), can help accelerate the convergence towards shared standards and best practices, and to support banks’ commitments to shift their strategies towards achieving the SDGs.","Since 2016, SDG financing from official sources has received remarkably short shrift.",0_10,0_12,,No Relationship,No Relationship,Support,Support
"Partnerships among MDBs but also with PDBs, for instance as part of the Financing in Common Initiative (FICs), can help accelerate the convergence towards shared standards and best practices, and to support banks’ commitments to shift their strategies towards achieving the SDGs.","We call for a bold outcome that has four parts. First, the core outcome document from FfD4 should express the consensus of UN member states, if not neces-sarily their unanimity. No single state or small group of states should block the collective will of the UN member states. The core outcome document should strongly reaffirm the global sustainability frameworks and agreements (Agenda 2030, the Sustainable Development Goals, the Paris Climate Agreement, and the Montreal-Kunming Biodiversity Framework) and the overarching principles of sustainable development, distributive and reparative justice, common but differ-entiated responsibilities, and collective responsibility for the UN system, and commit to fixing the global financial architecture to ensure the financing needed for sustainable development.",0_10,0_13,,No Relationship,No Relationship,Support,Support
"Partnerships among MDBs but also with PDBs, for instance as part of the Financing in Common Initiative (FICs), can help accelerate the convergence towards shared standards and best practices, and to support banks’ commitments to shift their strategies towards achieving the SDGs.","Even as some countries, businesses, and even philanthropies step back from Sustainable Development, others all over the world are stepping up their efforts.",0_10,0_14,,No Relationship,No Relationship,Support,Support
"Partnerships among MDBs but also with PDBs, for instance as part of the Financing in Common Initiative (FICs), can help accelerate the convergence towards shared standards and best practices, and to support banks’ commitments to shift their strategies towards achieving the SDGs.","And as always, the 2000+ universities in the UN Sustainable Development Solutions Network pledge their best efforts to support governments, business, and civil society to build the future we need and want.",0_10,0_15,,No Relationship,No Relationship,Support,Support
"Partnerships among MDBs but also with PDBs, for instance as part of the Financing in Common Initiative (FICs), can help accelerate the convergence towards shared standards and best practices, and to support banks’ commitments to shift their strategies towards achieving the SDGs.","Although every UN member state has a country profile, only those with less than 20 percent missing data receive an SDG Index score and rank.",0_10,0_16,,No Relationship,No Relationship,No Relationship,Support
"Partnerships among MDBs but also with PDBs, for instance as part of the Financing in Common Initiative (FICs), can help accelerate the convergence towards shared standards and best practices, and to support banks’ commitments to shift their strategies towards achieving the SDGs.",Leveraging GIS and EO technologies to inform long-term investment and poli cy pathways for the SDGs at all levels will remain a key focus of research at the SDSN and SDG Transformation Center in the coming years.,0_10,0_17,,No Relationship,No Relationship,Support,Support
"Partnerships among MDBs but also with PDBs, for instance as part of the Financing in Common Initiative (FICs), can help accelerate the convergence towards shared standards and best practices, and to support banks’ commitments to shift their strategies towards achieving the SDGs.","Via unsustainable consumption, the export of toxic waste, illicit trade, unfair tax competition, tax havens and, more generally, poor implementation of SDG 17 (Partnerships for the Goals – including support for UN-based multilateralism), countries can, however, generate negative international spillovers.",0_10,0_18,,No Relationship,No Relationship,Attack,Support
"Partnerships among MDBs but also with PDBs, for instance as part of the Financing in Common Initiative (FICs), can help accelerate the convergence towards shared standards and best practices, and to support banks’ commitments to shift their strategies towards achieving the SDGs.","We will redouble our efforts to build and sustain peaceful, inclusive and just societies and address the root causes of conflicts.",0_10,0_19,,No Relationship,No Relationship,Support,No Relationship
"Partnerships among MDBs but also with PDBs, for instance as part of the Financing in Common Initiative (FICs), can help accelerate the convergence towards shared standards and best practices, and to support banks’ commitments to shift their strategies towards achieving the SDGs.","We will transform global governance and reinvigorate the multilateral system to tackle the challenges, and seize the opportunities, of today and tomorrow.",0_10,0_20,,No Relationship,No Relationship,Support,Support
"Partnerships among MDBs but also with PDBs, for instance as part of the Financing in Common Initiative (FICs), can help accelerate the convergence towards shared standards and best practices, and to support banks’ commitments to shift their strategies towards achieving the SDGs.","Since 2016, more than 400 Voluntary National Reviews (VNRs) have been presented.",0_10,0_21,,No Relationship,No Relationship,No Relationship,No Relationship
"Partnerships among MDBs but also with PDBs, for instance as part of the Financing in Common Initiative (FICs), can help accelerate the convergence towards shared standards and best practices, and to support banks’ commitments to shift their strategies towards achieving the SDGs.",3. Commitment to the SDGs,0_10,0_22,,No Relationship,No Relationship,Support,Rephrase
"Partnerships among MDBs but also with PDBs, for instance as part of the Financing in Common Initiative (FICs), can help accelerate the convergence towards shared standards and best practices, and to support banks’ commitments to shift their strategies towards achieving the SDGs.","Through its 17 Sustainable Development Goals, the Agenda sets out a road map to end hunger, protect the planet, achieve gender equality, improve health and more.",0_10,0_23,,No Relationship,No Relationship,Support,Support
"Partnerships among MDBs but also with PDBs, for instance as part of the Financing in Common Initiative (FICs), can help accelerate the convergence towards shared standards and best practices, and to support banks’ commitments to shift their strategies towards achieving the SDGs.",Reinvesting 5 per cent of global military spending would also exceed the initial annual costs of adapting to climate change in developing countries (Goal 13).,0_10,0_24,,No Relationship,No Relationship,No Relationship,No Relationship
"Partnerships among MDBs but also with PDBs, for instance as part of the Financing in Common Initiative (FICs), can help accelerate the convergence towards shared standards and best practices, and to support banks’ commitments to shift their strategies towards achieving the SDGs.","In 2024, through the adoption of the Pact for the Future, UN member states raised their concerns about the potential impact that the global increase in military spending could have on sustainable development (Action 13).",0_10,0_25,,No Relationship,No Relationship,Support,No Relationship
"Partnerships among MDBs but also with PDBs, for instance as part of the Financing in Common Initiative (FICs), can help accelerate the convergence towards shared standards and best practices, and to support banks’ commitments to shift their strategies towards achieving the SDGs.","They requested the Secretary-General establish, by the end of the current (79th) session, an analysis of the impact specifically on the achievement of the SDGs.",0_10,0_26,,No Relationship,No Relationship,No Relationship,Support
"Partnerships among MDBs but also with PDBs, for instance as part of the Financing in Common Initiative (FICs), can help accelerate the convergence towards shared standards and best practices, and to support banks’ commitments to shift their strategies towards achieving the SDGs.",The 2030 Agenda stipulates that:,0_10,0_27,,No Relationship,No Relationship,No Relationship,Support
"Partnerships among MDBs but also with PDBs, for instance as part of the Financing in Common Initiative (FICs), can help accelerate the convergence towards shared standards and best practices, and to support banks’ commitments to shift their strategies towards achieving the SDGs.","nation-states, which remain at the heart of the multilateral system, must be held accountable for upholding the values and principles of the UN Charter and for advancing the SDGs – our shared global vision for sustainable development.",0_10,0_28,,No Relationship,No Relationship,Support,Support
"UN member states must increase their official financing of the Sustainable Development Goals in the lead-up to 2030, including providing debt relief as needed to create the fiscal space to achieve them.","Since 2016, SDG financing from official sources has received remarkably short shrift.",0_11,0_12,,No Relationship,No Relationship,No Relationship,Support
"UN member states must increase their official financing of the Sustainable Development Goals in the lead-up to 2030, including providing debt relief as needed to create the fiscal space to achieve them.","We call for a bold outcome that has four parts. First, the core outcome document from FfD4 should express the consensus of UN member states, if not neces-sarily their unanimity. No single state or small group of states should block the collective will of the UN member states. The core outcome document should strongly reaffirm the global sustainability frameworks and agreements (Agenda 2030, the Sustainable Development Goals, the Paris Climate Agreement, and the Montreal-Kunming Biodiversity Framework) and the overarching principles of sustainable development, distributive and reparative justice, common but differ-entiated responsibilities, and collective responsibility for the UN system, and commit to fixing the global financial architecture to ensure the financing needed for sustainable development.",0_11,0_13,,No Relationship,No Relationship,Support,Support
"UN member states must increase their official financing of the Sustainable Development Goals in the lead-up to 2030, including providing debt relief as needed to create the fiscal space to achieve them.","Even as some countries, businesses, and even philanthropies step back from Sustainable Development, others all over the world are stepping up their efforts.",0_11,0_14,,No Relationship,No Relationship,Support,Support
"UN member states must increase their official financing of the Sustainable Development Goals in the lead-up to 2030, including providing debt relief as needed to create the fiscal space to achieve them.","And as always, the 2000+ universities in the UN Sustainable Development Solutions Network pledge their best efforts to support governments, business, and civil society to build the future we need and want.",0_11,0_15,,No Relationship,No Relationship,Support,Support
"UN member states must increase their official financing of the Sustainable Development Goals in the lead-up to 2030, including providing debt relief as needed to create the fiscal space to achieve them.","Although every UN member state has a country profile, only those with less than 20 percent missing data receive an SDG Index score and rank.",0_11,0_16,,No Relationship,No Relationship,No Relationship,Support
"UN member states must increase their official financing of the Sustainable Development Goals in the lead-up to 2030, including providing debt relief as needed to create the fiscal space to achieve them.",Leveraging GIS and EO technologies to inform long-term investment and poli cy pathways for the SDGs at all levels will remain a key focus of research at the SDSN and SDG Transformation Center in the coming years.,0_11,0_17,,No Relationship,No Relationship,Support,Support
"UN member states must increase their official financing of the Sustainable Development Goals in the lead-up to 2030, including providing debt relief as needed to create the fiscal space to achieve them.","Via unsustainable consumption, the export of toxic waste, illicit trade, unfair tax competition, tax havens and, more generally, poor implementation of SDG 17 (Partnerships for the Goals – including support for UN-based multilateralism), countries can, however, generate negative international spillovers.",0_11,0_18,,No Relationship,No Relationship,Attack,Support
"UN member states must increase their official financing of the Sustainable Development Goals in the lead-up to 2030, including providing debt relief as needed to create the fiscal space to achieve them.","We will redouble our efforts to build and sustain peaceful, inclusive and just societies and address the root causes of conflicts.",0_11,0_19,,No Relationship,No Relationship,Support,Support
"UN member states must increase their official financing of the Sustainable Development Goals in the lead-up to 2030, including providing debt relief as needed to create the fiscal space to achieve them.","We will transform global governance and reinvigorate the multilateral system to tackle the challenges, and seize the opportunities, of today and tomorrow.",0_11,0_20,,No Relationship,No Relationship,Support,Support
"UN member states must increase their official financing of the Sustainable Development Goals in the lead-up to 2030, including providing debt relief as needed to create the fiscal space to achieve them.","Since 2016, more than 400 Voluntary National Reviews (VNRs) have been presented.",0_11,0_21,,No Relationship,No Relationship,No Relationship,No Relationship
"UN member states must increase their official financing of the Sustainable Development Goals in the lead-up to 2030, including providing debt relief as needed to create the fiscal space to achieve them.",3. Commitment to the SDGs,0_11,0_22,,No Relationship,No Relationship,Support,Rephrase
"UN member states must increase their official financing of the Sustainable Development Goals in the lead-up to 2030, including providing debt relief as needed to create the fiscal space to achieve them.","Through its 17 Sustainable Development Goals, the Agenda sets out a road map to end hunger, protect the planet, achieve gender equality, improve health and more.",0_11,0_23,,No Relationship,No Relationship,Support,Support
"UN member states must increase their official financing of the Sustainable Development Goals in the lead-up to 2030, including providing debt relief as needed to create the fiscal space to achieve them.",Reinvesting 5 per cent of global military spending would also exceed the initial annual costs of adapting to climate change in developing countries (Goal 13).,0_11,0_24,,No Relationship,No Relationship,No Relationship,Support
"UN member states must increase their official financing of the Sustainable Development Goals in the lead-up to 2030, including providing debt relief as needed to create the fiscal space to achieve them.","In 2024, through the adoption of the Pact for the Future, UN member states raised their concerns about the potential impact that the global increase in military spending could have on sustainable development (Action 13).",0_11,0_25,,No Relationship,No Relationship,Support,Support
"UN member states must increase their official financing of the Sustainable Development Goals in the lead-up to 2030, including providing debt relief as needed to create the fiscal space to achieve them.","They requested the Secretary-General establish, by the end of the current (79th) session, an analysis of the impact specifically on the achievement of the SDGs.",0_11,0_26,,No Relationship,No Relationship,No Relationship,Support
"UN member states must increase their official financing of the Sustainable Development Goals in the lead-up to 2030, including providing debt relief as needed to create the fiscal space to achieve them.",The 2030 Agenda stipulates that:,0_11,0_27,,No Relationship,No Relationship,Support,Support
"UN member states must increase their official financing of the Sustainable Development Goals in the lead-up to 2030, including providing debt relief as needed to create the fiscal space to achieve them.","nation-states, which remain at the heart of the multilateral system, must be held accountable for upholding the values and principles of the UN Charter and for advancing the SDGs – our shared global vision for sustainable development.",0_11,0_28,,No Relationship,No Relationship,Support,Support
"Since 2016, SDG financing from official sources has received remarkably short shrift.","We call for a bold outcome that has four parts. First, the core outcome document from FfD4 should express the consensus of UN member states, if not neces-sarily their unanimity. No single state or small group of states should block the collective will of the UN member states. The core outcome document should strongly reaffirm the global sustainability frameworks and agreements (Agenda 2030, the Sustainable Development Goals, the Paris Climate Agreement, and the Montreal-Kunming Biodiversity Framework) and the overarching principles of sustainable development, distributive and reparative justice, common but differ-entiated responsibilities, and collective responsibility for the UN system, and commit to fixing the global financial architecture to ensure the financing needed for sustainable development.",0_12,0_13,,No Relationship,No Relationship,Support,Support
"Since 2016, SDG financing from official sources has received remarkably short shrift.","Even as some countries, businesses, and even philanthropies step back from Sustainable Development, others all over the world are stepping up their efforts.",0_12,0_14,,No Relationship,No Relationship,Support,Attack
"Since 2016, SDG financing from official sources has received remarkably short shrift.","And as always, the 2000+ universities in the UN Sustainable Development Solutions Network pledge their best efforts to support governments, business, and civil society to build the future we need and want.",0_12,0_15,,No Relationship,No Relationship,Support,Support
"Since 2016, SDG financing from official sources has received remarkably short shrift.","Although every UN member state has a country profile, only those with less than 20 percent missing data receive an SDG Index score and rank.",0_12,0_16,,No Relationship,No Relationship,No Relationship,Support
"Since 2016, SDG financing from official sources has received remarkably short shrift.",Leveraging GIS and EO technologies to inform long-term investment and poli cy pathways for the SDGs at all levels will remain a key focus of research at the SDSN and SDG Transformation Center in the coming years.,0_12,0_17,,No Relationship,No Relationship,Support,Support
"Since 2016, SDG financing from official sources has received remarkably short shrift.","Via unsustainable consumption, the export of toxic waste, illicit trade, unfair tax competition, tax havens and, more generally, poor implementation of SDG 17 (Partnerships for the Goals – including support for UN-based multilateralism), countries can, however, generate negative international spillovers.",0_12,0_18,,No Relationship,No Relationship,Attack,Support
"Since 2016, SDG financing from official sources has received remarkably short shrift.","We will redouble our efforts to build and sustain peaceful, inclusive and just societies and address the root causes of conflicts.",0_12,0_19,,No Relationship,No Relationship,Support,No Relationship
"Since 2016, SDG financing from official sources has received remarkably short shrift.","We will transform global governance and reinvigorate the multilateral system to tackle the challenges, and seize the opportunities, of today and tomorrow.",0_12,0_20,,No Relationship,No Relationship,Support,No Relationship
"Since 2016, SDG financing from official sources has received remarkably short shrift.","Since 2016, more than 400 Voluntary National Reviews (VNRs) have been presented.",0_12,0_21,,Attack,No Relationship,No Relationship,Support
"Since 2016, SDG financing from official sources has received remarkably short shrift.",3. Commitment to the SDGs,0_12,0_22,,No Relationship,Attack,No Relationship,Support
"Since 2016, SDG financing from official sources has received remarkably short shrift.","Through its 17 Sustainable Development Goals, the Agenda sets out a road map to end hunger, protect the planet, achieve gender equality, improve health and more.",0_12,0_23,,No Relationship,No Relationship,Support,Attack
"Since 2016, SDG financing from official sources has received remarkably short shrift.",Reinvesting 5 per cent of global military spending would also exceed the initial annual costs of adapting to climate change in developing countries (Goal 13).,0_12,0_24,,No Relationship,No Relationship,No Relationship,No Relationship
"Since 2016, SDG financing from official sources has received remarkably short shrift.","In 2024, through the adoption of the Pact for the Future, UN member states raised their concerns about the potential impact that the global increase in military spending could have on sustainable development (Action 13).",0_12,0_25,,No Relationship,Attack,No Relationship,Attack
"Since 2016, SDG financing from official sources has received remarkably short shrift.","They requested the Secretary-General establish, by the end of the current (79th) session, an analysis of the impact specifically on the achievement of the SDGs.",0_12,0_26,,No Relationship,No Relationship,Support,Support
"Since 2016, SDG financing from official sources has received remarkably short shrift.",The 2030 Agenda stipulates that:,0_12,0_27,,No Relationship,No Relationship,No Relationship,No Relationship
"Since 2016, SDG financing from official sources has received remarkably short shrift.","nation-states, which remain at the heart of the multilateral system, must be held accountable for upholding the values and principles of the UN Charter and for advancing the SDGs – our shared global vision for sustainable development.",0_12,0_28,,No Relationship,No Relationship,Support,Support
"We call for a bold outcome that has four parts. First, the core outcome document from FfD4 should express the consensus of UN member states, if not neces-sarily their unanimity. No single state or small group of states should block the collective will of the UN member states. The core outcome document should strongly reaffirm the global sustainability frameworks and agreements (Agenda 2030, the Sustainable Development Goals, the Paris Climate Agreement, and the Montreal-Kunming Biodiversity Framework) and the overarching principles of sustainable development, distributive and reparative justice, common but differ-entiated responsibilities, and collective responsibility for the UN system, and commit to fixing the global financial architecture to ensure the financing needed for sustainable development.","Even as some countries, businesses, and even philanthropies step back from Sustainable Development, others all over the world are stepping up their efforts.",0_13,0_14,,No Relationship,No Relationship,Support,Support
"We call for a bold outcome that has four parts. First, the core outcome document from FfD4 should express the consensus of UN member states, if not neces-sarily their unanimity. No single state or small group of states should block the collective will of the UN member states. The core outcome document should strongly reaffirm the global sustainability frameworks and agreements (Agenda 2030, the Sustainable Development Goals, the Paris Climate Agreement, and the Montreal-Kunming Biodiversity Framework) and the overarching principles of sustainable development, distributive and reparative justice, common but differ-entiated responsibilities, and collective responsibility for the UN system, and commit to fixing the global financial architecture to ensure the financing needed for sustainable development.","And as always, the 2000+ universities in the UN Sustainable Development Solutions Network pledge their best efforts to support governments, business, and civil society to build the future we need and want.",0_13,0_15,,No Relationship,No Relationship,Support,Support
"We call for a bold outcome that has four parts. First, the core outcome document from FfD4 should express the consensus of UN member states, if not neces-sarily their unanimity. No single state or small group of states should block the collective will of the UN member states. The core outcome document should strongly reaffirm the global sustainability frameworks and agreements (Agenda 2030, the Sustainable Development Goals, the Paris Climate Agreement, and the Montreal-Kunming Biodiversity Framework) and the overarching principles of sustainable development, distributive and reparative justice, common but differ-entiated responsibilities, and collective responsibility for the UN system, and commit to fixing the global financial architecture to ensure the financing needed for sustainable development.","Although every UN member state has a country profile, only those with less than 20 percent missing data receive an SDG Index score and rank.",0_13,0_16,,No Relationship,No Relationship,No Relationship,Support
"We call for a bold outcome that has four parts. First, the core outcome document from FfD4 should express the consensus of UN member states, if not neces-sarily their unanimity. No single state or small group of states should block the collective will of the UN member states. The core outcome document should strongly reaffirm the global sustainability frameworks and agreements (Agenda 2030, the Sustainable Development Goals, the Paris Climate Agreement, and the Montreal-Kunming Biodiversity Framework) and the overarching principles of sustainable development, distributive and reparative justice, common but differ-entiated responsibilities, and collective responsibility for the UN system, and commit to fixing the global financial architecture to ensure the financing needed for sustainable development.",Leveraging GIS and EO technologies to inform long-term investment and poli cy pathways for the SDGs at all levels will remain a key focus of research at the SDSN and SDG Transformation Center in the coming years.,0_13,0_17,,No Relationship,No Relationship,Support,No Relationship
"We call for a bold outcome that has four parts. First, the core outcome document from FfD4 should express the consensus of UN member states, if not neces-sarily their unanimity. No single state or small group of states should block the collective will of the UN member states. The core outcome document should strongly reaffirm the global sustainability frameworks and agreements (Agenda 2030, the Sustainable Development Goals, the Paris Climate Agreement, and the Montreal-Kunming Biodiversity Framework) and the overarching principles of sustainable development, distributive and reparative justice, common but differ-entiated responsibilities, and collective responsibility for the UN system, and commit to fixing the global financial architecture to ensure the financing needed for sustainable development.","Via unsustainable consumption, the export of toxic waste, illicit trade, unfair tax competition, tax havens and, more generally, poor implementation of SDG 17 (Partnerships for the Goals – including support for UN-based multilateralism), countries can, however, generate negative international spillovers.",0_13,0_18,,No Relationship,No Relationship,Attack,Support
"We call for a bold outcome that has four parts. First, the core outcome document from FfD4 should express the consensus of UN member states, if not neces-sarily their unanimity. No single state or small group of states should block the collective will of the UN member states. The core outcome document should strongly reaffirm the global sustainability frameworks and agreements (Agenda 2030, the Sustainable Development Goals, the Paris Climate Agreement, and the Montreal-Kunming Biodiversity Framework) and the overarching principles of sustainable development, distributive and reparative justice, common but differ-entiated responsibilities, and collective responsibility for the UN system, and commit to fixing the global financial architecture to ensure the financing needed for sustainable development.","We will redouble our efforts to build and sustain peaceful, inclusive and just societies and address the root causes of conflicts.",0_13,0_19,,No Relationship,No Relationship,Support,Support
"We call for a bold outcome that has four parts. First, the core outcome document from FfD4 should express the consensus of UN member states, if not neces-sarily their unanimity. No single state or small group of states should block the collective will of the UN member states. The core outcome document should strongly reaffirm the global sustainability frameworks and agreements (Agenda 2030, the Sustainable Development Goals, the Paris Climate Agreement, and the Montreal-Kunming Biodiversity Framework) and the overarching principles of sustainable development, distributive and reparative justice, common but differ-entiated responsibilities, and collective responsibility for the UN system, and commit to fixing the global financial architecture to ensure the financing needed for sustainable development.","We will transform global governance and reinvigorate the multilateral system to tackle the challenges, and seize the opportunities, of today and tomorrow.",0_13,0_20,,No Relationship,No Relationship,Support,Support
"We call for a bold outcome that has four parts. First, the core outcome document from FfD4 should express the consensus of UN member states, if not neces-sarily their unanimity. No single state or small group of states should block the collective will of the UN member states. The core outcome document should strongly reaffirm the global sustainability frameworks and agreements (Agenda 2030, the Sustainable Development Goals, the Paris Climate Agreement, and the Montreal-Kunming Biodiversity Framework) and the overarching principles of sustainable development, distributive and reparative justice, common but differ-entiated responsibilities, and collective responsibility for the UN system, and commit to fixing the global financial architecture to ensure the financing needed for sustainable development.","Since 2016, more than 400 Voluntary National Reviews (VNRs) have been presented.",0_13,0_21,,No Relationship,No Relationship,Support,No Relationship
"We call for a bold outcome that has four parts. First, the core outcome document from FfD4 should express the consensus of UN member states, if not neces-sarily their unanimity. No single state or small group of states should block the collective will of the UN member states. The core outcome document should strongly reaffirm the global sustainability frameworks and agreements (Agenda 2030, the Sustainable Development Goals, the Paris Climate Agreement, and the Montreal-Kunming Biodiversity Framework) and the overarching principles of sustainable development, distributive and reparative justice, common but differ-entiated responsibilities, and collective responsibility for the UN system, and commit to fixing the global financial architecture to ensure the financing needed for sustainable development.",3. Commitment to the SDGs,0_13,0_22,,No Relationship,No Relationship,No Relationship,Support
"We call for a bold outcome that has four parts. First, the core outcome document from FfD4 should express the consensus of UN member states, if not neces-sarily their unanimity. No single state or small group of states should block the collective will of the UN member states. The core outcome document should strongly reaffirm the global sustainability frameworks and agreements (Agenda 2030, the Sustainable Development Goals, the Paris Climate Agreement, and the Montreal-Kunming Biodiversity Framework) and the overarching principles of sustainable development, distributive and reparative justice, common but differ-entiated responsibilities, and collective responsibility for the UN system, and commit to fixing the global financial architecture to ensure the financing needed for sustainable development.","Through its 17 Sustainable Development Goals, the Agenda sets out a road map to end hunger, protect the planet, achieve gender equality, improve health and more.",0_13,0_23,,No Relationship,No Relationship,Support,Support
"We call for a bold outcome that has four parts. First, the core outcome document from FfD4 should express the consensus of UN member states, if not neces-sarily their unanimity. No single state or small group of states should block the collective will of the UN member states. The core outcome document should strongly reaffirm the global sustainability frameworks and agreements (Agenda 2030, the Sustainable Development Goals, the Paris Climate Agreement, and the Montreal-Kunming Biodiversity Framework) and the overarching principles of sustainable development, distributive and reparative justice, common but differ-entiated responsibilities, and collective responsibility for the UN system, and commit to fixing the global financial architecture to ensure the financing needed for sustainable development.",Reinvesting 5 per cent of global military spending would also exceed the initial annual costs of adapting to climate change in developing countries (Goal 13).,0_13,0_24,,No Relationship,No Relationship,No Relationship,No Relationship
"We call for a bold outcome that has four parts. First, the core outcome document from FfD4 should express the consensus of UN member states, if not neces-sarily their unanimity. No single state or small group of states should block the collective will of the UN member states. The core outcome document should strongly reaffirm the global sustainability frameworks and agreements (Agenda 2030, the Sustainable Development Goals, the Paris Climate Agreement, and the Montreal-Kunming Biodiversity Framework) and the overarching principles of sustainable development, distributive and reparative justice, common but differ-entiated responsibilities, and collective responsibility for the UN system, and commit to fixing the global financial architecture to ensure the financing needed for sustainable development.","In 2024, through the adoption of the Pact for the Future, UN member states raised their concerns about the potential impact that the global increase in military spending could have on sustainable development (Action 13).",0_13,0_25,,No Relationship,No Relationship,Support,Support
"We call for a bold outcome that has four parts. First, the core outcome document from FfD4 should express the consensus of UN member states, if not neces-sarily their unanimity. No single state or small group of states should block the collective will of the UN member states. The core outcome document should strongly reaffirm the global sustainability frameworks and agreements (Agenda 2030, the Sustainable Development Goals, the Paris Climate Agreement, and the Montreal-Kunming Biodiversity Framework) and the overarching principles of sustainable development, distributive and reparative justice, common but differ-entiated responsibilities, and collective responsibility for the UN system, and commit to fixing the global financial architecture to ensure the financing needed for sustainable development.","They requested the Secretary-General establish, by the end of the current (79th) session, an analysis of the impact specifically on the achievement of the SDGs.",0_13,0_26,,No Relationship,No Relationship,No Relationship,Support
"We call for a bold outcome that has four parts. First, the core outcome document from FfD4 should express the consensus of UN member states, if not neces-sarily their unanimity. No single state or small group of states should block the collective will of the UN member states. The core outcome document should strongly reaffirm the global sustainability frameworks and agreements (Agenda 2030, the Sustainable Development Goals, the Paris Climate Agreement, and the Montreal-Kunming Biodiversity Framework) and the overarching principles of sustainable development, distributive and reparative justice, common but differ-entiated responsibilities, and collective responsibility for the UN system, and commit to fixing the global financial architecture to ensure the financing needed for sustainable development.",The 2030 Agenda stipulates that:,0_13,0_27,,No Relationship,No Relationship,Support,Support
"We call for a bold outcome that has four parts. First, the core outcome document from FfD4 should express the consensus of UN member states, if not neces-sarily their unanimity. No single state or small group of states should block the collective will of the UN member states. The core outcome document should strongly reaffirm the global sustainability frameworks and agreements (Agenda 2030, the Sustainable Development Goals, the Paris Climate Agreement, and the Montreal-Kunming Biodiversity Framework) and the overarching principles of sustainable development, distributive and reparative justice, common but differ-entiated responsibilities, and collective responsibility for the UN system, and commit to fixing the global financial architecture to ensure the financing needed for sustainable development.","nation-states, which remain at the heart of the multilateral system, must be held accountable for upholding the values and principles of the UN Charter and for advancing the SDGs – our shared global vision for sustainable development.",0_13,0_28,,No Relationship,No Relationship,Support,Support
"Even as some countries, businesses, and even philanthropies step back from Sustainable Development, others all over the world are stepping up their efforts.","And as always, the 2000+ universities in the UN Sustainable Development Solutions Network pledge their best efforts to support governments, business, and civil society to build the future we need and want.",0_14,0_15,,No Relationship,No Relationship,Support,Support
"Even as some countries, businesses, and even philanthropies step back from Sustainable Development, others all over the world are stepping up their efforts.","Although every UN member state has a country profile, only those with less than 20 percent missing data receive an SDG Index score and rank.",0_14,0_16,,No Relationship,No Relationship,No Relationship,Support
"Even as some countries, businesses, and even philanthropies step back from Sustainable Development, others all over the world are stepping up their efforts.",Leveraging GIS and EO technologies to inform long-term investment and poli cy pathways for the SDGs at all levels will remain a key focus of research at the SDSN and SDG Transformation Center in the coming years.,0_14,0_17,,No Relationship,No Relationship,Support,Support
"Even as some countries, businesses, and even philanthropies step back from Sustainable Development, others all over the world are stepping up their efforts.","Via unsustainable consumption, the export of toxic waste, illicit trade, unfair tax competition, tax havens and, more generally, poor implementation of SDG 17 (Partnerships for the Goals – including support for UN-based multilateralism), countries can, however, generate negative international spillovers.",0_14,0_18,,No Relationship,No Relationship,Attack,Support
"Even as some countries, businesses, and even philanthropies step back from Sustainable Development, others all over the world are stepping up their efforts.","We will redouble our efforts to build and sustain peaceful, inclusive and just societies and address the root causes of conflicts.",0_14,0_19,,No Relationship,No Relationship,Support,Support
"Even as some countries, businesses, and even philanthropies step back from Sustainable Development, others all over the world are stepping up their efforts.","We will transform global governance and reinvigorate the multilateral system to tackle the challenges, and seize the opportunities, of today and tomorrow.",0_14,0_20,,No Relationship,No Relationship,Support,Support
"Even as some countries, businesses, and even philanthropies step back from Sustainable Development, others all over the world are stepping up their efforts.","Since 2016, more than 400 Voluntary National Reviews (VNRs) have been presented.",0_14,0_21,,No Relationship,No Relationship,Support,No Relationship
"Even as some countries, businesses, and even philanthropies step back from Sustainable Development, others all over the world are stepping up their efforts.",3. Commitment to the SDGs,0_14,0_22,,No Relationship,No Relationship,Support,Rephrase
"Even as some countries, businesses, and even philanthropies step back from Sustainable Development, others all over the world are stepping up their efforts.","Through its 17 Sustainable Development Goals, the Agenda sets out a road map to end hunger, protect the planet, achieve gender equality, improve health and more.",0_14,0_23,,No Relationship,No Relationship,Support,Support
"Even as some countries, businesses, and even philanthropies step back from Sustainable Development, others all over the world are stepping up their efforts.",Reinvesting 5 per cent of global military spending would also exceed the initial annual costs of adapting to climate change in developing countries (Goal 13).,0_14,0_24,,No Relationship,No Relationship,Support,No Relationship
"Even as some countries, businesses, and even philanthropies step back from Sustainable Development, others all over the world are stepping up their efforts.","In 2024, through the adoption of the Pact for the Future, UN member states raised their concerns about the potential impact that the global increase in military spending could have on sustainable development (Action 13).",0_14,0_25,,No Relationship,Attack,Support,Support
"Even as some countries, businesses, and even philanthropies step back from Sustainable Development, others all over the world are stepping up their efforts.","They requested the Secretary-General establish, by the end of the current (79th) session, an analysis of the impact specifically on the achievement of the SDGs.",0_14,0_26,,No Relationship,No Relationship,Support,Support
"Even as some countries, businesses, and even philanthropies step back from Sustainable Development, others all over the world are stepping up their efforts.",The 2030 Agenda stipulates that:,0_14,0_27,,No Relationship,No Relationship,Support,Support
"Even as some countries, businesses, and even philanthropies step back from Sustainable Development, others all over the world are stepping up their efforts.","nation-states, which remain at the heart of the multilateral system, must be held accountable for upholding the values and principles of the UN Charter and for advancing the SDGs – our shared global vision for sustainable development.",0_14,0_28,,No Relationship,No Relationship,Support,Support
"And as always, the 2000+ universities in the UN Sustainable Development Solutions Network pledge their best efforts to support governments, business, and civil society to build the future we need and want.","Although every UN member state has a country profile, only those with less than 20 percent missing data receive an SDG Index score and rank.",0_15,0_16,,No Relationship,No Relationship,No Relationship,Support
"And as always, the 2000+ universities in the UN Sustainable Development Solutions Network pledge their best efforts to support governments, business, and civil society to build the future we need and want.",Leveraging GIS and EO technologies to inform long-term investment and poli cy pathways for the SDGs at all levels will remain a key focus of research at the SDSN and SDG Transformation Center in the coming years.,0_15,0_17,,No Relationship,No Relationship,Support,Support
"And as always, the 2000+ universities in the UN Sustainable Development Solutions Network pledge their best efforts to support governments, business, and civil society to build the future we need and want.","Via unsustainable consumption, the export of toxic waste, illicit trade, unfair tax competition, tax havens and, more generally, poor implementation of SDG 17 (Partnerships for the Goals – including support for UN-based multilateralism), countries can, however, generate negative international spillovers.",0_15,0_18,,No Relationship,No Relationship,Attack,Support
"And as always, the 2000+ universities in the UN Sustainable Development Solutions Network pledge their best efforts to support governments, business, and civil society to build the future we need and want.","We will redouble our efforts to build and sustain peaceful, inclusive and just societies and address the root causes of conflicts.",0_15,0_19,,No Relationship,No Relationship,Support,Support
"And as always, the 2000+ universities in the UN Sustainable Development Solutions Network pledge their best efforts to support governments, business, and civil society to build the future we need and want.","We will transform global governance and reinvigorate the multilateral system to tackle the challenges, and seize the opportunities, of today and tomorrow.",0_15,0_20,,No Relationship,No Relationship,Support,Support
"And as always, the 2000+ universities in the UN Sustainable Development Solutions Network pledge their best efforts to support governments, business, and civil society to build the future we need and want.","Since 2016, more than 400 Voluntary National Reviews (VNRs) have been presented.",0_15,0_21,,No Relationship,No Relationship,No Relationship,No Relationship
"And as always, the 2000+ universities in the UN Sustainable Development Solutions Network pledge their best efforts to support governments, business, and civil society to build the future we need and want.",3. Commitment to the SDGs,0_15,0_22,,No Relationship,No Relationship,Support,Rephrase
"And as always, the 2000+ universities in the UN Sustainable Development Solutions Network pledge their best efforts to support governments, business, and civil society to build the future we need and want.","Through its 17 Sustainable Development Goals, the Agenda sets out a road map to end hunger, protect the planet, achieve gender equality, improve health and more.",0_15,0_23,,No Relationship,No Relationship,Support,Support
"And as always, the 2000+ universities in the UN Sustainable Development Solutions Network pledge their best efforts to support governments, business, and civil society to build the future we need and want.",Reinvesting 5 per cent of global military spending would also exceed the initial annual costs of adapting to climate change in developing countries (Goal 13).,0_15,0_24,,No Relationship,No Relationship,No Relationship,No Relationship
"And as always, the 2000+ universities in the UN Sustainable Development Solutions Network pledge their best efforts to support governments, business, and civil society to build the future we need and want.","In 2024, through the adoption of the Pact for the Future, UN member states raised their concerns about the potential impact that the global increase in military spending could have on sustainable development (Action 13).",0_15,0_25,,No Relationship,Attack,Support,Support
"And as always, the 2000+ universities in the UN Sustainable Development Solutions Network pledge their best efforts to support governments, business, and civil society to build the future we need and want.","They requested the Secretary-General establish, by the end of the current (79th) session, an analysis of the impact specifically on the achievement of the SDGs.",0_15,0_26,,No Relationship,Attack,No Relationship,Support
"And as always, the 2000+ universities in the UN Sustainable Development Solutions Network pledge their best efforts to support governments, business, and civil society to build the future we need and want.",The 2030 Agenda stipulates that:,0_15,0_27,,No Relationship,No Relationship,No Relationship,Support
"And as always, the 2000+ universities in the UN Sustainable Development Solutions Network pledge their best efforts to support governments, business, and civil society to build the future we need and want.","nation-states, which remain at the heart of the multilateral system, must be held accountable for upholding the values and principles of the UN Charter and for advancing the SDGs – our shared global vision for sustainable development.",0_15,0_28,,No Relationship,No Relationship,Support,Support
"Although every UN member state has a country profile, only those with less than 20 percent missing data receive an SDG Index score and rank.",Leveraging GIS and EO technologies to inform long-term investment and poli cy pathways for the SDGs at all levels will remain a key focus of research at the SDSN and SDG Transformation Center in the coming years.,0_16,0_17,,No Relationship,No Relationship,Support,Support
"Although every UN member state has a country profile, only those with less than 20 percent missing data receive an SDG Index score and rank.","Via unsustainable consumption, the export of toxic waste, illicit trade, unfair tax competition, tax havens and, more generally, poor implementation of SDG 17 (Partnerships for the Goals – including support for UN-based multilateralism), countries can, however, generate negative international spillovers.",0_16,0_18,,No Relationship,No Relationship,Attack,Support
"Although every UN member state has a country profile, only those with less than 20 percent missing data receive an SDG Index score and rank.","We will redouble our efforts to build and sustain peaceful, inclusive and just societies and address the root causes of conflicts.",0_16,0_19,,No Relationship,No Relationship,Support,Support
"Although every UN member state has a country profile, only those with less than 20 percent missing data receive an SDG Index score and rank.","We will transform global governance and reinvigorate the multilateral system to tackle the challenges, and seize the opportunities, of today and tomorrow.",0_16,0_20,,No Relationship,No Relationship,Support,Support
"Although every UN member state has a country profile, only those with less than 20 percent missing data receive an SDG Index score and rank.","Since 2016, more than 400 Voluntary National Reviews (VNRs) have been presented.",0_16,0_21,,No Relationship,No Relationship,No Relationship,No Relationship
"Although every UN member state has a country profile, only those with less than 20 percent missing data receive an SDG Index score and rank.",3. Commitment to the SDGs,0_16,0_22,,No Relationship,No Relationship,No Relationship,Support
"Although every UN member state has a country profile, only those with less than 20 percent missing data receive an SDG Index score and rank.","Through its 17 Sustainable Development Goals, the Agenda sets out a road map to end hunger, protect the planet, achieve gender equality, improve health and more.",0_16,0_23,,No Relationship,No Relationship,Support,Support
"Although every UN member state has a country profile, only those with less than 20 percent missing data receive an SDG Index score and rank.",Reinvesting 5 per cent of global military spending would also exceed the initial annual costs of adapting to climate change in developing countries (Goal 13).,0_16,0_24,,No Relationship,No Relationship,No Relationship,No Relationship
"Although every UN member state has a country profile, only those with less than 20 percent missing data receive an SDG Index score and rank.","In 2024, through the adoption of the Pact for the Future, UN member states raised their concerns about the potential impact that the global increase in military spending could have on sustainable development (Action 13).",0_16,0_25,,No Relationship,No Relationship,No Relationship,Support
"Although every UN member state has a country profile, only those with less than 20 percent missing data receive an SDG Index score and rank.","They requested the Secretary-General establish, by the end of the current (79th) session, an analysis of the impact specifically on the achievement of the SDGs.",0_16,0_26,,No Relationship,No Relationship,No Relationship,Support
"Although every UN member state has a country profile, only those with less than 20 percent missing data receive an SDG Index score and rank.",The 2030 Agenda stipulates that:,0_16,0_27,,No Relationship,No Relationship,No Relationship,Support
"Although every UN member state has a country profile, only those with less than 20 percent missing data receive an SDG Index score and rank.","nation-states, which remain at the heart of the multilateral system, must be held accountable for upholding the values and principles of the UN Charter and for advancing the SDGs – our shared global vision for sustainable development.",0_16,0_28,,No Relationship,No Relationship,Support,Support
Leveraging GIS and EO technologies to inform long-term investment and poli cy pathways for the SDGs at all levels will remain a key focus of research at the SDSN and SDG Transformation Center in the coming years.,"Via unsustainable consumption, the export of toxic waste, illicit trade, unfair tax competition, tax havens and, more generally, poor implementation of SDG 17 (Partnerships for the Goals – including support for UN-based multilateralism), countries can, however, generate negative international spillovers.",0_17,0_18,,No Relationship,No Relationship,Attack,No Relationship
Leveraging GIS and EO technologies to inform long-term investment and poli cy pathways for the SDGs at all levels will remain a key focus of research at the SDSN and SDG Transformation Center in the coming years.,"We will redouble our efforts to build and sustain peaceful, inclusive and just societies and address the root causes of conflicts.",0_17,0_19,,No Relationship,No Relationship,Support,No Relationship
Leveraging GIS and EO technologies to inform long-term investment and poli cy pathways for the SDGs at all levels will remain a key focus of research at the SDSN and SDG Transformation Center in the coming years.,"We will transform global governance and reinvigorate the multilateral system to tackle the challenges, and seize the opportunities, of today and tomorrow.",0_17,0_20,,No Relationship,No Relationship,Support,Support
Leveraging GIS and EO technologies to inform long-term investment and poli cy pathways for the SDGs at all levels will remain a key focus of research at the SDSN and SDG Transformation Center in the coming years.,"Since 2016, more than 400 Voluntary National Reviews (VNRs) have been presented.",0_17,0_21,,No Relationship,No Relationship,No Relationship,No Relationship
Leveraging GIS and EO technologies to inform long-term investment and poli cy pathways for the SDGs at all levels will remain a key focus of research at the SDSN and SDG Transformation Center in the coming years.,3. Commitment to the SDGs,0_17,0_22,,No Relationship,No Relationship,Support,Support
Leveraging GIS and EO technologies to inform long-term investment and poli cy pathways for the SDGs at all levels will remain a key focus of research at the SDSN and SDG Transformation Center in the coming years.,"Through its 17 Sustainable Development Goals, the Agenda sets out a road map to end hunger, protect the planet, achieve gender equality, improve health and more.",0_17,0_23,,No Relationship,No Relationship,Support,Support
Leveraging GIS and EO technologies to inform long-term investment and poli cy pathways for the SDGs at all levels will remain a key focus of research at the SDSN and SDG Transformation Center in the coming years.,Reinvesting 5 per cent of global military spending would also exceed the initial annual costs of adapting to climate change in developing countries (Goal 13).,0_17,0_24,,No Relationship,No Relationship,No Relationship,No Relationship
Leveraging GIS and EO technologies to inform long-term investment and poli cy pathways for the SDGs at all levels will remain a key focus of research at the SDSN and SDG Transformation Center in the coming years.,"In 2024, through the adoption of the Pact for the Future, UN member states raised their concerns about the potential impact that the global increase in military spending could have on sustainable development (Action 13).",0_17,0_25,,No Relationship,No Relationship,Support,No Relationship
Leveraging GIS and EO technologies to inform long-term investment and poli cy pathways for the SDGs at all levels will remain a key focus of research at the SDSN and SDG Transformation Center in the coming years.,"They requested the Secretary-General establish, by the end of the current (79th) session, an analysis of the impact specifically on the achievement of the SDGs.",0_17,0_26,,No Relationship,No Relationship,No Relationship,Support
Leveraging GIS and EO technologies to inform long-term investment and poli cy pathways for the SDGs at all levels will remain a key focus of research at the SDSN and SDG Transformation Center in the coming years.,The 2030 Agenda stipulates that:,0_17,0_27,,No Relationship,No Relationship,No Relationship,Support
Leveraging GIS and EO technologies to inform long-term investment and poli cy pathways for the SDGs at all levels will remain a key focus of research at the SDSN and SDG Transformation Center in the coming years.,"nation-states, which remain at the heart of the multilateral system, must be held accountable for upholding the values and principles of the UN Charter and for advancing the SDGs – our shared global vision for sustainable development.",0_17,0_28,,No Relationship,No Relationship,Support,Support
"Via unsustainable consumption, the export of toxic waste, illicit trade, unfair tax competition, tax havens and, more generally, poor implementation of SDG 17 (Partnerships for the Goals – including support for UN-based multilateralism), countries can, however, generate negative international spillovers.","We will redouble our efforts to build and sustain peaceful, inclusive and just societies and address the root causes of conflicts.",0_18,0_19,,No Relationship,No Relationship,No Relationship,Support
"Via unsustainable consumption, the export of toxic waste, illicit trade, unfair tax competition, tax havens and, more generally, poor implementation of SDG 17 (Partnerships for the Goals – including support for UN-based multilateralism), countries can, however, generate negative international spillovers.","We will transform global governance and reinvigorate the multilateral system to tackle the challenges, and seize the opportunities, of today and tomorrow.",0_18,0_20,,No Relationship,No Relationship,No Relationship,Support
"Via unsustainable consumption, the export of toxic waste, illicit trade, unfair tax competition, tax havens and, more generally, poor implementation of SDG 17 (Partnerships for the Goals – including support for UN-based multilateralism), countries can, however, generate negative international spillovers.","Since 2016, more than 400 Voluntary National Reviews (VNRs) have been presented.",0_18,0_21,,No Relationship,No Relationship,No Relationship,No Relationship
"Via unsustainable consumption, the export of toxic waste, illicit trade, unfair tax competition, tax havens and, more generally, poor implementation of SDG 17 (Partnerships for the Goals – including support for UN-based multilateralism), countries can, however, generate negative international spillovers.",3. Commitment to the SDGs,0_18,0_22,,No Relationship,No Relationship,No Relationship,Support
"Via unsustainable consumption, the export of toxic waste, illicit trade, unfair tax competition, tax havens and, more generally, poor implementation of SDG 17 (Partnerships for the Goals – including support for UN-based multilateralism), countries can, however, generate negative international spillovers.","Through its 17 Sustainable Development Goals, the Agenda sets out a road map to end hunger, protect the planet, achieve gender equality, improve health and more.",0_18,0_23,,No Relationship,No Relationship,Support,Support
"Via unsustainable consumption, the export of toxic waste, illicit trade, unfair tax competition, tax havens and, more generally, poor implementation of SDG 17 (Partnerships for the Goals – including support for UN-based multilateralism), countries can, however, generate negative international spillovers.",Reinvesting 5 per cent of global military spending would also exceed the initial annual costs of adapting to climate change in developing countries (Goal 13).,0_18,0_24,,No Relationship,No Relationship,No Relationship,Support
"Via unsustainable consumption, the export of toxic waste, illicit trade, unfair tax competition, tax havens and, more generally, poor implementation of SDG 17 (Partnerships for the Goals – including support for UN-based multilateralism), countries can, however, generate negative international spillovers.","In 2024, through the adoption of the Pact for the Future, UN member states raised their concerns about the potential impact that the global increase in military spending could have on sustainable development (Action 13).",0_18,0_25,,No Relationship,No Relationship,Support,Support
"Via unsustainable consumption, the export of toxic waste, illicit trade, unfair tax competition, tax havens and, more generally, poor implementation of SDG 17 (Partnerships for the Goals – including support for UN-based multilateralism), countries can, however, generate negative international spillovers.","They requested the Secretary-General establish, by the end of the current (79th) session, an analysis of the impact specifically on the achievement of the SDGs.",0_18,0_26,,No Relationship,No Relationship,No Relationship,Support
"Via unsustainable consumption, the export of toxic waste, illicit trade, unfair tax competition, tax havens and, more generally, poor implementation of SDG 17 (Partnerships for the Goals – including support for UN-based multilateralism), countries can, however, generate negative international spillovers.",The 2030 Agenda stipulates that:,0_18,0_27,,No Relationship,No Relationship,No Relationship,Support
"Via unsustainable consumption, the export of toxic waste, illicit trade, unfair tax competition, tax havens and, more generally, poor implementation of SDG 17 (Partnerships for the Goals – including support for UN-based multilateralism), countries can, however, generate negative international spillovers.","nation-states, which remain at the heart of the multilateral system, must be held accountable for upholding the values and principles of the UN Charter and for advancing the SDGs – our shared global vision for sustainable development.",0_18,0_28,,No Relationship,No Relationship,Support,Support
"We will redouble our efforts to build and sustain peaceful, inclusive and just societies and address the root causes of conflicts.","We will transform global governance and reinvigorate the multilateral system to tackle the challenges, and seize the opportunities, of today and tomorrow.",0_19,0_20,,No Relationship,No Relationship,Support,Support
"We will redouble our efforts to build and sustain peaceful, inclusive and just societies and address the root causes of conflicts.","Since 2016, more than 400 Voluntary National Reviews (VNRs) have been presented.",0_19,0_21,,No Relationship,No Relationship,Support,No Relationship
"We will redouble our efforts to build and sustain peaceful, inclusive and just societies and address the root causes of conflicts.",3. Commitment to the SDGs,0_19,0_22,,No Relationship,No Relationship,Support,Support
"We will redouble our efforts to build and sustain peaceful, inclusive and just societies and address the root causes of conflicts.","Through its 17 Sustainable Development Goals, the Agenda sets out a road map to end hunger, protect the planet, achieve gender equality, improve health and more.",0_19,0_23,,No Relationship,No Relationship,Support,Support
"We will redouble our efforts to build and sustain peaceful, inclusive and just societies and address the root causes of conflicts.",Reinvesting 5 per cent of global military spending would also exceed the initial annual costs of adapting to climate change in developing countries (Goal 13).,0_19,0_24,,No Relationship,No Relationship,No Relationship,No Relationship
"We will redouble our efforts to build and sustain peaceful, inclusive and just societies and address the root causes of conflicts.","In 2024, through the adoption of the Pact for the Future, UN member states raised their concerns about the potential impact that the global increase in military spending could have on sustainable development (Action 13).",0_19,0_25,,No Relationship,No Relationship,Support,Support
"We will redouble our efforts to build and sustain peaceful, inclusive and just societies and address the root causes of conflicts.","They requested the Secretary-General establish, by the end of the current (79th) session, an analysis of the impact specifically on the achievement of the SDGs.",0_19,0_26,,No Relationship,No Relationship,No Relationship,Support
"We will redouble our efforts to build and sustain peaceful, inclusive and just societies and address the root causes of conflicts.",The 2030 Agenda stipulates that:,0_19,0_27,,No Relationship,No Relationship,Support,Support
"We will redouble our efforts to build and sustain peaceful, inclusive and just societies and address the root causes of conflicts.","nation-states, which remain at the heart of the multilateral system, must be held accountable for upholding the values and principles of the UN Charter and for advancing the SDGs – our shared global vision for sustainable development.",0_19,0_28,,No Relationship,No Relationship,Support,Support
"We will transform global governance and reinvigorate the multilateral system to tackle the challenges, and seize the opportunities, of today and tomorrow.","Since 2016, more than 400 Voluntary National Reviews (VNRs) have been presented.",0_20,0_21,,No Relationship,No Relationship,Support,No Relationship
"We will transform global governance and reinvigorate the multilateral system to tackle the challenges, and seize the opportunities, of today and tomorrow.",3. Commitment to the SDGs,0_20,0_22,,No Relationship,No Relationship,Support,Support
"We will transform global governance and reinvigorate the multilateral system to tackle the challenges, and seize the opportunities, of today and tomorrow.","Through its 17 Sustainable Development Goals, the Agenda sets out a road map to end hunger, protect the planet, achieve gender equality, improve health and more.",0_20,0_23,,No Relationship,No Relationship,Support,Support
"We will transform global governance and reinvigorate the multilateral system to tackle the challenges, and seize the opportunities, of today and tomorrow.",Reinvesting 5 per cent of global military spending would also exceed the initial annual costs of adapting to climate change in developing countries (Goal 13).,0_20,0_24,,No Relationship,No Relationship,No Relationship,No Relationship
"We will transform global governance and reinvigorate the multilateral system to tackle the challenges, and seize the opportunities, of today and tomorrow.","In 2024, through the adoption of the Pact for the Future, UN member states raised their concerns about the potential impact that the global increase in military spending could have on sustainable development (Action 13).",0_20,0_25,,No Relationship,No Relationship,Support,Support
"We will transform global governance and reinvigorate the multilateral system to tackle the challenges, and seize the opportunities, of today and tomorrow.","They requested the Secretary-General establish, by the end of the current (79th) session, an analysis of the impact specifically on the achievement of the SDGs.",0_20,0_26,,No Relationship,No Relationship,No Relationship,Support
"We will transform global governance and reinvigorate the multilateral system to tackle the challenges, and seize the opportunities, of today and tomorrow.",The 2030 Agenda stipulates that:,0_20,0_27,,No Relationship,No Relationship,Support,Support
"We will transform global governance and reinvigorate the multilateral system to tackle the challenges, and seize the opportunities, of today and tomorrow.","nation-states, which remain at the heart of the multilateral system, must be held accountable for upholding the values and principles of the UN Charter and for advancing the SDGs – our shared global vision for sustainable development.",0_20,0_28,,No Relationship,No Relationship,Support,Support
"Since 2016, more than 400 Voluntary National Reviews (VNRs) have been presented.",3. Commitment to the SDGs,0_21,0_22,,No Relationship,No Relationship,No Relationship,No Relationship
"Since 2016, more than 400 Voluntary National Reviews (VNRs) have been presented.","Through its 17 Sustainable Development Goals, the Agenda sets out a road map to end hunger, protect the planet, achieve gender equality, improve health and more.",0_21,0_23,,No Relationship,No Relationship,Support,No Relationship
"Since 2016, more than 400 Voluntary National Reviews (VNRs) have been presented.",Reinvesting 5 per cent of global military spending would also exceed the initial annual costs of adapting to climate change in developing countries (Goal 13).,0_21,0_24,,No Relationship,No Relationship,No Relationship,No Relationship
"Since 2016, more than 400 Voluntary National Reviews (VNRs) have been presented.","In 2024, through the adoption of the Pact for the Future, UN member states raised their concerns about the potential impact that the global increase in military spending could have on sustainable development (Action 13).",0_21,0_25,,No Relationship,No Relationship,No Relationship,No Relationship
"Since 2016, more than 400 Voluntary National Reviews (VNRs) have been presented.","They requested the Secretary-General establish, by the end of the current (79th) session, an analysis of the impact specifically on the achievement of the SDGs.",0_21,0_26,,No Relationship,No Relationship,No Relationship,Support
"Since 2016, more than 400 Voluntary National Reviews (VNRs) have been presented.",The 2030 Agenda stipulates that:,0_21,0_27,,No Relationship,No Relationship,No Relationship,No Relationship
"Since 2016, more than 400 Voluntary National Reviews (VNRs) have been presented.","nation-states, which remain at the heart of the multilateral system, must be held accountable for upholding the values and principles of the UN Charter and for advancing the SDGs – our shared global vision for sustainable development.",0_21,0_28,,No Relationship,No Relationship,Support,No Relationship
3. Commitment to the SDGs,"Through its 17 Sustainable Development Goals, the Agenda sets out a road map to end hunger, protect the planet, achieve gender equality, improve health and more.",0_22,0_23,,No Relationship,No Relationship,Support,Rephrase
3. Commitment to the SDGs,Reinvesting 5 per cent of global military spending would also exceed the initial annual costs of adapting to climate change in developing countries (Goal 13).,0_22,0_24,,No Relationship,No Relationship,No Relationship,No Relationship
3. Commitment to the SDGs,"In 2024, through the adoption of the Pact for the Future, UN member states raised their concerns about the potential impact that the global increase in military spending could have on sustainable development (Action 13).",0_22,0_25,,No Relationship,Attack,Support,Support
3. Commitment to the SDGs,"They requested the Secretary-General establish, by the end of the current (79th) session, an analysis of the impact specifically on the achievement of the SDGs.",0_22,0_26,,No Relationship,No Relationship,No Relationship,Support
3. Commitment to the SDGs,The 2030 Agenda stipulates that:,0_22,0_27,,No Relationship,No Relationship,No Relationship,Rephrase
3. Commitment to the SDGs,"nation-states, which remain at the heart of the multilateral system, must be held accountable for upholding the values and principles of the UN Charter and for advancing the SDGs – our shared global vision for sustainable development.",0_22,0_28,,No Relationship,No Relationship,Support,Support
"Through its 17 Sustainable Development Goals, the Agenda sets out a road map to end hunger, protect the planet, achieve gender equality, improve health and more.",Reinvesting 5 per cent of global military spending would also exceed the initial annual costs of adapting to climate change in developing countries (Goal 13).,0_23,0_24,,No Relationship,No Relationship,No Relationship,Support
"Through its 17 Sustainable Development Goals, the Agenda sets out a road map to end hunger, protect the planet, achieve gender equality, improve health and more.","In 2024, through the adoption of the Pact for the Future, UN member states raised their concerns about the potential impact that the global increase in military spending could have on sustainable development (Action 13).",0_23,0_25,,No Relationship,No Relationship,Support,Support
"Through its 17 Sustainable Development Goals, the Agenda sets out a road map to end hunger, protect the planet, achieve gender equality, improve health and more.","They requested the Secretary-General establish, by the end of the current (79th) session, an analysis of the impact specifically on the achievement of the SDGs.",0_23,0_26,,No Relationship,No Relationship,No Relationship,Support
"Through its 17 Sustainable Development Goals, the Agenda sets out a road map to end hunger, protect the planet, achieve gender equality, improve health and more.",The 2030 Agenda stipulates that:,0_23,0_27,,No Relationship,No Relationship,Support,Support
"Through its 17 Sustainable Development Goals, the Agenda sets out a road map to end hunger, protect the planet, achieve gender equality, improve health and more.","nation-states, which remain at the heart of the multilateral system, must be held accountable for upholding the values and principles of the UN Charter and for advancing the SDGs – our shared global vision for sustainable development.",0_23,0_28,,No Relationship,No Relationship,Support,Support
Reinvesting 5 per cent of global military spending would also exceed the initial annual costs of adapting to climate change in developing countries (Goal 13).,"In 2024, through the adoption of the Pact for the Future, UN member states raised their concerns about the potential impact that the global increase in military spending could have on sustainable development (Action 13).",0_24,0_25,,No Relationship,No Relationship,No Relationship,Rephrase
Reinvesting 5 per cent of global military spending would also exceed the initial annual costs of adapting to climate change in developing countries (Goal 13).,"They requested the Secretary-General establish, by the end of the current (79th) session, an analysis of the impact specifically on the achievement of the SDGs.",0_24,0_26,,No Relationship,No Relationship,No Relationship,Support
Reinvesting 5 per cent of global military spending would also exceed the initial annual costs of adapting to climate change in developing countries (Goal 13).,The 2030 Agenda stipulates that:,0_24,0_27,,No Relationship,No Relationship,No Relationship,Support
Reinvesting 5 per cent of global military spending would also exceed the initial annual costs of adapting to climate change in developing countries (Goal 13).,"nation-states, which remain at the heart of the multilateral system, must be held accountable for upholding the values and principles of the UN Charter and for advancing the SDGs – our shared global vision for sustainable development.",0_24,0_28,,No Relationship,No Relationship,Support,No Relationship
"In 2024, through the adoption of the Pact for the Future, UN member states raised their concerns about the potential impact that the global increase in military spending could have on sustainable development (Action 13).","They requested the Secretary-General establish, by the end of the current (79th) session, an analysis of the impact specifically on the achievement of the SDGs.",0_25,0_26,,No Relationship,No Relationship,No Relationship,Support
"In 2024, through the adoption of the Pact for the Future, UN member states raised their concerns about the potential impact that the global increase in military spending could have on sustainable development (Action 13).",The 2030 Agenda stipulates that:,0_25,0_27,,No Relationship,Attack,No Relationship,Support
"In 2024, through the adoption of the Pact for the Future, UN member states raised their concerns about the potential impact that the global increase in military spending could have on sustainable development (Action 13).","nation-states, which remain at the heart of the multilateral system, must be held accountable for upholding the values and principles of the UN Charter and for advancing the SDGs – our shared global vision for sustainable development.",0_25,0_28,,No Relationship,No Relationship,Support,Support
"They requested the Secretary-General establish, by the end of the current (79th) session, an analysis of the impact specifically on the achievement of the SDGs.",The 2030 Agenda stipulates that:,0_26,0_27,,No Relationship,No Relationship,No Relationship,No Relationship
"They requested the Secretary-General establish, by the end of the current (79th) session, an analysis of the impact specifically on the achievement of the SDGs.","nation-states, which remain at the heart of the multilateral system, must be held accountable for upholding the values and principles of the UN Charter and for advancing the SDGs – our shared global vision for sustainable development.",0_26,0_28,,No Relationship,No Relationship,Support,Support
The 2030 Agenda stipulates that:,"nation-states, which remain at the heart of the multilateral system, must be held accountable for upholding the values and principles of the UN Charter and for advancing the SDGs – our shared global vision for sustainable development.",0_27,0_28,,No Relationship,No Relationship,Support,Support
the high-income countries have delayed critical increases in International Monetary Fund quotas and Special Drawing Rights allocations.,"the upcoming Fourth International Conference on Financing for Development (FfD4), in Seville, Spain from June 30 – July 3, 2025, should send a message of hope that humanity’s global goals to end poverty and contain the climate emergency are within reach.",1_0,1_1,,No Relationship,No Relationship,Support,Attack
the high-income countries have delayed critical increases in International Monetary Fund quotas and Special Drawing Rights allocations.,"We recall with alarm, sadness, and determination that some 250 million children are out of school because of the poverty of their societies, an estimated 733 million people struggle with chronic hunger, and roughly a third of humanity cannot afford a healthy diet.",1_0,1_2,,No Relationship,No Relationship,No Relationship,Support
the high-income countries have delayed critical increases in International Monetary Fund quotas and Special Drawing Rights allocations.,"Sound international finance could and would channel long-term grants and loans to the poorest nations, allowing governments to ensure that all children receive the start in life they need and are enabled to achieve higher earnings in the future, so creating the very means for countries to repay international debts.",1_0,1_3,,No Relationship,No Relationship,Support,Support
the high-income countries have delayed critical increases in International Monetary Fund quotas and Special Drawing Rights allocations.,"For the millions of out-of-school, poor children living in middle-income countries, domestic financing and accountable governance can ensure that even the poorest within these societies have access to health, nutrition, and quality education.",1_0,1_4,,No Relationship,No Relationship,Support,Support
the high-income countries have delayed critical increases in International Monetary Fund quotas and Special Drawing Rights allocations.,"We emphasize, therefore, that the most important practical problem facing UN members at FfD4 is how to enable the vast US$30 trillion pool of world savings to flow in much larger amounts to where they are most in need: to low-income and lower-middle income countries and those most vulnerable to global environmental shocks, and to the poorest people within all countries.",1_0,1_5,,No Relationship,No Relationship,Support,Support
the high-income countries have delayed critical increases in International Monetary Fund quotas and Special Drawing Rights allocations.,"A 3-year-old child in Uganda today, if suitably enabled, empowered, and financed, will graduate university in 20 years.",1_0,1_6,,No Relationship,No Relationship,No Relationship,No Relationship
the high-income countries have delayed critical increases in International Monetary Fund quotas and Special Drawing Rights allocations.,"If we really wish to prepare a path to peace in our world, let us commit ourselves to remedying the remote causes of injustice, settling unjust and unpayable debts, and feeding the hungry.",1_0,1_7,,No Relationship,No Relationship,Support,Support
the high-income countries have delayed critical increases in International Monetary Fund quotas and Special Drawing Rights allocations.,"In addressing poverty, the most important ethical principle is to co-create solutions: we should act with the poor, not merely for the poor.",1_0,1_8,,No Relationship,No Relationship,Support,No Relationship
the high-income countries have delayed critical increases in International Monetary Fund quotas and Special Drawing Rights allocations.,Smallholder farmers in rural areas constitute roughly three-quarters of those living in extreme income poverty and over 83 percent of multidimensionally poor people.,1_0,1_9,,No Relationship,No Relationship,No Relationship,No Relationship
the high-income countries have delayed critical increases in International Monetary Fund quotas and Special Drawing Rights allocations.,"Since 2016, SDG financing from official sources has received remarkably short shrift.",1_0,1_10,,No Relationship,No Relationship,No Relationship,Support
the high-income countries have delayed critical increases in International Monetary Fund quotas and Special Drawing Rights allocations.,"And creditor nations have failed to establish fair and equitable standards of debt restructuring to prevent poor and vulnerable countries from being strangled by debt servicing, exacerbated by short and insufficient maturities of the debts.",1_0,1_11,,No Relationship,No Relationship,Attack,Support
the high-income countries have delayed critical increases in International Monetary Fund quotas and Special Drawing Rights allocations.,This is not the case today.,1_0,1_12,,No Relationship,No Relationship,No Relationship,No Relationship
the high-income countries have delayed critical increases in International Monetary Fund quotas and Special Drawing Rights allocations.,"The international financial markets are led by faulty regulations and policies to favor countries that use the major international currencies, notably the US dollar and the euro, as well as countries already favored by the US Federal Reserve and the European Central Bank.",1_0,1_13,,No Relationship,No Relationship,Attack,Support
the high-income countries have delayed critical increases in International Monetary Fund quotas and Special Drawing Rights allocations.,"The IMF and the World Bank also fail to recognize the crucial positive role of long-term debt financing for development, instead favoring a debt sustainability system that discourages or even bars the long-term financing of infrastructure and human capital in poorer countries.",1_0,1_14,,No Relationship,No Relationship,Attack,Support
the high-income countries have delayed critical increases in International Monetary Fund quotas and Special Drawing Rights allocations.,"Even as some countries, businesses, and even philanthropies step back from Sustainable Development, others all over the world are stepping up their efforts.",1_0,1_15,,No Relationship,No Relationship,No Relationship,Support
"the upcoming Fourth International Conference on Financing for Development (FfD4), in Seville, Spain from June 30 – July 3, 2025, should send a message of hope that humanity’s global goals to end poverty and contain the climate emergency are within reach.","We recall with alarm, sadness, and determination that some 250 million children are out of school because of the poverty of their societies, an estimated 733 million people struggle with chronic hunger, and roughly a third of humanity cannot afford a healthy diet.",1_1,1_2,,No Relationship,No Relationship,Support,Support
"the upcoming Fourth International Conference on Financing for Development (FfD4), in Seville, Spain from June 30 – July 3, 2025, should send a message of hope that humanity’s global goals to end poverty and contain the climate emergency are within reach.","Sound international finance could and would channel long-term grants and loans to the poorest nations, allowing governments to ensure that all children receive the start in life they need and are enabled to achieve higher earnings in the future, so creating the very means for countries to repay international debts.",1_1,1_3,,No Relationship,No Relationship,Support,Support
"the upcoming Fourth International Conference on Financing for Development (FfD4), in Seville, Spain from June 30 – July 3, 2025, should send a message of hope that humanity’s global goals to end poverty and contain the climate emergency are within reach.","For the millions of out-of-school, poor children living in middle-income countries, domestic financing and accountable governance can ensure that even the poorest within these societies have access to health, nutrition, and quality education.",1_1,1_4,,No Relationship,No Relationship,Support,Support
"the upcoming Fourth International Conference on Financing for Development (FfD4), in Seville, Spain from June 30 – July 3, 2025, should send a message of hope that humanity’s global goals to end poverty and contain the climate emergency are within reach.","We emphasize, therefore, that the most important practical problem facing UN members at FfD4 is how to enable the vast US$30 trillion pool of world savings to flow in much larger amounts to where they are most in need: to low-income and lower-middle income countries and those most vulnerable to global environmental shocks, and to the poorest people within all countries.",1_1,1_5,,No Relationship,No Relationship,Support,Support
"the upcoming Fourth International Conference on Financing for Development (FfD4), in Seville, Spain from June 30 – July 3, 2025, should send a message of hope that humanity’s global goals to end poverty and contain the climate emergency are within reach.","A 3-year-old child in Uganda today, if suitably enabled, empowered, and financed, will graduate university in 20 years.",1_1,1_6,,No Relationship,No Relationship,No Relationship,Support
"the upcoming Fourth International Conference on Financing for Development (FfD4), in Seville, Spain from June 30 – July 3, 2025, should send a message of hope that humanity’s global goals to end poverty and contain the climate emergency are within reach.","If we really wish to prepare a path to peace in our world, let us commit ourselves to remedying the remote causes of injustice, settling unjust and unpayable debts, and feeding the hungry.",1_1,1_7,,No Relationship,No Relationship,Support,Support
"the upcoming Fourth International Conference on Financing for Development (FfD4), in Seville, Spain from June 30 – July 3, 2025, should send a message of hope that humanity’s global goals to end poverty and contain the climate emergency are within reach.","In addressing poverty, the most important ethical principle is to co-create solutions: we should act with the poor, not merely for the poor.",1_1,1_8,,No Relationship,No Relationship,Support,Support
"the upcoming Fourth International Conference on Financing for Development (FfD4), in Seville, Spain from June 30 – July 3, 2025, should send a message of hope that humanity’s global goals to end poverty and contain the climate emergency are within reach.",Smallholder farmers in rural areas constitute roughly three-quarters of those living in extreme income poverty and over 83 percent of multidimensionally poor people.,1_1,1_9,,No Relationship,No Relationship,Support,Support
"the upcoming Fourth International Conference on Financing for Development (FfD4), in Seville, Spain from June 30 – July 3, 2025, should send a message of hope that humanity’s global goals to end poverty and contain the climate emergency are within reach.","Since 2016, SDG financing from official sources has received remarkably short shrift.",1_1,1_10,,No Relationship,No Relationship,Support,Attack
"the upcoming Fourth International Conference on Financing for Development (FfD4), in Seville, Spain from June 30 – July 3, 2025, should send a message of hope that humanity’s global goals to end poverty and contain the climate emergency are within reach.","And creditor nations have failed to establish fair and equitable standards of debt restructuring to prevent poor and vulnerable countries from being strangled by debt servicing, exacerbated by short and insufficient maturities of the debts.",1_1,1_11,,No Relationship,No Relationship,Support,No Relationship
"the upcoming Fourth International Conference on Financing for Development (FfD4), in Seville, Spain from June 30 – July 3, 2025, should send a message of hope that humanity’s global goals to end poverty and contain the climate emergency are within reach.",This is not the case today.,1_1,1_12,,No Relationship,No Relationship,No Relationship,No Relationship
"the upcoming Fourth International Conference on Financing for Development (FfD4), in Seville, Spain from June 30 – July 3, 2025, should send a message of hope that humanity’s global goals to end poverty and contain the climate emergency are within reach.","The international financial markets are led by faulty regulations and policies to favor countries that use the major international currencies, notably the US dollar and the euro, as well as countries already favored by the US Federal Reserve and the European Central Bank.",1_1,1_13,,No Relationship,No Relationship,No Relationship,No Relationship
"the upcoming Fourth International Conference on Financing for Development (FfD4), in Seville, Spain from June 30 – July 3, 2025, should send a message of hope that humanity’s global goals to end poverty and contain the climate emergency are within reach.","The IMF and the World Bank also fail to recognize the crucial positive role of long-term debt financing for development, instead favoring a debt sustainability system that discourages or even bars the long-term financing of infrastructure and human capital in poorer countries.",1_1,1_14,,No Relationship,No Relationship,No Relationship,Attack
"the upcoming Fourth International Conference on Financing for Development (FfD4), in Seville, Spain from June 30 – July 3, 2025, should send a message of hope that humanity’s global goals to end poverty and contain the climate emergency are within reach.","Even as some countries, businesses, and even philanthropies step back from Sustainable Development, others all over the world are stepping up their efforts.",1_1,1_15,,No Relationship,No Relationship,Support,Support
"We recall with alarm, sadness, and determination that some 250 million children are out of school because of the poverty of their societies, an estimated 733 million people struggle with chronic hunger, and roughly a third of humanity cannot afford a healthy diet.","Sound international finance could and would channel long-term grants and loans to the poorest nations, allowing governments to ensure that all children receive the start in life they need and are enabled to achieve higher earnings in the future, so creating the very means for countries to repay international debts.",1_2,1_3,,No Relationship,No Relationship,Support,Support
"We recall with alarm, sadness, and determination that some 250 million children are out of school because of the poverty of their societies, an estimated 733 million people struggle with chronic hunger, and roughly a third of humanity cannot afford a healthy diet.","For the millions of out-of-school, poor children living in middle-income countries, domestic financing and accountable governance can ensure that even the poorest within these societies have access to health, nutrition, and quality education.",1_2,1_4,,No Relationship,No Relationship,Support,Support
"We recall with alarm, sadness, and determination that some 250 million children are out of school because of the poverty of their societies, an estimated 733 million people struggle with chronic hunger, and roughly a third of humanity cannot afford a healthy diet.","We emphasize, therefore, that the most important practical problem facing UN members at FfD4 is how to enable the vast US$30 trillion pool of world savings to flow in much larger amounts to where they are most in need: to low-income and lower-middle income countries and those most vulnerable to global environmental shocks, and to the poorest people within all countries.",1_2,1_5,,No Relationship,No Relationship,Support,Support
"We recall with alarm, sadness, and determination that some 250 million children are out of school because of the poverty of their societies, an estimated 733 million people struggle with chronic hunger, and roughly a third of humanity cannot afford a healthy diet.","A 3-year-old child in Uganda today, if suitably enabled, empowered, and financed, will graduate university in 20 years.",1_2,1_6,,No Relationship,Attack,No Relationship,Support
"We recall with alarm, sadness, and determination that some 250 million children are out of school because of the poverty of their societies, an estimated 733 million people struggle with chronic hunger, and roughly a third of humanity cannot afford a healthy diet.","If we really wish to prepare a path to peace in our world, let us commit ourselves to remedying the remote causes of injustice, settling unjust and unpayable debts, and feeding the hungry.",1_2,1_7,,No Relationship,No Relationship,Support,Support
"We recall with alarm, sadness, and determination that some 250 million children are out of school because of the poverty of their societies, an estimated 733 million people struggle with chronic hunger, and roughly a third of humanity cannot afford a healthy diet.","In addressing poverty, the most important ethical principle is to co-create solutions: we should act with the poor, not merely for the poor.",1_2,1_8,,No Relationship,No Relationship,Support,Support
"We recall with alarm, sadness, and determination that some 250 million children are out of school because of the poverty of their societies, an estimated 733 million people struggle with chronic hunger, and roughly a third of humanity cannot afford a healthy diet.",Smallholder farmers in rural areas constitute roughly three-quarters of those living in extreme income poverty and over 83 percent of multidimensionally poor people.,1_2,1_9,,No Relationship,No Relationship,No Relationship,Support
"We recall with alarm, sadness, and determination that some 250 million children are out of school because of the poverty of their societies, an estimated 733 million people struggle with chronic hunger, and roughly a third of humanity cannot afford a healthy diet.","Since 2016, SDG financing from official sources has received remarkably short shrift.",1_2,1_10,,No Relationship,No Relationship,No Relationship,Support
"We recall with alarm, sadness, and determination that some 250 million children are out of school because of the poverty of their societies, an estimated 733 million people struggle with chronic hunger, and roughly a third of humanity cannot afford a healthy diet.","And creditor nations have failed to establish fair and equitable standards of debt restructuring to prevent poor and vulnerable countries from being strangled by debt servicing, exacerbated by short and insufficient maturities of the debts.",1_2,1_11,,No Relationship,No Relationship,Support,Support
"We recall with alarm, sadness, and determination that some 250 million children are out of school because of the poverty of their societies, an estimated 733 million people struggle with chronic hunger, and roughly a third of humanity cannot afford a healthy diet.",This is not the case today.,1_2,1_12,,No Relationship,Attack,No Relationship,Support
"We recall with alarm, sadness, and determination that some 250 million children are out of school because of the poverty of their societies, an estimated 733 million people struggle with chronic hunger, and roughly a third of humanity cannot afford a healthy diet.","The international financial markets are led by faulty regulations and policies to favor countries that use the major international currencies, notably the US dollar and the euro, as well as countries already favored by the US Federal Reserve and the European Central Bank.",1_2,1_13,,No Relationship,No Relationship,No Relationship,No Relationship
"We recall with alarm, sadness, and determination that some 250 million children are out of school because of the poverty of their societies, an estimated 733 million people struggle with chronic hunger, and roughly a third of humanity cannot afford a healthy diet.","The IMF and the World Bank also fail to recognize the crucial positive role of long-term debt financing for development, instead favoring a debt sustainability system that discourages or even bars the long-term financing of infrastructure and human capital in poorer countries.",1_2,1_14,,No Relationship,No Relationship,Attack,Support
"We recall with alarm, sadness, and determination that some 250 million children are out of school because of the poverty of their societies, an estimated 733 million people struggle with chronic hunger, and roughly a third of humanity cannot afford a healthy diet.","Even as some countries, businesses, and even philanthropies step back from Sustainable Development, others all over the world are stepping up their efforts.",1_2,1_15,,No Relationship,No Relationship,Support,Support
"Sound international finance could and would channel long-term grants and loans to the poorest nations, allowing governments to ensure that all children receive the start in life they need and are enabled to achieve higher earnings in the future, so creating the very means for countries to repay international debts.","For the millions of out-of-school, poor children living in middle-income countries, domestic financing and accountable governance can ensure that even the poorest within these societies have access to health, nutrition, and quality education.",1_3,1_4,,No Relationship,Attack,Support,Support
"Sound international finance could and would channel long-term grants and loans to the poorest nations, allowing governments to ensure that all children receive the start in life they need and are enabled to achieve higher earnings in the future, so creating the very means for countries to repay international debts.","We emphasize, therefore, that the most important practical problem facing UN members at FfD4 is how to enable the vast US$30 trillion pool of world savings to flow in much larger amounts to where they are most in need: to low-income and lower-middle income countries and those most vulnerable to global environmental shocks, and to the poorest people within all countries.",1_3,1_5,,No Relationship,No Relationship,Support,Support
"Sound international finance could and would channel long-term grants and loans to the poorest nations, allowing governments to ensure that all children receive the start in life they need and are enabled to achieve higher earnings in the future, so creating the very means for countries to repay international debts.","A 3-year-old child in Uganda today, if suitably enabled, empowered, and financed, will graduate university in 20 years.",1_3,1_6,,No Relationship,No Relationship,Support,Support
"Sound international finance could and would channel long-term grants and loans to the poorest nations, allowing governments to ensure that all children receive the start in life they need and are enabled to achieve higher earnings in the future, so creating the very means for countries to repay international debts.","If we really wish to prepare a path to peace in our world, let us commit ourselves to remedying the remote causes of injustice, settling unjust and unpayable debts, and feeding the hungry.",1_3,1_7,,No Relationship,No Relationship,Support,Support
"Sound international finance could and would channel long-term grants and loans to the poorest nations, allowing governments to ensure that all children receive the start in life they need and are enabled to achieve higher earnings in the future, so creating the very means for countries to repay international debts.","In addressing poverty, the most important ethical principle is to co-create solutions: we should act with the poor, not merely for the poor.",1_3,1_8,,No Relationship,No Relationship,Support,Support
"Sound international finance could and would channel long-term grants and loans to the poorest nations, allowing governments to ensure that all children receive the start in life they need and are enabled to achieve higher earnings in the future, so creating the very means for countries to repay international debts.",Smallholder farmers in rural areas constitute roughly three-quarters of those living in extreme income poverty and over 83 percent of multidimensionally poor people.,1_3,1_9,,No Relationship,No Relationship,No Relationship,No Relationship
"Sound international finance could and would channel long-term grants and loans to the poorest nations, allowing governments to ensure that all children receive the start in life they need and are enabled to achieve higher earnings in the future, so creating the very means for countries to repay international debts.","Since 2016, SDG financing from official sources has received remarkably short shrift.",1_3,1_10,,No Relationship,No Relationship,Support,Support
"Sound international finance could and would channel long-term grants and loans to the poorest nations, allowing governments to ensure that all children receive the start in life they need and are enabled to achieve higher earnings in the future, so creating the very means for countries to repay international debts.","And creditor nations have failed to establish fair and equitable standards of debt restructuring to prevent poor and vulnerable countries from being strangled by debt servicing, exacerbated by short and insufficient maturities of the debts.",1_3,1_11,,No Relationship,No Relationship,Attack,Attack
"Sound international finance could and would channel long-term grants and loans to the poorest nations, allowing governments to ensure that all children receive the start in life they need and are enabled to achieve higher earnings in the future, so creating the very means for countries to repay international debts.",This is not the case today.,1_3,1_12,,No Relationship,No Relationship,No Relationship,No Relationship
"Sound international finance could and would channel long-term grants and loans to the poorest nations, allowing governments to ensure that all children receive the start in life they need and are enabled to achieve higher earnings in the future, so creating the very means for countries to repay international debts.","The international financial markets are led by faulty regulations and policies to favor countries that use the major international currencies, notably the US dollar and the euro, as well as countries already favored by the US Federal Reserve and the European Central Bank.",1_3,1_13,,No Relationship,No Relationship,No Relationship,No Relationship
"Sound international finance could and would channel long-term grants and loans to the poorest nations, allowing governments to ensure that all children receive the start in life they need and are enabled to achieve higher earnings in the future, so creating the very means for countries to repay international debts.","The IMF and the World Bank also fail to recognize the crucial positive role of long-term debt financing for development, instead favoring a debt sustainability system that discourages or even bars the long-term financing of infrastructure and human capital in poorer countries.",1_3,1_14,,No Relationship,No Relationship,Attack,Attack
"Sound international finance could and would channel long-term grants and loans to the poorest nations, allowing governments to ensure that all children receive the start in life they need and are enabled to achieve higher earnings in the future, so creating the very means for countries to repay international debts.","Even as some countries, businesses, and even philanthropies step back from Sustainable Development, others all over the world are stepping up their efforts.",1_3,1_15,,No Relationship,No Relationship,Support,Support
"For the millions of out-of-school, poor children living in middle-income countries, domestic financing and accountable governance can ensure that even the poorest within these societies have access to health, nutrition, and quality education.","We emphasize, therefore, that the most important practical problem facing UN members at FfD4 is how to enable the vast US$30 trillion pool of world savings to flow in much larger amounts to where they are most in need: to low-income and lower-middle income countries and those most vulnerable to global environmental shocks, and to the poorest people within all countries.",1_4,1_5,,No Relationship,No Relationship,Support,Support
"For the millions of out-of-school, poor children living in middle-income countries, domestic financing and accountable governance can ensure that even the poorest within these societies have access to health, nutrition, and quality education.","A 3-year-old child in Uganda today, if suitably enabled, empowered, and financed, will graduate university in 20 years.",1_4,1_6,,No Relationship,No Relationship,Support,Support
"For the millions of out-of-school, poor children living in middle-income countries, domestic financing and accountable governance can ensure that even the poorest within these societies have access to health, nutrition, and quality education.","If we really wish to prepare a path to peace in our world, let us commit ourselves to remedying the remote causes of injustice, settling unjust and unpayable debts, and feeding the hungry.",1_4,1_7,,No Relationship,No Relationship,Support,Support
"For the millions of out-of-school, poor children living in middle-income countries, domestic financing and accountable governance can ensure that even the poorest within these societies have access to health, nutrition, and quality education.","In addressing poverty, the most important ethical principle is to co-create solutions: we should act with the poor, not merely for the poor.",1_4,1_8,,No Relationship,No Relationship,Support,Support
"For the millions of out-of-school, poor children living in middle-income countries, domestic financing and accountable governance can ensure that even the poorest within these societies have access to health, nutrition, and quality education.",Smallholder farmers in rural areas constitute roughly three-quarters of those living in extreme income poverty and over 83 percent of multidimensionally poor people.,1_4,1_9,,No Relationship,No Relationship,Support,Support
"For the millions of out-of-school, poor children living in middle-income countries, domestic financing and accountable governance can ensure that even the poorest within these societies have access to health, nutrition, and quality education.","Since 2016, SDG financing from official sources has received remarkably short shrift.",1_4,1_10,,No Relationship,No Relationship,Support,Support
"For the millions of out-of-school, poor children living in middle-income countries, domestic financing and accountable governance can ensure that even the poorest within these societies have access to health, nutrition, and quality education.","And creditor nations have failed to establish fair and equitable standards of debt restructuring to prevent poor and vulnerable countries from being strangled by debt servicing, exacerbated by short and insufficient maturities of the debts.",1_4,1_11,,No Relationship,No Relationship,Support,Support
"For the millions of out-of-school, poor children living in middle-income countries, domestic financing and accountable governance can ensure that even the poorest within these societies have access to health, nutrition, and quality education.",This is not the case today.,1_4,1_12,,No Relationship,No Relationship,No Relationship,No Relationship
"For the millions of out-of-school, poor children living in middle-income countries, domestic financing and accountable governance can ensure that even the poorest within these societies have access to health, nutrition, and quality education.","The international financial markets are led by faulty regulations and policies to favor countries that use the major international currencies, notably the US dollar and the euro, as well as countries already favored by the US Federal Reserve and the European Central Bank.",1_4,1_13,,No Relationship,No Relationship,No Relationship,No Relationship
"For the millions of out-of-school, poor children living in middle-income countries, domestic financing and accountable governance can ensure that even the poorest within these societies have access to health, nutrition, and quality education.","The IMF and the World Bank also fail to recognize the crucial positive role of long-term debt financing for development, instead favoring a debt sustainability system that discourages or even bars the long-term financing of infrastructure and human capital in poorer countries.",1_4,1_14,,No Relationship,No Relationship,No Relationship,Support
"For the millions of out-of-school, poor children living in middle-income countries, domestic financing and accountable governance can ensure that even the poorest within these societies have access to health, nutrition, and quality education.","Even as some countries, businesses, and even philanthropies step back from Sustainable Development, others all over the world are stepping up their efforts.",1_4,1_15,,No Relationship,No Relationship,Support,Support
"We emphasize, therefore, that the most important practical problem facing UN members at FfD4 is how to enable the vast US$30 trillion pool of world savings to flow in much larger amounts to where they are most in need: to low-income and lower-middle income countries and those most vulnerable to global environmental shocks, and to the poorest people within all countries.","A 3-year-old child in Uganda today, if suitably enabled, empowered, and financed, will graduate university in 20 years.",1_5,1_6,,No Relationship,No Relationship,No Relationship,No Relationship
"We emphasize, therefore, that the most important practical problem facing UN members at FfD4 is how to enable the vast US$30 trillion pool of world savings to flow in much larger amounts to where they are most in need: to low-income and lower-middle income countries and those most vulnerable to global environmental shocks, and to the poorest people within all countries.","If we really wish to prepare a path to peace in our world, let us commit ourselves to remedying the remote causes of injustice, settling unjust and unpayable debts, and feeding the hungry.",1_5,1_7,,No Relationship,No Relationship,Support,Support
"We emphasize, therefore, that the most important practical problem facing UN members at FfD4 is how to enable the vast US$30 trillion pool of world savings to flow in much larger amounts to where they are most in need: to low-income and lower-middle income countries and those most vulnerable to global environmental shocks, and to the poorest people within all countries.","In addressing poverty, the most important ethical principle is to co-create solutions: we should act with the poor, not merely for the poor.",1_5,1_8,,No Relationship,No Relationship,Support,Support
"We emphasize, therefore, that the most important practical problem facing UN members at FfD4 is how to enable the vast US$30 trillion pool of world savings to flow in much larger amounts to where they are most in need: to low-income and lower-middle income countries and those most vulnerable to global environmental shocks, and to the poorest people within all countries.",Smallholder farmers in rural areas constitute roughly three-quarters of those living in extreme income poverty and over 83 percent of multidimensionally poor people.,1_5,1_9,,No Relationship,No Relationship,No Relationship,No Relationship
"We emphasize, therefore, that the most important practical problem facing UN members at FfD4 is how to enable the vast US$30 trillion pool of world savings to flow in much larger amounts to where they are most in need: to low-income and lower-middle income countries and those most vulnerable to global environmental shocks, and to the poorest people within all countries.","Since 2016, SDG financing from official sources has received remarkably short shrift.",1_5,1_10,,No Relationship,No Relationship,No Relationship,Support
"We emphasize, therefore, that the most important practical problem facing UN members at FfD4 is how to enable the vast US$30 trillion pool of world savings to flow in much larger amounts to where they are most in need: to low-income and lower-middle income countries and those most vulnerable to global environmental shocks, and to the poorest people within all countries.","And creditor nations have failed to establish fair and equitable standards of debt restructuring to prevent poor and vulnerable countries from being strangled by debt servicing, exacerbated by short and insufficient maturities of the debts.",1_5,1_11,,No Relationship,No Relationship,Support,Support
"We emphasize, therefore, that the most important practical problem facing UN members at FfD4 is how to enable the vast US$30 trillion pool of world savings to flow in much larger amounts to where they are most in need: to low-income and lower-middle income countries and those most vulnerable to global environmental shocks, and to the poorest people within all countries.",This is not the case today.,1_5,1_12,,No Relationship,No Relationship,No Relationship,No Relationship
"We emphasize, therefore, that the most important practical problem facing UN members at FfD4 is how to enable the vast US$30 trillion pool of world savings to flow in much larger amounts to where they are most in need: to low-income and lower-middle income countries and those most vulnerable to global environmental shocks, and to the poorest people within all countries.","The international financial markets are led by faulty regulations and policies to favor countries that use the major international currencies, notably the US dollar and the euro, as well as countries already favored by the US Federal Reserve and the European Central Bank.",1_5,1_13,,No Relationship,No Relationship,No Relationship,No Relationship
"We emphasize, therefore, that the most important practical problem facing UN members at FfD4 is how to enable the vast US$30 trillion pool of world savings to flow in much larger amounts to where they are most in need: to low-income and lower-middle income countries and those most vulnerable to global environmental shocks, and to the poorest people within all countries.","The IMF and the World Bank also fail to recognize the crucial positive role of long-term debt financing for development, instead favoring a debt sustainability system that discourages or even bars the long-term financing of infrastructure and human capital in poorer countries.",1_5,1_14,,No Relationship,No Relationship,No Relationship,Support
"We emphasize, therefore, that the most important practical problem facing UN members at FfD4 is how to enable the vast US$30 trillion pool of world savings to flow in much larger amounts to where they are most in need: to low-income and lower-middle income countries and those most vulnerable to global environmental shocks, and to the poorest people within all countries.","Even as some countries, businesses, and even philanthropies step back from Sustainable Development, others all over the world are stepping up their efforts.",1_5,1_15,,No Relationship,No Relationship,Support,Support
"A 3-year-old child in Uganda today, if suitably enabled, empowered, and financed, will graduate university in 20 years.","If we really wish to prepare a path to peace in our world, let us commit ourselves to remedying the remote causes of injustice, settling unjust and unpayable debts, and feeding the hungry.",1_6,1_7,,No Relationship,No Relationship,Support,No Relationship
"A 3-year-old child in Uganda today, if suitably enabled, empowered, and financed, will graduate university in 20 years.","In addressing poverty, the most important ethical principle is to co-create solutions: we should act with the poor, not merely for the poor.",1_6,1_8,,No Relationship,No Relationship,Support,Support
"A 3-year-old child in Uganda today, if suitably enabled, empowered, and financed, will graduate university in 20 years.",Smallholder farmers in rural areas constitute roughly three-quarters of those living in extreme income poverty and over 83 percent of multidimensionally poor people.,1_6,1_9,,No Relationship,No Relationship,No Relationship,No Relationship
"A 3-year-old child in Uganda today, if suitably enabled, empowered, and financed, will graduate university in 20 years.","Since 2016, SDG financing from official sources has received remarkably short shrift.",1_6,1_10,,No Relationship,No Relationship,No Relationship,No Relationship
"A 3-year-old child in Uganda today, if suitably enabled, empowered, and financed, will graduate university in 20 years.","And creditor nations have failed to establish fair and equitable standards of debt restructuring to prevent poor and vulnerable countries from being strangled by debt servicing, exacerbated by short and insufficient maturities of the debts.",1_6,1_11,,No Relationship,No Relationship,No Relationship,No Relationship
"A 3-year-old child in Uganda today, if suitably enabled, empowered, and financed, will graduate university in 20 years.",This is not the case today.,1_6,1_12,,No Relationship,No Relationship,No Relationship,Support
"A 3-year-old child in Uganda today, if suitably enabled, empowered, and financed, will graduate university in 20 years.","The international financial markets are led by faulty regulations and policies to favor countries that use the major international currencies, notably the US dollar and the euro, as well as countries already favored by the US Federal Reserve and the European Central Bank.",1_6,1_13,,No Relationship,No Relationship,No Relationship,No Relationship
"A 3-year-old child in Uganda today, if suitably enabled, empowered, and financed, will graduate university in 20 years.","The IMF and the World Bank also fail to recognize the crucial positive role of long-term debt financing for development, instead favoring a debt sustainability system that discourages or even bars the long-term financing of infrastructure and human capital in poorer countries.",1_6,1_14,,No Relationship,No Relationship,No Relationship,Support
"A 3-year-old child in Uganda today, if suitably enabled, empowered, and financed, will graduate university in 20 years.","Even as some countries, businesses, and even philanthropies step back from Sustainable Development, others all over the world are stepping up their efforts.",1_6,1_15,,No Relationship,No Relationship,No Relationship,Support
"If we really wish to prepare a path to peace in our world, let us commit ourselves to remedying the remote causes of injustice, settling unjust and unpayable debts, and feeding the hungry.","In addressing poverty, the most important ethical principle is to co-create solutions: we should act with the poor, not merely for the poor.",1_7,1_8,,No Relationship,No Relationship,Support,Support
"If we really wish to prepare a path to peace in our world, let us commit ourselves to remedying the remote causes of injustice, settling unjust and unpayable debts, and feeding the hungry.",Smallholder farmers in rural areas constitute roughly three-quarters of those living in extreme income poverty and over 83 percent of multidimensionally poor people.,1_7,1_9,,No Relationship,No Relationship,Support,No Relationship
"If we really wish to prepare a path to peace in our world, let us commit ourselves to remedying the remote causes of injustice, settling unjust and unpayable debts, and feeding the hungry.","Since 2016, SDG financing from official sources has received remarkably short shrift.",1_7,1_10,,No Relationship,No Relationship,No Relationship,No Relationship
"If we really wish to prepare a path to peace in our world, let us commit ourselves to remedying the remote causes of injustice, settling unjust and unpayable debts, and feeding the hungry.","And creditor nations have failed to establish fair and equitable standards of debt restructuring to prevent poor and vulnerable countries from being strangled by debt servicing, exacerbated by short and insufficient maturities of the debts.",1_7,1_11,,No Relationship,No Relationship,Support,Support
"If we really wish to prepare a path to peace in our world, let us commit ourselves to remedying the remote causes of injustice, settling unjust and unpayable debts, and feeding the hungry.",This is not the case today.,1_7,1_12,,No Relationship,No Relationship,No Relationship,No Relationship
"If we really wish to prepare a path to peace in our world, let us commit ourselves to remedying the remote causes of injustice, settling unjust and unpayable debts, and feeding the hungry.","The international financial markets are led by faulty regulations and policies to favor countries that use the major international currencies, notably the US dollar and the euro, as well as countries already favored by the US Federal Reserve and the European Central Bank.",1_7,1_13,,No Relationship,No Relationship,No Relationship,No Relationship
"If we really wish to prepare a path to peace in our world, let us commit ourselves to remedying the remote causes of injustice, settling unjust and unpayable debts, and feeding the hungry.","The IMF and the World Bank also fail to recognize the crucial positive role of long-term debt financing for development, instead favoring a debt sustainability system that discourages or even bars the long-term financing of infrastructure and human capital in poorer countries.",1_7,1_14,,No Relationship,No Relationship,No Relationship,Support
"If we really wish to prepare a path to peace in our world, let us commit ourselves to remedying the remote causes of injustice, settling unjust and unpayable debts, and feeding the hungry.","Even as some countries, businesses, and even philanthropies step back from Sustainable Development, others all over the world are stepping up their efforts.",1_7,1_15,,No Relationship,No Relationship,Support,Support
"In addressing poverty, the most important ethical principle is to co-create solutions: we should act with the poor, not merely for the poor.",Smallholder farmers in rural areas constitute roughly three-quarters of those living in extreme income poverty and over 83 percent of multidimensionally poor people.,1_8,1_9,,No Relationship,No Relationship,Support,Support
"In addressing poverty, the most important ethical principle is to co-create solutions: we should act with the poor, not merely for the poor.","Since 2016, SDG financing from official sources has received remarkably short shrift.",1_8,1_10,,No Relationship,No Relationship,No Relationship,No Relationship
"In addressing poverty, the most important ethical principle is to co-create solutions: we should act with the poor, not merely for the poor.","And creditor nations have failed to establish fair and equitable standards of debt restructuring to prevent poor and vulnerable countries from being strangled by debt servicing, exacerbated by short and insufficient maturities of the debts.",1_8,1_11,,No Relationship,No Relationship,Support,No Relationship
"In addressing poverty, the most important ethical principle is to co-create solutions: we should act with the poor, not merely for the poor.",This is not the case today.,1_8,1_12,,No Relationship,No Relationship,No Relationship,No Relationship
"In addressing poverty, the most important ethical principle is to co-create solutions: we should act with the poor, not merely for the poor.","The international financial markets are led by faulty regulations and policies to favor countries that use the major international currencies, notably the US dollar and the euro, as well as countries already favored by the US Federal Reserve and the European Central Bank.",1_8,1_13,,No Relationship,No Relationship,No Relationship,No Relationship
"In addressing poverty, the most important ethical principle is to co-create solutions: we should act with the poor, not merely for the poor.","The IMF and the World Bank also fail to recognize the crucial positive role of long-term debt financing for development, instead favoring a debt sustainability system that discourages or even bars the long-term financing of infrastructure and human capital in poorer countries.",1_8,1_14,,No Relationship,No Relationship,No Relationship,Support
"In addressing poverty, the most important ethical principle is to co-create solutions: we should act with the poor, not merely for the poor.","Even as some countries, businesses, and even philanthropies step back from Sustainable Development, others all over the world are stepping up their efforts.",1_8,1_15,,No Relationship,No Relationship,Support,Support
Smallholder farmers in rural areas constitute roughly three-quarters of those living in extreme income poverty and over 83 percent of multidimensionally poor people.,"Since 2016, SDG financing from official sources has received remarkably short shrift.",1_9,1_10,,No Relationship,No Relationship,No Relationship,No Relationship
Smallholder farmers in rural areas constitute roughly three-quarters of those living in extreme income poverty and over 83 percent of multidimensionally poor people.,"And creditor nations have failed to establish fair and equitable standards of debt restructuring to prevent poor and vulnerable countries from being strangled by debt servicing, exacerbated by short and insufficient maturities of the debts.",1_9,1_11,,No Relationship,No Relationship,Attack,No Relationship
Smallholder farmers in rural areas constitute roughly three-quarters of those living in extreme income poverty and over 83 percent of multidimensionally poor people.,This is not the case today.,1_9,1_12,,No Relationship,No Relationship,No Relationship,No Relationship
Smallholder farmers in rural areas constitute roughly three-quarters of those living in extreme income poverty and over 83 percent of multidimensionally poor people.,"The international financial markets are led by faulty regulations and policies to favor countries that use the major international currencies, notably the US dollar and the euro, as well as countries already favored by the US Federal Reserve and the European Central Bank.",1_9,1_13,,No Relationship,No Relationship,No Relationship,No Relationship
Smallholder farmers in rural areas constitute roughly three-quarters of those living in extreme income poverty and over 83 percent of multidimensionally poor people.,"The IMF and the World Bank also fail to recognize the crucial positive role of long-term debt financing for development, instead favoring a debt sustainability system that discourages or even bars the long-term financing of infrastructure and human capital in poorer countries.",1_9,1_14,,No Relationship,No Relationship,Attack,Support
Smallholder farmers in rural areas constitute roughly three-quarters of those living in extreme income poverty and over 83 percent of multidimensionally poor people.,"Even as some countries, businesses, and even philanthropies step back from Sustainable Development, others all over the world are stepping up their efforts.",1_9,1_15,,No Relationship,No Relationship,No Relationship,Support
"Since 2016, SDG financing from official sources has received remarkably short shrift.","And creditor nations have failed to establish fair and equitable standards of debt restructuring to prevent poor and vulnerable countries from being strangled by debt servicing, exacerbated by short and insufficient maturities of the debts.",1_10,1_11,,No Relationship,No Relationship,Attack,No Relationship
"Since 2016, SDG financing from official sources has received remarkably short shrift.",This is not the case today.,1_10,1_12,,No Relationship,No Relationship,No Relationship,No Relationship
"Since 2016, SDG financing from official sources has received remarkably short shrift.","The international financial markets are led by faulty regulations and policies to favor countries that use the major international currencies, notably the US dollar and the euro, as well as countries already favored by the US Federal Reserve and the European Central Bank.",1_10,1_13,,No Relationship,No Relationship,No Relationship,No Relationship
"Since 2016, SDG financing from official sources has received remarkably short shrift.","The IMF and the World Bank also fail to recognize the crucial positive role of long-term debt financing for development, instead favoring a debt sustainability system that discourages or even bars the long-term financing of infrastructure and human capital in poorer countries.",1_10,1_14,,No Relationship,No Relationship,Attack,Support
"Since 2016, SDG financing from official sources has received remarkably short shrift.","Even as some countries, businesses, and even philanthropies step back from Sustainable Development, others all over the world are stepping up their efforts.",1_10,1_15,,No Relationship,No Relationship,Support,Attack
"And creditor nations have failed to establish fair and equitable standards of debt restructuring to prevent poor and vulnerable countries from being strangled by debt servicing, exacerbated by short and insufficient maturities of the debts.",This is not the case today.,1_11,1_12,,No Relationship,No Relationship,No Relationship,Support
"And creditor nations have failed to establish fair and equitable standards of debt restructuring to prevent poor and vulnerable countries from being strangled by debt servicing, exacerbated by short and insufficient maturities of the debts.","The international financial markets are led by faulty regulations and policies to favor countries that use the major international currencies, notably the US dollar and the euro, as well as countries already favored by the US Federal Reserve and the European Central Bank.",1_11,1_13,,No Relationship,No Relationship,Attack,Support
"And creditor nations have failed to establish fair and equitable standards of debt restructuring to prevent poor and vulnerable countries from being strangled by debt servicing, exacerbated by short and insufficient maturities of the debts.","The IMF and the World Bank also fail to recognize the crucial positive role of long-term debt financing for development, instead favoring a debt sustainability system that discourages or even bars the long-term financing of infrastructure and human capital in poorer countries.",1_11,1_14,,No Relationship,No Relationship,Attack,Support
"And creditor nations have failed to establish fair and equitable standards of debt restructuring to prevent poor and vulnerable countries from being strangled by debt servicing, exacerbated by short and insufficient maturities of the debts.","Even as some countries, businesses, and even philanthropies step back from Sustainable Development, others all over the world are stepping up their efforts.",1_11,1_15,,No Relationship,Attack,Support,Support
This is not the case today.,"The international financial markets are led by faulty regulations and policies to favor countries that use the major international currencies, notably the US dollar and the euro, as well as countries already favored by the US Federal Reserve and the European Central Bank.",1_12,1_13,,No Relationship,No Relationship,No Relationship,Support
This is not the case today.,"The IMF and the World Bank also fail to recognize the crucial positive role of long-term debt financing for development, instead favoring a debt sustainability system that discourages or even bars the long-term financing of infrastructure and human capital in poorer countries.",1_12,1_14,,No Relationship,No Relationship,Support,Attack
This is not the case today.,"Even as some countries, businesses, and even philanthropies step back from Sustainable Development, others all over the world are stepping up their efforts.",1_12,1_15,,No Relationship,Attack,Support,Support
"The international financial markets are led by faulty regulations and policies to favor countries that use the major international currencies, notably the US dollar and the euro, as well as countries already favored by the US Federal Reserve and the European Central Bank.","The IMF and the World Bank also fail to recognize the crucial positive role of long-term debt financing for development, instead favoring a debt sustainability system that discourages or even bars the long-term financing of infrastructure and human capital in poorer countries.",1_13,1_14,,No Relationship,No Relationship,Attack,No Relationship
"The international financial markets are led by faulty regulations and policies to favor countries that use the major international currencies, notably the US dollar and the euro, as well as countries already favored by the US Federal Reserve and the European Central Bank.","Even as some countries, businesses, and even philanthropies step back from Sustainable Development, others all over the world are stepping up their efforts.",1_13,1_15,,No Relationship,No Relationship,No Relationship,No Relationship
"The IMF and the World Bank also fail to recognize the crucial positive role of long-term debt financing for development, instead favoring a debt sustainability system that discourages or even bars the long-term financing of infrastructure and human capital in poorer countries.","Even as some countries, businesses, and even philanthropies step back from Sustainable Development, others all over the world are stepping up their efforts.",1_14,1_15,,No Relationship,No Relationship,No Relationship,Support
roughly a third of humanity cannot afford a healthy diet,"“If we really wish to prepare a path to peace in our world, let us commit ourselves to remedying the remote causes of injustice, settling unjust and unpayable debts, and feeding the hungry.”",2_0,2_1,,No Relationship,No Relationship,Support,Support
roughly a third of humanity cannot afford a healthy diet,Smallholder farmers in rural areas constitute roughly three-quarters of those living in extreme income poverty and over 83 percent of multidimensionally poor people.,2_0,2_2,,No Relationship,No Relationship,No Relationship,Support
roughly a third of humanity cannot afford a healthy diet,"They can best be supported in their livelihoods and wellbeing by programs that raise farm outputs and incomes: those championed by the Food and Agriculture Organization, the International Fund for Agricultural Development, the World Food Programme, and related agencies.",2_0,2_3,,No Relationship,No Relationship,Support,Support
roughly a third of humanity cannot afford a healthy diet,"To align with the 2025 comprehensive review of SDG indicators, an indicator on “Minimum dietary diversity among children aged 6 months to 23 months” has been incorporated into the dataset under SDG 2 (Zero Hunger).",2_0,2_4,,No Relationship,No Relationship,No Relationship,Support
roughly a third of humanity cannot afford a healthy diet,"However, even these countries face substantial challenges in achieving several SDGs, notably SDG 2 (Zero Hunger), SDG 12 (Responsible Consumption and Production), SDG 13 (Climate Action) and SDG 15 (Life on Land), partly driven by unsustainable consumption patterns and negative international spillover effects.",2_0,2_5,,No Relationship,No Relationship,Support,Support
roughly a third of humanity cannot afford a healthy diet,"The expanded methodology covers additional key services (healthcare services, education facilities, food choices, and open public spaces) to fully assess urban pedestrian accessibility.",2_0,2_6,,No Relationship,No Relationship,No Relationship,No Relationship
"“If we really wish to prepare a path to peace in our world, let us commit ourselves to remedying the remote causes of injustice, settling unjust and unpayable debts, and feeding the hungry.”",Smallholder farmers in rural areas constitute roughly three-quarters of those living in extreme income poverty and over 83 percent of multidimensionally poor people.,2_1,2_2,,No Relationship,No Relationship,Support,No Relationship
"“If we really wish to prepare a path to peace in our world, let us commit ourselves to remedying the remote causes of injustice, settling unjust and unpayable debts, and feeding the hungry.”","They can best be supported in their livelihoods and wellbeing by programs that raise farm outputs and incomes: those championed by the Food and Agriculture Organization, the International Fund for Agricultural Development, the World Food Programme, and related agencies.",2_1,2_3,,No Relationship,No Relationship,Support,Support
"“If we really wish to prepare a path to peace in our world, let us commit ourselves to remedying the remote causes of injustice, settling unjust and unpayable debts, and feeding the hungry.”","To align with the 2025 comprehensive review of SDG indicators, an indicator on “Minimum dietary diversity among children aged 6 months to 23 months” has been incorporated into the dataset under SDG 2 (Zero Hunger).",2_1,2_4,,No Relationship,No Relationship,Support,Support
"“If we really wish to prepare a path to peace in our world, let us commit ourselves to remedying the remote causes of injustice, settling unjust and unpayable debts, and feeding the hungry.”","However, even these countries face substantial challenges in achieving several SDGs, notably SDG 2 (Zero Hunger), SDG 12 (Responsible Consumption and Production), SDG 13 (Climate Action) and SDG 15 (Life on Land), partly driven by unsustainable consumption patterns and negative international spillover effects.",2_1,2_5,,No Relationship,No Relationship,Support,Support
"“If we really wish to prepare a path to peace in our world, let us commit ourselves to remedying the remote causes of injustice, settling unjust and unpayable debts, and feeding the hungry.”","The expanded methodology covers additional key services (healthcare services, education facilities, food choices, and open public spaces) to fully assess urban pedestrian accessibility.",2_1,2_6,,No Relationship,No Relationship,No Relationship,No Relationship
Smallholder farmers in rural areas constitute roughly three-quarters of those living in extreme income poverty and over 83 percent of multidimensionally poor people.,"They can best be supported in their livelihoods and wellbeing by programs that raise farm outputs and incomes: those championed by the Food and Agriculture Organization, the International Fund for Agricultural Development, the World Food Programme, and related agencies.",2_2,2_3,,No Relationship,No Relationship,Support,Support
Smallholder farmers in rural areas constitute roughly three-quarters of those living in extreme income poverty and over 83 percent of multidimensionally poor people.,"To align with the 2025 comprehensive review of SDG indicators, an indicator on “Minimum dietary diversity among children aged 6 months to 23 months” has been incorporated into the dataset under SDG 2 (Zero Hunger).",2_2,2_4,,No Relationship,No Relationship,No Relationship,No Relationship
Smallholder farmers in rural areas constitute roughly three-quarters of those living in extreme income poverty and over 83 percent of multidimensionally poor people.,"However, even these countries face substantial challenges in achieving several SDGs, notably SDG 2 (Zero Hunger), SDG 12 (Responsible Consumption and Production), SDG 13 (Climate Action) and SDG 15 (Life on Land), partly driven by unsustainable consumption patterns and negative international spillover effects.",2_2,2_5,,No Relationship,No Relationship,Support,Support
Smallholder farmers in rural areas constitute roughly three-quarters of those living in extreme income poverty and over 83 percent of multidimensionally poor people.,"The expanded methodology covers additional key services (healthcare services, education facilities, food choices, and open public spaces) to fully assess urban pedestrian accessibility.",2_2,2_6,,No Relationship,No Relationship,No Relationship,No Relationship
"They can best be supported in their livelihoods and wellbeing by programs that raise farm outputs and incomes: those championed by the Food and Agriculture Organization, the International Fund for Agricultural Development, the World Food Programme, and related agencies.","To align with the 2025 comprehensive review of SDG indicators, an indicator on “Minimum dietary diversity among children aged 6 months to 23 months” has been incorporated into the dataset under SDG 2 (Zero Hunger).",2_3,2_4,,No Relationship,No Relationship,No Relationship,Support
"They can best be supported in their livelihoods and wellbeing by programs that raise farm outputs and incomes: those championed by the Food and Agriculture Organization, the International Fund for Agricultural Development, the World Food Programme, and related agencies.","However, even these countries face substantial challenges in achieving several SDGs, notably SDG 2 (Zero Hunger), SDG 12 (Responsible Consumption and Production), SDG 13 (Climate Action) and SDG 15 (Life on Land), partly driven by unsustainable consumption patterns and negative international spillover effects.",2_3,2_5,,No Relationship,No Relationship,Support,Support
"They can best be supported in their livelihoods and wellbeing by programs that raise farm outputs and incomes: those championed by the Food and Agriculture Organization, the International Fund for Agricultural Development, the World Food Programme, and related agencies.","The expanded methodology covers additional key services (healthcare services, education facilities, food choices, and open public spaces) to fully assess urban pedestrian accessibility.",2_3,2_6,,No Relationship,No Relationship,No Relationship,No Relationship
"To align with the 2025 comprehensive review of SDG indicators, an indicator on “Minimum dietary diversity among children aged 6 months to 23 months” has been incorporated into the dataset under SDG 2 (Zero Hunger).","However, even these countries face substantial challenges in achieving several SDGs, notably SDG 2 (Zero Hunger), SDG 12 (Responsible Consumption and Production), SDG 13 (Climate Action) and SDG 15 (Life on Land), partly driven by unsustainable consumption patterns and negative international spillover effects.",2_4,2_5,,No Relationship,No Relationship,No Relationship,Support
"To align with the 2025 comprehensive review of SDG indicators, an indicator on “Minimum dietary diversity among children aged 6 months to 23 months” has been incorporated into the dataset under SDG 2 (Zero Hunger).","The expanded methodology covers additional key services (healthcare services, education facilities, food choices, and open public spaces) to fully assess urban pedestrian accessibility.",2_4,2_6,,No Relationship,No Relationship,Support,Support
"However, even these countries face substantial challenges in achieving several SDGs, notably SDG 2 (Zero Hunger), SDG 12 (Responsible Consumption and Production), SDG 13 (Climate Action) and SDG 15 (Life on Land), partly driven by unsustainable consumption patterns and negative international spillover effects.","The expanded methodology covers additional key services (healthcare services, education facilities, food choices, and open public spaces) to fully assess urban pedestrian accessibility.",2_5,2_6,,No Relationship,No Relationship,No Relationship,No Relationship
"Education not only fosters dignity, fulfillment, and wellbeing, but also delivers remarkable and reliable economic benefits; leading economists to describe healthcare, nutrition, and education as investments in human capital.","We recall with alarm, sadness, and determination that some 250 million children are out of school because of the poverty of their societies, an estimated 733 million people struggle with chronic hunger, and roughly a third of humanity cannot afford a healthy diet.",3_0,3_1,,No Relationship,Attack,No Relationship,Support
"Education not only fosters dignity, fulfillment, and wellbeing, but also delivers remarkable and reliable economic benefits; leading economists to describe healthcare, nutrition, and education as investments in human capital.","For the millions of out-of-school, poor children living in middle-income countries, domestic financing and accountable governance can ensure that even the poorest within these societies have access to health, nutrition, and quality education.",3_0,3_2,,No Relationship,No Relationship,Support,Support
"Education not only fosters dignity, fulfillment, and wellbeing, but also delivers remarkable and reliable economic benefits; leading economists to describe healthcare, nutrition, and education as investments in human capital.",offering prospects for drug development and other stunning breakthroughs that could benefit human health and global prosperity.,3_0,3_3,,No Relationship,No Relationship,Support,Support
"Education not only fosters dignity, fulfillment, and wellbeing, but also delivers remarkable and reliable economic benefits; leading economists to describe healthcare, nutrition, and education as investments in human capital.",We emphasize their potential to enhance human wellbeing and advance the SDGs.,3_0,3_4,,No Relationship,No Relationship,Support,Support
"Education not only fosters dignity, fulfillment, and wellbeing, but also delivers remarkable and reliable economic benefits; leading economists to describe healthcare, nutrition, and education as investments in human capital.","cutting UN budgets at a time of pervasive conflicts, human displacements, climate disasters, epidemic diseases, and other crises is unacceptable.",3_0,3_5,,No Relationship,No Relationship,No Relationship,No Relationship
"Education not only fosters dignity, fulfillment, and wellbeing, but also delivers remarkable and reliable economic benefits; leading economists to describe healthcare, nutrition, and education as investments in human capital.",Under 5 mortality rate (SDG 3),3_0,3_6,,No Relationship,No Relationship,No Relationship,No Relationship
"We recall with alarm, sadness, and determination that some 250 million children are out of school because of the poverty of their societies, an estimated 733 million people struggle with chronic hunger, and roughly a third of humanity cannot afford a healthy diet.","For the millions of out-of-school, poor children living in middle-income countries, domestic financing and accountable governance can ensure that even the poorest within these societies have access to health, nutrition, and quality education.",3_1,3_2,,No Relationship,No Relationship,Support,Support
"We recall with alarm, sadness, and determination that some 250 million children are out of school because of the poverty of their societies, an estimated 733 million people struggle with chronic hunger, and roughly a third of humanity cannot afford a healthy diet.",offering prospects for drug development and other stunning breakthroughs that could benefit human health and global prosperity.,3_1,3_3,,No Relationship,Attack,Support,No Relationship
"We recall with alarm, sadness, and determination that some 250 million children are out of school because of the poverty of their societies, an estimated 733 million people struggle with chronic hunger, and roughly a third of humanity cannot afford a healthy diet.",We emphasize their potential to enhance human wellbeing and advance the SDGs.,3_1,3_4,,No Relationship,No Relationship,Support,Support
"We recall with alarm, sadness, and determination that some 250 million children are out of school because of the poverty of their societies, an estimated 733 million people struggle with chronic hunger, and roughly a third of humanity cannot afford a healthy diet.","cutting UN budgets at a time of pervasive conflicts, human displacements, climate disasters, epidemic diseases, and other crises is unacceptable.",3_1,3_5,,No Relationship,No Relationship,No Relationship,Support
"We recall with alarm, sadness, and determination that some 250 million children are out of school because of the poverty of their societies, an estimated 733 million people struggle with chronic hunger, and roughly a third of humanity cannot afford a healthy diet.",Under 5 mortality rate (SDG 3),3_1,3_6,,No Relationship,Attack,No Relationship,Support
"For the millions of out-of-school, poor children living in middle-income countries, domestic financing and accountable governance can ensure that even the poorest within these societies have access to health, nutrition, and quality education.",offering prospects for drug development and other stunning breakthroughs that could benefit human health and global prosperity.,3_2,3_3,,No Relationship,No Relationship,Support,No Relationship
"For the millions of out-of-school, poor children living in middle-income countries, domestic financing and accountable governance can ensure that even the poorest within these societies have access to health, nutrition, and quality education.",We emphasize their potential to enhance human wellbeing and advance the SDGs.,3_2,3_4,,No Relationship,No Relationship,Support,Support
"For the millions of out-of-school, poor children living in middle-income countries, domestic financing and accountable governance can ensure that even the poorest within these societies have access to health, nutrition, and quality education.","cutting UN budgets at a time of pervasive conflicts, human displacements, climate disasters, epidemic diseases, and other crises is unacceptable.",3_2,3_5,,No Relationship,No Relationship,No Relationship,Support
"For the millions of out-of-school, poor children living in middle-income countries, domestic financing and accountable governance can ensure that even the poorest within these societies have access to health, nutrition, and quality education.",Under 5 mortality rate (SDG 3),3_2,3_6,,No Relationship,No Relationship,No Relationship,No Relationship
offering prospects for drug development and other stunning breakthroughs that could benefit human health and global prosperity.,We emphasize their potential to enhance human wellbeing and advance the SDGs.,3_3,3_4,,No Relationship,No Relationship,Support,Support
offering prospects for drug development and other stunning breakthroughs that could benefit human health and global prosperity.,"cutting UN budgets at a time of pervasive conflicts, human displacements, climate disasters, epidemic diseases, and other crises is unacceptable.",3_3,3_5,,No Relationship,No Relationship,No Relationship,No Relationship
offering prospects for drug development and other stunning breakthroughs that could benefit human health and global prosperity.,Under 5 mortality rate (SDG 3),3_3,3_6,,No Relationship,No Relationship,No Relationship,No Relationship
We emphasize their potential to enhance human wellbeing and advance the SDGs.,"cutting UN budgets at a time of pervasive conflicts, human displacements, climate disasters, epidemic diseases, and other crises is unacceptable.",3_4,3_5,,No Relationship,No Relationship,No Relationship,Support
We emphasize their potential to enhance human wellbeing and advance the SDGs.,Under 5 mortality rate (SDG 3),3_4,3_6,,No Relationship,No Relationship,No Relationship,Rephrase
"cutting UN budgets at a time of pervasive conflicts, human displacements, climate disasters, epidemic diseases, and other crises is unacceptable.",Under 5 mortality rate (SDG 3),3_5,3_6,,No Relationship,No Relationship,No Relationship,No Relationship
"Education not only fosters dignity, fulfillment, and wellbeing, but also delivers remarkable and reliable economic benefits; leading economists to describe healthcare, nutrition, and education as investments in human capital.",Such investments have a huge financial payoff with perhaps a 20 percent compound annual return when they are broad-based and of good quality.,4_0,4_1,,No Relationship,No Relationship,Support,Support
"Education not only fosters dignity, fulfillment, and wellbeing, but also delivers remarkable and reliable economic benefits; leading economists to describe healthcare, nutrition, and education as investments in human capital.","The most pressing practical challenge is to enable such investments even in impoverished areas where governments currently lack the revenue to provide health services, nutritional supplementation, and quality schooling for all children.",4_0,4_2,,No Relationship,No Relationship,Support,Support
"Education not only fosters dignity, fulfillment, and wellbeing, but also delivers remarkable and reliable economic benefits; leading economists to describe healthcare, nutrition, and education as investments in human capital.","We recall with alarm, sadness, and determination that some 250 million children are out of school because of the poverty of their societies",4_0,4_3,,No Relationship,No Relationship,No Relationship,Support
"Education not only fosters dignity, fulfillment, and wellbeing, but also delivers remarkable and reliable economic benefits; leading economists to describe healthcare, nutrition, and education as investments in human capital.","For the millions of out-of-school, poor children living in middle-income countries, domestic financing and accountable governance can ensure that even the poorest within these societies have access to health, nutrition, and quality education.",4_0,4_4,,No Relationship,No Relationship,Support,Support
"Education not only fosters dignity, fulfillment, and wellbeing, but also delivers remarkable and reliable economic benefits; leading economists to describe healthcare, nutrition, and education as investments in human capital.","We also call on creditor governments to swap outstanding debts for investments in climate safety (debt-for-climate swaps), the protection of biodiversity (debt-for-nature swaps), and education (debt-for-education swaps), in line with Pope Francis’s declaration of 2025 as a Jubilee Year:",4_0,4_5,,No Relationship,No Relationship,Support,Support
"Education not only fosters dignity, fulfillment, and wellbeing, but also delivers remarkable and reliable economic benefits; leading economists to describe healthcare, nutrition, and education as investments in human capital.","Indeed, their potential economic growth and return on investment are far higher than in high-income countries.",4_0,4_6,,No Relationship,No Relationship,Support,Support
"Education not only fosters dignity, fulfillment, and wellbeing, but also delivers remarkable and reliable economic benefits; leading economists to describe healthcare, nutrition, and education as investments in human capital.","We therefore call on the IMF and the World Bank in their Debt Sustainability Framework (DSF), and to the credit rating agencies, to revamp their methodologies to take account of: the high potential growth of poorer countries if they can access the necessary financing for development; the maturity structure of loans (awarding higher credit ratings and debt-sustainability assessments to long-term loans); the quality of a country’s debt management systems; the presence of a domestic and/or international lender of last resort; and the uses of the external financing, recognizing the growth-creating benefits of high-return investments in human capital and physical infrastructure.",4_0,4_7,,No Relationship,No Relationship,Support,Support
"Education not only fosters dignity, fulfillment, and wellbeing, but also delivers remarkable and reliable economic benefits; leading economists to describe healthcare, nutrition, and education as investments in human capital.","Through network analysis, data on pedestrian infrastructure, geographically allocated places of interest, and population distribution are used to calculate the time a person would take to walk to the closest amenity.",4_0,4_8,,No Relationship,No Relationship,No Relationship,No Relationship
Such investments have a huge financial payoff with perhaps a 20 percent compound annual return when they are broad-based and of good quality.,"The most pressing practical challenge is to enable such investments even in impoverished areas where governments currently lack the revenue to provide health services, nutritional supplementation, and quality schooling for all children.",4_1,4_2,,No Relationship,No Relationship,Support,Support
Such investments have a huge financial payoff with perhaps a 20 percent compound annual return when they are broad-based and of good quality.,"We recall with alarm, sadness, and determination that some 250 million children are out of school because of the poverty of their societies",4_1,4_3,,No Relationship,No Relationship,No Relationship,No Relationship
Such investments have a huge financial payoff with perhaps a 20 percent compound annual return when they are broad-based and of good quality.,"For the millions of out-of-school, poor children living in middle-income countries, domestic financing and accountable governance can ensure that even the poorest within these societies have access to health, nutrition, and quality education.",4_1,4_4,,No Relationship,No Relationship,Support,Support
Such investments have a huge financial payoff with perhaps a 20 percent compound annual return when they are broad-based and of good quality.,"We also call on creditor governments to swap outstanding debts for investments in climate safety (debt-for-climate swaps), the protection of biodiversity (debt-for-nature swaps), and education (debt-for-education swaps), in line with Pope Francis’s declaration of 2025 as a Jubilee Year:",4_1,4_5,,No Relationship,No Relationship,Support,Support
Such investments have a huge financial payoff with perhaps a 20 percent compound annual return when they are broad-based and of good quality.,"Indeed, their potential economic growth and return on investment are far higher than in high-income countries.",4_1,4_6,,No Relationship,No Relationship,Support,Support
Such investments have a huge financial payoff with perhaps a 20 percent compound annual return when they are broad-based and of good quality.,"We therefore call on the IMF and the World Bank in their Debt Sustainability Framework (DSF), and to the credit rating agencies, to revamp their methodologies to take account of: the high potential growth of poorer countries if they can access the necessary financing for development; the maturity structure of loans (awarding higher credit ratings and debt-sustainability assessments to long-term loans); the quality of a country’s debt management systems; the presence of a domestic and/or international lender of last resort; and the uses of the external financing, recognizing the growth-creating benefits of high-return investments in human capital and physical infrastructure.",4_1,4_7,,No Relationship,No Relationship,Support,Support
Such investments have a huge financial payoff with perhaps a 20 percent compound annual return when they are broad-based and of good quality.,"Through network analysis, data on pedestrian infrastructure, geographically allocated places of interest, and population distribution are used to calculate the time a person would take to walk to the closest amenity.",4_1,4_8,,No Relationship,No Relationship,No Relationship,Support
"The most pressing practical challenge is to enable such investments even in impoverished areas where governments currently lack the revenue to provide health services, nutritional supplementation, and quality schooling for all children.","We recall with alarm, sadness, and determination that some 250 million children are out of school because of the poverty of their societies",4_2,4_3,,No Relationship,No Relationship,No Relationship,Support
"The most pressing practical challenge is to enable such investments even in impoverished areas where governments currently lack the revenue to provide health services, nutritional supplementation, and quality schooling for all children.","For the millions of out-of-school, poor children living in middle-income countries, domestic financing and accountable governance can ensure that even the poorest within these societies have access to health, nutrition, and quality education.",4_2,4_4,,No Relationship,No Relationship,Support,Support
"The most pressing practical challenge is to enable such investments even in impoverished areas where governments currently lack the revenue to provide health services, nutritional supplementation, and quality schooling for all children.","We also call on creditor governments to swap outstanding debts for investments in climate safety (debt-for-climate swaps), the protection of biodiversity (debt-for-nature swaps), and education (debt-for-education swaps), in line with Pope Francis’s declaration of 2025 as a Jubilee Year:",4_2,4_5,,No Relationship,No Relationship,Support,Support
"The most pressing practical challenge is to enable such investments even in impoverished areas where governments currently lack the revenue to provide health services, nutritional supplementation, and quality schooling for all children.","Indeed, their potential economic growth and return on investment are far higher than in high-income countries.",4_2,4_6,,No Relationship,No Relationship,Support,Support
"The most pressing practical challenge is to enable such investments even in impoverished areas where governments currently lack the revenue to provide health services, nutritional supplementation, and quality schooling for all children.","We therefore call on the IMF and the World Bank in their Debt Sustainability Framework (DSF), and to the credit rating agencies, to revamp their methodologies to take account of: the high potential growth of poorer countries if they can access the necessary financing for development; the maturity structure of loans (awarding higher credit ratings and debt-sustainability assessments to long-term loans); the quality of a country’s debt management systems; the presence of a domestic and/or international lender of last resort; and the uses of the external financing, recognizing the growth-creating benefits of high-return investments in human capital and physical infrastructure.",4_2,4_7,,No Relationship,No Relationship,Support,Support
"The most pressing practical challenge is to enable such investments even in impoverished areas where governments currently lack the revenue to provide health services, nutritional supplementation, and quality schooling for all children.","Through network analysis, data on pedestrian infrastructure, geographically allocated places of interest, and population distribution are used to calculate the time a person would take to walk to the closest amenity.",4_2,4_8,,No Relationship,No Relationship,No Relationship,No Relationship
"We recall with alarm, sadness, and determination that some 250 million children are out of school because of the poverty of their societies","For the millions of out-of-school, poor children living in middle-income countries, domestic financing and accountable governance can ensure that even the poorest within these societies have access to health, nutrition, and quality education.",4_3,4_4,,No Relationship,No Relationship,Support,Support
"We recall with alarm, sadness, and determination that some 250 million children are out of school because of the poverty of their societies","We also call on creditor governments to swap outstanding debts for investments in climate safety (debt-for-climate swaps), the protection of biodiversity (debt-for-nature swaps), and education (debt-for-education swaps), in line with Pope Francis’s declaration of 2025 as a Jubilee Year:",4_3,4_5,,No Relationship,No Relationship,Support,No Relationship
"We recall with alarm, sadness, and determination that some 250 million children are out of school because of the poverty of their societies","Indeed, their potential economic growth and return on investment are far higher than in high-income countries.",4_3,4_6,,No Relationship,No Relationship,No Relationship,No Relationship
"We recall with alarm, sadness, and determination that some 250 million children are out of school because of the poverty of their societies","We therefore call on the IMF and the World Bank in their Debt Sustainability Framework (DSF), and to the credit rating agencies, to revamp their methodologies to take account of: the high potential growth of poorer countries if they can access the necessary financing for development; the maturity structure of loans (awarding higher credit ratings and debt-sustainability assessments to long-term loans); the quality of a country’s debt management systems; the presence of a domestic and/or international lender of last resort; and the uses of the external financing, recognizing the growth-creating benefits of high-return investments in human capital and physical infrastructure.",4_3,4_7,,No Relationship,No Relationship,Support,Support
"We recall with alarm, sadness, and determination that some 250 million children are out of school because of the poverty of their societies","Through network analysis, data on pedestrian infrastructure, geographically allocated places of interest, and population distribution are used to calculate the time a person would take to walk to the closest amenity.",4_3,4_8,,No Relationship,No Relationship,No Relationship,No Relationship
"For the millions of out-of-school, poor children living in middle-income countries, domestic financing and accountable governance can ensure that even the poorest within these societies have access to health, nutrition, and quality education.","We also call on creditor governments to swap outstanding debts for investments in climate safety (debt-for-climate swaps), the protection of biodiversity (debt-for-nature swaps), and education (debt-for-education swaps), in line with Pope Francis’s declaration of 2025 as a Jubilee Year:",4_4,4_5,,No Relationship,No Relationship,Support,Support
"For the millions of out-of-school, poor children living in middle-income countries, domestic financing and accountable governance can ensure that even the poorest within these societies have access to health, nutrition, and quality education.","Indeed, their potential economic growth and return on investment are far higher than in high-income countries.",4_4,4_6,,No Relationship,No Relationship,Support,Support
"For the millions of out-of-school, poor children living in middle-income countries, domestic financing and accountable governance can ensure that even the poorest within these societies have access to health, nutrition, and quality education.","We therefore call on the IMF and the World Bank in their Debt Sustainability Framework (DSF), and to the credit rating agencies, to revamp their methodologies to take account of: the high potential growth of poorer countries if they can access the necessary financing for development; the maturity structure of loans (awarding higher credit ratings and debt-sustainability assessments to long-term loans); the quality of a country’s debt management systems; the presence of a domestic and/or international lender of last resort; and the uses of the external financing, recognizing the growth-creating benefits of high-return investments in human capital and physical infrastructure.",4_4,4_7,,No Relationship,No Relationship,Support,Support
"For the millions of out-of-school, poor children living in middle-income countries, domestic financing and accountable governance can ensure that even the poorest within these societies have access to health, nutrition, and quality education.","Through network analysis, data on pedestrian infrastructure, geographically allocated places of interest, and population distribution are used to calculate the time a person would take to walk to the closest amenity.",4_4,4_8,,No Relationship,No Relationship,No Relationship,No Relationship
"We also call on creditor governments to swap outstanding debts for investments in climate safety (debt-for-climate swaps), the protection of biodiversity (debt-for-nature swaps), and education (debt-for-education swaps), in line with Pope Francis’s declaration of 2025 as a Jubilee Year:","Indeed, their potential economic growth and return on investment are far higher than in high-income countries.",4_5,4_6,,No Relationship,No Relationship,Support,No Relationship
"We also call on creditor governments to swap outstanding debts for investments in climate safety (debt-for-climate swaps), the protection of biodiversity (debt-for-nature swaps), and education (debt-for-education swaps), in line with Pope Francis’s declaration of 2025 as a Jubilee Year:","We therefore call on the IMF and the World Bank in their Debt Sustainability Framework (DSF), and to the credit rating agencies, to revamp their methodologies to take account of: the high potential growth of poorer countries if they can access the necessary financing for development; the maturity structure of loans (awarding higher credit ratings and debt-sustainability assessments to long-term loans); the quality of a country’s debt management systems; the presence of a domestic and/or international lender of last resort; and the uses of the external financing, recognizing the growth-creating benefits of high-return investments in human capital and physical infrastructure.",4_5,4_7,,No Relationship,No Relationship,Support,Support
"We also call on creditor governments to swap outstanding debts for investments in climate safety (debt-for-climate swaps), the protection of biodiversity (debt-for-nature swaps), and education (debt-for-education swaps), in line with Pope Francis’s declaration of 2025 as a Jubilee Year:","Through network analysis, data on pedestrian infrastructure, geographically allocated places of interest, and population distribution are used to calculate the time a person would take to walk to the closest amenity.",4_5,4_8,,No Relationship,No Relationship,Support,No Relationship
"Indeed, their potential economic growth and return on investment are far higher than in high-income countries.","We therefore call on the IMF and the World Bank in their Debt Sustainability Framework (DSF), and to the credit rating agencies, to revamp their methodologies to take account of: the high potential growth of poorer countries if they can access the necessary financing for development; the maturity structure of loans (awarding higher credit ratings and debt-sustainability assessments to long-term loans); the quality of a country’s debt management systems; the presence of a domestic and/or international lender of last resort; and the uses of the external financing, recognizing the growth-creating benefits of high-return investments in human capital and physical infrastructure.",4_6,4_7,,No Relationship,No Relationship,Support,Support
"Indeed, their potential economic growth and return on investment are far higher than in high-income countries.","Through network analysis, data on pedestrian infrastructure, geographically allocated places of interest, and population distribution are used to calculate the time a person would take to walk to the closest amenity.",4_6,4_8,,No Relationship,No Relationship,No Relationship,No Relationship
"We therefore call on the IMF and the World Bank in their Debt Sustainability Framework (DSF), and to the credit rating agencies, to revamp their methodologies to take account of: the high potential growth of poorer countries if they can access the necessary financing for development; the maturity structure of loans (awarding higher credit ratings and debt-sustainability assessments to long-term loans); the quality of a country’s debt management systems; the presence of a domestic and/or international lender of last resort; and the uses of the external financing, recognizing the growth-creating benefits of high-return investments in human capital and physical infrastructure.","Through network analysis, data on pedestrian infrastructure, geographically allocated places of interest, and population distribution are used to calculate the time a person would take to walk to the closest amenity.",4_7,4_8,,No Relationship,No Relationship,No Relationship,No Relationship
"With properly functioning international financial markets associated with key institutional reforms within emerging economies to reduce investment risks and to channel investments towards economic, social, and environmental priorities, the stream of annual global savings – roughly US$30 trillion per year – will flow in a vast and rising current to meet the needs and fulfill the potential of the poorest countries.","Indeed, their potential economic growth and return on investment are far higher than in high-income countries.",8_0,8_1,,No Relationship,No Relationship,Support,Support
"With properly functioning international financial markets associated with key institutional reforms within emerging economies to reduce investment risks and to channel investments towards economic, social, and environmental priorities, the stream of annual global savings – roughly US$30 trillion per year – will flow in a vast and rising current to meet the needs and fulfill the potential of the poorest countries.","We therefore call on the IMF and the World Bank in their Debt Sustainability Framework (DSF), and to the credit rating agencies, to revamp their methodologies to take account of: the high potential growth of poorer countries if they can access the necessary financing for development; the maturity structure of loans (awarding higher credit ratings and debt-sustainability assessments to long-term loans); the quality of a country’s debt management systems; the presence of a domestic and/or international lender of last resort; and the uses of the external financing, recognizing the growth-creating benefits of high-return investments in human capital and physical infrastructure.",8_0,8_2,,No Relationship,No Relationship,Support,Support
"With properly functioning international financial markets associated with key institutional reforms within emerging economies to reduce investment risks and to channel investments towards economic, social, and environmental priorities, the stream of annual global savings – roughly US$30 trillion per year – will flow in a vast and rising current to meet the needs and fulfill the potential of the poorest countries.","We also note the importance of new private credit managers in mobilizing private-sector financing for EMDEs, either through standalone private financing or blended financing in cooperation with MDBs.",8_0,8_3,,No Relationship,No Relationship,Support,Support
"With properly functioning international financial markets associated with key institutional reforms within emerging economies to reduce investment risks and to channel investments towards economic, social, and environmental priorities, the stream of annual global savings – roughly US$30 trillion per year – will flow in a vast and rising current to meet the needs and fulfill the potential of the poorest countries.","Corporations can also play a decisive role by designing their core business strategies to empower the poorest of the poor – as workers, consumers, and citizens.",8_0,8_4,,No Relationship,No Relationship,Support,Support
"Indeed, their potential economic growth and return on investment are far higher than in high-income countries.","We therefore call on the IMF and the World Bank in their Debt Sustainability Framework (DSF), and to the credit rating agencies, to revamp their methodologies to take account of: the high potential growth of poorer countries if they can access the necessary financing for development; the maturity structure of loans (awarding higher credit ratings and debt-sustainability assessments to long-term loans); the quality of a country’s debt management systems; the presence of a domestic and/or international lender of last resort; and the uses of the external financing, recognizing the growth-creating benefits of high-return investments in human capital and physical infrastructure.",8_1,8_2,,No Relationship,No Relationship,Support,Support
"Indeed, their potential economic growth and return on investment are far higher than in high-income countries.","We also note the importance of new private credit managers in mobilizing private-sector financing for EMDEs, either through standalone private financing or blended financing in cooperation with MDBs.",8_1,8_3,,No Relationship,No Relationship,Support,Support
"Indeed, their potential economic growth and return on investment are far higher than in high-income countries.","Corporations can also play a decisive role by designing their core business strategies to empower the poorest of the poor – as workers, consumers, and citizens.",8_1,8_4,,No Relationship,No Relationship,Support,Support
"We therefore call on the IMF and the World Bank in their Debt Sustainability Framework (DSF), and to the credit rating agencies, to revamp their methodologies to take account of: the high potential growth of poorer countries if they can access the necessary financing for development; the maturity structure of loans (awarding higher credit ratings and debt-sustainability assessments to long-term loans); the quality of a country’s debt management systems; the presence of a domestic and/or international lender of last resort; and the uses of the external financing, recognizing the growth-creating benefits of high-return investments in human capital and physical infrastructure.","We also note the importance of new private credit managers in mobilizing private-sector financing for EMDEs, either through standalone private financing or blended financing in cooperation with MDBs.",8_2,8_3,,No Relationship,No Relationship,Support,Support
"We therefore call on the IMF and the World Bank in their Debt Sustainability Framework (DSF), and to the credit rating agencies, to revamp their methodologies to take account of: the high potential growth of poorer countries if they can access the necessary financing for development; the maturity structure of loans (awarding higher credit ratings and debt-sustainability assessments to long-term loans); the quality of a country’s debt management systems; the presence of a domestic and/or international lender of last resort; and the uses of the external financing, recognizing the growth-creating benefits of high-return investments in human capital and physical infrastructure.","Corporations can also play a decisive role by designing their core business strategies to empower the poorest of the poor – as workers, consumers, and citizens.",8_2,8_4,,No Relationship,No Relationship,Support,Support
"We also note the importance of new private credit managers in mobilizing private-sector financing for EMDEs, either through standalone private financing or blended financing in cooperation with MDBs.","Corporations can also play a decisive role by designing their core business strategies to empower the poorest of the poor – as workers, consumers, and citizens.",8_3,8_4,,No Relationship,No Relationship,Support,Support
"BYD, another innovative Chinese company, unveiled a system that charges electric vehicles in just five minutes, bringing the dream of convenient, low-cost and zero-emission mobility within reach.",We emphasize their potential to enhance human wellbeing and advance the SDGs.,9_0,9_1,,No Relationship,No Relationship,Support,No Relationship
"BYD, another innovative Chinese company, unveiled a system that charges electric vehicles in just five minutes, bringing the dream of convenient, low-cost and zero-emission mobility within reach.","We call on governments and policymakers to collaborate with scholars and civil society to establish legal, regulatory, and ethical frameworks to direct innovations towards the common good.",9_0,9_2,,No Relationship,No Relationship,Support,Support
"BYD, another innovative Chinese company, unveiled a system that charges electric vehicles in just five minutes, bringing the dream of convenient, low-cost and zero-emission mobility within reach.","First, to the maximum extent possible, countries should borrow in their national currencies, so that their own",9_0,9_3,,No Relationship,No Relationship,No Relationship,No Relationship
"BYD, another innovative Chinese company, unveiled a system that charges electric vehicles in just five minutes, bringing the dream of convenient, low-cost and zero-emission mobility within reach.",Less than 20 percent of the SDG targets are on track to be achieved globally (16.7 percent).,9_0,9_4,,No Relationship,No Relationship,No Relationship,No Relationship
"BYD, another innovative Chinese company, unveiled a system that charges electric vehicles in just five minutes, bringing the dream of convenient, low-cost and zero-emission mobility within reach.","The five targets most on track are: Mobile use (SDG 9), Internet use (SDG 9).",9_0,9_5,,No Relationship,No Relationship,No Relationship,No Relationship
We emphasize their potential to enhance human wellbeing and advance the SDGs.,"We call on governments and policymakers to collaborate with scholars and civil society to establish legal, regulatory, and ethical frameworks to direct innovations towards the common good.",9_1,9_2,,No Relationship,No Relationship,Support,Support
We emphasize their potential to enhance human wellbeing and advance the SDGs.,"First, to the maximum extent possible, countries should borrow in their national currencies, so that their own",9_1,9_3,,No Relationship,No Relationship,Support,Support
We emphasize their potential to enhance human wellbeing and advance the SDGs.,Less than 20 percent of the SDG targets are on track to be achieved globally (16.7 percent).,9_1,9_4,,No Relationship,No Relationship,No Relationship,Support
We emphasize their potential to enhance human wellbeing and advance the SDGs.,"The five targets most on track are: Mobile use (SDG 9), Internet use (SDG 9).",9_1,9_5,,No Relationship,No Relationship,Support,Support
"We call on governments and policymakers to collaborate with scholars and civil society to establish legal, regulatory, and ethical frameworks to direct innovations towards the common good.","First, to the maximum extent possible, countries should borrow in their national currencies, so that their own",9_2,9_3,,No Relationship,No Relationship,Support,No Relationship
"We call on governments and policymakers to collaborate with scholars and civil society to establish legal, regulatory, and ethical frameworks to direct innovations towards the common good.",Less than 20 percent of the SDG targets are on track to be achieved globally (16.7 percent).,9_2,9_4,,No Relationship,No Relationship,No Relationship,No Relationship
"We call on governments and policymakers to collaborate with scholars and civil society to establish legal, regulatory, and ethical frameworks to direct innovations towards the common good.","The five targets most on track are: Mobile use (SDG 9), Internet use (SDG 9).",9_2,9_5,,No Relationship,No Relationship,No Relationship,No Relationship
"First, to the maximum extent possible, countries should borrow in their national currencies, so that their own",Less than 20 percent of the SDG targets are on track to be achieved globally (16.7 percent).,9_3,9_4,,No Relationship,No Relationship,No Relationship,No Relationship
"First, to the maximum extent possible, countries should borrow in their national currencies, so that their own","The five targets most on track are: Mobile use (SDG 9), Internet use (SDG 9).",9_3,9_5,,No Relationship,No Relationship,No Relationship,No Relationship
Less than 20 percent of the SDG targets are on track to be achieved globally (16.7 percent).,"The five targets most on track are: Mobile use (SDG 9), Internet use (SDG 9).",9_4,9_5,,No Relationship,No Relationship,No Relationship,Support
No single member state of the United Nations can excuse itself from the responsibility to contribute fairly and adequately to the provision of global public goods and services.,"High-income member states have a special responsibility, both as a matter of distributive justice – that the rich not leave the poor behind – and as a matter of reparative justice – that those countries that contributed most to greenhouse gas emissions and other environmental harms in the past must do the most to curb their emissions in the future and to compensate the other countries for the damages their past actions have caused.",10_0,10_1,,No Relationship,No Relationship,Support,Support
No single member state of the United Nations can excuse itself from the responsibility to contribute fairly and adequately to the provision of global public goods and services.,No individual member state can shirk the demands of justice.,10_0,10_2,,No Relationship,No Relationship,Support,Rephrase
No single member state of the United Nations can excuse itself from the responsibility to contribute fairly and adequately to the provision of global public goods and services.,"We recall with alarm, sadness, and determination that some 250 million children are out of school because of the poverty of their societies, an estimated 733 million people struggle with chronic hunger, and roughly a third of humanity cannot afford a healthy diet.",10_0,10_3,,No Relationship,No Relationship,No Relationship,Support
No single member state of the United Nations can excuse itself from the responsibility to contribute fairly and adequately to the provision of global public goods and services.,"For the millions of out-of-school, poor children living in middle-income countries, domestic financing and accountable governance can ensure that even the poorest within these societies have access to health, nutrition, and quality education.",10_0,10_4,,No Relationship,No Relationship,Support,Support
No single member state of the United Nations can excuse itself from the responsibility to contribute fairly and adequately to the provision of global public goods and services.,"For impoverished nations struggling under the weight of unsustainable debt and burdensome debt servicing, we call for debt relief consistent with the Jubilee Year.",10_0,10_5,,No Relationship,Attack,Support,No Relationship
No single member state of the United Nations can excuse itself from the responsibility to contribute fairly and adequately to the provision of global public goods and services.,"If we really wish to prepare a path to peace in our world, let us commit ourselves to remedying the remote causes of injustice, settling unjust and unpayable debts, and feeding the hungry.",10_0,10_6,,No Relationship,No Relationship,Support,Support
No single member state of the United Nations can excuse itself from the responsibility to contribute fairly and adequately to the provision of global public goods and services.,Economic convergence also depends on proper management by and within the borrowing countries.,10_0,10_7,,No Relationship,No Relationship,Support,No Relationship
No single member state of the United Nations can excuse itself from the responsibility to contribute fairly and adequately to the provision of global public goods and services.,"Via unsustainable consumption, the export of toxic waste, illicit trade, unfair tax competition, tax havens and, more generally, poor implementation of SDG 17 (Partnerships for the Goals – including support for UN-based multilateralism), countries can, however, generate negative international spillovers.",10_0,10_8,,No Relationship,No Relationship,Attack,Support
"High-income member states have a special responsibility, both as a matter of distributive justice – that the rich not leave the poor behind – and as a matter of reparative justice – that those countries that contributed most to greenhouse gas emissions and other environmental harms in the past must do the most to curb their emissions in the future and to compensate the other countries for the damages their past actions have caused.",No individual member state can shirk the demands of justice.,10_1,10_2,,No Relationship,No Relationship,No Relationship,Support
"High-income member states have a special responsibility, both as a matter of distributive justice – that the rich not leave the poor behind – and as a matter of reparative justice – that those countries that contributed most to greenhouse gas emissions and other environmental harms in the past must do the most to curb their emissions in the future and to compensate the other countries for the damages their past actions have caused.","We recall with alarm, sadness, and determination that some 250 million children are out of school because of the poverty of their societies, an estimated 733 million people struggle with chronic hunger, and roughly a third of humanity cannot afford a healthy diet.",10_1,10_3,,No Relationship,No Relationship,No Relationship,No Relationship
"High-income member states have a special responsibility, both as a matter of distributive justice – that the rich not leave the poor behind – and as a matter of reparative justice – that those countries that contributed most to greenhouse gas emissions and other environmental harms in the past must do the most to curb their emissions in the future and to compensate the other countries for the damages their past actions have caused.","For the millions of out-of-school, poor children living in middle-income countries, domestic financing and accountable governance can ensure that even the poorest within these societies have access to health, nutrition, and quality education.",10_1,10_4,,No Relationship,No Relationship,Support,No Relationship
"High-income member states have a special responsibility, both as a matter of distributive justice – that the rich not leave the poor behind – and as a matter of reparative justice – that those countries that contributed most to greenhouse gas emissions and other environmental harms in the past must do the most to curb their emissions in the future and to compensate the other countries for the damages their past actions have caused.","For impoverished nations struggling under the weight of unsustainable debt and burdensome debt servicing, we call for debt relief consistent with the Jubilee Year.",10_1,10_5,,No Relationship,Attack,Support,No Relationship
"High-income member states have a special responsibility, both as a matter of distributive justice – that the rich not leave the poor behind – and as a matter of reparative justice – that those countries that contributed most to greenhouse gas emissions and other environmental harms in the past must do the most to curb their emissions in the future and to compensate the other countries for the damages their past actions have caused.","If we really wish to prepare a path to peace in our world, let us commit ourselves to remedying the remote causes of injustice, settling unjust and unpayable debts, and feeding the hungry.",10_1,10_6,,No Relationship,No Relationship,Support,No Relationship
"High-income member states have a special responsibility, both as a matter of distributive justice – that the rich not leave the poor behind – and as a matter of reparative justice – that those countries that contributed most to greenhouse gas emissions and other environmental harms in the past must do the most to curb their emissions in the future and to compensate the other countries for the damages their past actions have caused.",Economic convergence also depends on proper management by and within the borrowing countries.,10_1,10_7,,No Relationship,No Relationship,No Relationship,No Relationship
"High-income member states have a special responsibility, both as a matter of distributive justice – that the rich not leave the poor behind – and as a matter of reparative justice – that those countries that contributed most to greenhouse gas emissions and other environmental harms in the past must do the most to curb their emissions in the future and to compensate the other countries for the damages their past actions have caused.","Via unsustainable consumption, the export of toxic waste, illicit trade, unfair tax competition, tax havens and, more generally, poor implementation of SDG 17 (Partnerships for the Goals – including support for UN-based multilateralism), countries can, however, generate negative international spillovers.",10_1,10_8,,No Relationship,No Relationship,Attack,Support
No individual member state can shirk the demands of justice.,"We recall with alarm, sadness, and determination that some 250 million children are out of school because of the poverty of their societies, an estimated 733 million people struggle with chronic hunger, and roughly a third of humanity cannot afford a healthy diet.",10_2,10_3,,No Relationship,No Relationship,Support,No Relationship
No individual member state can shirk the demands of justice.,"For the millions of out-of-school, poor children living in middle-income countries, domestic financing and accountable governance can ensure that even the poorest within these societies have access to health, nutrition, and quality education.",10_2,10_4,,No Relationship,No Relationship,Support,No Relationship
No individual member state can shirk the demands of justice.,"For impoverished nations struggling under the weight of unsustainable debt and burdensome debt servicing, we call for debt relief consistent with the Jubilee Year.",10_2,10_5,,No Relationship,No Relationship,Support,No Relationship
No individual member state can shirk the demands of justice.,"If we really wish to prepare a path to peace in our world, let us commit ourselves to remedying the remote causes of injustice, settling unjust and unpayable debts, and feeding the hungry.",10_2,10_6,,No Relationship,No Relationship,Support,Support
No individual member state can shirk the demands of justice.,Economic convergence also depends on proper management by and within the borrowing countries.,10_2,10_7,,No Relationship,No Relationship,Support,No Relationship
No individual member state can shirk the demands of justice.,"Via unsustainable consumption, the export of toxic waste, illicit trade, unfair tax competition, tax havens and, more generally, poor implementation of SDG 17 (Partnerships for the Goals – including support for UN-based multilateralism), countries can, however, generate negative international spillovers.",10_2,10_8,,No Relationship,No Relationship,Attack,No Relationship
"We recall with alarm, sadness, and determination that some 250 million children are out of school because of the poverty of their societies, an estimated 733 million people struggle with chronic hunger, and roughly a third of humanity cannot afford a healthy diet.","For the millions of out-of-school, poor children living in middle-income countries, domestic financing and accountable governance can ensure that even the poorest within these societies have access to health, nutrition, and quality education.",10_3,10_4,,No Relationship,No Relationship,Support,Support
"We recall with alarm, sadness, and determination that some 250 million children are out of school because of the poverty of their societies, an estimated 733 million people struggle with chronic hunger, and roughly a third of humanity cannot afford a healthy diet.","For impoverished nations struggling under the weight of unsustainable debt and burdensome debt servicing, we call for debt relief consistent with the Jubilee Year.",10_3,10_5,,No Relationship,No Relationship,Support,Support
"We recall with alarm, sadness, and determination that some 250 million children are out of school because of the poverty of their societies, an estimated 733 million people struggle with chronic hunger, and roughly a third of humanity cannot afford a healthy diet.","If we really wish to prepare a path to peace in our world, let us commit ourselves to remedying the remote causes of injustice, settling unjust and unpayable debts, and feeding the hungry.",10_3,10_6,,No Relationship,No Relationship,Support,Support
"We recall with alarm, sadness, and determination that some 250 million children are out of school because of the poverty of their societies, an estimated 733 million people struggle with chronic hunger, and roughly a third of humanity cannot afford a healthy diet.",Economic convergence also depends on proper management by and within the borrowing countries.,10_3,10_7,,No Relationship,No Relationship,No Relationship,No Relationship
"We recall with alarm, sadness, and determination that some 250 million children are out of school because of the poverty of their societies, an estimated 733 million people struggle with chronic hunger, and roughly a third of humanity cannot afford a healthy diet.","Via unsustainable consumption, the export of toxic waste, illicit trade, unfair tax competition, tax havens and, more generally, poor implementation of SDG 17 (Partnerships for the Goals – including support for UN-based multilateralism), countries can, however, generate negative international spillovers.",10_3,10_8,,No Relationship,No Relationship,Attack,No Relationship
"For the millions of out-of-school, poor children living in middle-income countries, domestic financing and accountable governance can ensure that even the poorest within these societies have access to health, nutrition, and quality education.","For impoverished nations struggling under the weight of unsustainable debt and burdensome debt servicing, we call for debt relief consistent with the Jubilee Year.",10_4,10_5,,No Relationship,Attack,Support,Support
"For the millions of out-of-school, poor children living in middle-income countries, domestic financing and accountable governance can ensure that even the poorest within these societies have access to health, nutrition, and quality education.","If we really wish to prepare a path to peace in our world, let us commit ourselves to remedying the remote causes of injustice, settling unjust and unpayable debts, and feeding the hungry.",10_4,10_6,,No Relationship,No Relationship,Support,Support
"For the millions of out-of-school, poor children living in middle-income countries, domestic financing and accountable governance can ensure that even the poorest within these societies have access to health, nutrition, and quality education.",Economic convergence also depends on proper management by and within the borrowing countries.,10_4,10_7,,No Relationship,No Relationship,Support,Support
"For the millions of out-of-school, poor children living in middle-income countries, domestic financing and accountable governance can ensure that even the poorest within these societies have access to health, nutrition, and quality education.","Via unsustainable consumption, the export of toxic waste, illicit trade, unfair tax competition, tax havens and, more generally, poor implementation of SDG 17 (Partnerships for the Goals – including support for UN-based multilateralism), countries can, however, generate negative international spillovers.",10_4,10_8,,No Relationship,No Relationship,Attack,No Relationship
"For impoverished nations struggling under the weight of unsustainable debt and burdensome debt servicing, we call for debt relief consistent with the Jubilee Year.","If we really wish to prepare a path to peace in our world, let us commit ourselves to remedying the remote causes of injustice, settling unjust and unpayable debts, and feeding the hungry.",10_5,10_6,,No Relationship,No Relationship,Support,Support
"For impoverished nations struggling under the weight of unsustainable debt and burdensome debt servicing, we call for debt relief consistent with the Jubilee Year.",Economic convergence also depends on proper management by and within the borrowing countries.,10_5,10_7,,No Relationship,No Relationship,Support,Support
"For impoverished nations struggling under the weight of unsustainable debt and burdensome debt servicing, we call for debt relief consistent with the Jubilee Year.","Via unsustainable consumption, the export of toxic waste, illicit trade, unfair tax competition, tax havens and, more generally, poor implementation of SDG 17 (Partnerships for the Goals – including support for UN-based multilateralism), countries can, however, generate negative international spillovers.",10_5,10_8,,No Relationship,No Relationship,Attack,No Relationship
"If we really wish to prepare a path to peace in our world, let us commit ourselves to remedying the remote causes of injustice, settling unjust and unpayable debts, and feeding the hungry.",Economic convergence also depends on proper management by and within the borrowing countries.,10_6,10_7,,No Relationship,No Relationship,Support,No Relationship
"If we really wish to prepare a path to peace in our world, let us commit ourselves to remedying the remote causes of injustice, settling unjust and unpayable debts, and feeding the hungry.","Via unsustainable consumption, the export of toxic waste, illicit trade, unfair tax competition, tax havens and, more generally, poor implementation of SDG 17 (Partnerships for the Goals – including support for UN-based multilateralism), countries can, however, generate negative international spillovers.",10_6,10_8,,No Relationship,No Relationship,Attack,No Relationship
Economic convergence also depends on proper management by and within the borrowing countries.,"Via unsustainable consumption, the export of toxic waste, illicit trade, unfair tax competition, tax havens and, more generally, poor implementation of SDG 17 (Partnerships for the Goals – including support for UN-based multilateralism), countries can, however, generate negative international spillovers.",10_7,10_8,,No Relationship,No Relationship,Attack,Support
"Via unsustainable consumption, the export of toxic waste, illicit trade, unfair tax competition, tax havens and, more generally, poor implementation of SDG 17 (Partnerships for the Goals – including support for UN-based multilateralism), countries can, however, generate negative international spillovers.","We will take bold, ambitious, accelerated, just and transformative actions to implement the 2030 Agenda, achieve the Sustainable Development Goals and leave no one behind.",12_0,12_1,,No Relationship,No Relationship,No Relationship,Support
those countries that contributed most to greenhouse gas emissions and other environmental harms in the past must do the most to curb their emissions in the future and to compensate the other countries for the damages their past actions have caused.,"Efficiencies in UN operations are to be welcomed, but cutting UN budgets at a time of pervasive conflicts, human displacements, climate disasters, epidemic diseases, and other crises is unacceptable.",13_0,13_1,,No Relationship,No Relationship,Support,No Relationship
those countries that contributed most to greenhouse gas emissions and other environmental harms in the past must do the most to curb their emissions in the future and to compensate the other countries for the damages their past actions have caused.,the Paris Climate Agreement,13_0,13_2,,No Relationship,No Relationship,No Relationship,Support
those countries that contributed most to greenhouse gas emissions and other environmental harms in the past must do the most to curb their emissions in the future and to compensate the other countries for the damages their past actions have caused.,and other agreed means,13_0,13_3,,No Relationship,No Relationship,No Relationship,No Relationship
those countries that contributed most to greenhouse gas emissions and other environmental harms in the past must do the most to curb their emissions in the future and to compensate the other countries for the damages their past actions have caused.,"The job of finance is to bring the fruits of technological advances to benefit all of humanity, including our impoverished brothers and sisters in conflict zones and places hard hit by the ravages of high-intensity tropical cyclones, droughts, floods, heatwaves and forest fires that are occurring with increasing frequency as the result of human-induced climate change.",13_0,13_4,,No Relationship,No Relationship,No Relationship,No Relationship
those countries that contributed most to greenhouse gas emissions and other environmental harms in the past must do the most to curb their emissions in the future and to compensate the other countries for the damages their past actions have caused.,"We also call on creditor governments to swap outstanding debts for investments in climate safety (debt-for-climate swaps), the protection of biodiversity (debt-for-nature swaps), and education (debt-for-education swaps), in line with Pope Francis’s declaration of 2025 as a Jubilee Year:",13_0,13_5,,No Relationship,No Relationship,Support,Support
those countries that contributed most to greenhouse gas emissions and other environmental harms in the past must do the most to curb their emissions in the future and to compensate the other countries for the damages their past actions have caused.,"Taxing the greenhouse gas emissions of high-income countries would combine the multiple dimensions of justice (distributive, reparative, and intergenerational) with practical resource mobilization to help poorer and more vulnerable countries undertake effective climate action.",13_0,13_6,,No Relationship,No Relationship,Support,Support
those countries that contributed most to greenhouse gas emissions and other environmental harms in the past must do the most to curb their emissions in the future and to compensate the other countries for the damages their past actions have caused.,"with clear assessments by country and new revenues raised via international taxes (e.g. on international shipping, aviation, and greenhouse emissions) and other agreed means",13_0,13_7,,No Relationship,No Relationship,Support,Support
those countries that contributed most to greenhouse gas emissions and other environmental harms in the past must do the most to curb their emissions in the future and to compensate the other countries for the damages their past actions have caused.,however these countries have generally shown limited progress on the SDGi since 2015.,13_0,13_8,,No Relationship,No Relationship,No Relationship,Support
those countries that contributed most to greenhouse gas emissions and other environmental harms in the past must do the most to curb their emissions in the future and to compensate the other countries for the damages their past actions have caused.,"however, even these countries face substantial challenges in achieving several SDGs, notably SDG 2 (Zero Hunger), SDG 12 (Responsible Consumption and Production), SDG 13 (Climate Action) and SDG 15 (Life on Land), partly driven by unsustainable consumption patterns and negative international spillover effects.",13_0,13_9,,No Relationship,No Relationship,Support,Support
those countries that contributed most to greenhouse gas emissions and other environmental harms in the past must do the most to curb their emissions in the future and to compensate the other countries for the damages their past actions have caused.,"These disruptions can result from accelerated climate change and natural disasters, geopolitical events, unilateral policies, or other events (Koks et al. 2016; Koks and Thissen 2016; Koks et al. 2019; Fahr, Vismara, and Senner 2024).",13_0,13_10,,No Relationship,No Relationship,No Relationship,Support
those countries that contributed most to greenhouse gas emissions and other environmental harms in the past must do the most to curb their emissions in the future and to compensate the other countries for the damages their past actions have caused.,"Interestingly, despite current geopolitical tensions, survey data collected by UNDP reveals that an over-whelming majority of people globally (86 percent) believe that countries “should work together on climate change even if they disagree on other issues, such as trade or security” (UNDP 2024).",13_0,13_11,,No Relationship,No Relationship,Support,Support
those countries that contributed most to greenhouse gas emissions and other environmental harms in the past must do the most to curb their emissions in the future and to compensate the other countries for the damages their past actions have caused.,Reinvesting 5 per cent of global military spending would also exceed the initial annual costs of adapting to climate change in developing countries (Goal 13).,13_0,13_12,,No Relationship,No Relationship,No Relationship,Support
those countries that contributed most to greenhouse gas emissions and other environmental harms in the past must do the most to curb their emissions in the future and to compensate the other countries for the damages their past actions have caused.,"UNDP. 2024. Peoples’ Climate Vote 2024. UNDP, New York.",13_0,13_13,,No Relationship,No Relationship,No Relationship,Support
"Efficiencies in UN operations are to be welcomed, but cutting UN budgets at a time of pervasive conflicts, human displacements, climate disasters, epidemic diseases, and other crises is unacceptable.",the Paris Climate Agreement,13_1,13_2,,No Relationship,No Relationship,No Relationship,No Relationship
"Efficiencies in UN operations are to be welcomed, but cutting UN budgets at a time of pervasive conflicts, human displacements, climate disasters, epidemic diseases, and other crises is unacceptable.",and other agreed means,13_1,13_3,,No Relationship,No Relationship,No Relationship,No Relationship
"Efficiencies in UN operations are to be welcomed, but cutting UN budgets at a time of pervasive conflicts, human displacements, climate disasters, epidemic diseases, and other crises is unacceptable.","The job of finance is to bring the fruits of technological advances to benefit all of humanity, including our impoverished brothers and sisters in conflict zones and places hard hit by the ravages of high-intensity tropical cyclones, droughts, floods, heatwaves and forest fires that are occurring with increasing frequency as the result of human-induced climate change.",13_1,13_4,,No Relationship,No Relationship,Support,Support
"Efficiencies in UN operations are to be welcomed, but cutting UN budgets at a time of pervasive conflicts, human displacements, climate disasters, epidemic diseases, and other crises is unacceptable.","We also call on creditor governments to swap outstanding debts for investments in climate safety (debt-for-climate swaps), the protection of biodiversity (debt-for-nature swaps), and education (debt-for-education swaps), in line with Pope Francis’s declaration of 2025 as a Jubilee Year:",13_1,13_5,,No Relationship,No Relationship,Support,Support
"Efficiencies in UN operations are to be welcomed, but cutting UN budgets at a time of pervasive conflicts, human displacements, climate disasters, epidemic diseases, and other crises is unacceptable.","Taxing the greenhouse gas emissions of high-income countries would combine the multiple dimensions of justice (distributive, reparative, and intergenerational) with practical resource mobilization to help poorer and more vulnerable countries undertake effective climate action.",13_1,13_6,,No Relationship,No Relationship,Support,Support
"Efficiencies in UN operations are to be welcomed, but cutting UN budgets at a time of pervasive conflicts, human displacements, climate disasters, epidemic diseases, and other crises is unacceptable.","with clear assessments by country and new revenues raised via international taxes (e.g. on international shipping, aviation, and greenhouse emissions) and other agreed means",13_1,13_7,,No Relationship,No Relationship,Support,No Relationship
"Efficiencies in UN operations are to be welcomed, but cutting UN budgets at a time of pervasive conflicts, human displacements, climate disasters, epidemic diseases, and other crises is unacceptable.",however these countries have generally shown limited progress on the SDGi since 2015.,13_1,13_8,,No Relationship,No Relationship,No Relationship,No Relationship
"Efficiencies in UN operations are to be welcomed, but cutting UN budgets at a time of pervasive conflicts, human displacements, climate disasters, epidemic diseases, and other crises is unacceptable.","however, even these countries face substantial challenges in achieving several SDGs, notably SDG 2 (Zero Hunger), SDG 12 (Responsible Consumption and Production), SDG 13 (Climate Action) and SDG 15 (Life on Land), partly driven by unsustainable consumption patterns and negative international spillover effects.",13_1,13_9,,No Relationship,No Relationship,Support,Support
"Efficiencies in UN operations are to be welcomed, but cutting UN budgets at a time of pervasive conflicts, human displacements, climate disasters, epidemic diseases, and other crises is unacceptable.","These disruptions can result from accelerated climate change and natural disasters, geopolitical events, unilateral policies, or other events (Koks et al. 2016; Koks and Thissen 2016; Koks et al. 2019; Fahr, Vismara, and Senner 2024).",13_1,13_10,,No Relationship,No Relationship,No Relationship,Support
"Efficiencies in UN operations are to be welcomed, but cutting UN budgets at a time of pervasive conflicts, human displacements, climate disasters, epidemic diseases, and other crises is unacceptable.","Interestingly, despite current geopolitical tensions, survey data collected by UNDP reveals that an over-whelming majority of people globally (86 percent) believe that countries “should work together on climate change even if they disagree on other issues, such as trade or security” (UNDP 2024).",13_1,13_11,,No Relationship,No Relationship,Support,Support
"Efficiencies in UN operations are to be welcomed, but cutting UN budgets at a time of pervasive conflicts, human displacements, climate disasters, epidemic diseases, and other crises is unacceptable.",Reinvesting 5 per cent of global military spending would also exceed the initial annual costs of adapting to climate change in developing countries (Goal 13).,13_1,13_12,,No Relationship,No Relationship,No Relationship,Support
"Efficiencies in UN operations are to be welcomed, but cutting UN budgets at a time of pervasive conflicts, human displacements, climate disasters, epidemic diseases, and other crises is unacceptable.","UNDP. 2024. Peoples’ Climate Vote 2024. UNDP, New York.",13_1,13_13,,No Relationship,No Relationship,No Relationship,Support
the Paris Climate Agreement,and other agreed means,13_2,13_3,,No Relationship,No Relationship,No Relationship,Support
the Paris Climate Agreement,"The job of finance is to bring the fruits of technological advances to benefit all of humanity, including our impoverished brothers and sisters in conflict zones and places hard hit by the ravages of high-intensity tropical cyclones, droughts, floods, heatwaves and forest fires that are occurring with increasing frequency as the result of human-induced climate change.",13_2,13_4,,No Relationship,No Relationship,Support,Support
the Paris Climate Agreement,"We also call on creditor governments to swap outstanding debts for investments in climate safety (debt-for-climate swaps), the protection of biodiversity (debt-for-nature swaps), and education (debt-for-education swaps), in line with Pope Francis’s declaration of 2025 as a Jubilee Year:",13_2,13_5,,No Relationship,No Relationship,Support,Support
the Paris Climate Agreement,"Taxing the greenhouse gas emissions of high-income countries would combine the multiple dimensions of justice (distributive, reparative, and intergenerational) with practical resource mobilization to help poorer and more vulnerable countries undertake effective climate action.",13_2,13_6,,No Relationship,No Relationship,Support,Support
the Paris Climate Agreement,"with clear assessments by country and new revenues raised via international taxes (e.g. on international shipping, aviation, and greenhouse emissions) and other agreed means",13_2,13_7,,No Relationship,No Relationship,Support,Support
the Paris Climate Agreement,however these countries have generally shown limited progress on the SDGi since 2015.,13_2,13_8,,No Relationship,No Relationship,No Relationship,No Relationship
the Paris Climate Agreement,"however, even these countries face substantial challenges in achieving several SDGs, notably SDG 2 (Zero Hunger), SDG 12 (Responsible Consumption and Production), SDG 13 (Climate Action) and SDG 15 (Life on Land), partly driven by unsustainable consumption patterns and negative international spillover effects.",13_2,13_9,,No Relationship,No Relationship,Support,Support
the Paris Climate Agreement,"These disruptions can result from accelerated climate change and natural disasters, geopolitical events, unilateral policies, or other events (Koks et al. 2016; Koks and Thissen 2016; Koks et al. 2019; Fahr, Vismara, and Senner 2024).",13_2,13_10,,No Relationship,Attack,No Relationship,Support
the Paris Climate Agreement,"Interestingly, despite current geopolitical tensions, survey data collected by UNDP reveals that an over-whelming majority of people globally (86 percent) believe that countries “should work together on climate change even if they disagree on other issues, such as trade or security” (UNDP 2024).",13_2,13_11,,No Relationship,No Relationship,Support,Support
the Paris Climate Agreement,Reinvesting 5 per cent of global military spending would also exceed the initial annual costs of adapting to climate change in developing countries (Goal 13).,13_2,13_12,,No Relationship,No Relationship,Support,Support
the Paris Climate Agreement,"UNDP. 2024. Peoples’ Climate Vote 2024. UNDP, New York.",13_2,13_13,,Attack,Attack,No Relationship,Rephrase
and other agreed means,"The job of finance is to bring the fruits of technological advances to benefit all of humanity, including our impoverished brothers and sisters in conflict zones and places hard hit by the ravages of high-intensity tropical cyclones, droughts, floods, heatwaves and forest fires that are occurring with increasing frequency as the result of human-induced climate change.",13_3,13_4,,No Relationship,No Relationship,No Relationship,No Relationship
and other agreed means,"We also call on creditor governments to swap outstanding debts for investments in climate safety (debt-for-climate swaps), the protection of biodiversity (debt-for-nature swaps), and education (debt-for-education swaps), in line with Pope Francis’s declaration of 2025 as a Jubilee Year:",13_3,13_5,,No Relationship,No Relationship,Support,Support
and other agreed means,"Taxing the greenhouse gas emissions of high-income countries would combine the multiple dimensions of justice (distributive, reparative, and intergenerational) with practical resource mobilization to help poorer and more vulnerable countries undertake effective climate action.",13_3,13_6,,No Relationship,No Relationship,Support,Support
and other agreed means,"with clear assessments by country and new revenues raised via international taxes (e.g. on international shipping, aviation, and greenhouse emissions) and other agreed means",13_3,13_7,,Support,No Relationship,Support,Rephrase
and other agreed means,however these countries have generally shown limited progress on the SDGi since 2015.,13_3,13_8,,No Relationship,No Relationship,No Relationship,No Relationship
and other agreed means,"however, even these countries face substantial challenges in achieving several SDGs, notably SDG 2 (Zero Hunger), SDG 12 (Responsible Consumption and Production), SDG 13 (Climate Action) and SDG 15 (Life on Land), partly driven by unsustainable consumption patterns and negative international spillover effects.",13_3,13_9,,No Relationship,No Relationship,No Relationship,No Relationship
and other agreed means,"These disruptions can result from accelerated climate change and natural disasters, geopolitical events, unilateral policies, or other events (Koks et al. 2016; Koks and Thissen 2016; Koks et al. 2019; Fahr, Vismara, and Senner 2024).",13_3,13_10,,No Relationship,Attack,No Relationship,No Relationship
and other agreed means,"Interestingly, despite current geopolitical tensions, survey data collected by UNDP reveals that an over-whelming majority of people globally (86 percent) believe that countries “should work together on climate change even if they disagree on other issues, such as trade or security” (UNDP 2024).",13_3,13_11,,No Relationship,No Relationship,Support,No Relationship
and other agreed means,Reinvesting 5 per cent of global military spending would also exceed the initial annual costs of adapting to climate change in developing countries (Goal 13).,13_3,13_12,,No Relationship,No Relationship,No Relationship,No Relationship
and other agreed means,"UNDP. 2024. Peoples’ Climate Vote 2024. UNDP, New York.",13_3,13_13,,No Relationship,No Relationship,No Relationship,Support
"The job of finance is to bring the fruits of technological advances to benefit all of humanity, including our impoverished brothers and sisters in conflict zones and places hard hit by the ravages of high-intensity tropical cyclones, droughts, floods, heatwaves and forest fires that are occurring with increasing frequency as the result of human-induced climate change.","We also call on creditor governments to swap outstanding debts for investments in climate safety (debt-for-climate swaps), the protection of biodiversity (debt-for-nature swaps), and education (debt-for-education swaps), in line with Pope Francis’s declaration of 2025 as a Jubilee Year:",13_4,13_5,,No Relationship,No Relationship,Support,Support
"The job of finance is to bring the fruits of technological advances to benefit all of humanity, including our impoverished brothers and sisters in conflict zones and places hard hit by the ravages of high-intensity tropical cyclones, droughts, floods, heatwaves and forest fires that are occurring with increasing frequency as the result of human-induced climate change.","Taxing the greenhouse gas emissions of high-income countries would combine the multiple dimensions of justice (distributive, reparative, and intergenerational) with practical resource mobilization to help poorer and more vulnerable countries undertake effective climate action.",13_4,13_6,,No Relationship,No Relationship,Support,Support
"The job of finance is to bring the fruits of technological advances to benefit all of humanity, including our impoverished brothers and sisters in conflict zones and places hard hit by the ravages of high-intensity tropical cyclones, droughts, floods, heatwaves and forest fires that are occurring with increasing frequency as the result of human-induced climate change.","with clear assessments by country and new revenues raised via international taxes (e.g. on international shipping, aviation, and greenhouse emissions) and other agreed means",13_4,13_7,,No Relationship,No Relationship,Support,No Relationship
"The job of finance is to bring the fruits of technological advances to benefit all of humanity, including our impoverished brothers and sisters in conflict zones and places hard hit by the ravages of high-intensity tropical cyclones, droughts, floods, heatwaves and forest fires that are occurring with increasing frequency as the result of human-induced climate change.",however these countries have generally shown limited progress on the SDGi since 2015.,13_4,13_8,,No Relationship,No Relationship,No Relationship,No Relationship
"The job of finance is to bring the fruits of technological advances to benefit all of humanity, including our impoverished brothers and sisters in conflict zones and places hard hit by the ravages of high-intensity tropical cyclones, droughts, floods, heatwaves and forest fires that are occurring with increasing frequency as the result of human-induced climate change.","however, even these countries face substantial challenges in achieving several SDGs, notably SDG 2 (Zero Hunger), SDG 12 (Responsible Consumption and Production), SDG 13 (Climate Action) and SDG 15 (Life on Land), partly driven by unsustainable consumption patterns and negative international spillover effects.",13_4,13_9,,No Relationship,No Relationship,No Relationship,No Relationship
"The job of finance is to bring the fruits of technological advances to benefit all of humanity, including our impoverished brothers and sisters in conflict zones and places hard hit by the ravages of high-intensity tropical cyclones, droughts, floods, heatwaves and forest fires that are occurring with increasing frequency as the result of human-induced climate change.","These disruptions can result from accelerated climate change and natural disasters, geopolitical events, unilateral policies, or other events (Koks et al. 2016; Koks and Thissen 2016; Koks et al. 2019; Fahr, Vismara, and Senner 2024).",13_4,13_10,,No Relationship,No Relationship,No Relationship,Support
"The job of finance is to bring the fruits of technological advances to benefit all of humanity, including our impoverished brothers and sisters in conflict zones and places hard hit by the ravages of high-intensity tropical cyclones, droughts, floods, heatwaves and forest fires that are occurring with increasing frequency as the result of human-induced climate change.","Interestingly, despite current geopolitical tensions, survey data collected by UNDP reveals that an over-whelming majority of people globally (86 percent) believe that countries “should work together on climate change even if they disagree on other issues, such as trade or security” (UNDP 2024).",13_4,13_11,,No Relationship,No Relationship,Support,Support
"The job of finance is to bring the fruits of technological advances to benefit all of humanity, including our impoverished brothers and sisters in conflict zones and places hard hit by the ravages of high-intensity tropical cyclones, droughts, floods, heatwaves and forest fires that are occurring with increasing frequency as the result of human-induced climate change.",Reinvesting 5 per cent of global military spending would also exceed the initial annual costs of adapting to climate change in developing countries (Goal 13).,13_4,13_12,,No Relationship,No Relationship,No Relationship,Support
"The job of finance is to bring the fruits of technological advances to benefit all of humanity, including our impoverished brothers and sisters in conflict zones and places hard hit by the ravages of high-intensity tropical cyclones, droughts, floods, heatwaves and forest fires that are occurring with increasing frequency as the result of human-induced climate change.","UNDP. 2024. Peoples’ Climate Vote 2024. UNDP, New York.",13_4,13_13,,No Relationship,No Relationship,No Relationship,Support
"We also call on creditor governments to swap outstanding debts for investments in climate safety (debt-for-climate swaps), the protection of biodiversity (debt-for-nature swaps), and education (debt-for-education swaps), in line with Pope Francis’s declaration of 2025 as a Jubilee Year:","Taxing the greenhouse gas emissions of high-income countries would combine the multiple dimensions of justice (distributive, reparative, and intergenerational) with practical resource mobilization to help poorer and more vulnerable countries undertake effective climate action.",13_5,13_6,,No Relationship,No Relationship,Support,Support
"We also call on creditor governments to swap outstanding debts for investments in climate safety (debt-for-climate swaps), the protection of biodiversity (debt-for-nature swaps), and education (debt-for-education swaps), in line with Pope Francis’s declaration of 2025 as a Jubilee Year:","with clear assessments by country and new revenues raised via international taxes (e.g. on international shipping, aviation, and greenhouse emissions) and other agreed means",13_5,13_7,,No Relationship,No Relationship,Support,No Relationship
"We also call on creditor governments to swap outstanding debts for investments in climate safety (debt-for-climate swaps), the protection of biodiversity (debt-for-nature swaps), and education (debt-for-education swaps), in line with Pope Francis’s declaration of 2025 as a Jubilee Year:",however these countries have generally shown limited progress on the SDGi since 2015.,13_5,13_8,,No Relationship,No Relationship,No Relationship,No Relationship
"We also call on creditor governments to swap outstanding debts for investments in climate safety (debt-for-climate swaps), the protection of biodiversity (debt-for-nature swaps), and education (debt-for-education swaps), in line with Pope Francis’s declaration of 2025 as a Jubilee Year:","however, even these countries face substantial challenges in achieving several SDGs, notably SDG 2 (Zero Hunger), SDG 12 (Responsible Consumption and Production), SDG 13 (Climate Action) and SDG 15 (Life on Land), partly driven by unsustainable consumption patterns and negative international spillover effects.",13_5,13_9,,No Relationship,No Relationship,Support,No Relationship
"We also call on creditor governments to swap outstanding debts for investments in climate safety (debt-for-climate swaps), the protection of biodiversity (debt-for-nature swaps), and education (debt-for-education swaps), in line with Pope Francis’s declaration of 2025 as a Jubilee Year:","These disruptions can result from accelerated climate change and natural disasters, geopolitical events, unilateral policies, or other events (Koks et al. 2016; Koks and Thissen 2016; Koks et al. 2019; Fahr, Vismara, and Senner 2024).",13_5,13_10,,No Relationship,No Relationship,No Relationship,Support
"We also call on creditor governments to swap outstanding debts for investments in climate safety (debt-for-climate swaps), the protection of biodiversity (debt-for-nature swaps), and education (debt-for-education swaps), in line with Pope Francis’s declaration of 2025 as a Jubilee Year:","Interestingly, despite current geopolitical tensions, survey data collected by UNDP reveals that an over-whelming majority of people globally (86 percent) believe that countries “should work together on climate change even if they disagree on other issues, such as trade or security” (UNDP 2024).",13_5,13_11,,No Relationship,No Relationship,Support,No Relationship
"We also call on creditor governments to swap outstanding debts for investments in climate safety (debt-for-climate swaps), the protection of biodiversity (debt-for-nature swaps), and education (debt-for-education swaps), in line with Pope Francis’s declaration of 2025 as a Jubilee Year:",Reinvesting 5 per cent of global military spending would also exceed the initial annual costs of adapting to climate change in developing countries (Goal 13).,13_5,13_12,,No Relationship,No Relationship,Support,No Relationship
"We also call on creditor governments to swap outstanding debts for investments in climate safety (debt-for-climate swaps), the protection of biodiversity (debt-for-nature swaps), and education (debt-for-education swaps), in line with Pope Francis’s declaration of 2025 as a Jubilee Year:","UNDP. 2024. Peoples’ Climate Vote 2024. UNDP, New York.",13_5,13_13,,No Relationship,No Relationship,No Relationship,Support
"Taxing the greenhouse gas emissions of high-income countries would combine the multiple dimensions of justice (distributive, reparative, and intergenerational) with practical resource mobilization to help poorer and more vulnerable countries undertake effective climate action.","with clear assessments by country and new revenues raised via international taxes (e.g. on international shipping, aviation, and greenhouse emissions) and other agreed means",13_6,13_7,,No Relationship,No Relationship,Support,Support
"Taxing the greenhouse gas emissions of high-income countries would combine the multiple dimensions of justice (distributive, reparative, and intergenerational) with practical resource mobilization to help poorer and more vulnerable countries undertake effective climate action.",however these countries have generally shown limited progress on the SDGi since 2015.,13_6,13_8,,No Relationship,No Relationship,Support,No Relationship
"Taxing the greenhouse gas emissions of high-income countries would combine the multiple dimensions of justice (distributive, reparative, and intergenerational) with practical resource mobilization to help poorer and more vulnerable countries undertake effective climate action.","however, even these countries face substantial challenges in achieving several SDGs, notably SDG 2 (Zero Hunger), SDG 12 (Responsible Consumption and Production), SDG 13 (Climate Action) and SDG 15 (Life on Land), partly driven by unsustainable consumption patterns and negative international spillover effects.",13_6,13_9,,No Relationship,No Relationship,Support,Support
"Taxing the greenhouse gas emissions of high-income countries would combine the multiple dimensions of justice (distributive, reparative, and intergenerational) with practical resource mobilization to help poorer and more vulnerable countries undertake effective climate action.","These disruptions can result from accelerated climate change and natural disasters, geopolitical events, unilateral policies, or other events (Koks et al. 2016; Koks and Thissen 2016; Koks et al. 2019; Fahr, Vismara, and Senner 2024).",13_6,13_10,,No Relationship,No Relationship,No Relationship,No Relationship
"Taxing the greenhouse gas emissions of high-income countries would combine the multiple dimensions of justice (distributive, reparative, and intergenerational) with practical resource mobilization to help poorer and more vulnerable countries undertake effective climate action.","Interestingly, despite current geopolitical tensions, survey data collected by UNDP reveals that an over-whelming majority of people globally (86 percent) believe that countries “should work together on climate change even if they disagree on other issues, such as trade or security” (UNDP 2024).",13_6,13_11,,No Relationship,No Relationship,Support,Support
"Taxing the greenhouse gas emissions of high-income countries would combine the multiple dimensions of justice (distributive, reparative, and intergenerational) with practical resource mobilization to help poorer and more vulnerable countries undertake effective climate action.",Reinvesting 5 per cent of global military spending would also exceed the initial annual costs of adapting to climate change in developing countries (Goal 13).,13_6,13_12,,No Relationship,No Relationship,No Relationship,Support
"Taxing the greenhouse gas emissions of high-income countries would combine the multiple dimensions of justice (distributive, reparative, and intergenerational) with practical resource mobilization to help poorer and more vulnerable countries undertake effective climate action.","UNDP. 2024. Peoples’ Climate Vote 2024. UNDP, New York.",13_6,13_13,,No Relationship,No Relationship,No Relationship,Support
"with clear assessments by country and new revenues raised via international taxes (e.g. on international shipping, aviation, and greenhouse emissions) and other agreed means",however these countries have generally shown limited progress on the SDGi since 2015.,13_7,13_8,,No Relationship,No Relationship,Support,Support
"with clear assessments by country and new revenues raised via international taxes (e.g. on international shipping, aviation, and greenhouse emissions) and other agreed means","however, even these countries face substantial challenges in achieving several SDGs, notably SDG 2 (Zero Hunger), SDG 12 (Responsible Consumption and Production), SDG 13 (Climate Action) and SDG 15 (Life on Land), partly driven by unsustainable consumption patterns and negative international spillover effects.",13_7,13_9,,No Relationship,No Relationship,Support,Support
"with clear assessments by country and new revenues raised via international taxes (e.g. on international shipping, aviation, and greenhouse emissions) and other agreed means","These disruptions can result from accelerated climate change and natural disasters, geopolitical events, unilateral policies, or other events (Koks et al. 2016; Koks and Thissen 2016; Koks et al. 2019; Fahr, Vismara, and Senner 2024).",13_7,13_10,,Attack,Attack,No Relationship,No Relationship
"with clear assessments by country and new revenues raised via international taxes (e.g. on international shipping, aviation, and greenhouse emissions) and other agreed means","Interestingly, despite current geopolitical tensions, survey data collected by UNDP reveals that an over-whelming majority of people globally (86 percent) believe that countries “should work together on climate change even if they disagree on other issues, such as trade or security” (UNDP 2024).",13_7,13_11,,No Relationship,No Relationship,Support,Support
"with clear assessments by country and new revenues raised via international taxes (e.g. on international shipping, aviation, and greenhouse emissions) and other agreed means",Reinvesting 5 per cent of global military spending would also exceed the initial annual costs of adapting to climate change in developing countries (Goal 13).,13_7,13_12,,No Relationship,No Relationship,Support,No Relationship
"with clear assessments by country and new revenues raised via international taxes (e.g. on international shipping, aviation, and greenhouse emissions) and other agreed means","UNDP. 2024. Peoples’ Climate Vote 2024. UNDP, New York.",13_7,13_13,,No Relationship,No Relationship,Support,Support
however these countries have generally shown limited progress on the SDGi since 2015.,"however, even these countries face substantial challenges in achieving several SDGs, notably SDG 2 (Zero Hunger), SDG 12 (Responsible Consumption and Production), SDG 13 (Climate Action) and SDG 15 (Life on Land), partly driven by unsustainable consumption patterns and negative international spillover effects.",13_8,13_9,,No Relationship,No Relationship,Support,Rephrase
however these countries have generally shown limited progress on the SDGi since 2015.,"These disruptions can result from accelerated climate change and natural disasters, geopolitical events, unilateral policies, or other events (Koks et al. 2016; Koks and Thissen 2016; Koks et al. 2019; Fahr, Vismara, and Senner 2024).",13_8,13_10,,No Relationship,No Relationship,No Relationship,No Relationship
however these countries have generally shown limited progress on the SDGi since 2015.,"Interestingly, despite current geopolitical tensions, survey data collected by UNDP reveals that an over-whelming majority of people globally (86 percent) believe that countries “should work together on climate change even if they disagree on other issues, such as trade or security” (UNDP 2024).",13_8,13_11,,No Relationship,No Relationship,Support,Attack
however these countries have generally shown limited progress on the SDGi since 2015.,Reinvesting 5 per cent of global military spending would also exceed the initial annual costs of adapting to climate change in developing countries (Goal 13).,13_8,13_12,,No Relationship,No Relationship,Support,No Relationship
however these countries have generally shown limited progress on the SDGi since 2015.,"UNDP. 2024. Peoples’ Climate Vote 2024. UNDP, New York.",13_8,13_13,,No Relationship,No Relationship,No Relationship,No Relationship
"however, even these countries face substantial challenges in achieving several SDGs, notably SDG 2 (Zero Hunger), SDG 12 (Responsible Consumption and Production), SDG 13 (Climate Action) and SDG 15 (Life on Land), partly driven by unsustainable consumption patterns and negative international spillover effects.","These disruptions can result from accelerated climate change and natural disasters, geopolitical events, unilateral policies, or other events (Koks et al. 2016; Koks and Thissen 2016; Koks et al. 2019; Fahr, Vismara, and Senner 2024).",13_9,13_10,,No Relationship,No Relationship,No Relationship,Support
"however, even these countries face substantial challenges in achieving several SDGs, notably SDG 2 (Zero Hunger), SDG 12 (Responsible Consumption and Production), SDG 13 (Climate Action) and SDG 15 (Life on Land), partly driven by unsustainable consumption patterns and negative international spillover effects.","Interestingly, despite current geopolitical tensions, survey data collected by UNDP reveals that an over-whelming majority of people globally (86 percent) believe that countries “should work together on climate change even if they disagree on other issues, such as trade or security” (UNDP 2024).",13_9,13_11,,No Relationship,No Relationship,Support,Support
"however, even these countries face substantial challenges in achieving several SDGs, notably SDG 2 (Zero Hunger), SDG 12 (Responsible Consumption and Production), SDG 13 (Climate Action) and SDG 15 (Life on Land), partly driven by unsustainable consumption patterns and negative international spillover effects.",Reinvesting 5 per cent of global military spending would also exceed the initial annual costs of adapting to climate change in developing countries (Goal 13).,13_9,13_12,,No Relationship,No Relationship,Support,Support
"however, even these countries face substantial challenges in achieving several SDGs, notably SDG 2 (Zero Hunger), SDG 12 (Responsible Consumption and Production), SDG 13 (Climate Action) and SDG 15 (Life on Land), partly driven by unsustainable consumption patterns and negative international spillover effects.","UNDP. 2024. Peoples’ Climate Vote 2024. UNDP, New York.",13_9,13_13,,No Relationship,No Relationship,No Relationship,Support
"These disruptions can result from accelerated climate change and natural disasters, geopolitical events, unilateral policies, or other events (Koks et al. 2016; Koks and Thissen 2016; Koks et al. 2019; Fahr, Vismara, and Senner 2024).","Interestingly, despite current geopolitical tensions, survey data collected by UNDP reveals that an over-whelming majority of people globally (86 percent) believe that countries “should work together on climate change even if they disagree on other issues, such as trade or security” (UNDP 2024).",13_10,13_11,,No Relationship,No Relationship,Support,Support
"These disruptions can result from accelerated climate change and natural disasters, geopolitical events, unilateral policies, or other events (Koks et al. 2016; Koks and Thissen 2016; Koks et al. 2019; Fahr, Vismara, and Senner 2024).",Reinvesting 5 per cent of global military spending would also exceed the initial annual costs of adapting to climate change in developing countries (Goal 13).,13_10,13_12,,No Relationship,No Relationship,No Relationship,Support
"These disruptions can result from accelerated climate change and natural disasters, geopolitical events, unilateral policies, or other events (Koks et al. 2016; Koks and Thissen 2016; Koks et al. 2019; Fahr, Vismara, and Senner 2024).","UNDP. 2024. Peoples’ Climate Vote 2024. UNDP, New York.",13_10,13_13,,No Relationship,No Relationship,No Relationship,Support
"Interestingly, despite current geopolitical tensions, survey data collected by UNDP reveals that an over-whelming majority of people globally (86 percent) believe that countries “should work together on climate change even if they disagree on other issues, such as trade or security” (UNDP 2024).",Reinvesting 5 per cent of global military spending would also exceed the initial annual costs of adapting to climate change in developing countries (Goal 13).,13_11,13_12,,No Relationship,No Relationship,Support,Support
"Interestingly, despite current geopolitical tensions, survey data collected by UNDP reveals that an over-whelming majority of people globally (86 percent) believe that countries “should work together on climate change even if they disagree on other issues, such as trade or security” (UNDP 2024).","UNDP. 2024. Peoples’ Climate Vote 2024. UNDP, New York.",13_11,13_13,,No Relationship,No Relationship,Support,Support
Reinvesting 5 per cent of global military spending would also exceed the initial annual costs of adapting to climate change in developing countries (Goal 13).,"UNDP. 2024. Peoples’ Climate Vote 2024. UNDP, New York.",13_12,13_13,,No Relationship,No Relationship,No Relationship,Support
"Third, UN member states must increase their financing of the global commons, including the biodiversity of the world’s tropical rainforests; the marine life of the oceans; and the protection of the atmosphere, fresh-water, soils, coastlines, wetlands, and other ecosystems from transboundary pollution and global-scale degradation.",the protection of biodiversity (debt-for-nature swaps),14_0,14_1,,No Relationship,No Relationship,No Relationship,Support
"Third, UN member states must increase their financing of the global commons, including the biodiversity of the world’s tropical rainforests; the marine life of the oceans; and the protection of the atmosphere, fresh-water, soils, coastlines, wetlands, and other ecosystems from transboundary pollution and global-scale degradation.","These include providing social assistance to the poorest of the poor, funding UN institutions, and protecting the global commons (oceans, the atmosphere, tropical forests, space, endangered species, and critical biomes).",14_0,14_2,,No Relationship,No Relationship,Support,Rephrase
the protection of biodiversity (debt-for-nature swaps),"These include providing social assistance to the poorest of the poor, funding UN institutions, and protecting the global commons (oceans, the atmosphere, tropical forests, space, endangered species, and critical biomes).",14_1,14_2,,No Relationship,No Relationship,Support,Rephrase
"Third, UN member states must increase their financing of the global commons, including the biodiversity of the world’s tropical rainforests; the marine life of the oceans; and the protection of the atmosphere, fresh-water, soils, coastlines, wetlands, and other ecosystems from transboundary pollution and global-scale degradation.","We have powerful tools at our disposal – zero-carbon energy, open-source AI, precision agriculture, biodiversity conservation.",15_0,15_1,,No Relationship,No Relationship,Support,Support
"Third, UN member states must increase their financing of the global commons, including the biodiversity of the world’s tropical rainforests; the marine life of the oceans; and the protection of the atmosphere, fresh-water, soils, coastlines, wetlands, and other ecosystems from transboundary pollution and global-scale degradation.",biodiversity conservation.,15_0,15_2,,No Relationship,No Relationship,Support,Rephrase
"Third, UN member states must increase their financing of the global commons, including the biodiversity of the world’s tropical rainforests; the marine life of the oceans; and the protection of the atmosphere, fresh-water, soils, coastlines, wetlands, and other ecosystems from transboundary pollution and global-scale degradation.","We also call on creditor governments to swap outstanding debts for investments in climate safety (debt-for-climate swaps), the protection of biodiversity (debt-for-nature swaps), and education (debt-for-education swaps), in line with Pope Francis’s declaration of 2025 as a Jubilee Year:",15_0,15_3,,No Relationship,No Relationship,Support,Support
"Third, UN member states must increase their financing of the global commons, including the biodiversity of the world’s tropical rainforests; the marine life of the oceans; and the protection of the atmosphere, fresh-water, soils, coastlines, wetlands, and other ecosystems from transboundary pollution and global-scale degradation.","protecting the global commons (oceans, the atmosphere, tropical forests, space, endangered species, and critical biomes).",15_0,15_4,,No Relationship,No Relationship,Support,Rephrase
"Third, UN member states must increase their financing of the global commons, including the biodiversity of the world’s tropical rainforests; the marine life of the oceans; and the protection of the atmosphere, fresh-water, soils, coastlines, wetlands, and other ecosystems from transboundary pollution and global-scale degradation.","Third, UN member states must increase their financing of the global commons: the biodiversity of the world’s tropical rainforests; the marine life of the oceans; and the protection of the atmosphere, freshwater, soils, coastlines, wetlands, and other ecosystems from transboundary pollution and global-scale degradation.",15_0,15_5,,Rephrase,Rephrase,Support,Rephrase
"Third, UN member states must increase their financing of the global commons, including the biodiversity of the world’s tropical rainforests; the marine life of the oceans; and the protection of the atmosphere, fresh-water, soils, coastlines, wetlands, and other ecosystems from transboundary pollution and global-scale degradation.","At the global level, SDG 15 (Life on Land) and SDG 16 (Peace, Justice and Strong Institutions) are particularly off track, facing major challenges (indicated in red on the dashboards) and showing no or very limited progress since 2015.",15_0,15_6,,No Relationship,No Relationship,No Relationship,Support
"Third, UN member states must increase their financing of the global commons, including the biodiversity of the world’s tropical rainforests; the marine life of the oceans; and the protection of the atmosphere, fresh-water, soils, coastlines, wetlands, and other ecosystems from transboundary pollution and global-scale degradation.","However, even these countries face substantial challenges in achieving several SDGs, notably SDG 2 (Zero Hunger), SDG 12 (Responsible Consumption and Production), SDG 13 (Climate Action) and SDG 15 (Life on Land), partly driven by unsustainable consumption patterns and negative international spillover effects.",15_0,15_7,,No Relationship,No Relationship,Support,Support
"Third, UN member states must increase their financing of the global commons, including the biodiversity of the world’s tropical rainforests; the marine life of the oceans; and the protection of the atmosphere, fresh-water, soils, coastlines, wetlands, and other ecosystems from transboundary pollution and global-scale degradation.",The five targets most on track are: ... and Red List Index (SDG 15),15_0,15_8,,No Relationship,No Relationship,No Relationship,Support
"We have powerful tools at our disposal – zero-carbon energy, open-source AI, precision agriculture, biodiversity conservation.",biodiversity conservation.,15_1,15_2,,No Relationship,No Relationship,Support,Support
"We have powerful tools at our disposal – zero-carbon energy, open-source AI, precision agriculture, biodiversity conservation.","We also call on creditor governments to swap outstanding debts for investments in climate safety (debt-for-climate swaps), the protection of biodiversity (debt-for-nature swaps), and education (debt-for-education swaps), in line with Pope Francis’s declaration of 2025 as a Jubilee Year:",15_1,15_3,,No Relationship,No Relationship,Support,Support
"We have powerful tools at our disposal – zero-carbon energy, open-source AI, precision agriculture, biodiversity conservation.","protecting the global commons (oceans, the atmosphere, tropical forests, space, endangered species, and critical biomes).",15_1,15_4,,No Relationship,No Relationship,Support,Support
"We have powerful tools at our disposal – zero-carbon energy, open-source AI, precision agriculture, biodiversity conservation.","Third, UN member states must increase their financing of the global commons: the biodiversity of the world’s tropical rainforests; the marine life of the oceans; and the protection of the atmosphere, freshwater, soils, coastlines, wetlands, and other ecosystems from transboundary pollution and global-scale degradation.",15_1,15_5,,No Relationship,No Relationship,Support,Support
"We have powerful tools at our disposal – zero-carbon energy, open-source AI, precision agriculture, biodiversity conservation.","At the global level, SDG 15 (Life on Land) and SDG 16 (Peace, Justice and Strong Institutions) are particularly off track, facing major challenges (indicated in red on the dashboards) and showing no or very limited progress since 2015.",15_1,15_6,,No Relationship,No Relationship,No Relationship,No Relationship
"We have powerful tools at our disposal – zero-carbon energy, open-source AI, precision agriculture, biodiversity conservation.","However, even these countries face substantial challenges in achieving several SDGs, notably SDG 2 (Zero Hunger), SDG 12 (Responsible Consumption and Production), SDG 13 (Climate Action) and SDG 15 (Life on Land), partly driven by unsustainable consumption patterns and negative international spillover effects.",15_1,15_7,,No Relationship,No Relationship,Support,Support
"We have powerful tools at our disposal – zero-carbon energy, open-source AI, precision agriculture, biodiversity conservation.",The five targets most on track are: ... and Red List Index (SDG 15),15_1,15_8,,No Relationship,No Relationship,No Relationship,No Relationship
biodiversity conservation.,"We also call on creditor governments to swap outstanding debts for investments in climate safety (debt-for-climate swaps), the protection of biodiversity (debt-for-nature swaps), and education (debt-for-education swaps), in line with Pope Francis’s declaration of 2025 as a Jubilee Year:",15_2,15_3,,No Relationship,No Relationship,Support,Support
biodiversity conservation.,"protecting the global commons (oceans, the atmosphere, tropical forests, space, endangered species, and critical biomes).",15_2,15_4,,No Relationship,Support,Support,Rephrase
biodiversity conservation.,"Third, UN member states must increase their financing of the global commons: the biodiversity of the world’s tropical rainforests; the marine life of the oceans; and the protection of the atmosphere, freshwater, soils, coastlines, wetlands, and other ecosystems from transboundary pollution and global-scale degradation.",15_2,15_5,,No Relationship,No Relationship,Support,Rephrase
biodiversity conservation.,"At the global level, SDG 15 (Life on Land) and SDG 16 (Peace, Justice and Strong Institutions) are particularly off track, facing major challenges (indicated in red on the dashboards) and showing no or very limited progress since 2015.",15_2,15_6,,No Relationship,No Relationship,No Relationship,No Relationship
biodiversity conservation.,"However, even these countries face substantial challenges in achieving several SDGs, notably SDG 2 (Zero Hunger), SDG 12 (Responsible Consumption and Production), SDG 13 (Climate Action) and SDG 15 (Life on Land), partly driven by unsustainable consumption patterns and negative international spillover effects.",15_2,15_7,,No Relationship,No Relationship,Support,No Relationship
biodiversity conservation.,The five targets most on track are: ... and Red List Index (SDG 15),15_2,15_8,,No Relationship,No Relationship,No Relationship,Rephrase
"We also call on creditor governments to swap outstanding debts for investments in climate safety (debt-for-climate swaps), the protection of biodiversity (debt-for-nature swaps), and education (debt-for-education swaps), in line with Pope Francis’s declaration of 2025 as a Jubilee Year:","protecting the global commons (oceans, the atmosphere, tropical forests, space, endangered species, and critical biomes).",15_3,15_4,,No Relationship,No Relationship,Support,Support
"We also call on creditor governments to swap outstanding debts for investments in climate safety (debt-for-climate swaps), the protection of biodiversity (debt-for-nature swaps), and education (debt-for-education swaps), in line with Pope Francis’s declaration of 2025 as a Jubilee Year:","Third, UN member states must increase their financing of the global commons: the biodiversity of the world’s tropical rainforests; the marine life of the oceans; and the protection of the atmosphere, freshwater, soils, coastlines, wetlands, and other ecosystems from transboundary pollution and global-scale degradation.",15_3,15_5,,No Relationship,No Relationship,Support,Support
"We also call on creditor governments to swap outstanding debts for investments in climate safety (debt-for-climate swaps), the protection of biodiversity (debt-for-nature swaps), and education (debt-for-education swaps), in line with Pope Francis’s declaration of 2025 as a Jubilee Year:","At the global level, SDG 15 (Life on Land) and SDG 16 (Peace, Justice and Strong Institutions) are particularly off track, facing major challenges (indicated in red on the dashboards) and showing no or very limited progress since 2015.",15_3,15_6,,No Relationship,No Relationship,No Relationship,No Relationship
"We also call on creditor governments to swap outstanding debts for investments in climate safety (debt-for-climate swaps), the protection of biodiversity (debt-for-nature swaps), and education (debt-for-education swaps), in line with Pope Francis’s declaration of 2025 as a Jubilee Year:","However, even these countries face substantial challenges in achieving several SDGs, notably SDG 2 (Zero Hunger), SDG 12 (Responsible Consumption and Production), SDG 13 (Climate Action) and SDG 15 (Life on Land), partly driven by unsustainable consumption patterns and negative international spillover effects.",15_3,15_7,,No Relationship,No Relationship,Support,No Relationship
"We also call on creditor governments to swap outstanding debts for investments in climate safety (debt-for-climate swaps), the protection of biodiversity (debt-for-nature swaps), and education (debt-for-education swaps), in line with Pope Francis’s declaration of 2025 as a Jubilee Year:",The five targets most on track are: ... and Red List Index (SDG 15),15_3,15_8,,No Relationship,No Relationship,No Relationship,No Relationship
"protecting the global commons (oceans, the atmosphere, tropical forests, space, endangered species, and critical biomes).","Third, UN member states must increase their financing of the global commons: the biodiversity of the world’s tropical rainforests; the marine life of the oceans; and the protection of the atmosphere, freshwater, soils, coastlines, wetlands, and other ecosystems from transboundary pollution and global-scale degradation.",15_4,15_5,,No Relationship,No Relationship,Support,Rephrase
"protecting the global commons (oceans, the atmosphere, tropical forests, space, endangered species, and critical biomes).","At the global level, SDG 15 (Life on Land) and SDG 16 (Peace, Justice and Strong Institutions) are particularly off track, facing major challenges (indicated in red on the dashboards) and showing no or very limited progress since 2015.",15_4,15_6,,No Relationship,No Relationship,No Relationship,Support
"protecting the global commons (oceans, the atmosphere, tropical forests, space, endangered species, and critical biomes).","However, even these countries face substantial challenges in achieving several SDGs, notably SDG 2 (Zero Hunger), SDG 12 (Responsible Consumption and Production), SDG 13 (Climate Action) and SDG 15 (Life on Land), partly driven by unsustainable consumption patterns and negative international spillover effects.",15_4,15_7,,No Relationship,No Relationship,Support,Support
"protecting the global commons (oceans, the atmosphere, tropical forests, space, endangered species, and critical biomes).",The five targets most on track are: ... and Red List Index (SDG 15),15_4,15_8,,No Relationship,No Relationship,No Relationship,Support
"Third, UN member states must increase their financing of the global commons: the biodiversity of the world’s tropical rainforests; the marine life of the oceans; and the protection of the atmosphere, freshwater, soils, coastlines, wetlands, and other ecosystems from transboundary pollution and global-scale degradation.","At the global level, SDG 15 (Life on Land) and SDG 16 (Peace, Justice and Strong Institutions) are particularly off track, facing major challenges (indicated in red on the dashboards) and showing no or very limited progress since 2015.",15_5,15_6,,No Relationship,No Relationship,No Relationship,Support
"Third, UN member states must increase their financing of the global commons: the biodiversity of the world’s tropical rainforests; the marine life of the oceans; and the protection of the atmosphere, freshwater, soils, coastlines, wetlands, and other ecosystems from transboundary pollution and global-scale degradation.","However, even these countries face substantial challenges in achieving several SDGs, notably SDG 2 (Zero Hunger), SDG 12 (Responsible Consumption and Production), SDG 13 (Climate Action) and SDG 15 (Life on Land), partly driven by unsustainable consumption patterns and negative international spillover effects.",15_5,15_7,,No Relationship,No Relationship,Support,Support
"Third, UN member states must increase their financing of the global commons: the biodiversity of the world’s tropical rainforests; the marine life of the oceans; and the protection of the atmosphere, freshwater, soils, coastlines, wetlands, and other ecosystems from transboundary pollution and global-scale degradation.",The five targets most on track are: ... and Red List Index (SDG 15),15_5,15_8,,No Relationship,No Relationship,No Relationship,Support
"At the global level, SDG 15 (Life on Land) and SDG 16 (Peace, Justice and Strong Institutions) are particularly off track, facing major challenges (indicated in red on the dashboards) and showing no or very limited progress since 2015.","However, even these countries face substantial challenges in achieving several SDGs, notably SDG 2 (Zero Hunger), SDG 12 (Responsible Consumption and Production), SDG 13 (Climate Action) and SDG 15 (Life on Land), partly driven by unsustainable consumption patterns and negative international spillover effects.",15_6,15_7,,No Relationship,No Relationship,Support,Rephrase
"At the global level, SDG 15 (Life on Land) and SDG 16 (Peace, Justice and Strong Institutions) are particularly off track, facing major challenges (indicated in red on the dashboards) and showing no or very limited progress since 2015.",The five targets most on track are: ... and Red List Index (SDG 15),15_6,15_8,,Attack,Attack,No Relationship,Support
"However, even these countries face substantial challenges in achieving several SDGs, notably SDG 2 (Zero Hunger), SDG 12 (Responsible Consumption and Production), SDG 13 (Climate Action) and SDG 15 (Life on Land), partly driven by unsustainable consumption patterns and negative international spillover effects.",The five targets most on track are: ... and Red List Index (SDG 15),15_7,15_8,,No Relationship,No Relationship,No Relationship,Support
"If we really wish to prepare a path to peace in our world, let us commit ourselves to remedying the remote causes of injustice, settling unjust and unpayable debts, and feeding the hungry.","We therefore call for intensive skills training in lower-income countries to empower governments to plan effectively for their long-term development, manage fiscal policy and international indebtedness, fight corruption, and implement public investment plans and public services with diligence and excellence.",16_0,16_1,,No Relationship,No Relationship,Support,Support
"If we really wish to prepare a path to peace in our world, let us commit ourselves to remedying the remote causes of injustice, settling unjust and unpayable debts, and feeding the hungry.",We give our gratitude to the late Pope Francis for declaring 2025 to be a Jubilee Year and a year of great hope.,16_0,16_2,,No Relationship,No Relationship,Support,No Relationship
"If we really wish to prepare a path to peace in our world, let us commit ourselves to remedying the remote causes of injustice, settling unjust and unpayable debts, and feeding the hungry.","The fourth Financing for Development conference can restore the world’s hope, by mobilizing nations committed to global peace, wellbeing, and sustainable development.",16_0,16_3,,No Relationship,No Relationship,Support,Support
"If we really wish to prepare a path to peace in our world, let us commit ourselves to remedying the remote causes of injustice, settling unjust and unpayable debts, and feeding the hungry.","At the global level, SDG 16 (Peace, Justice and Strong Institutions) are particularly off track, facing major challenges and showing no or very limited progress since 2015.",16_0,16_4,,No Relationship,No Relationship,No Relationship,Support
"If we really wish to prepare a path to peace in our world, let us commit ourselves to remedying the remote causes of injustice, settling unjust and unpayable debts, and feeding the hungry.",Press Freedom Index (SDG 16),16_0,16_5,,No Relationship,No Relationship,No Relationship,No Relationship
"If we really wish to prepare a path to peace in our world, let us commit ourselves to remedying the remote causes of injustice, settling unjust and unpayable debts, and feeding the hungry.",Corruption Perception Index (SDG 16),16_0,16_6,,No Relationship,No Relationship,No Relationship,No Relationship
"If we really wish to prepare a path to peace in our world, let us commit ourselves to remedying the remote causes of injustice, settling unjust and unpayable debts, and feeding the hungry.","We will take bold, ambitious, accelerated, just and transformative actions to implement the 2030 Agenda, achieve the Sustainable Development Goals and leave no one behind.",16_0,16_7,,No Relationship,No Relationship,Support,Support
"If we really wish to prepare a path to peace in our world, let us commit ourselves to remedying the remote causes of injustice, settling unjust and unpayable debts, and feeding the hungry.",Ratification of major UN treaties,16_0,16_8,,No Relationship,No Relationship,No Relationship,No Relationship
"If we really wish to prepare a path to peace in our world, let us commit ourselves to remedying the remote causes of injustice, settling unjust and unpayable debts, and feeding the hungry.",There is also a close relationship between disarmament and development. Progress in the former would help greatly in the realization of the latter. Therefore resources released as a result of the implementation of disarmament measures should be devoted to the economic and social development of all nations and contribute to the bridging of the economic gap between developed and developing countries.”,16_0,16_9,,No Relationship,No Relationship,Support,Support
"If we really wish to prepare a path to peace in our world, let us commit ourselves to remedying the remote causes of injustice, settling unjust and unpayable debts, and feeding the hungry.","It is estimated that the cost to achieve quality universal primary and early secondary education for all (Goal 4) would barely exceed 3 per cent of global annual military spending, while eliminating extreme poverty and hunger (Goals 1 and 2) would amount to only about 13 per cent of annual military spending.",16_0,16_10,,No Relationship,No Relationship,Support,Support
"If we really wish to prepare a path to peace in our world, let us commit ourselves to remedying the remote causes of injustice, settling unjust and unpayable debts, and feeding the hungry.",Reinvesting 5 per cent of global military spending would also exceed the initial annual costs of adapting to climate change in developing countries (Goal 13).,16_0,16_11,,No Relationship,No Relationship,Support,No Relationship
"If we really wish to prepare a path to peace in our world, let us commit ourselves to remedying the remote causes of injustice, settling unjust and unpayable debts, and feeding the hungry.","Through its 17 Sustainable Development Goals, the Agenda sets out a road map to end hunger, protect the planet, achieve gender equality, improve health and more.",16_0,16_12,,No Relationship,No Relationship,Support,Support
"We therefore call for intensive skills training in lower-income countries to empower governments to plan effectively for their long-term development, manage fiscal policy and international indebtedness, fight corruption, and implement public investment plans and public services with diligence and excellence.",We give our gratitude to the late Pope Francis for declaring 2025 to be a Jubilee Year and a year of great hope.,16_1,16_2,,No Relationship,No Relationship,Support,No Relationship
"We therefore call for intensive skills training in lower-income countries to empower governments to plan effectively for their long-term development, manage fiscal policy and international indebtedness, fight corruption, and implement public investment plans and public services with diligence and excellence.","The fourth Financing for Development conference can restore the world’s hope, by mobilizing nations committed to global peace, wellbeing, and sustainable development.",16_1,16_3,,No Relationship,No Relationship,Support,Support
"We therefore call for intensive skills training in lower-income countries to empower governments to plan effectively for their long-term development, manage fiscal policy and international indebtedness, fight corruption, and implement public investment plans and public services with diligence and excellence.","At the global level, SDG 16 (Peace, Justice and Strong Institutions) are particularly off track, facing major challenges and showing no or very limited progress since 2015.",16_1,16_4,,No Relationship,No Relationship,No Relationship,No Relationship
"We therefore call for intensive skills training in lower-income countries to empower governments to plan effectively for their long-term development, manage fiscal policy and international indebtedness, fight corruption, and implement public investment plans and public services with diligence and excellence.",Press Freedom Index (SDG 16),16_1,16_5,,No Relationship,No Relationship,No Relationship,No Relationship
"We therefore call for intensive skills training in lower-income countries to empower governments to plan effectively for their long-term development, manage fiscal policy and international indebtedness, fight corruption, and implement public investment plans and public services with diligence and excellence.",Corruption Perception Index (SDG 16),16_1,16_6,,No Relationship,No Relationship,No Relationship,Support
"We therefore call for intensive skills training in lower-income countries to empower governments to plan effectively for their long-term development, manage fiscal policy and international indebtedness, fight corruption, and implement public investment plans and public services with diligence and excellence.","We will take bold, ambitious, accelerated, just and transformative actions to implement the 2030 Agenda, achieve the Sustainable Development Goals and leave no one behind.",16_1,16_7,,No Relationship,No Relationship,Support,Support
"We therefore call for intensive skills training in lower-income countries to empower governments to plan effectively for their long-term development, manage fiscal policy and international indebtedness, fight corruption, and implement public investment plans and public services with diligence and excellence.",Ratification of major UN treaties,16_1,16_8,,No Relationship,No Relationship,No Relationship,No Relationship
"We therefore call for intensive skills training in lower-income countries to empower governments to plan effectively for their long-term development, manage fiscal policy and international indebtedness, fight corruption, and implement public investment plans and public services with diligence and excellence.",There is also a close relationship between disarmament and development. Progress in the former would help greatly in the realization of the latter. Therefore resources released as a result of the implementation of disarmament measures should be devoted to the economic and social development of all nations and contribute to the bridging of the economic gap between developed and developing countries.”,16_1,16_9,,No Relationship,No Relationship,Support,Support
"We therefore call for intensive skills training in lower-income countries to empower governments to plan effectively for their long-term development, manage fiscal policy and international indebtedness, fight corruption, and implement public investment plans and public services with diligence and excellence.","It is estimated that the cost to achieve quality universal primary and early secondary education for all (Goal 4) would barely exceed 3 per cent of global annual military spending, while eliminating extreme poverty and hunger (Goals 1 and 2) would amount to only about 13 per cent of annual military spending.",16_1,16_10,,No Relationship,No Relationship,Support,No Relationship
"We therefore call for intensive skills training in lower-income countries to empower governments to plan effectively for their long-term development, manage fiscal policy and international indebtedness, fight corruption, and implement public investment plans and public services with diligence and excellence.",Reinvesting 5 per cent of global military spending would also exceed the initial annual costs of adapting to climate change in developing countries (Goal 13).,16_1,16_11,,No Relationship,No Relationship,No Relationship,No Relationship
"We therefore call for intensive skills training in lower-income countries to empower governments to plan effectively for their long-term development, manage fiscal policy and international indebtedness, fight corruption, and implement public investment plans and public services with diligence and excellence.","Through its 17 Sustainable Development Goals, the Agenda sets out a road map to end hunger, protect the planet, achieve gender equality, improve health and more.",16_1,16_12,,No Relationship,No Relationship,Support,No Relationship
We give our gratitude to the late Pope Francis for declaring 2025 to be a Jubilee Year and a year of great hope.,"The fourth Financing for Development conference can restore the world’s hope, by mobilizing nations committed to global peace, wellbeing, and sustainable development.",16_2,16_3,,No Relationship,No Relationship,Support,Support
We give our gratitude to the late Pope Francis for declaring 2025 to be a Jubilee Year and a year of great hope.,"At the global level, SDG 16 (Peace, Justice and Strong Institutions) are particularly off track, facing major challenges and showing no or very limited progress since 2015.",16_2,16_4,,No Relationship,Attack,No Relationship,No Relationship
We give our gratitude to the late Pope Francis for declaring 2025 to be a Jubilee Year and a year of great hope.,Press Freedom Index (SDG 16),16_2,16_5,,No Relationship,Attack,No Relationship,No Relationship
We give our gratitude to the late Pope Francis for declaring 2025 to be a Jubilee Year and a year of great hope.,Corruption Perception Index (SDG 16),16_2,16_6,,No Relationship,Attack,No Relationship,No Relationship
We give our gratitude to the late Pope Francis for declaring 2025 to be a Jubilee Year and a year of great hope.,"We will take bold, ambitious, accelerated, just and transformative actions to implement the 2030 Agenda, achieve the Sustainable Development Goals and leave no one behind.",16_2,16_7,,No Relationship,No Relationship,Support,Support
We give our gratitude to the late Pope Francis for declaring 2025 to be a Jubilee Year and a year of great hope.,Ratification of major UN treaties,16_2,16_8,,No Relationship,No Relationship,Support,No Relationship
We give our gratitude to the late Pope Francis for declaring 2025 to be a Jubilee Year and a year of great hope.,There is also a close relationship between disarmament and development. Progress in the former would help greatly in the realization of the latter. Therefore resources released as a result of the implementation of disarmament measures should be devoted to the economic and social development of all nations and contribute to the bridging of the economic gap between developed and developing countries.”,16_2,16_9,,No Relationship,No Relationship,Support,No Relationship
We give our gratitude to the late Pope Francis for declaring 2025 to be a Jubilee Year and a year of great hope.,"It is estimated that the cost to achieve quality universal primary and early secondary education for all (Goal 4) would barely exceed 3 per cent of global annual military spending, while eliminating extreme poverty and hunger (Goals 1 and 2) would amount to only about 13 per cent of annual military spending.",16_2,16_10,,No Relationship,No Relationship,Support,No Relationship
We give our gratitude to the late Pope Francis for declaring 2025 to be a Jubilee Year and a year of great hope.,Reinvesting 5 per cent of global military spending would also exceed the initial annual costs of adapting to climate change in developing countries (Goal 13).,16_2,16_11,,No Relationship,No Relationship,No Relationship,No Relationship
We give our gratitude to the late Pope Francis for declaring 2025 to be a Jubilee Year and a year of great hope.,"Through its 17 Sustainable Development Goals, the Agenda sets out a road map to end hunger, protect the planet, achieve gender equality, improve health and more.",16_2,16_12,,No Relationship,No Relationship,Support,No Relationship
"The fourth Financing for Development conference can restore the world’s hope, by mobilizing nations committed to global peace, wellbeing, and sustainable development.","At the global level, SDG 16 (Peace, Justice and Strong Institutions) are particularly off track, facing major challenges and showing no or very limited progress since 2015.",16_3,16_4,,No Relationship,No Relationship,No Relationship,Support
"The fourth Financing for Development conference can restore the world’s hope, by mobilizing nations committed to global peace, wellbeing, and sustainable development.",Press Freedom Index (SDG 16),16_3,16_5,,No Relationship,No Relationship,No Relationship,No Relationship
"The fourth Financing for Development conference can restore the world’s hope, by mobilizing nations committed to global peace, wellbeing, and sustainable development.",Corruption Perception Index (SDG 16),16_3,16_6,,No Relationship,No Relationship,No Relationship,No Relationship
"The fourth Financing for Development conference can restore the world’s hope, by mobilizing nations committed to global peace, wellbeing, and sustainable development.","We will take bold, ambitious, accelerated, just and transformative actions to implement the 2030 Agenda, achieve the Sustainable Development Goals and leave no one behind.",16_3,16_7,,No Relationship,No Relationship,Support,Support
"The fourth Financing for Development conference can restore the world’s hope, by mobilizing nations committed to global peace, wellbeing, and sustainable development.",Ratification of major UN treaties,16_3,16_8,,No Relationship,No Relationship,No Relationship,No Relationship
"The fourth Financing for Development conference can restore the world’s hope, by mobilizing nations committed to global peace, wellbeing, and sustainable development.",There is also a close relationship between disarmament and development. Progress in the former would help greatly in the realization of the latter. Therefore resources released as a result of the implementation of disarmament measures should be devoted to the economic and social development of all nations and contribute to the bridging of the economic gap between developed and developing countries.”,16_3,16_9,,No Relationship,No Relationship,Support,Support
"The fourth Financing for Development conference can restore the world’s hope, by mobilizing nations committed to global peace, wellbeing, and sustainable development.","It is estimated that the cost to achieve quality universal primary and early secondary education for all (Goal 4) would barely exceed 3 per cent of global annual military spending, while eliminating extreme poverty and hunger (Goals 1 and 2) would amount to only about 13 per cent of annual military spending.",16_3,16_10,,No Relationship,No Relationship,Support,Support
"The fourth Financing for Development conference can restore the world’s hope, by mobilizing nations committed to global peace, wellbeing, and sustainable development.",Reinvesting 5 per cent of global military spending would also exceed the initial annual costs of adapting to climate change in developing countries (Goal 13).,16_3,16_11,,No Relationship,No Relationship,No Relationship,No Relationship
"The fourth Financing for Development conference can restore the world’s hope, by mobilizing nations committed to global peace, wellbeing, and sustainable development.","Through its 17 Sustainable Development Goals, the Agenda sets out a road map to end hunger, protect the planet, achieve gender equality, improve health and more.",16_3,16_12,,No Relationship,No Relationship,Support,Support
"At the global level, SDG 16 (Peace, Justice and Strong Institutions) are particularly off track, facing major challenges and showing no or very limited progress since 2015.",Press Freedom Index (SDG 16),16_4,16_5,,No Relationship,Attack,No Relationship,Support
"At the global level, SDG 16 (Peace, Justice and Strong Institutions) are particularly off track, facing major challenges and showing no or very limited progress since 2015.",Corruption Perception Index (SDG 16),16_4,16_6,,No Relationship,No Relationship,No Relationship,Support
"At the global level, SDG 16 (Peace, Justice and Strong Institutions) are particularly off track, facing major challenges and showing no or very limited progress since 2015.","We will take bold, ambitious, accelerated, just and transformative actions to implement the 2030 Agenda, achieve the Sustainable Development Goals and leave no one behind.",16_4,16_7,,No Relationship,No Relationship,Support,Support
"At the global level, SDG 16 (Peace, Justice and Strong Institutions) are particularly off track, facing major challenges and showing no or very limited progress since 2015.",Ratification of major UN treaties,16_4,16_8,,No Relationship,No Relationship,No Relationship,No Relationship
"At the global level, SDG 16 (Peace, Justice and Strong Institutions) are particularly off track, facing major challenges and showing no or very limited progress since 2015.",There is also a close relationship between disarmament and development. Progress in the former would help greatly in the realization of the latter. Therefore resources released as a result of the implementation of disarmament measures should be devoted to the economic and social development of all nations and contribute to the bridging of the economic gap between developed and developing countries.”,16_4,16_9,,No Relationship,No Relationship,Support,Support
"At the global level, SDG 16 (Peace, Justice and Strong Institutions) are particularly off track, facing major challenges and showing no or very limited progress since 2015.","It is estimated that the cost to achieve quality universal primary and early secondary education for all (Goal 4) would barely exceed 3 per cent of global annual military spending, while eliminating extreme poverty and hunger (Goals 1 and 2) would amount to only about 13 per cent of annual military spending.",16_4,16_10,,No Relationship,No Relationship,No Relationship,Support
"At the global level, SDG 16 (Peace, Justice and Strong Institutions) are particularly off track, facing major challenges and showing no or very limited progress since 2015.",Reinvesting 5 per cent of global military spending would also exceed the initial annual costs of adapting to climate change in developing countries (Goal 13).,16_4,16_11,,No Relationship,No Relationship,No Relationship,Support
"At the global level, SDG 16 (Peace, Justice and Strong Institutions) are particularly off track, facing major challenges and showing no or very limited progress since 2015.","Through its 17 Sustainable Development Goals, the Agenda sets out a road map to end hunger, protect the planet, achieve gender equality, improve health and more.",16_4,16_12,,No Relationship,No Relationship,No Relationship,Attack
Press Freedom Index (SDG 16),Corruption Perception Index (SDG 16),16_5,16_6,,Attack,Attack,No Relationship,Rephrase
Press Freedom Index (SDG 16),"We will take bold, ambitious, accelerated, just and transformative actions to implement the 2030 Agenda, achieve the Sustainable Development Goals and leave no one behind.",16_5,16_7,,No Relationship,No Relationship,Support,No Relationship
Press Freedom Index (SDG 16),Ratification of major UN treaties,16_5,16_8,,No Relationship,Attack,No Relationship,No Relationship
Press Freedom Index (SDG 16),There is also a close relationship between disarmament and development. Progress in the former would help greatly in the realization of the latter. Therefore resources released as a result of the implementation of disarmament measures should be devoted to the economic and social development of all nations and contribute to the bridging of the economic gap between developed and developing countries.”,16_5,16_9,,No Relationship,No Relationship,Support,No Relationship
Press Freedom Index (SDG 16),"It is estimated that the cost to achieve quality universal primary and early secondary education for all (Goal 4) would barely exceed 3 per cent of global annual military spending, while eliminating extreme poverty and hunger (Goals 1 and 2) would amount to only about 13 per cent of annual military spending.",16_5,16_10,,No Relationship,No Relationship,No Relationship,No Relationship
Press Freedom Index (SDG 16),Reinvesting 5 per cent of global military spending would also exceed the initial annual costs of adapting to climate change in developing countries (Goal 13).,16_5,16_11,,No Relationship,No Relationship,No Relationship,No Relationship
Press Freedom Index (SDG 16),"Through its 17 Sustainable Development Goals, the Agenda sets out a road map to end hunger, protect the planet, achieve gender equality, improve health and more.",16_5,16_12,,No Relationship,No Relationship,Support,No Relationship
Corruption Perception Index (SDG 16),"We will take bold, ambitious, accelerated, just and transformative actions to implement the 2030 Agenda, achieve the Sustainable Development Goals and leave no one behind.",16_6,16_7,,No Relationship,No Relationship,Support,No Relationship
Corruption Perception Index (SDG 16),Ratification of major UN treaties,16_6,16_8,,Attack,Attack,No Relationship,No Relationship
Corruption Perception Index (SDG 16),There is also a close relationship between disarmament and development. Progress in the former would help greatly in the realization of the latter. Therefore resources released as a result of the implementation of disarmament measures should be devoted to the economic and social development of all nations and contribute to the bridging of the economic gap between developed and developing countries.”,16_6,16_9,,No Relationship,No Relationship,Support,No Relationship
Corruption Perception Index (SDG 16),"It is estimated that the cost to achieve quality universal primary and early secondary education for all (Goal 4) would barely exceed 3 per cent of global annual military spending, while eliminating extreme poverty and hunger (Goals 1 and 2) would amount to only about 13 per cent of annual military spending.",16_6,16_10,,No Relationship,No Relationship,No Relationship,No Relationship
Corruption Perception Index (SDG 16),Reinvesting 5 per cent of global military spending would also exceed the initial annual costs of adapting to climate change in developing countries (Goal 13).,16_6,16_11,,No Relationship,No Relationship,No Relationship,No Relationship
Corruption Perception Index (SDG 16),"Through its 17 Sustainable Development Goals, the Agenda sets out a road map to end hunger, protect the planet, achieve gender equality, improve health and more.",16_6,16_12,,No Relationship,No Relationship,Support,No Relationship
"We will take bold, ambitious, accelerated, just and transformative actions to implement the 2030 Agenda, achieve the Sustainable Development Goals and leave no one behind.",Ratification of major UN treaties,16_7,16_8,,No Relationship,No Relationship,Support,No Relationship
"We will take bold, ambitious, accelerated, just and transformative actions to implement the 2030 Agenda, achieve the Sustainable Development Goals and leave no one behind.",There is also a close relationship between disarmament and development. Progress in the former would help greatly in the realization of the latter. Therefore resources released as a result of the implementation of disarmament measures should be devoted to the economic and social development of all nations and contribute to the bridging of the economic gap between developed and developing countries.”,16_7,16_9,,No Relationship,No Relationship,Support,Support
"We will take bold, ambitious, accelerated, just and transformative actions to implement the 2030 Agenda, achieve the Sustainable Development Goals and leave no one behind.","It is estimated that the cost to achieve quality universal primary and early secondary education for all (Goal 4) would barely exceed 3 per cent of global annual military spending, while eliminating extreme poverty and hunger (Goals 1 and 2) would amount to only about 13 per cent of annual military spending.",16_7,16_10,,No Relationship,No Relationship,Support,Support
"We will take bold, ambitious, accelerated, just and transformative actions to implement the 2030 Agenda, achieve the Sustainable Development Goals and leave no one behind.",Reinvesting 5 per cent of global military spending would also exceed the initial annual costs of adapting to climate change in developing countries (Goal 13).,16_7,16_11,,No Relationship,No Relationship,No Relationship,No Relationship
"We will take bold, ambitious, accelerated, just and transformative actions to implement the 2030 Agenda, achieve the Sustainable Development Goals and leave no one behind.","Through its 17 Sustainable Development Goals, the Agenda sets out a road map to end hunger, protect the planet, achieve gender equality, improve health and more.",16_7,16_12,,No Relationship,No Relationship,Support,Support
Ratification of major UN treaties,There is also a close relationship between disarmament and development. Progress in the former would help greatly in the realization of the latter. Therefore resources released as a result of the implementation of disarmament measures should be devoted to the economic and social development of all nations and contribute to the bridging of the economic gap between developed and developing countries.”,16_8,16_9,,No Relationship,No Relationship,Support,No Relationship
Ratification of major UN treaties,"It is estimated that the cost to achieve quality universal primary and early secondary education for all (Goal 4) would barely exceed 3 per cent of global annual military spending, while eliminating extreme poverty and hunger (Goals 1 and 2) would amount to only about 13 per cent of annual military spending.",16_8,16_10,,No Relationship,No Relationship,No Relationship,No Relationship
Ratification of major UN treaties,Reinvesting 5 per cent of global military spending would also exceed the initial annual costs of adapting to climate change in developing countries (Goal 13).,16_8,16_11,,No Relationship,No Relationship,No Relationship,No Relationship
Ratification of major UN treaties,"Through its 17 Sustainable Development Goals, the Agenda sets out a road map to end hunger, protect the planet, achieve gender equality, improve health and more.",16_8,16_12,,No Relationship,No Relationship,Support,No Relationship
There is also a close relationship between disarmament and development. Progress in the former would help greatly in the realization of the latter. Therefore resources released as a result of the implementation of disarmament measures should be devoted to the economic and social development of all nations and contribute to the bridging of the economic gap between developed and developing countries.”,"It is estimated that the cost to achieve quality universal primary and early secondary education for all (Goal 4) would barely exceed 3 per cent of global annual military spending, while eliminating extreme poverty and hunger (Goals 1 and 2) would amount to only about 13 per cent of annual military spending.",16_9,16_10,,No Relationship,No Relationship,No Relationship,Support
There is also a close relationship between disarmament and development. Progress in the former would help greatly in the realization of the latter. Therefore resources released as a result of the implementation of disarmament measures should be devoted to the economic and social development of all nations and contribute to the bridging of the economic gap between developed and developing countries.”,Reinvesting 5 per cent of global military spending would also exceed the initial annual costs of adapting to climate change in developing countries (Goal 13).,16_9,16_11,,No Relationship,No Relationship,Support,Support
There is also a close relationship between disarmament and development. Progress in the former would help greatly in the realization of the latter. Therefore resources released as a result of the implementation of disarmament measures should be devoted to the economic and social development of all nations and contribute to the bridging of the economic gap between developed and developing countries.”,"Through its 17 Sustainable Development Goals, the Agenda sets out a road map to end hunger, protect the planet, achieve gender equality, improve health and more.",16_9,16_12,,No Relationship,No Relationship,Support,Support
"It is estimated that the cost to achieve quality universal primary and early secondary education for all (Goal 4) would barely exceed 3 per cent of global annual military spending, while eliminating extreme poverty and hunger (Goals 1 and 2) would amount to only about 13 per cent of annual military spending.",Reinvesting 5 per cent of global military spending would also exceed the initial annual costs of adapting to climate change in developing countries (Goal 13).,16_10,16_11,,No Relationship,No Relationship,No Relationship,Support
"It is estimated that the cost to achieve quality universal primary and early secondary education for all (Goal 4) would barely exceed 3 per cent of global annual military spending, while eliminating extreme poverty and hunger (Goals 1 and 2) would amount to only about 13 per cent of annual military spending.","Through its 17 Sustainable Development Goals, the Agenda sets out a road map to end hunger, protect the planet, achieve gender equality, improve health and more.",16_10,16_12,,No Relationship,No Relationship,Support,Support
Reinvesting 5 per cent of global military spending would also exceed the initial annual costs of adapting to climate change in developing countries (Goal 13).,"Through its 17 Sustainable Development Goals, the Agenda sets out a road map to end hunger, protect the planet, achieve gender equality, improve health and more.",16_11,16_12,,No Relationship,No Relationship,Support,Support
Member states must act together in partnership and good faith for the common good of humanity.,No single member state of the United Nations can excuse itself from the responsibility to contribute fairly and adequately to the provision of global public goods and services.,17_0,17_1,,No Relationship,No Relationship,No Relationship,Support
Member states must act together in partnership and good faith for the common good of humanity.,"UN member states must increase their official financing of the Sustainable Development Goals (SDGs) in the lead-up to 2030, including providing debt relief as needed to create the fiscal space to achieve them.",17_0,17_2,,No Relationship,No Relationship,Support,Support
Member states must act together in partnership and good faith for the common good of humanity.,We call for a bold outcome that has four parts.,17_0,17_3,,No Relationship,No Relationship,Support,Support
Member states must act together in partnership and good faith for the common good of humanity.,"First, the core outcome document from FfD4 should express the consensus of UN member states, if not neces-sarily their unanimity.",17_0,17_4,,No Relationship,No Relationship,Support,Support
Member states must act together in partnership and good faith for the common good of humanity.,"No single state or small number of states should impede actions supported by the majority of UN members, representing most of the world’s population.",17_0,17_5,,No Relationship,No Relationship,Support,Support
Member states must act together in partnership and good faith for the common good of humanity.,"Third, there should be room for high-ambition initiatives by “coalitions of the willing”.",17_0,17_6,,No Relationship,No Relationship,Support,Support
Member states must act together in partnership and good faith for the common good of humanity.,FfD4 should encourage and welcome bold actions by individual regions or groups of nations that in turn inspire other nations and regions to raise their ambitions as well.,17_0,17_7,,No Relationship,Attack,Support,Support
Member states must act together in partnership and good faith for the common good of humanity.,"Fourth, there should be a clear list of specific action items that can be reported to the world in clear and unmistakable terms, along with timelines and mea-surements for accountability.",17_0,17_8,,No Relationship,No Relationship,Support,Support
Member states must act together in partnership and good faith for the common good of humanity.,full funding of the UN system;,17_0,17_9,,No Relationship,No Relationship,Support,Support
Member states must act together in partnership and good faith for the common good of humanity.,"Sound international finance could and would channel long-term grants and loans to the poorest nations, allowing governments to ensure that all children receive the start in life they need and are enabled to achieve higher earnings in the future, so creating the very means for countries to repay international debts.",17_0,17_10,,No Relationship,No Relationship,Support,Support
Member states must act together in partnership and good faith for the common good of humanity.,"Partnerships among MDBs but also with PDBs, for instance as part of the Financing in Common Initiative (FICs), can help accelerate the convergence towards shared standards and best practices, and to support banks’ commitments to shift their strategies towards achieving the SDGs.",17_0,17_11,,No Relationship,No Relationship,Support,Support
Member states must act together in partnership and good faith for the common good of humanity.,"We call for the formation of a Borrowers Club of Nations, to work alongside the Creditors Clubs, to foster appropriate domestic institutions, fiscal rules, and regulatory practices to achieve long-term sustainable development.",17_0,17_12,,No Relationship,No Relationship,Support,Support
Member states must act together in partnership and good faith for the common good of humanity.,"We call for a bold outcome that has four parts. First, the core outcome document from FfD4 should express the consensus of UN member states, if not necessarily their unanimity. No single state or small group of states should block the collective will of the UN member states.",17_0,17_13,,No Relationship,No Relationship,Support,Support
Member states must act together in partnership and good faith for the common good of humanity.,We call for a bold outcome that has four parts… and commit to fixing the global financial architecture to ensure the financing needed for sustainable development.,17_0,17_14,,No Relationship,No Relationship,Support,Support
Member states must act together in partnership and good faith for the common good of humanity.,"And as always, the 2000+ universities in the UN Sustainable Development Solutions Network pledge their best efforts to support governments, business, and civil society to build the future we need and want.",17_0,17_15,,No Relationship,No Relationship,Support,Support
Member states must act together in partnership and good faith for the common good of humanity.,"Progress on SDG 17 (Partnerships for the Goals) is also very limited, due in part to global failures to address persisting gaps in access to financing for developing countries and to stark disparities in countries’ support for UN-based multilateralism.",17_0,17_16,,No Relationship,No Relationship,Support,Support
Member states must act together in partnership and good faith for the common good of humanity.,These editions contextualize the indicator sets and policy discussions to mobilize stakeholders at various levels.,17_0,17_17,,No Relationship,No Relationship,Support,No Relationship
Member states must act together in partnership and good faith for the common good of humanity.,"For instance, the Europe edition (released annually since 2019) is prepared in cooperation with the European Economic and Social Committee (EESC) – including representatives from trade unions, business associations and NGOs – and its findings are presented and discussed with European leadership and institutions (Lafortune et al. 2024; Lafortune and Fuller 2025).",17_0,17_18,,No Relationship,No Relationship,Support,Support
Member states must act together in partnership and good faith for the common good of humanity.,We will accelerate reform of the international financial architecture to address the challenges of today and tomorrow.,17_0,17_19,,No Relationship,No Relationship,Support,Support
Member states must act together in partnership and good faith for the common good of humanity.,"At the subnational level, regional and local governments have prepared Voluntary Local Reviews (VLRs).",17_0,17_20,,No Relationship,No Relationship,Support,No Relationship
Member states must act together in partnership and good faith for the common good of humanity.,"Through its 17 Sustainable Development Goals, the Agenda sets out a road map to end hunger, protect the planet, achieve gender equality, improve health and more.",17_0,17_21,,No Relationship,No Relationship,Support,Support
Member states must act together in partnership and good faith for the common good of humanity.,"It is estimated that the cost to achieve quality universal primary and early secondary education for all (Goal 4) would barely exceed 3 per cent of global annual military spending, while eliminating extreme poverty and hunger (Goals 1 and 2) would amount to only about 13 per cent of annual military spending.",17_0,17_22,,No Relationship,No Relationship,Support,No Relationship
No single member state of the United Nations can excuse itself from the responsibility to contribute fairly and adequately to the provision of global public goods and services.,"UN member states must increase their official financing of the Sustainable Development Goals (SDGs) in the lead-up to 2030, including providing debt relief as needed to create the fiscal space to achieve them.",17_1,17_2,,No Relationship,No Relationship,Support,Support
No single member state of the United Nations can excuse itself from the responsibility to contribute fairly and adequately to the provision of global public goods and services.,We call for a bold outcome that has four parts.,17_1,17_3,,No Relationship,No Relationship,Support,No Relationship
No single member state of the United Nations can excuse itself from the responsibility to contribute fairly and adequately to the provision of global public goods and services.,"First, the core outcome document from FfD4 should express the consensus of UN member states, if not neces-sarily their unanimity.",17_1,17_4,,No Relationship,No Relationship,Support,Support
No single member state of the United Nations can excuse itself from the responsibility to contribute fairly and adequately to the provision of global public goods and services.,"No single state or small number of states should impede actions supported by the majority of UN members, representing most of the world’s population.",17_1,17_5,,No Relationship,No Relationship,Support,Support
No single member state of the United Nations can excuse itself from the responsibility to contribute fairly and adequately to the provision of global public goods and services.,"Third, there should be room for high-ambition initiatives by “coalitions of the willing”.",17_1,17_6,,No Relationship,No Relationship,Support,No Relationship
No single member state of the United Nations can excuse itself from the responsibility to contribute fairly and adequately to the provision of global public goods and services.,FfD4 should encourage and welcome bold actions by individual regions or groups of nations that in turn inspire other nations and regions to raise their ambitions as well.,17_1,17_7,,No Relationship,Attack,Support,Support
No single member state of the United Nations can excuse itself from the responsibility to contribute fairly and adequately to the provision of global public goods and services.,"Fourth, there should be a clear list of specific action items that can be reported to the world in clear and unmistakable terms, along with timelines and mea-surements for accountability.",17_1,17_8,,No Relationship,No Relationship,Support,Support
No single member state of the United Nations can excuse itself from the responsibility to contribute fairly and adequately to the provision of global public goods and services.,full funding of the UN system;,17_1,17_9,,No Relationship,No Relationship,Support,Support
No single member state of the United Nations can excuse itself from the responsibility to contribute fairly and adequately to the provision of global public goods and services.,"Sound international finance could and would channel long-term grants and loans to the poorest nations, allowing governments to ensure that all children receive the start in life they need and are enabled to achieve higher earnings in the future, so creating the very means for countries to repay international debts.",17_1,17_10,,No Relationship,No Relationship,Support,Support
No single member state of the United Nations can excuse itself from the responsibility to contribute fairly and adequately to the provision of global public goods and services.,"Partnerships among MDBs but also with PDBs, for instance as part of the Financing in Common Initiative (FICs), can help accelerate the convergence towards shared standards and best practices, and to support banks’ commitments to shift their strategies towards achieving the SDGs.",17_1,17_11,,No Relationship,No Relationship,Support,No Relationship
No single member state of the United Nations can excuse itself from the responsibility to contribute fairly and adequately to the provision of global public goods and services.,"We call for the formation of a Borrowers Club of Nations, to work alongside the Creditors Clubs, to foster appropriate domestic institutions, fiscal rules, and regulatory practices to achieve long-term sustainable development.",17_1,17_12,,No Relationship,No Relationship,Support,Support
No single member state of the United Nations can excuse itself from the responsibility to contribute fairly and adequately to the provision of global public goods and services.,"We call for a bold outcome that has four parts. First, the core outcome document from FfD4 should express the consensus of UN member states, if not necessarily their unanimity. No single state or small group of states should block the collective will of the UN member states.",17_1,17_13,,No Relationship,No Relationship,Support,Support
No single member state of the United Nations can excuse itself from the responsibility to contribute fairly and adequately to the provision of global public goods and services.,We call for a bold outcome that has four parts… and commit to fixing the global financial architecture to ensure the financing needed for sustainable development.,17_1,17_14,,No Relationship,No Relationship,Support,Support
No single member state of the United Nations can excuse itself from the responsibility to contribute fairly and adequately to the provision of global public goods and services.,"And as always, the 2000+ universities in the UN Sustainable Development Solutions Network pledge their best efforts to support governments, business, and civil society to build the future we need and want.",17_1,17_15,,No Relationship,No Relationship,Support,Support
No single member state of the United Nations can excuse itself from the responsibility to contribute fairly and adequately to the provision of global public goods and services.,"Progress on SDG 17 (Partnerships for the Goals) is also very limited, due in part to global failures to address persisting gaps in access to financing for developing countries and to stark disparities in countries’ support for UN-based multilateralism.",17_1,17_16,,Attack,No Relationship,Support,Support
No single member state of the United Nations can excuse itself from the responsibility to contribute fairly and adequately to the provision of global public goods and services.,These editions contextualize the indicator sets and policy discussions to mobilize stakeholders at various levels.,17_1,17_17,,No Relationship,No Relationship,Support,No Relationship
No single member state of the United Nations can excuse itself from the responsibility to contribute fairly and adequately to the provision of global public goods and services.,"For instance, the Europe edition (released annually since 2019) is prepared in cooperation with the European Economic and Social Committee (EESC) – including representatives from trade unions, business associations and NGOs – and its findings are presented and discussed with European leadership and institutions (Lafortune et al. 2024; Lafortune and Fuller 2025).",17_1,17_18,,No Relationship,No Relationship,Support,No Relationship
No single member state of the United Nations can excuse itself from the responsibility to contribute fairly and adequately to the provision of global public goods and services.,We will accelerate reform of the international financial architecture to address the challenges of today and tomorrow.,17_1,17_19,,No Relationship,No Relationship,Support,Support
No single member state of the United Nations can excuse itself from the responsibility to contribute fairly and adequately to the provision of global public goods and services.,"At the subnational level, regional and local governments have prepared Voluntary Local Reviews (VLRs).",17_1,17_20,,No Relationship,No Relationship,No Relationship,No Relationship
No single member state of the United Nations can excuse itself from the responsibility to contribute fairly and adequately to the provision of global public goods and services.,"Through its 17 Sustainable Development Goals, the Agenda sets out a road map to end hunger, protect the planet, achieve gender equality, improve health and more.",17_1,17_21,,No Relationship,No Relationship,Support,Support
No single member state of the United Nations can excuse itself from the responsibility to contribute fairly and adequately to the provision of global public goods and services.,"It is estimated that the cost to achieve quality universal primary and early secondary education for all (Goal 4) would barely exceed 3 per cent of global annual military spending, while eliminating extreme poverty and hunger (Goals 1 and 2) would amount to only about 13 per cent of annual military spending.",17_1,17_22,,No Relationship,No Relationship,Support,Support
"UN member states must increase their official financing of the Sustainable Development Goals (SDGs) in the lead-up to 2030, including providing debt relief as needed to create the fiscal space to achieve them.",We call for a bold outcome that has four parts.,17_2,17_3,,No Relationship,No Relationship,Support,Support
"UN member states must increase their official financing of the Sustainable Development Goals (SDGs) in the lead-up to 2030, including providing debt relief as needed to create the fiscal space to achieve them.","First, the core outcome document from FfD4 should express the consensus of UN member states, if not neces-sarily their unanimity.",17_2,17_4,,No Relationship,No Relationship,Support,Support
"UN member states must increase their official financing of the Sustainable Development Goals (SDGs) in the lead-up to 2030, including providing debt relief as needed to create the fiscal space to achieve them.","No single state or small number of states should impede actions supported by the majority of UN members, representing most of the world’s population.",17_2,17_5,,No Relationship,No Relationship,Support,Support
"UN member states must increase their official financing of the Sustainable Development Goals (SDGs) in the lead-up to 2030, including providing debt relief as needed to create the fiscal space to achieve them.","Third, there should be room for high-ambition initiatives by “coalitions of the willing”.",17_2,17_6,,No Relationship,No Relationship,Support,Support
"UN member states must increase their official financing of the Sustainable Development Goals (SDGs) in the lead-up to 2030, including providing debt relief as needed to create the fiscal space to achieve them.",FfD4 should encourage and welcome bold actions by individual regions or groups of nations that in turn inspire other nations and regions to raise their ambitions as well.,17_2,17_7,,No Relationship,No Relationship,Support,Support
"UN member states must increase their official financing of the Sustainable Development Goals (SDGs) in the lead-up to 2030, including providing debt relief as needed to create the fiscal space to achieve them.","Fourth, there should be a clear list of specific action items that can be reported to the world in clear and unmistakable terms, along with timelines and mea-surements for accountability.",17_2,17_8,,No Relationship,No Relationship,Support,Support
"UN member states must increase their official financing of the Sustainable Development Goals (SDGs) in the lead-up to 2030, including providing debt relief as needed to create the fiscal space to achieve them.",full funding of the UN system;,17_2,17_9,,No Relationship,No Relationship,Support,Rephrase
"UN member states must increase their official financing of the Sustainable Development Goals (SDGs) in the lead-up to 2030, including providing debt relief as needed to create the fiscal space to achieve them.","Sound international finance could and would channel long-term grants and loans to the poorest nations, allowing governments to ensure that all children receive the start in life they need and are enabled to achieve higher earnings in the future, so creating the very means for countries to repay international debts.",17_2,17_10,,No Relationship,No Relationship,Support,Support
"UN member states must increase their official financing of the Sustainable Development Goals (SDGs) in the lead-up to 2030, including providing debt relief as needed to create the fiscal space to achieve them.","Partnerships among MDBs but also with PDBs, for instance as part of the Financing in Common Initiative (FICs), can help accelerate the convergence towards shared standards and best practices, and to support banks’ commitments to shift their strategies towards achieving the SDGs.",17_2,17_11,,No Relationship,No Relationship,Support,Support
"UN member states must increase their official financing of the Sustainable Development Goals (SDGs) in the lead-up to 2030, including providing debt relief as needed to create the fiscal space to achieve them.","We call for the formation of a Borrowers Club of Nations, to work alongside the Creditors Clubs, to foster appropriate domestic institutions, fiscal rules, and regulatory practices to achieve long-term sustainable development.",17_2,17_12,,No Relationship,No Relationship,Support,Support
"UN member states must increase their official financing of the Sustainable Development Goals (SDGs) in the lead-up to 2030, including providing debt relief as needed to create the fiscal space to achieve them.","We call for a bold outcome that has four parts. First, the core outcome document from FfD4 should express the consensus of UN member states, if not necessarily their unanimity. No single state or small group of states should block the collective will of the UN member states.",17_2,17_13,,No Relationship,No Relationship,Support,Support
"UN member states must increase their official financing of the Sustainable Development Goals (SDGs) in the lead-up to 2030, including providing debt relief as needed to create the fiscal space to achieve them.",We call for a bold outcome that has four parts… and commit to fixing the global financial architecture to ensure the financing needed for sustainable development.,17_2,17_14,,No Relationship,No Relationship,Support,Rephrase
"UN member states must increase their official financing of the Sustainable Development Goals (SDGs) in the lead-up to 2030, including providing debt relief as needed to create the fiscal space to achieve them.","And as always, the 2000+ universities in the UN Sustainable Development Solutions Network pledge their best efforts to support governments, business, and civil society to build the future we need and want.",17_2,17_15,,No Relationship,No Relationship,Support,Support
"UN member states must increase their official financing of the Sustainable Development Goals (SDGs) in the lead-up to 2030, including providing debt relief as needed to create the fiscal space to achieve them.","Progress on SDG 17 (Partnerships for the Goals) is also very limited, due in part to global failures to address persisting gaps in access to financing for developing countries and to stark disparities in countries’ support for UN-based multilateralism.",17_2,17_16,,No Relationship,No Relationship,Support,Support
"UN member states must increase their official financing of the Sustainable Development Goals (SDGs) in the lead-up to 2030, including providing debt relief as needed to create the fiscal space to achieve them.",These editions contextualize the indicator sets and policy discussions to mobilize stakeholders at various levels.,17_2,17_17,,No Relationship,No Relationship,No Relationship,No Relationship
"UN member states must increase their official financing of the Sustainable Development Goals (SDGs) in the lead-up to 2030, including providing debt relief as needed to create the fiscal space to achieve them.","For instance, the Europe edition (released annually since 2019) is prepared in cooperation with the European Economic and Social Committee (EESC) – including representatives from trade unions, business associations and NGOs – and its findings are presented and discussed with European leadership and institutions (Lafortune et al. 2024; Lafortune and Fuller 2025).",17_2,17_18,,No Relationship,No Relationship,Support,No Relationship
"UN member states must increase their official financing of the Sustainable Development Goals (SDGs) in the lead-up to 2030, including providing debt relief as needed to create the fiscal space to achieve them.",We will accelerate reform of the international financial architecture to address the challenges of today and tomorrow.,17_2,17_19,,No Relationship,No Relationship,Support,Support
"UN member states must increase their official financing of the Sustainable Development Goals (SDGs) in the lead-up to 2030, including providing debt relief as needed to create the fiscal space to achieve them.","At the subnational level, regional and local governments have prepared Voluntary Local Reviews (VLRs).",17_2,17_20,,No Relationship,No Relationship,No Relationship,No Relationship
"UN member states must increase their official financing of the Sustainable Development Goals (SDGs) in the lead-up to 2030, including providing debt relief as needed to create the fiscal space to achieve them.","Through its 17 Sustainable Development Goals, the Agenda sets out a road map to end hunger, protect the planet, achieve gender equality, improve health and more.",17_2,17_21,,No Relationship,No Relationship,Support,Rephrase
"UN member states must increase their official financing of the Sustainable Development Goals (SDGs) in the lead-up to 2030, including providing debt relief as needed to create the fiscal space to achieve them.","It is estimated that the cost to achieve quality universal primary and early secondary education for all (Goal 4) would barely exceed 3 per cent of global annual military spending, while eliminating extreme poverty and hunger (Goals 1 and 2) would amount to only about 13 per cent of annual military spending.",17_2,17_22,,No Relationship,No Relationship,No Relationship,Support
We call for a bold outcome that has four parts.,"First, the core outcome document from FfD4 should express the consensus of UN member states, if not neces-sarily their unanimity.",17_3,17_4,,No Relationship,No Relationship,Support,Support
We call for a bold outcome that has four parts.,"No single state or small number of states should impede actions supported by the majority of UN members, representing most of the world’s population.",17_3,17_5,,No Relationship,No Relationship,Support,Support
We call for a bold outcome that has four parts.,"Third, there should be room for high-ambition initiatives by “coalitions of the willing”.",17_3,17_6,,No Relationship,No Relationship,Support,Rephrase
We call for a bold outcome that has four parts.,FfD4 should encourage and welcome bold actions by individual regions or groups of nations that in turn inspire other nations and regions to raise their ambitions as well.,17_3,17_7,,No Relationship,No Relationship,Support,Rephrase
We call for a bold outcome that has four parts.,"Fourth, there should be a clear list of specific action items that can be reported to the world in clear and unmistakable terms, along with timelines and mea-surements for accountability.",17_3,17_8,,No Relationship,No Relationship,Support,Rephrase
We call for a bold outcome that has four parts.,full funding of the UN system;,17_3,17_9,,No Relationship,No Relationship,Support,Support
We call for a bold outcome that has four parts.,"Sound international finance could and would channel long-term grants and loans to the poorest nations, allowing governments to ensure that all children receive the start in life they need and are enabled to achieve higher earnings in the future, so creating the very means for countries to repay international debts.",17_3,17_10,,No Relationship,No Relationship,Support,No Relationship
We call for a bold outcome that has four parts.,"Partnerships among MDBs but also with PDBs, for instance as part of the Financing in Common Initiative (FICs), can help accelerate the convergence towards shared standards and best practices, and to support banks’ commitments to shift their strategies towards achieving the SDGs.",17_3,17_11,,No Relationship,No Relationship,Support,No Relationship
We call for a bold outcome that has four parts.,"We call for the formation of a Borrowers Club of Nations, to work alongside the Creditors Clubs, to foster appropriate domestic institutions, fiscal rules, and regulatory practices to achieve long-term sustainable development.",17_3,17_12,,No Relationship,No Relationship,Support,Support
We call for a bold outcome that has four parts.,"We call for a bold outcome that has four parts. First, the core outcome document from FfD4 should express the consensus of UN member states, if not necessarily their unanimity. No single state or small group of states should block the collective will of the UN member states.",17_3,17_13,,No Relationship,No Relationship,Support,Rephrase
We call for a bold outcome that has four parts.,We call for a bold outcome that has four parts… and commit to fixing the global financial architecture to ensure the financing needed for sustainable development.,17_3,17_14,,No Relationship,No Relationship,Support,Rephrase
We call for a bold outcome that has four parts.,"And as always, the 2000+ universities in the UN Sustainable Development Solutions Network pledge their best efforts to support governments, business, and civil society to build the future we need and want.",17_3,17_15,,No Relationship,No Relationship,Support,Support
We call for a bold outcome that has four parts.,"Progress on SDG 17 (Partnerships for the Goals) is also very limited, due in part to global failures to address persisting gaps in access to financing for developing countries and to stark disparities in countries’ support for UN-based multilateralism.",17_3,17_16,,No Relationship,No Relationship,Support,No Relationship
We call for a bold outcome that has four parts.,These editions contextualize the indicator sets and policy discussions to mobilize stakeholders at various levels.,17_3,17_17,,No Relationship,No Relationship,Support,No Relationship
We call for a bold outcome that has four parts.,"For instance, the Europe edition (released annually since 2019) is prepared in cooperation with the European Economic and Social Committee (EESC) – including representatives from trade unions, business associations and NGOs – and its findings are presented and discussed with European leadership and institutions (Lafortune et al. 2024; Lafortune and Fuller 2025).",17_3,17_18,,No Relationship,No Relationship,Support,No Relationship
We call for a bold outcome that has four parts.,We will accelerate reform of the international financial architecture to address the challenges of today and tomorrow.,17_3,17_19,,No Relationship,No Relationship,Support,Support
We call for a bold outcome that has four parts.,"At the subnational level, regional and local governments have prepared Voluntary Local Reviews (VLRs).",17_3,17_20,,No Relationship,No Relationship,No Relationship,No Relationship
We call for a bold outcome that has four parts.,"Through its 17 Sustainable Development Goals, the Agenda sets out a road map to end hunger, protect the planet, achieve gender equality, improve health and more.",17_3,17_21,,No Relationship,No Relationship,Support,No Relationship
We call for a bold outcome that has four parts.,"It is estimated that the cost to achieve quality universal primary and early secondary education for all (Goal 4) would barely exceed 3 per cent of global annual military spending, while eliminating extreme poverty and hunger (Goals 1 and 2) would amount to only about 13 per cent of annual military spending.",17_3,17_22,,No Relationship,No Relationship,Support,Support
"First, the core outcome document from FfD4 should express the consensus of UN member states, if not neces-sarily their unanimity.","No single state or small number of states should impede actions supported by the majority of UN members, representing most of the world’s population.",17_4,17_5,,No Relationship,No Relationship,Support,Support
"First, the core outcome document from FfD4 should express the consensus of UN member states, if not neces-sarily their unanimity.","Third, there should be room for high-ambition initiatives by “coalitions of the willing”.",17_4,17_6,,No Relationship,No Relationship,Support,Support
"First, the core outcome document from FfD4 should express the consensus of UN member states, if not neces-sarily their unanimity.",FfD4 should encourage and welcome bold actions by individual regions or groups of nations that in turn inspire other nations and regions to raise their ambitions as well.,17_4,17_7,,No Relationship,No Relationship,Support,Support
"First, the core outcome document from FfD4 should express the consensus of UN member states, if not neces-sarily their unanimity.","Fourth, there should be a clear list of specific action items that can be reported to the world in clear and unmistakable terms, along with timelines and mea-surements for accountability.",17_4,17_8,,No Relationship,No Relationship,Support,Support
"First, the core outcome document from FfD4 should express the consensus of UN member states, if not neces-sarily their unanimity.",full funding of the UN system;,17_4,17_9,,No Relationship,No Relationship,No Relationship,Support
"First, the core outcome document from FfD4 should express the consensus of UN member states, if not neces-sarily their unanimity.","Sound international finance could and would channel long-term grants and loans to the poorest nations, allowing governments to ensure that all children receive the start in life they need and are enabled to achieve higher earnings in the future, so creating the very means for countries to repay international debts.",17_4,17_10,,No Relationship,No Relationship,Support,No Relationship
"First, the core outcome document from FfD4 should express the consensus of UN member states, if not neces-sarily their unanimity.","Partnerships among MDBs but also with PDBs, for instance as part of the Financing in Common Initiative (FICs), can help accelerate the convergence towards shared standards and best practices, and to support banks’ commitments to shift their strategies towards achieving the SDGs.",17_4,17_11,,No Relationship,No Relationship,Support,No Relationship
"First, the core outcome document from FfD4 should express the consensus of UN member states, if not neces-sarily their unanimity.","We call for the formation of a Borrowers Club of Nations, to work alongside the Creditors Clubs, to foster appropriate domestic institutions, fiscal rules, and regulatory practices to achieve long-term sustainable development.",17_4,17_12,,No Relationship,No Relationship,Support,Support
"First, the core outcome document from FfD4 should express the consensus of UN member states, if not neces-sarily their unanimity.","We call for a bold outcome that has four parts. First, the core outcome document from FfD4 should express the consensus of UN member states, if not necessarily their unanimity. No single state or small group of states should block the collective will of the UN member states.",17_4,17_13,,No Relationship,No Relationship,Support,Rephrase
"First, the core outcome document from FfD4 should express the consensus of UN member states, if not neces-sarily their unanimity.",We call for a bold outcome that has four parts… and commit to fixing the global financial architecture to ensure the financing needed for sustainable development.,17_4,17_14,,No Relationship,No Relationship,Support,Support
"First, the core outcome document from FfD4 should express the consensus of UN member states, if not neces-sarily their unanimity.","And as always, the 2000+ universities in the UN Sustainable Development Solutions Network pledge their best efforts to support governments, business, and civil society to build the future we need and want.",17_4,17_15,,No Relationship,No Relationship,Support,Support
"First, the core outcome document from FfD4 should express the consensus of UN member states, if not neces-sarily their unanimity.","Progress on SDG 17 (Partnerships for the Goals) is also very limited, due in part to global failures to address persisting gaps in access to financing for developing countries and to stark disparities in countries’ support for UN-based multilateralism.",17_4,17_16,,No Relationship,No Relationship,No Relationship,No Relationship
"First, the core outcome document from FfD4 should express the consensus of UN member states, if not neces-sarily their unanimity.",These editions contextualize the indicator sets and policy discussions to mobilize stakeholders at various levels.,17_4,17_17,,No Relationship,No Relationship,Support,No Relationship
"First, the core outcome document from FfD4 should express the consensus of UN member states, if not neces-sarily their unanimity.","For instance, the Europe edition (released annually since 2019) is prepared in cooperation with the European Economic and Social Committee (EESC) – including representatives from trade unions, business associations and NGOs – and its findings are presented and discussed with European leadership and institutions (Lafortune et al. 2024; Lafortune and Fuller 2025).",17_4,17_18,,No Relationship,No Relationship,Support,Support
"First, the core outcome document from FfD4 should express the consensus of UN member states, if not neces-sarily their unanimity.",We will accelerate reform of the international financial architecture to address the challenges of today and tomorrow.,17_4,17_19,,No Relationship,No Relationship,Support,No Relationship
"First, the core outcome document from FfD4 should express the consensus of UN member states, if not neces-sarily their unanimity.","At the subnational level, regional and local governments have prepared Voluntary Local Reviews (VLRs).",17_4,17_20,,No Relationship,No Relationship,No Relationship,No Relationship
"First, the core outcome document from FfD4 should express the consensus of UN member states, if not neces-sarily their unanimity.","Through its 17 Sustainable Development Goals, the Agenda sets out a road map to end hunger, protect the planet, achieve gender equality, improve health and more.",17_4,17_21,,No Relationship,No Relationship,Support,No Relationship
"First, the core outcome document from FfD4 should express the consensus of UN member states, if not neces-sarily their unanimity.","It is estimated that the cost to achieve quality universal primary and early secondary education for all (Goal 4) would barely exceed 3 per cent of global annual military spending, while eliminating extreme poverty and hunger (Goals 1 and 2) would amount to only about 13 per cent of annual military spending.",17_4,17_22,,No Relationship,No Relationship,Support,No Relationship
"No single state or small number of states should impede actions supported by the majority of UN members, representing most of the world’s population.","Third, there should be room for high-ambition initiatives by “coalitions of the willing”.",17_5,17_6,,No Relationship,No Relationship,Support,Support
"No single state or small number of states should impede actions supported by the majority of UN members, representing most of the world’s population.",FfD4 should encourage and welcome bold actions by individual regions or groups of nations that in turn inspire other nations and regions to raise their ambitions as well.,17_5,17_7,,No Relationship,No Relationship,Support,Support
"No single state or small number of states should impede actions supported by the majority of UN members, representing most of the world’s population.","Fourth, there should be a clear list of specific action items that can be reported to the world in clear and unmistakable terms, along with timelines and mea-surements for accountability.",17_5,17_8,,No Relationship,No Relationship,Support,Support
"No single state or small number of states should impede actions supported by the majority of UN members, representing most of the world’s population.",full funding of the UN system;,17_5,17_9,,No Relationship,No Relationship,Support,Support
"No single state or small number of states should impede actions supported by the majority of UN members, representing most of the world’s population.","Sound international finance could and would channel long-term grants and loans to the poorest nations, allowing governments to ensure that all children receive the start in life they need and are enabled to achieve higher earnings in the future, so creating the very means for countries to repay international debts.",17_5,17_10,,No Relationship,No Relationship,Support,No Relationship
"No single state or small number of states should impede actions supported by the majority of UN members, representing most of the world’s population.","Partnerships among MDBs but also with PDBs, for instance as part of the Financing in Common Initiative (FICs), can help accelerate the convergence towards shared standards and best practices, and to support banks’ commitments to shift their strategies towards achieving the SDGs.",17_5,17_11,,No Relationship,No Relationship,Support,No Relationship
"No single state or small number of states should impede actions supported by the majority of UN members, representing most of the world’s population.","We call for the formation of a Borrowers Club of Nations, to work alongside the Creditors Clubs, to foster appropriate domestic institutions, fiscal rules, and regulatory practices to achieve long-term sustainable development.",17_5,17_12,,No Relationship,No Relationship,Support,Support
"No single state or small number of states should impede actions supported by the majority of UN members, representing most of the world’s population.","We call for a bold outcome that has four parts. First, the core outcome document from FfD4 should express the consensus of UN member states, if not necessarily their unanimity. No single state or small group of states should block the collective will of the UN member states.",17_5,17_13,,No Relationship,No Relationship,Support,Rephrase
"No single state or small number of states should impede actions supported by the majority of UN members, representing most of the world’s population.",We call for a bold outcome that has four parts… and commit to fixing the global financial architecture to ensure the financing needed for sustainable development.,17_5,17_14,,No Relationship,No Relationship,Support,Support
"No single state or small number of states should impede actions supported by the majority of UN members, representing most of the world’s population.","And as always, the 2000+ universities in the UN Sustainable Development Solutions Network pledge their best efforts to support governments, business, and civil society to build the future we need and want.",17_5,17_15,,No Relationship,No Relationship,Support,Support
"No single state or small number of states should impede actions supported by the majority of UN members, representing most of the world’s population.","Progress on SDG 17 (Partnerships for the Goals) is also very limited, due in part to global failures to address persisting gaps in access to financing for developing countries and to stark disparities in countries’ support for UN-based multilateralism.",17_5,17_16,,No Relationship,No Relationship,Support,Support
"No single state or small number of states should impede actions supported by the majority of UN members, representing most of the world’s population.",These editions contextualize the indicator sets and policy discussions to mobilize stakeholders at various levels.,17_5,17_17,,No Relationship,No Relationship,Support,No Relationship
"No single state or small number of states should impede actions supported by the majority of UN members, representing most of the world’s population.","For instance, the Europe edition (released annually since 2019) is prepared in cooperation with the European Economic and Social Committee (EESC) – including representatives from trade unions, business associations and NGOs – and its findings are presented and discussed with European leadership and institutions (Lafortune et al. 2024; Lafortune and Fuller 2025).",17_5,17_18,,No Relationship,No Relationship,Support,No Relationship
"No single state or small number of states should impede actions supported by the majority of UN members, representing most of the world’s population.",We will accelerate reform of the international financial architecture to address the challenges of today and tomorrow.,17_5,17_19,,No Relationship,No Relationship,Support,Support
"No single state or small number of states should impede actions supported by the majority of UN members, representing most of the world’s population.","At the subnational level, regional and local governments have prepared Voluntary Local Reviews (VLRs).",17_5,17_20,,No Relationship,No Relationship,Support,No Relationship
"No single state or small number of states should impede actions supported by the majority of UN members, representing most of the world’s population.","Through its 17 Sustainable Development Goals, the Agenda sets out a road map to end hunger, protect the planet, achieve gender equality, improve health and more.",17_5,17_21,,No Relationship,No Relationship,Support,Support
"No single state or small number of states should impede actions supported by the majority of UN members, representing most of the world’s population.","It is estimated that the cost to achieve quality universal primary and early secondary education for all (Goal 4) would barely exceed 3 per cent of global annual military spending, while eliminating extreme poverty and hunger (Goals 1 and 2) would amount to only about 13 per cent of annual military spending.",17_5,17_22,,No Relationship,No Relationship,Support,No Relationship
"Third, there should be room for high-ambition initiatives by “coalitions of the willing”.",FfD4 should encourage and welcome bold actions by individual regions or groups of nations that in turn inspire other nations and regions to raise their ambitions as well.,17_6,17_7,,No Relationship,No Relationship,Support,Rephrase
"Third, there should be room for high-ambition initiatives by “coalitions of the willing”.","Fourth, there should be a clear list of specific action items that can be reported to the world in clear and unmistakable terms, along with timelines and mea-surements for accountability.",17_6,17_8,,No Relationship,No Relationship,Support,Support
"Third, there should be room for high-ambition initiatives by “coalitions of the willing”.",full funding of the UN system;,17_6,17_9,,No Relationship,No Relationship,No Relationship,No Relationship
"Third, there should be room for high-ambition initiatives by “coalitions of the willing”.","Sound international finance could and would channel long-term grants and loans to the poorest nations, allowing governments to ensure that all children receive the start in life they need and are enabled to achieve higher earnings in the future, so creating the very means for countries to repay international debts.",17_6,17_10,,No Relationship,No Relationship,Support,No Relationship
"Third, there should be room for high-ambition initiatives by “coalitions of the willing”.","Partnerships among MDBs but also with PDBs, for instance as part of the Financing in Common Initiative (FICs), can help accelerate the convergence towards shared standards and best practices, and to support banks’ commitments to shift their strategies towards achieving the SDGs.",17_6,17_11,,No Relationship,No Relationship,Support,Support
"Third, there should be room for high-ambition initiatives by “coalitions of the willing”.","We call for the formation of a Borrowers Club of Nations, to work alongside the Creditors Clubs, to foster appropriate domestic institutions, fiscal rules, and regulatory practices to achieve long-term sustainable development.",17_6,17_12,,No Relationship,No Relationship,Support,Support
"Third, there should be room for high-ambition initiatives by “coalitions of the willing”.","We call for a bold outcome that has four parts. First, the core outcome document from FfD4 should express the consensus of UN member states, if not necessarily their unanimity. No single state or small group of states should block the collective will of the UN member states.",17_6,17_13,,No Relationship,No Relationship,Support,Rephrase
"Third, there should be room for high-ambition initiatives by “coalitions of the willing”.",We call for a bold outcome that has four parts… and commit to fixing the global financial architecture to ensure the financing needed for sustainable development.,17_6,17_14,,No Relationship,No Relationship,Support,Rephrase
"Third, there should be room for high-ambition initiatives by “coalitions of the willing”.","And as always, the 2000+ universities in the UN Sustainable Development Solutions Network pledge their best efforts to support governments, business, and civil society to build the future we need and want.",17_6,17_15,,No Relationship,No Relationship,Support,Support
"Third, there should be room for high-ambition initiatives by “coalitions of the willing”.","Progress on SDG 17 (Partnerships for the Goals) is also very limited, due in part to global failures to address persisting gaps in access to financing for developing countries and to stark disparities in countries’ support for UN-based multilateralism.",17_6,17_16,,No Relationship,No Relationship,No Relationship,No Relationship
"Third, there should be room for high-ambition initiatives by “coalitions of the willing”.",These editions contextualize the indicator sets and policy discussions to mobilize stakeholders at various levels.,17_6,17_17,,No Relationship,No Relationship,Support,No Relationship
"Third, there should be room for high-ambition initiatives by “coalitions of the willing”.","For instance, the Europe edition (released annually since 2019) is prepared in cooperation with the European Economic and Social Committee (EESC) – including representatives from trade unions, business associations and NGOs – and its findings are presented and discussed with European leadership and institutions (Lafortune et al. 2024; Lafortune and Fuller 2025).",17_6,17_18,,No Relationship,No Relationship,Support,No Relationship
"Third, there should be room for high-ambition initiatives by “coalitions of the willing”.",We will accelerate reform of the international financial architecture to address the challenges of today and tomorrow.,17_6,17_19,,No Relationship,No Relationship,Support,No Relationship
"Third, there should be room for high-ambition initiatives by “coalitions of the willing”.","At the subnational level, regional and local governments have prepared Voluntary Local Reviews (VLRs).",17_6,17_20,,No Relationship,No Relationship,No Relationship,No Relationship
"Third, there should be room for high-ambition initiatives by “coalitions of the willing”.","Through its 17 Sustainable Development Goals, the Agenda sets out a road map to end hunger, protect the planet, achieve gender equality, improve health and more.",17_6,17_21,,No Relationship,No Relationship,Support,No Relationship
"Third, there should be room for high-ambition initiatives by “coalitions of the willing”.","It is estimated that the cost to achieve quality universal primary and early secondary education for all (Goal 4) would barely exceed 3 per cent of global annual military spending, while eliminating extreme poverty and hunger (Goals 1 and 2) would amount to only about 13 per cent of annual military spending.",17_6,17_22,,No Relationship,No Relationship,Support,Support
FfD4 should encourage and welcome bold actions by individual regions or groups of nations that in turn inspire other nations and regions to raise their ambitions as well.,"Fourth, there should be a clear list of specific action items that can be reported to the world in clear and unmistakable terms, along with timelines and mea-surements for accountability.",17_7,17_8,,No Relationship,No Relationship,Support,Support
FfD4 should encourage and welcome bold actions by individual regions or groups of nations that in turn inspire other nations and regions to raise their ambitions as well.,full funding of the UN system;,17_7,17_9,,No Relationship,No Relationship,Support,No Relationship
FfD4 should encourage and welcome bold actions by individual regions or groups of nations that in turn inspire other nations and regions to raise their ambitions as well.,"Sound international finance could and would channel long-term grants and loans to the poorest nations, allowing governments to ensure that all children receive the start in life they need and are enabled to achieve higher earnings in the future, so creating the very means for countries to repay international debts.",17_7,17_10,,No Relationship,No Relationship,Support,No Relationship
FfD4 should encourage and welcome bold actions by individual regions or groups of nations that in turn inspire other nations and regions to raise their ambitions as well.,"Partnerships among MDBs but also with PDBs, for instance as part of the Financing in Common Initiative (FICs), can help accelerate the convergence towards shared standards and best practices, and to support banks’ commitments to shift their strategies towards achieving the SDGs.",17_7,17_11,,No Relationship,No Relationship,Support,Support
FfD4 should encourage and welcome bold actions by individual regions or groups of nations that in turn inspire other nations and regions to raise their ambitions as well.,"We call for the formation of a Borrowers Club of Nations, to work alongside the Creditors Clubs, to foster appropriate domestic institutions, fiscal rules, and regulatory practices to achieve long-term sustainable development.",17_7,17_12,,No Relationship,No Relationship,Support,Support
FfD4 should encourage and welcome bold actions by individual regions or groups of nations that in turn inspire other nations and regions to raise their ambitions as well.,"We call for a bold outcome that has four parts. First, the core outcome document from FfD4 should express the consensus of UN member states, if not necessarily their unanimity. No single state or small group of states should block the collective will of the UN member states.",17_7,17_13,,No Relationship,No Relationship,Support,Support
FfD4 should encourage and welcome bold actions by individual regions or groups of nations that in turn inspire other nations and regions to raise their ambitions as well.,We call for a bold outcome that has four parts… and commit to fixing the global financial architecture to ensure the financing needed for sustainable development.,17_7,17_14,,No Relationship,No Relationship,Support,Rephrase
FfD4 should encourage and welcome bold actions by individual regions or groups of nations that in turn inspire other nations and regions to raise their ambitions as well.,"And as always, the 2000+ universities in the UN Sustainable Development Solutions Network pledge their best efforts to support governments, business, and civil society to build the future we need and want.",17_7,17_15,,No Relationship,No Relationship,Support,Support
FfD4 should encourage and welcome bold actions by individual regions or groups of nations that in turn inspire other nations and regions to raise their ambitions as well.,"Progress on SDG 17 (Partnerships for the Goals) is also very limited, due in part to global failures to address persisting gaps in access to financing for developing countries and to stark disparities in countries’ support for UN-based multilateralism.",17_7,17_16,,No Relationship,No Relationship,Support,No Relationship
FfD4 should encourage and welcome bold actions by individual regions or groups of nations that in turn inspire other nations and regions to raise their ambitions as well.,These editions contextualize the indicator sets and policy discussions to mobilize stakeholders at various levels.,17_7,17_17,,No Relationship,No Relationship,Support,No Relationship
FfD4 should encourage and welcome bold actions by individual regions or groups of nations that in turn inspire other nations and regions to raise their ambitions as well.,"For instance, the Europe edition (released annually since 2019) is prepared in cooperation with the European Economic and Social Committee (EESC) – including representatives from trade unions, business associations and NGOs – and its findings are presented and discussed with European leadership and institutions (Lafortune et al. 2024; Lafortune and Fuller 2025).",17_7,17_18,,No Relationship,No Relationship,Support,No Relationship
FfD4 should encourage and welcome bold actions by individual regions or groups of nations that in turn inspire other nations and regions to raise their ambitions as well.,We will accelerate reform of the international financial architecture to address the challenges of today and tomorrow.,17_7,17_19,,No Relationship,No Relationship,Support,Support
FfD4 should encourage and welcome bold actions by individual regions or groups of nations that in turn inspire other nations and regions to raise their ambitions as well.,"At the subnational level, regional and local governments have prepared Voluntary Local Reviews (VLRs).",17_7,17_20,,No Relationship,No Relationship,Support,No Relationship
FfD4 should encourage and welcome bold actions by individual regions or groups of nations that in turn inspire other nations and regions to raise their ambitions as well.,"Through its 17 Sustainable Development Goals, the Agenda sets out a road map to end hunger, protect the planet, achieve gender equality, improve health and more.",17_7,17_21,,No Relationship,No Relationship,Support,No Relationship
FfD4 should encourage and welcome bold actions by individual regions or groups of nations that in turn inspire other nations and regions to raise their ambitions as well.,"It is estimated that the cost to achieve quality universal primary and early secondary education for all (Goal 4) would barely exceed 3 per cent of global annual military spending, while eliminating extreme poverty and hunger (Goals 1 and 2) would amount to only about 13 per cent of annual military spending.",17_7,17_22,,No Relationship,No Relationship,Support,No Relationship
"Fourth, there should be a clear list of specific action items that can be reported to the world in clear and unmistakable terms, along with timelines and mea-surements for accountability.",full funding of the UN system;,17_8,17_9,,No Relationship,No Relationship,No Relationship,No Relationship
"Fourth, there should be a clear list of specific action items that can be reported to the world in clear and unmistakable terms, along with timelines and mea-surements for accountability.","Sound international finance could and would channel long-term grants and loans to the poorest nations, allowing governments to ensure that all children receive the start in life they need and are enabled to achieve higher earnings in the future, so creating the very means for countries to repay international debts.",17_8,17_10,,No Relationship,No Relationship,Support,No Relationship
"Fourth, there should be a clear list of specific action items that can be reported to the world in clear and unmistakable terms, along with timelines and mea-surements for accountability.","Partnerships among MDBs but also with PDBs, for instance as part of the Financing in Common Initiative (FICs), can help accelerate the convergence towards shared standards and best practices, and to support banks’ commitments to shift their strategies towards achieving the SDGs.",17_8,17_11,,No Relationship,No Relationship,Support,No Relationship
"Fourth, there should be a clear list of specific action items that can be reported to the world in clear and unmistakable terms, along with timelines and mea-surements for accountability.","We call for the formation of a Borrowers Club of Nations, to work alongside the Creditors Clubs, to foster appropriate domestic institutions, fiscal rules, and regulatory practices to achieve long-term sustainable development.",17_8,17_12,,No Relationship,No Relationship,Support,Support
"Fourth, there should be a clear list of specific action items that can be reported to the world in clear and unmistakable terms, along with timelines and mea-surements for accountability.","We call for a bold outcome that has four parts. First, the core outcome document from FfD4 should express the consensus of UN member states, if not necessarily their unanimity. No single state or small group of states should block the collective will of the UN member states.",17_8,17_13,,No Relationship,No Relationship,Support,Rephrase
"Fourth, there should be a clear list of specific action items that can be reported to the world in clear and unmistakable terms, along with timelines and mea-surements for accountability.",We call for a bold outcome that has four parts… and commit to fixing the global financial architecture to ensure the financing needed for sustainable development.,17_8,17_14,,No Relationship,No Relationship,Support,Support
"Fourth, there should be a clear list of specific action items that can be reported to the world in clear and unmistakable terms, along with timelines and mea-surements for accountability.","And as always, the 2000+ universities in the UN Sustainable Development Solutions Network pledge their best efforts to support governments, business, and civil society to build the future we need and want.",17_8,17_15,,No Relationship,No Relationship,Support,No Relationship
"Fourth, there should be a clear list of specific action items that can be reported to the world in clear and unmistakable terms, along with timelines and mea-surements for accountability.","Progress on SDG 17 (Partnerships for the Goals) is also very limited, due in part to global failures to address persisting gaps in access to financing for developing countries and to stark disparities in countries’ support for UN-based multilateralism.",17_8,17_16,,No Relationship,No Relationship,No Relationship,No Relationship
"Fourth, there should be a clear list of specific action items that can be reported to the world in clear and unmistakable terms, along with timelines and mea-surements for accountability.",These editions contextualize the indicator sets and policy discussions to mobilize stakeholders at various levels.,17_8,17_17,,No Relationship,No Relationship,Support,No Relationship
"Fourth, there should be a clear list of specific action items that can be reported to the world in clear and unmistakable terms, along with timelines and mea-surements for accountability.","For instance, the Europe edition (released annually since 2019) is prepared in cooperation with the European Economic and Social Committee (EESC) – including representatives from trade unions, business associations and NGOs – and its findings are presented and discussed with European leadership and institutions (Lafortune et al. 2024; Lafortune and Fuller 2025).",17_8,17_18,,No Relationship,No Relationship,Support,No Relationship
"Fourth, there should be a clear list of specific action items that can be reported to the world in clear and unmistakable terms, along with timelines and mea-surements for accountability.",We will accelerate reform of the international financial architecture to address the challenges of today and tomorrow.,17_8,17_19,,No Relationship,No Relationship,Support,No Relationship
"Fourth, there should be a clear list of specific action items that can be reported to the world in clear and unmistakable terms, along with timelines and mea-surements for accountability.","At the subnational level, regional and local governments have prepared Voluntary Local Reviews (VLRs).",17_8,17_20,,No Relationship,No Relationship,Support,No Relationship
"Fourth, there should be a clear list of specific action items that can be reported to the world in clear and unmistakable terms, along with timelines and mea-surements for accountability.","Through its 17 Sustainable Development Goals, the Agenda sets out a road map to end hunger, protect the planet, achieve gender equality, improve health and more.",17_8,17_21,,No Relationship,No Relationship,Support,Support
"Fourth, there should be a clear list of specific action items that can be reported to the world in clear and unmistakable terms, along with timelines and mea-surements for accountability.","It is estimated that the cost to achieve quality universal primary and early secondary education for all (Goal 4) would barely exceed 3 per cent of global annual military spending, while eliminating extreme poverty and hunger (Goals 1 and 2) would amount to only about 13 per cent of annual military spending.",17_8,17_22,,No Relationship,No Relationship,Support,No Relationship
full funding of the UN system;,"Sound international finance could and would channel long-term grants and loans to the poorest nations, allowing governments to ensure that all children receive the start in life they need and are enabled to achieve higher earnings in the future, so creating the very means for countries to repay international debts.",17_9,17_10,,No Relationship,No Relationship,Support,Support
full funding of the UN system;,"Partnerships among MDBs but also with PDBs, for instance as part of the Financing in Common Initiative (FICs), can help accelerate the convergence towards shared standards and best practices, and to support banks’ commitments to shift their strategies towards achieving the SDGs.",17_9,17_11,,No Relationship,No Relationship,Support,No Relationship
full funding of the UN system;,"We call for the formation of a Borrowers Club of Nations, to work alongside the Creditors Clubs, to foster appropriate domestic institutions, fiscal rules, and regulatory practices to achieve long-term sustainable development.",17_9,17_12,,No Relationship,No Relationship,Support,Support
full funding of the UN system;,"We call for a bold outcome that has four parts. First, the core outcome document from FfD4 should express the consensus of UN member states, if not necessarily their unanimity. No single state or small group of states should block the collective will of the UN member states.",17_9,17_13,,No Relationship,No Relationship,Support,Support
full funding of the UN system;,We call for a bold outcome that has four parts… and commit to fixing the global financial architecture to ensure the financing needed for sustainable development.,17_9,17_14,,No Relationship,No Relationship,Support,Rephrase
full funding of the UN system;,"And as always, the 2000+ universities in the UN Sustainable Development Solutions Network pledge their best efforts to support governments, business, and civil society to build the future we need and want.",17_9,17_15,,No Relationship,No Relationship,Support,Support
full funding of the UN system;,"Progress on SDG 17 (Partnerships for the Goals) is also very limited, due in part to global failures to address persisting gaps in access to financing for developing countries and to stark disparities in countries’ support for UN-based multilateralism.",17_9,17_16,,No Relationship,No Relationship,Support,Support
full funding of the UN system;,These editions contextualize the indicator sets and policy discussions to mobilize stakeholders at various levels.,17_9,17_17,,No Relationship,No Relationship,Support,No Relationship
full funding of the UN system;,"For instance, the Europe edition (released annually since 2019) is prepared in cooperation with the European Economic and Social Committee (EESC) – including representatives from trade unions, business associations and NGOs – and its findings are presented and discussed with European leadership and institutions (Lafortune et al. 2024; Lafortune and Fuller 2025).",17_9,17_18,,No Relationship,No Relationship,Support,No Relationship
full funding of the UN system;,We will accelerate reform of the international financial architecture to address the challenges of today and tomorrow.,17_9,17_19,,No Relationship,No Relationship,Support,Support
full funding of the UN system;,"At the subnational level, regional and local governments have prepared Voluntary Local Reviews (VLRs).",17_9,17_20,,No Relationship,No Relationship,No Relationship,No Relationship
full funding of the UN system;,"Through its 17 Sustainable Development Goals, the Agenda sets out a road map to end hunger, protect the planet, achieve gender equality, improve health and more.",17_9,17_21,,No Relationship,No Relationship,Support,No Relationship
full funding of the UN system;,"It is estimated that the cost to achieve quality universal primary and early secondary education for all (Goal 4) would barely exceed 3 per cent of global annual military spending, while eliminating extreme poverty and hunger (Goals 1 and 2) would amount to only about 13 per cent of annual military spending.",17_9,17_22,,No Relationship,No Relationship,Support,Support
"Sound international finance could and would channel long-term grants and loans to the poorest nations, allowing governments to ensure that all children receive the start in life they need and are enabled to achieve higher earnings in the future, so creating the very means for countries to repay international debts.","Partnerships among MDBs but also with PDBs, for instance as part of the Financing in Common Initiative (FICs), can help accelerate the convergence towards shared standards and best practices, and to support banks’ commitments to shift their strategies towards achieving the SDGs.",17_10,17_11,,No Relationship,No Relationship,Support,Support
"Sound international finance could and would channel long-term grants and loans to the poorest nations, allowing governments to ensure that all children receive the start in life they need and are enabled to achieve higher earnings in the future, so creating the very means for countries to repay international debts.","We call for the formation of a Borrowers Club of Nations, to work alongside the Creditors Clubs, to foster appropriate domestic institutions, fiscal rules, and regulatory practices to achieve long-term sustainable development.",17_10,17_12,,No Relationship,No Relationship,Support,Support
"Sound international finance could and would channel long-term grants and loans to the poorest nations, allowing governments to ensure that all children receive the start in life they need and are enabled to achieve higher earnings in the future, so creating the very means for countries to repay international debts.","We call for a bold outcome that has four parts. First, the core outcome document from FfD4 should express the consensus of UN member states, if not necessarily their unanimity. No single state or small group of states should block the collective will of the UN member states.",17_10,17_13,,No Relationship,No Relationship,Support,No Relationship
"Sound international finance could and would channel long-term grants and loans to the poorest nations, allowing governments to ensure that all children receive the start in life they need and are enabled to achieve higher earnings in the future, so creating the very means for countries to repay international debts.",We call for a bold outcome that has four parts… and commit to fixing the global financial architecture to ensure the financing needed for sustainable development.,17_10,17_14,,No Relationship,No Relationship,Support,Support
"Sound international finance could and would channel long-term grants and loans to the poorest nations, allowing governments to ensure that all children receive the start in life they need and are enabled to achieve higher earnings in the future, so creating the very means for countries to repay international debts.","And as always, the 2000+ universities in the UN Sustainable Development Solutions Network pledge their best efforts to support governments, business, and civil society to build the future we need and want.",17_10,17_15,,No Relationship,No Relationship,Support,Support
"Sound international finance could and would channel long-term grants and loans to the poorest nations, allowing governments to ensure that all children receive the start in life they need and are enabled to achieve higher earnings in the future, so creating the very means for countries to repay international debts.","Progress on SDG 17 (Partnerships for the Goals) is also very limited, due in part to global failures to address persisting gaps in access to financing for developing countries and to stark disparities in countries’ support for UN-based multilateralism.",17_10,17_16,,No Relationship,No Relationship,Support,Support
"Sound international finance could and would channel long-term grants and loans to the poorest nations, allowing governments to ensure that all children receive the start in life they need and are enabled to achieve higher earnings in the future, so creating the very means for countries to repay international debts.",These editions contextualize the indicator sets and policy discussions to mobilize stakeholders at various levels.,17_10,17_17,,No Relationship,No Relationship,Support,No Relationship
"Sound international finance could and would channel long-term grants and loans to the poorest nations, allowing governments to ensure that all children receive the start in life they need and are enabled to achieve higher earnings in the future, so creating the very means for countries to repay international debts.","For instance, the Europe edition (released annually since 2019) is prepared in cooperation with the European Economic and Social Committee (EESC) – including representatives from trade unions, business associations and NGOs – and its findings are presented and discussed with European leadership and institutions (Lafortune et al. 2024; Lafortune and Fuller 2025).",17_10,17_18,,No Relationship,No Relationship,Support,No Relationship
"Sound international finance could and would channel long-term grants and loans to the poorest nations, allowing governments to ensure that all children receive the start in life they need and are enabled to achieve higher earnings in the future, so creating the very means for countries to repay international debts.",We will accelerate reform of the international financial architecture to address the challenges of today and tomorrow.,17_10,17_19,,No Relationship,No Relationship,Support,Support
"Sound international finance could and would channel long-term grants and loans to the poorest nations, allowing governments to ensure that all children receive the start in life they need and are enabled to achieve higher earnings in the future, so creating the very means for countries to repay international debts.","At the subnational level, regional and local governments have prepared Voluntary Local Reviews (VLRs).",17_10,17_20,,No Relationship,No Relationship,No Relationship,No Relationship
"Sound international finance could and would channel long-term grants and loans to the poorest nations, allowing governments to ensure that all children receive the start in life they need and are enabled to achieve higher earnings in the future, so creating the very means for countries to repay international debts.","Through its 17 Sustainable Development Goals, the Agenda sets out a road map to end hunger, protect the planet, achieve gender equality, improve health and more.",17_10,17_21,,No Relationship,No Relationship,Support,Support
"Sound international finance could and would channel long-term grants and loans to the poorest nations, allowing governments to ensure that all children receive the start in life they need and are enabled to achieve higher earnings in the future, so creating the very means for countries to repay international debts.","It is estimated that the cost to achieve quality universal primary and early secondary education for all (Goal 4) would barely exceed 3 per cent of global annual military spending, while eliminating extreme poverty and hunger (Goals 1 and 2) would amount to only about 13 per cent of annual military spending.",17_10,17_22,,No Relationship,No Relationship,Support,Support
"Partnerships among MDBs but also with PDBs, for instance as part of the Financing in Common Initiative (FICs), can help accelerate the convergence towards shared standards and best practices, and to support banks’ commitments to shift their strategies towards achieving the SDGs.","We call for the formation of a Borrowers Club of Nations, to work alongside the Creditors Clubs, to foster appropriate domestic institutions, fiscal rules, and regulatory practices to achieve long-term sustainable development.",17_11,17_12,,No Relationship,No Relationship,Support,Support
"Partnerships among MDBs but also with PDBs, for instance as part of the Financing in Common Initiative (FICs), can help accelerate the convergence towards shared standards and best practices, and to support banks’ commitments to shift their strategies towards achieving the SDGs.","We call for a bold outcome that has four parts. First, the core outcome document from FfD4 should express the consensus of UN member states, if not necessarily their unanimity. No single state or small group of states should block the collective will of the UN member states.",17_11,17_13,,No Relationship,No Relationship,Support,Support
"Partnerships among MDBs but also with PDBs, for instance as part of the Financing in Common Initiative (FICs), can help accelerate the convergence towards shared standards and best practices, and to support banks’ commitments to shift their strategies towards achieving the SDGs.",We call for a bold outcome that has four parts… and commit to fixing the global financial architecture to ensure the financing needed for sustainable development.,17_11,17_14,,No Relationship,No Relationship,Support,Support
"Partnerships among MDBs but also with PDBs, for instance as part of the Financing in Common Initiative (FICs), can help accelerate the convergence towards shared standards and best practices, and to support banks’ commitments to shift their strategies towards achieving the SDGs.","And as always, the 2000+ universities in the UN Sustainable Development Solutions Network pledge their best efforts to support governments, business, and civil society to build the future we need and want.",17_11,17_15,,No Relationship,No Relationship,Support,Support
"Partnerships among MDBs but also with PDBs, for instance as part of the Financing in Common Initiative (FICs), can help accelerate the convergence towards shared standards and best practices, and to support banks’ commitments to shift their strategies towards achieving the SDGs.","Progress on SDG 17 (Partnerships for the Goals) is also very limited, due in part to global failures to address persisting gaps in access to financing for developing countries and to stark disparities in countries’ support for UN-based multilateralism.",17_11,17_16,,No Relationship,No Relationship,Support,Support
"Partnerships among MDBs but also with PDBs, for instance as part of the Financing in Common Initiative (FICs), can help accelerate the convergence towards shared standards and best practices, and to support banks’ commitments to shift their strategies towards achieving the SDGs.",These editions contextualize the indicator sets and policy discussions to mobilize stakeholders at various levels.,17_11,17_17,,No Relationship,No Relationship,Support,No Relationship
"Partnerships among MDBs but also with PDBs, for instance as part of the Financing in Common Initiative (FICs), can help accelerate the convergence towards shared standards and best practices, and to support banks’ commitments to shift their strategies towards achieving the SDGs.","For instance, the Europe edition (released annually since 2019) is prepared in cooperation with the European Economic and Social Committee (EESC) – including representatives from trade unions, business associations and NGOs – and its findings are presented and discussed with European leadership and institutions (Lafortune et al. 2024; Lafortune and Fuller 2025).",17_11,17_18,,No Relationship,No Relationship,Support,Support
"Partnerships among MDBs but also with PDBs, for instance as part of the Financing in Common Initiative (FICs), can help accelerate the convergence towards shared standards and best practices, and to support banks’ commitments to shift their strategies towards achieving the SDGs.",We will accelerate reform of the international financial architecture to address the challenges of today and tomorrow.,17_11,17_19,,No Relationship,No Relationship,Support,Support
"Partnerships among MDBs but also with PDBs, for instance as part of the Financing in Common Initiative (FICs), can help accelerate the convergence towards shared standards and best practices, and to support banks’ commitments to shift their strategies towards achieving the SDGs.","At the subnational level, regional and local governments have prepared Voluntary Local Reviews (VLRs).",17_11,17_20,,No Relationship,No Relationship,Support,No Relationship
"Partnerships among MDBs but also with PDBs, for instance as part of the Financing in Common Initiative (FICs), can help accelerate the convergence towards shared standards and best practices, and to support banks’ commitments to shift their strategies towards achieving the SDGs.","Through its 17 Sustainable Development Goals, the Agenda sets out a road map to end hunger, protect the planet, achieve gender equality, improve health and more.",17_11,17_21,,No Relationship,No Relationship,Support,Support
"Partnerships among MDBs but also with PDBs, for instance as part of the Financing in Common Initiative (FICs), can help accelerate the convergence towards shared standards and best practices, and to support banks’ commitments to shift their strategies towards achieving the SDGs.","It is estimated that the cost to achieve quality universal primary and early secondary education for all (Goal 4) would barely exceed 3 per cent of global annual military spending, while eliminating extreme poverty and hunger (Goals 1 and 2) would amount to only about 13 per cent of annual military spending.",17_11,17_22,,No Relationship,No Relationship,Support,Support
"We call for the formation of a Borrowers Club of Nations, to work alongside the Creditors Clubs, to foster appropriate domestic institutions, fiscal rules, and regulatory practices to achieve long-term sustainable development.","We call for a bold outcome that has four parts. First, the core outcome document from FfD4 should express the consensus of UN member states, if not necessarily their unanimity. No single state or small group of states should block the collective will of the UN member states.",17_12,17_13,,No Relationship,No Relationship,Support,Support
"We call for the formation of a Borrowers Club of Nations, to work alongside the Creditors Clubs, to foster appropriate domestic institutions, fiscal rules, and regulatory practices to achieve long-term sustainable development.",We call for a bold outcome that has four parts… and commit to fixing the global financial architecture to ensure the financing needed for sustainable development.,17_12,17_14,,No Relationship,No Relationship,Support,Rephrase
"We call for the formation of a Borrowers Club of Nations, to work alongside the Creditors Clubs, to foster appropriate domestic institutions, fiscal rules, and regulatory practices to achieve long-term sustainable development.","And as always, the 2000+ universities in the UN Sustainable Development Solutions Network pledge their best efforts to support governments, business, and civil society to build the future we need and want.",17_12,17_15,,No Relationship,No Relationship,Support,Support
"We call for the formation of a Borrowers Club of Nations, to work alongside the Creditors Clubs, to foster appropriate domestic institutions, fiscal rules, and regulatory practices to achieve long-term sustainable development.","Progress on SDG 17 (Partnerships for the Goals) is also very limited, due in part to global failures to address persisting gaps in access to financing for developing countries and to stark disparities in countries’ support for UN-based multilateralism.",17_12,17_16,,No Relationship,No Relationship,No Relationship,Support
"We call for the formation of a Borrowers Club of Nations, to work alongside the Creditors Clubs, to foster appropriate domestic institutions, fiscal rules, and regulatory practices to achieve long-term sustainable development.",These editions contextualize the indicator sets and policy discussions to mobilize stakeholders at various levels.,17_12,17_17,,No Relationship,No Relationship,Support,No Relationship
"We call for the formation of a Borrowers Club of Nations, to work alongside the Creditors Clubs, to foster appropriate domestic institutions, fiscal rules, and regulatory practices to achieve long-term sustainable development.","For instance, the Europe edition (released annually since 2019) is prepared in cooperation with the European Economic and Social Committee (EESC) – including representatives from trade unions, business associations and NGOs – and its findings are presented and discussed with European leadership and institutions (Lafortune et al. 2024; Lafortune and Fuller 2025).",17_12,17_18,,No Relationship,No Relationship,Support,No Relationship
"We call for the formation of a Borrowers Club of Nations, to work alongside the Creditors Clubs, to foster appropriate domestic institutions, fiscal rules, and regulatory practices to achieve long-term sustainable development.",We will accelerate reform of the international financial architecture to address the challenges of today and tomorrow.,17_12,17_19,,No Relationship,No Relationship,Support,Support
"We call for the formation of a Borrowers Club of Nations, to work alongside the Creditors Clubs, to foster appropriate domestic institutions, fiscal rules, and regulatory practices to achieve long-term sustainable development.","At the subnational level, regional and local governments have prepared Voluntary Local Reviews (VLRs).",17_12,17_20,,No Relationship,No Relationship,Support,No Relationship
"We call for the formation of a Borrowers Club of Nations, to work alongside the Creditors Clubs, to foster appropriate domestic institutions, fiscal rules, and regulatory practices to achieve long-term sustainable development.","Through its 17 Sustainable Development Goals, the Agenda sets out a road map to end hunger, protect the planet, achieve gender equality, improve health and more.",17_12,17_21,,No Relationship,No Relationship,Support,No Relationship
"We call for the formation of a Borrowers Club of Nations, to work alongside the Creditors Clubs, to foster appropriate domestic institutions, fiscal rules, and regulatory practices to achieve long-term sustainable development.","It is estimated that the cost to achieve quality universal primary and early secondary education for all (Goal 4) would barely exceed 3 per cent of global annual military spending, while eliminating extreme poverty and hunger (Goals 1 and 2) would amount to only about 13 per cent of annual military spending.",17_12,17_22,,No Relationship,No Relationship,No Relationship,No Relationship
"We call for a bold outcome that has four parts. First, the core outcome document from FfD4 should express the consensus of UN member states, if not necessarily their unanimity. No single state or small group of states should block the collective will of the UN member states.",We call for a bold outcome that has four parts… and commit to fixing the global financial architecture to ensure the financing needed for sustainable development.,17_13,17_14,,No Relationship,No Relationship,Support,Rephrase
"We call for a bold outcome that has four parts. First, the core outcome document from FfD4 should express the consensus of UN member states, if not necessarily their unanimity. No single state or small group of states should block the collective will of the UN member states.","And as always, the 2000+ universities in the UN Sustainable Development Solutions Network pledge their best efforts to support governments, business, and civil society to build the future we need and want.",17_13,17_15,,No Relationship,No Relationship,Support,Support
"We call for a bold outcome that has four parts. First, the core outcome document from FfD4 should express the consensus of UN member states, if not necessarily their unanimity. No single state or small group of states should block the collective will of the UN member states.","Progress on SDG 17 (Partnerships for the Goals) is also very limited, due in part to global failures to address persisting gaps in access to financing for developing countries and to stark disparities in countries’ support for UN-based multilateralism.",17_13,17_16,,No Relationship,No Relationship,Support,No Relationship
"We call for a bold outcome that has four parts. First, the core outcome document from FfD4 should express the consensus of UN member states, if not necessarily their unanimity. No single state or small group of states should block the collective will of the UN member states.",These editions contextualize the indicator sets and policy discussions to mobilize stakeholders at various levels.,17_13,17_17,,No Relationship,No Relationship,Support,No Relationship
"We call for a bold outcome that has four parts. First, the core outcome document from FfD4 should express the consensus of UN member states, if not necessarily their unanimity. No single state or small group of states should block the collective will of the UN member states.","For instance, the Europe edition (released annually since 2019) is prepared in cooperation with the European Economic and Social Committee (EESC) – including representatives from trade unions, business associations and NGOs – and its findings are presented and discussed with European leadership and institutions (Lafortune et al. 2024; Lafortune and Fuller 2025).",17_13,17_18,,No Relationship,No Relationship,Support,No Relationship
"We call for a bold outcome that has four parts. First, the core outcome document from FfD4 should express the consensus of UN member states, if not necessarily their unanimity. No single state or small group of states should block the collective will of the UN member states.",We will accelerate reform of the international financial architecture to address the challenges of today and tomorrow.,17_13,17_19,,No Relationship,No Relationship,Support,Support
"We call for a bold outcome that has four parts. First, the core outcome document from FfD4 should express the consensus of UN member states, if not necessarily their unanimity. No single state or small group of states should block the collective will of the UN member states.","At the subnational level, regional and local governments have prepared Voluntary Local Reviews (VLRs).",17_13,17_20,,No Relationship,No Relationship,Support,No Relationship
"We call for a bold outcome that has four parts. First, the core outcome document from FfD4 should express the consensus of UN member states, if not necessarily their unanimity. No single state or small group of states should block the collective will of the UN member states.","Through its 17 Sustainable Development Goals, the Agenda sets out a road map to end hunger, protect the planet, achieve gender equality, improve health and more.",17_13,17_21,,No Relationship,No Relationship,Support,No Relationship
"We call for a bold outcome that has four parts. First, the core outcome document from FfD4 should express the consensus of UN member states, if not necessarily their unanimity. No single state or small group of states should block the collective will of the UN member states.","It is estimated that the cost to achieve quality universal primary and early secondary education for all (Goal 4) would barely exceed 3 per cent of global annual military spending, while eliminating extreme poverty and hunger (Goals 1 and 2) would amount to only about 13 per cent of annual military spending.",17_13,17_22,,No Relationship,No Relationship,Support,No Relationship
We call for a bold outcome that has four parts… and commit to fixing the global financial architecture to ensure the financing needed for sustainable development.,"And as always, the 2000+ universities in the UN Sustainable Development Solutions Network pledge their best efforts to support governments, business, and civil society to build the future we need and want.",17_14,17_15,,No Relationship,No Relationship,Support,Support
We call for a bold outcome that has four parts… and commit to fixing the global financial architecture to ensure the financing needed for sustainable development.,"Progress on SDG 17 (Partnerships for the Goals) is also very limited, due in part to global failures to address persisting gaps in access to financing for developing countries and to stark disparities in countries’ support for UN-based multilateralism.",17_14,17_16,,No Relationship,No Relationship,Support,Support
We call for a bold outcome that has four parts… and commit to fixing the global financial architecture to ensure the financing needed for sustainable development.,These editions contextualize the indicator sets and policy discussions to mobilize stakeholders at various levels.,17_14,17_17,,No Relationship,No Relationship,Support,No Relationship
We call for a bold outcome that has four parts… and commit to fixing the global financial architecture to ensure the financing needed for sustainable development.,"For instance, the Europe edition (released annually since 2019) is prepared in cooperation with the European Economic and Social Committee (EESC) – including representatives from trade unions, business associations and NGOs – and its findings are presented and discussed with European leadership and institutions (Lafortune et al. 2024; Lafortune and Fuller 2025).",17_14,17_18,,No Relationship,No Relationship,Support,No Relationship
We call for a bold outcome that has four parts… and commit to fixing the global financial architecture to ensure the financing needed for sustainable development.,We will accelerate reform of the international financial architecture to address the challenges of today and tomorrow.,17_14,17_19,,No Relationship,No Relationship,Support,Rephrase
We call for a bold outcome that has four parts… and commit to fixing the global financial architecture to ensure the financing needed for sustainable development.,"At the subnational level, regional and local governments have prepared Voluntary Local Reviews (VLRs).",17_14,17_20,,No Relationship,No Relationship,Support,No Relationship
We call for a bold outcome that has four parts… and commit to fixing the global financial architecture to ensure the financing needed for sustainable development.,"Through its 17 Sustainable Development Goals, the Agenda sets out a road map to end hunger, protect the planet, achieve gender equality, improve health and more.",17_14,17_21,,No Relationship,No Relationship,Support,Support
We call for a bold outcome that has four parts… and commit to fixing the global financial architecture to ensure the financing needed for sustainable development.,"It is estimated that the cost to achieve quality universal primary and early secondary education for all (Goal 4) would barely exceed 3 per cent of global annual military spending, while eliminating extreme poverty and hunger (Goals 1 and 2) would amount to only about 13 per cent of annual military spending.",17_14,17_22,,No Relationship,No Relationship,Support,No Relationship
"And as always, the 2000+ universities in the UN Sustainable Development Solutions Network pledge their best efforts to support governments, business, and civil society to build the future we need and want.","Progress on SDG 17 (Partnerships for the Goals) is also very limited, due in part to global failures to address persisting gaps in access to financing for developing countries and to stark disparities in countries’ support for UN-based multilateralism.",17_15,17_16,,No Relationship,No Relationship,No Relationship,Support
"And as always, the 2000+ universities in the UN Sustainable Development Solutions Network pledge their best efforts to support governments, business, and civil society to build the future we need and want.",These editions contextualize the indicator sets and policy discussions to mobilize stakeholders at various levels.,17_15,17_17,,No Relationship,No Relationship,Support,No Relationship
"And as always, the 2000+ universities in the UN Sustainable Development Solutions Network pledge their best efforts to support governments, business, and civil society to build the future we need and want.","For instance, the Europe edition (released annually since 2019) is prepared in cooperation with the European Economic and Social Committee (EESC) – including representatives from trade unions, business associations and NGOs – and its findings are presented and discussed with European leadership and institutions (Lafortune et al. 2024; Lafortune and Fuller 2025).",17_15,17_18,,No Relationship,No Relationship,Support,No Relationship
"And as always, the 2000+ universities in the UN Sustainable Development Solutions Network pledge their best efforts to support governments, business, and civil society to build the future we need and want.",We will accelerate reform of the international financial architecture to address the challenges of today and tomorrow.,17_15,17_19,,No Relationship,No Relationship,Support,No Relationship
"And as always, the 2000+ universities in the UN Sustainable Development Solutions Network pledge their best efforts to support governments, business, and civil society to build the future we need and want.","At the subnational level, regional and local governments have prepared Voluntary Local Reviews (VLRs).",17_15,17_20,,No Relationship,No Relationship,No Relationship,No Relationship
"And as always, the 2000+ universities in the UN Sustainable Development Solutions Network pledge their best efforts to support governments, business, and civil society to build the future we need and want.","Through its 17 Sustainable Development Goals, the Agenda sets out a road map to end hunger, protect the planet, achieve gender equality, improve health and more.",17_15,17_21,,No Relationship,No Relationship,Support,Support
"And as always, the 2000+ universities in the UN Sustainable Development Solutions Network pledge their best efforts to support governments, business, and civil society to build the future we need and want.","It is estimated that the cost to achieve quality universal primary and early secondary education for all (Goal 4) would barely exceed 3 per cent of global annual military spending, while eliminating extreme poverty and hunger (Goals 1 and 2) would amount to only about 13 per cent of annual military spending.",17_15,17_22,,No Relationship,No Relationship,Support,Support
"Progress on SDG 17 (Partnerships for the Goals) is also very limited, due in part to global failures to address persisting gaps in access to financing for developing countries and to stark disparities in countries’ support for UN-based multilateralism.",These editions contextualize the indicator sets and policy discussions to mobilize stakeholders at various levels.,17_16,17_17,,No Relationship,No Relationship,No Relationship,No Relationship
"Progress on SDG 17 (Partnerships for the Goals) is also very limited, due in part to global failures to address persisting gaps in access to financing for developing countries and to stark disparities in countries’ support for UN-based multilateralism.","For instance, the Europe edition (released annually since 2019) is prepared in cooperation with the European Economic and Social Committee (EESC) – including representatives from trade unions, business associations and NGOs – and its findings are presented and discussed with European leadership and institutions (Lafortune et al. 2024; Lafortune and Fuller 2025).",17_16,17_18,,No Relationship,No Relationship,No Relationship,No Relationship
"Progress on SDG 17 (Partnerships for the Goals) is also very limited, due in part to global failures to address persisting gaps in access to financing for developing countries and to stark disparities in countries’ support for UN-based multilateralism.",We will accelerate reform of the international financial architecture to address the challenges of today and tomorrow.,17_16,17_19,,No Relationship,No Relationship,No Relationship,Support
"Progress on SDG 17 (Partnerships for the Goals) is also very limited, due in part to global failures to address persisting gaps in access to financing for developing countries and to stark disparities in countries’ support for UN-based multilateralism.","At the subnational level, regional and local governments have prepared Voluntary Local Reviews (VLRs).",17_16,17_20,,No Relationship,No Relationship,No Relationship,No Relationship
"Progress on SDG 17 (Partnerships for the Goals) is also very limited, due in part to global failures to address persisting gaps in access to financing for developing countries and to stark disparities in countries’ support for UN-based multilateralism.","Through its 17 Sustainable Development Goals, the Agenda sets out a road map to end hunger, protect the planet, achieve gender equality, improve health and more.",17_16,17_21,,No Relationship,No Relationship,Support,Attack
"Progress on SDG 17 (Partnerships for the Goals) is also very limited, due in part to global failures to address persisting gaps in access to financing for developing countries and to stark disparities in countries’ support for UN-based multilateralism.","It is estimated that the cost to achieve quality universal primary and early secondary education for all (Goal 4) would barely exceed 3 per cent of global annual military spending, while eliminating extreme poverty and hunger (Goals 1 and 2) would amount to only about 13 per cent of annual military spending.",17_16,17_22,,No Relationship,No Relationship,No Relationship,Support
These editions contextualize the indicator sets and policy discussions to mobilize stakeholders at various levels.,"For instance, the Europe edition (released annually since 2019) is prepared in cooperation with the European Economic and Social Committee (EESC) – including representatives from trade unions, business associations and NGOs – and its findings are presented and discussed with European leadership and institutions (Lafortune et al. 2024; Lafortune and Fuller 2025).",17_17,17_18,,No Relationship,No Relationship,Support,Support
These editions contextualize the indicator sets and policy discussions to mobilize stakeholders at various levels.,We will accelerate reform of the international financial architecture to address the challenges of today and tomorrow.,17_17,17_19,,No Relationship,No Relationship,Support,No Relationship
These editions contextualize the indicator sets and policy discussions to mobilize stakeholders at various levels.,"At the subnational level, regional and local governments have prepared Voluntary Local Reviews (VLRs).",17_17,17_20,,No Relationship,No Relationship,No Relationship,Support
These editions contextualize the indicator sets and policy discussions to mobilize stakeholders at various levels.,"Through its 17 Sustainable Development Goals, the Agenda sets out a road map to end hunger, protect the planet, achieve gender equality, improve health and more.",17_17,17_21,,No Relationship,No Relationship,Support,No Relationship
These editions contextualize the indicator sets and policy discussions to mobilize stakeholders at various levels.,"It is estimated that the cost to achieve quality universal primary and early secondary education for all (Goal 4) would barely exceed 3 per cent of global annual military spending, while eliminating extreme poverty and hunger (Goals 1 and 2) would amount to only about 13 per cent of annual military spending.",17_17,17_22,,No Relationship,No Relationship,No Relationship,No Relationship
"For instance, the Europe edition (released annually since 2019) is prepared in cooperation with the European Economic and Social Committee (EESC) – including representatives from trade unions, business associations and NGOs – and its findings are presented and discussed with European leadership and institutions (Lafortune et al. 2024; Lafortune and Fuller 2025).",We will accelerate reform of the international financial architecture to address the challenges of today and tomorrow.,17_18,17_19,,No Relationship,No Relationship,Support,No Relationship
"For instance, the Europe edition (released annually since 2019) is prepared in cooperation with the European Economic and Social Committee (EESC) – including representatives from trade unions, business associations and NGOs – and its findings are presented and discussed with European leadership and institutions (Lafortune et al. 2024; Lafortune and Fuller 2025).","At the subnational level, regional and local governments have prepared Voluntary Local Reviews (VLRs).",17_18,17_20,,No Relationship,No Relationship,No Relationship,Support
"For instance, the Europe edition (released annually since 2019) is prepared in cooperation with the European Economic and Social Committee (EESC) – including representatives from trade unions, business associations and NGOs – and its findings are presented and discussed with European leadership and institutions (Lafortune et al. 2024; Lafortune and Fuller 2025).","Through its 17 Sustainable Development Goals, the Agenda sets out a road map to end hunger, protect the planet, achieve gender equality, improve health and more.",17_18,17_21,,No Relationship,No Relationship,Support,No Relationship
"For instance, the Europe edition (released annually since 2019) is prepared in cooperation with the European Economic and Social Committee (EESC) – including representatives from trade unions, business associations and NGOs – and its findings are presented and discussed with European leadership and institutions (Lafortune et al. 2024; Lafortune and Fuller 2025).","It is estimated that the cost to achieve quality universal primary and early secondary education for all (Goal 4) would barely exceed 3 per cent of global annual military spending, while eliminating extreme poverty and hunger (Goals 1 and 2) would amount to only about 13 per cent of annual military spending.",17_18,17_22,,No Relationship,No Relationship,No Relationship,No Relationship
We will accelerate reform of the international financial architecture to address the challenges of today and tomorrow.,"At the subnational level, regional and local governments have prepared Voluntary Local Reviews (VLRs).",17_19,17_20,,No Relationship,No Relationship,Support,No Relationship
We will accelerate reform of the international financial architecture to address the challenges of today and tomorrow.,"Through its 17 Sustainable Development Goals, the Agenda sets out a road map to end hunger, protect the planet, achieve gender equality, improve health and more.",17_19,17_21,,No Relationship,No Relationship,Support,No Relationship
We will accelerate reform of the international financial architecture to address the challenges of today and tomorrow.,"It is estimated that the cost to achieve quality universal primary and early secondary education for all (Goal 4) would barely exceed 3 per cent of global annual military spending, while eliminating extreme poverty and hunger (Goals 1 and 2) would amount to only about 13 per cent of annual military spending.",17_19,17_22,,No Relationship,No Relationship,No Relationship,No Relationship
"At the subnational level, regional and local governments have prepared Voluntary Local Reviews (VLRs).","Through its 17 Sustainable Development Goals, the Agenda sets out a road map to end hunger, protect the planet, achieve gender equality, improve health and more.",17_20,17_21,,No Relationship,No Relationship,Support,No Relationship
"At the subnational level, regional and local governments have prepared Voluntary Local Reviews (VLRs).","It is estimated that the cost to achieve quality universal primary and early secondary education for all (Goal 4) would barely exceed 3 per cent of global annual military spending, while eliminating extreme poverty and hunger (Goals 1 and 2) would amount to only about 13 per cent of annual military spending.",17_20,17_22,,No Relationship,No Relationship,No Relationship,No Relationship
"Through its 17 Sustainable Development Goals, the Agenda sets out a road map to end hunger, protect the planet, achieve gender equality, improve health and more.","It is estimated that the cost to achieve quality universal primary and early secondary education for all (Goal 4) would barely exceed 3 per cent of global annual military spending, while eliminating extreme poverty and hunger (Goals 1 and 2) would amount to only about 13 per cent of annual military spending.",17_21,17_22,,No Relationship,No Relationship,Support,Support
