SDGarg1,SDGarg2,id_arg1,id_arg2,rel
"Progress towards 48% of the SDG targets is currently insufficient, and 37% are either stagnating or regressing, including on key targets such as those related to poverty, hunger and climate action.",LRGs have also applied the SDGs as a guiding framework to rebound from the COVID-19 pandemic.,0_0,0_1,
"Progress towards 48% of the SDG targets is currently insufficient, and 37% are either stagnating or regressing, including on key targets such as those related to poverty, hunger and climate action.","LRGs are facing several challenges when it comes to the implementation of the SDGs, notably a lack of financial resources.",0_0,0_2,
"Progress towards 48% of the SDG targets is currently insufficient, and 37% are either stagnating or regressing, including on key targets such as those related to poverty, hunger and climate action.","The 17 SDGs aim to eradicate poverty, safeguard the environment and foster prosperity for all by 2030.",0_0,0_3,
"Progress towards 48% of the SDG targets is currently insufficient, and 37% are either stagnating or regressing, including on key targets such as those related to poverty, hunger and climate action.",48% of SDG targets are moderately or severely off track and a further 37% are stagnating or have even regressed.,0_0,0_4,
"Progress towards 48% of the SDG targets is currently insufficient, and 37% are either stagnating or regressing, including on key targets such as those related to poverty, hunger and climate action.",Forty percent of local and regional governments (LRGs) had already used the SDGs as a policy-making tool before the pandemic and started using them to shape their recovery strategies,0_0,0_5,
"Progress towards 48% of the SDG targets is currently insufficient, and 37% are either stagnating or regressing, including on key targets such as those related to poverty, hunger and climate action.",Thirty-eight percent of respondents considered it the most important success factor for implementing the SDGs,0_0,0_6,
"Progress towards 48% of the SDG targets is currently insufficient, and 37% are either stagnating or regressing, including on key targets such as those related to poverty, hunger and climate action.",only half of surveyed LRGs and territorial stakeholders contributed to their national government’s Voluntary National Reviews (VNRs),0_0,0_7,
"Progress towards 48% of the SDG targets is currently insufficient, and 37% are either stagnating or regressing, including on key targets such as those related to poverty, hunger and climate action.",Political leadership at the local and regional levels is the most important success factor in SDG implementation for subnational governments,0_0,0_8,
"Progress towards 48% of the SDG targets is currently insufficient, and 37% are either stagnating or regressing, including on key targets such as those related to poverty, hunger and climate action.",LRGs should assess the impact of existing policies against SDG targets,0_0,0_9,
"Progress towards 48% of the SDG targets is currently insufficient, and 37% are either stagnating or regressing, including on key targets such as those related to poverty, hunger and climate action.","LRGs should allocate dedicated funding and/or resources to ensure data are regularly processed, updated and shared",0_0,0_10,
"Progress towards 48% of the SDG targets is currently insufficient, and 37% are either stagnating or regressing, including on key targets such as those related to poverty, hunger and climate action.",LRGs should use the SDGs as a tool to allocate budgets to ensure the allocation of sufficient resources to implement the 2030 Agenda,0_0,0_11,
"Progress towards 48% of the SDG targets is currently insufficient, and 37% are either stagnating or regressing, including on key targets such as those related to poverty, hunger and climate action.","LRGs should use the SDGs as a tool to attract investment, whether through innovative financial mechanisms like municipal or regional sustainability bonds, local investment crowdfunding platforms or contingency funds tied to achieving specific SDGs",0_0,0_12,
"Progress towards 48% of the SDG targets is currently insufficient, and 37% are either stagnating or regressing, including on key targets such as those related to poverty, hunger and climate action.",Around half of surveyed LRGs use the SDGs in the COVID-19 recovery phase,0_0,0_13,
"Progress towards 48% of the SDG targets is currently insufficient, and 37% are either stagnating or regressing, including on key targets such as those related to poverty, hunger and climate action.",Around 39% of local and regional governments (LRGs) used the United Nations Sustainable Development Goals (SDGs) before the pandemic and are using them to address the COVID-19 recovery phase.,0_0,0_14,
"Progress towards 48% of the SDG targets is currently insufficient, and 37% are either stagnating or regressing, including on key targets such as those related to poverty, hunger and climate action.",A small proportion of respondents (9%) seized the opportunity of the COVID-19 recovery phase to initiate work on the SDGs.,0_0,0_15,
"Progress towards 48% of the SDG targets is currently insufficient, and 37% are either stagnating or regressing, including on key targets such as those related to poverty, hunger and climate action.",Use SDG indicators to assess the impact of the COVID-19 pandemic.,0_0,0_16,
"Progress towards 48% of the SDG targets is currently insufficient, and 37% are either stagnating or regressing, including on key targets such as those related to poverty, hunger and climate action.",Take advantage of SDG data and localised indicator frameworks to assess the impact of the COVID-19 pandemic at the local level.,0_0,0_17,
LRGs have also applied the SDGs as a guiding framework to rebound from the COVID-19 pandemic.,"LRGs are facing several challenges when it comes to the implementation of the SDGs, notably a lack of financial resources.",0_1,0_2,
LRGs have also applied the SDGs as a guiding framework to rebound from the COVID-19 pandemic.,"The 17 SDGs aim to eradicate poverty, safeguard the environment and foster prosperity for all by 2030.",0_1,0_3,
LRGs have also applied the SDGs as a guiding framework to rebound from the COVID-19 pandemic.,48% of SDG targets are moderately or severely off track and a further 37% are stagnating or have even regressed.,0_1,0_4,
LRGs have also applied the SDGs as a guiding framework to rebound from the COVID-19 pandemic.,Forty percent of local and regional governments (LRGs) had already used the SDGs as a policy-making tool before the pandemic and started using them to shape their recovery strategies,0_1,0_5,
LRGs have also applied the SDGs as a guiding framework to rebound from the COVID-19 pandemic.,Thirty-eight percent of respondents considered it the most important success factor for implementing the SDGs,0_1,0_6,
LRGs have also applied the SDGs as a guiding framework to rebound from the COVID-19 pandemic.,only half of surveyed LRGs and territorial stakeholders contributed to their national government’s Voluntary National Reviews (VNRs),0_1,0_7,
LRGs have also applied the SDGs as a guiding framework to rebound from the COVID-19 pandemic.,Political leadership at the local and regional levels is the most important success factor in SDG implementation for subnational governments,0_1,0_8,
LRGs have also applied the SDGs as a guiding framework to rebound from the COVID-19 pandemic.,LRGs should assess the impact of existing policies against SDG targets,0_1,0_9,
LRGs have also applied the SDGs as a guiding framework to rebound from the COVID-19 pandemic.,"LRGs should allocate dedicated funding and/or resources to ensure data are regularly processed, updated and shared",0_1,0_10,
LRGs have also applied the SDGs as a guiding framework to rebound from the COVID-19 pandemic.,LRGs should use the SDGs as a tool to allocate budgets to ensure the allocation of sufficient resources to implement the 2030 Agenda,0_1,0_11,
LRGs have also applied the SDGs as a guiding framework to rebound from the COVID-19 pandemic.,"LRGs should use the SDGs as a tool to attract investment, whether through innovative financial mechanisms like municipal or regional sustainability bonds, local investment crowdfunding platforms or contingency funds tied to achieving specific SDGs",0_1,0_12,
LRGs have also applied the SDGs as a guiding framework to rebound from the COVID-19 pandemic.,Around half of surveyed LRGs use the SDGs in the COVID-19 recovery phase,0_1,0_13,
LRGs have also applied the SDGs as a guiding framework to rebound from the COVID-19 pandemic.,Around 39% of local and regional governments (LRGs) used the United Nations Sustainable Development Goals (SDGs) before the pandemic and are using them to address the COVID-19 recovery phase.,0_1,0_14,
LRGs have also applied the SDGs as a guiding framework to rebound from the COVID-19 pandemic.,A small proportion of respondents (9%) seized the opportunity of the COVID-19 recovery phase to initiate work on the SDGs.,0_1,0_15,
LRGs have also applied the SDGs as a guiding framework to rebound from the COVID-19 pandemic.,Use SDG indicators to assess the impact of the COVID-19 pandemic.,0_1,0_16,
LRGs have also applied the SDGs as a guiding framework to rebound from the COVID-19 pandemic.,Take advantage of SDG data and localised indicator frameworks to assess the impact of the COVID-19 pandemic at the local level.,0_1,0_17,
"LRGs are facing several challenges when it comes to the implementation of the SDGs, notably a lack of financial resources.","The 17 SDGs aim to eradicate poverty, safeguard the environment and foster prosperity for all by 2030.",0_2,0_3,
"LRGs are facing several challenges when it comes to the implementation of the SDGs, notably a lack of financial resources.",48% of SDG targets are moderately or severely off track and a further 37% are stagnating or have even regressed.,0_2,0_4,
"LRGs are facing several challenges when it comes to the implementation of the SDGs, notably a lack of financial resources.",Forty percent of local and regional governments (LRGs) had already used the SDGs as a policy-making tool before the pandemic and started using them to shape their recovery strategies,0_2,0_5,
"LRGs are facing several challenges when it comes to the implementation of the SDGs, notably a lack of financial resources.",Thirty-eight percent of respondents considered it the most important success factor for implementing the SDGs,0_2,0_6,
"LRGs are facing several challenges when it comes to the implementation of the SDGs, notably a lack of financial resources.",only half of surveyed LRGs and territorial stakeholders contributed to their national government’s Voluntary National Reviews (VNRs),0_2,0_7,
"LRGs are facing several challenges when it comes to the implementation of the SDGs, notably a lack of financial resources.",Political leadership at the local and regional levels is the most important success factor in SDG implementation for subnational governments,0_2,0_8,
"LRGs are facing several challenges when it comes to the implementation of the SDGs, notably a lack of financial resources.",LRGs should assess the impact of existing policies against SDG targets,0_2,0_9,
"LRGs are facing several challenges when it comes to the implementation of the SDGs, notably a lack of financial resources.","LRGs should allocate dedicated funding and/or resources to ensure data are regularly processed, updated and shared",0_2,0_10,
"LRGs are facing several challenges when it comes to the implementation of the SDGs, notably a lack of financial resources.",LRGs should use the SDGs as a tool to allocate budgets to ensure the allocation of sufficient resources to implement the 2030 Agenda,0_2,0_11,
"LRGs are facing several challenges when it comes to the implementation of the SDGs, notably a lack of financial resources.","LRGs should use the SDGs as a tool to attract investment, whether through innovative financial mechanisms like municipal or regional sustainability bonds, local investment crowdfunding platforms or contingency funds tied to achieving specific SDGs",0_2,0_12,
"LRGs are facing several challenges when it comes to the implementation of the SDGs, notably a lack of financial resources.",Around half of surveyed LRGs use the SDGs in the COVID-19 recovery phase,0_2,0_13,
"LRGs are facing several challenges when it comes to the implementation of the SDGs, notably a lack of financial resources.",Around 39% of local and regional governments (LRGs) used the United Nations Sustainable Development Goals (SDGs) before the pandemic and are using them to address the COVID-19 recovery phase.,0_2,0_14,
"LRGs are facing several challenges when it comes to the implementation of the SDGs, notably a lack of financial resources.",A small proportion of respondents (9%) seized the opportunity of the COVID-19 recovery phase to initiate work on the SDGs.,0_2,0_15,
"LRGs are facing several challenges when it comes to the implementation of the SDGs, notably a lack of financial resources.",Use SDG indicators to assess the impact of the COVID-19 pandemic.,0_2,0_16,
"LRGs are facing several challenges when it comes to the implementation of the SDGs, notably a lack of financial resources.",Take advantage of SDG data and localised indicator frameworks to assess the impact of the COVID-19 pandemic at the local level.,0_2,0_17,
"The 17 SDGs aim to eradicate poverty, safeguard the environment and foster prosperity for all by 2030.",48% of SDG targets are moderately or severely off track and a further 37% are stagnating or have even regressed.,0_3,0_4,
"The 17 SDGs aim to eradicate poverty, safeguard the environment and foster prosperity for all by 2030.",Forty percent of local and regional governments (LRGs) had already used the SDGs as a policy-making tool before the pandemic and started using them to shape their recovery strategies,0_3,0_5,
"The 17 SDGs aim to eradicate poverty, safeguard the environment and foster prosperity for all by 2030.",Thirty-eight percent of respondents considered it the most important success factor for implementing the SDGs,0_3,0_6,
"The 17 SDGs aim to eradicate poverty, safeguard the environment and foster prosperity for all by 2030.",only half of surveyed LRGs and territorial stakeholders contributed to their national government’s Voluntary National Reviews (VNRs),0_3,0_7,
"The 17 SDGs aim to eradicate poverty, safeguard the environment and foster prosperity for all by 2030.",Political leadership at the local and regional levels is the most important success factor in SDG implementation for subnational governments,0_3,0_8,
"The 17 SDGs aim to eradicate poverty, safeguard the environment and foster prosperity for all by 2030.",LRGs should assess the impact of existing policies against SDG targets,0_3,0_9,
"The 17 SDGs aim to eradicate poverty, safeguard the environment and foster prosperity for all by 2030.","LRGs should allocate dedicated funding and/or resources to ensure data are regularly processed, updated and shared",0_3,0_10,
"The 17 SDGs aim to eradicate poverty, safeguard the environment and foster prosperity for all by 2030.",LRGs should use the SDGs as a tool to allocate budgets to ensure the allocation of sufficient resources to implement the 2030 Agenda,0_3,0_11,
"The 17 SDGs aim to eradicate poverty, safeguard the environment and foster prosperity for all by 2030.","LRGs should use the SDGs as a tool to attract investment, whether through innovative financial mechanisms like municipal or regional sustainability bonds, local investment crowdfunding platforms or contingency funds tied to achieving specific SDGs",0_3,0_12,
"The 17 SDGs aim to eradicate poverty, safeguard the environment and foster prosperity for all by 2030.",Around half of surveyed LRGs use the SDGs in the COVID-19 recovery phase,0_3,0_13,
"The 17 SDGs aim to eradicate poverty, safeguard the environment and foster prosperity for all by 2030.",Around 39% of local and regional governments (LRGs) used the United Nations Sustainable Development Goals (SDGs) before the pandemic and are using them to address the COVID-19 recovery phase.,0_3,0_14,
"The 17 SDGs aim to eradicate poverty, safeguard the environment and foster prosperity for all by 2030.",A small proportion of respondents (9%) seized the opportunity of the COVID-19 recovery phase to initiate work on the SDGs.,0_3,0_15,
"The 17 SDGs aim to eradicate poverty, safeguard the environment and foster prosperity for all by 2030.",Use SDG indicators to assess the impact of the COVID-19 pandemic.,0_3,0_16,
"The 17 SDGs aim to eradicate poverty, safeguard the environment and foster prosperity for all by 2030.",Take advantage of SDG data and localised indicator frameworks to assess the impact of the COVID-19 pandemic at the local level.,0_3,0_17,
48% of SDG targets are moderately or severely off track and a further 37% are stagnating or have even regressed.,Forty percent of local and regional governments (LRGs) had already used the SDGs as a policy-making tool before the pandemic and started using them to shape their recovery strategies,0_4,0_5,
48% of SDG targets are moderately or severely off track and a further 37% are stagnating or have even regressed.,Thirty-eight percent of respondents considered it the most important success factor for implementing the SDGs,0_4,0_6,
48% of SDG targets are moderately or severely off track and a further 37% are stagnating or have even regressed.,only half of surveyed LRGs and territorial stakeholders contributed to their national government’s Voluntary National Reviews (VNRs),0_4,0_7,
48% of SDG targets are moderately or severely off track and a further 37% are stagnating or have even regressed.,Political leadership at the local and regional levels is the most important success factor in SDG implementation for subnational governments,0_4,0_8,
48% of SDG targets are moderately or severely off track and a further 37% are stagnating or have even regressed.,LRGs should assess the impact of existing policies against SDG targets,0_4,0_9,
48% of SDG targets are moderately or severely off track and a further 37% are stagnating or have even regressed.,"LRGs should allocate dedicated funding and/or resources to ensure data are regularly processed, updated and shared",0_4,0_10,
48% of SDG targets are moderately or severely off track and a further 37% are stagnating or have even regressed.,LRGs should use the SDGs as a tool to allocate budgets to ensure the allocation of sufficient resources to implement the 2030 Agenda,0_4,0_11,
48% of SDG targets are moderately or severely off track and a further 37% are stagnating or have even regressed.,"LRGs should use the SDGs as a tool to attract investment, whether through innovative financial mechanisms like municipal or regional sustainability bonds, local investment crowdfunding platforms or contingency funds tied to achieving specific SDGs",0_4,0_12,
48% of SDG targets are moderately or severely off track and a further 37% are stagnating or have even regressed.,Around half of surveyed LRGs use the SDGs in the COVID-19 recovery phase,0_4,0_13,
48% of SDG targets are moderately or severely off track and a further 37% are stagnating or have even regressed.,Around 39% of local and regional governments (LRGs) used the United Nations Sustainable Development Goals (SDGs) before the pandemic and are using them to address the COVID-19 recovery phase.,0_4,0_14,
48% of SDG targets are moderately or severely off track and a further 37% are stagnating or have even regressed.,A small proportion of respondents (9%) seized the opportunity of the COVID-19 recovery phase to initiate work on the SDGs.,0_4,0_15,
48% of SDG targets are moderately or severely off track and a further 37% are stagnating or have even regressed.,Use SDG indicators to assess the impact of the COVID-19 pandemic.,0_4,0_16,
48% of SDG targets are moderately or severely off track and a further 37% are stagnating or have even regressed.,Take advantage of SDG data and localised indicator frameworks to assess the impact of the COVID-19 pandemic at the local level.,0_4,0_17,
Forty percent of local and regional governments (LRGs) had already used the SDGs as a policy-making tool before the pandemic and started using them to shape their recovery strategies,Thirty-eight percent of respondents considered it the most important success factor for implementing the SDGs,0_5,0_6,
Forty percent of local and regional governments (LRGs) had already used the SDGs as a policy-making tool before the pandemic and started using them to shape their recovery strategies,only half of surveyed LRGs and territorial stakeholders contributed to their national government’s Voluntary National Reviews (VNRs),0_5,0_7,
Forty percent of local and regional governments (LRGs) had already used the SDGs as a policy-making tool before the pandemic and started using them to shape their recovery strategies,Political leadership at the local and regional levels is the most important success factor in SDG implementation for subnational governments,0_5,0_8,
Forty percent of local and regional governments (LRGs) had already used the SDGs as a policy-making tool before the pandemic and started using them to shape their recovery strategies,LRGs should assess the impact of existing policies against SDG targets,0_5,0_9,
Forty percent of local and regional governments (LRGs) had already used the SDGs as a policy-making tool before the pandemic and started using them to shape their recovery strategies,"LRGs should allocate dedicated funding and/or resources to ensure data are regularly processed, updated and shared",0_5,0_10,
Forty percent of local and regional governments (LRGs) had already used the SDGs as a policy-making tool before the pandemic and started using them to shape their recovery strategies,LRGs should use the SDGs as a tool to allocate budgets to ensure the allocation of sufficient resources to implement the 2030 Agenda,0_5,0_11,
Forty percent of local and regional governments (LRGs) had already used the SDGs as a policy-making tool before the pandemic and started using them to shape their recovery strategies,"LRGs should use the SDGs as a tool to attract investment, whether through innovative financial mechanisms like municipal or regional sustainability bonds, local investment crowdfunding platforms or contingency funds tied to achieving specific SDGs",0_5,0_12,
Forty percent of local and regional governments (LRGs) had already used the SDGs as a policy-making tool before the pandemic and started using them to shape their recovery strategies,Around half of surveyed LRGs use the SDGs in the COVID-19 recovery phase,0_5,0_13,
Forty percent of local and regional governments (LRGs) had already used the SDGs as a policy-making tool before the pandemic and started using them to shape their recovery strategies,Around 39% of local and regional governments (LRGs) used the United Nations Sustainable Development Goals (SDGs) before the pandemic and are using them to address the COVID-19 recovery phase.,0_5,0_14,
Forty percent of local and regional governments (LRGs) had already used the SDGs as a policy-making tool before the pandemic and started using them to shape their recovery strategies,A small proportion of respondents (9%) seized the opportunity of the COVID-19 recovery phase to initiate work on the SDGs.,0_5,0_15,
Forty percent of local and regional governments (LRGs) had already used the SDGs as a policy-making tool before the pandemic and started using them to shape their recovery strategies,Use SDG indicators to assess the impact of the COVID-19 pandemic.,0_5,0_16,
Forty percent of local and regional governments (LRGs) had already used the SDGs as a policy-making tool before the pandemic and started using them to shape their recovery strategies,Take advantage of SDG data and localised indicator frameworks to assess the impact of the COVID-19 pandemic at the local level.,0_5,0_17,
Thirty-eight percent of respondents considered it the most important success factor for implementing the SDGs,only half of surveyed LRGs and territorial stakeholders contributed to their national government’s Voluntary National Reviews (VNRs),0_6,0_7,
Thirty-eight percent of respondents considered it the most important success factor for implementing the SDGs,Political leadership at the local and regional levels is the most important success factor in SDG implementation for subnational governments,0_6,0_8,
Thirty-eight percent of respondents considered it the most important success factor for implementing the SDGs,LRGs should assess the impact of existing policies against SDG targets,0_6,0_9,
Thirty-eight percent of respondents considered it the most important success factor for implementing the SDGs,"LRGs should allocate dedicated funding and/or resources to ensure data are regularly processed, updated and shared",0_6,0_10,
Thirty-eight percent of respondents considered it the most important success factor for implementing the SDGs,LRGs should use the SDGs as a tool to allocate budgets to ensure the allocation of sufficient resources to implement the 2030 Agenda,0_6,0_11,
Thirty-eight percent of respondents considered it the most important success factor for implementing the SDGs,"LRGs should use the SDGs as a tool to attract investment, whether through innovative financial mechanisms like municipal or regional sustainability bonds, local investment crowdfunding platforms or contingency funds tied to achieving specific SDGs",0_6,0_12,
Thirty-eight percent of respondents considered it the most important success factor for implementing the SDGs,Around half of surveyed LRGs use the SDGs in the COVID-19 recovery phase,0_6,0_13,
Thirty-eight percent of respondents considered it the most important success factor for implementing the SDGs,Around 39% of local and regional governments (LRGs) used the United Nations Sustainable Development Goals (SDGs) before the pandemic and are using them to address the COVID-19 recovery phase.,0_6,0_14,
Thirty-eight percent of respondents considered it the most important success factor for implementing the SDGs,A small proportion of respondents (9%) seized the opportunity of the COVID-19 recovery phase to initiate work on the SDGs.,0_6,0_15,
Thirty-eight percent of respondents considered it the most important success factor for implementing the SDGs,Use SDG indicators to assess the impact of the COVID-19 pandemic.,0_6,0_16,
Thirty-eight percent of respondents considered it the most important success factor for implementing the SDGs,Take advantage of SDG data and localised indicator frameworks to assess the impact of the COVID-19 pandemic at the local level.,0_6,0_17,
only half of surveyed LRGs and territorial stakeholders contributed to their national government’s Voluntary National Reviews (VNRs),Political leadership at the local and regional levels is the most important success factor in SDG implementation for subnational governments,0_7,0_8,
only half of surveyed LRGs and territorial stakeholders contributed to their national government’s Voluntary National Reviews (VNRs),LRGs should assess the impact of existing policies against SDG targets,0_7,0_9,
only half of surveyed LRGs and territorial stakeholders contributed to their national government’s Voluntary National Reviews (VNRs),"LRGs should allocate dedicated funding and/or resources to ensure data are regularly processed, updated and shared",0_7,0_10,
only half of surveyed LRGs and territorial stakeholders contributed to their national government’s Voluntary National Reviews (VNRs),LRGs should use the SDGs as a tool to allocate budgets to ensure the allocation of sufficient resources to implement the 2030 Agenda,0_7,0_11,
only half of surveyed LRGs and territorial stakeholders contributed to their national government’s Voluntary National Reviews (VNRs),"LRGs should use the SDGs as a tool to attract investment, whether through innovative financial mechanisms like municipal or regional sustainability bonds, local investment crowdfunding platforms or contingency funds tied to achieving specific SDGs",0_7,0_12,
only half of surveyed LRGs and territorial stakeholders contributed to their national government’s Voluntary National Reviews (VNRs),Around half of surveyed LRGs use the SDGs in the COVID-19 recovery phase,0_7,0_13,
only half of surveyed LRGs and territorial stakeholders contributed to their national government’s Voluntary National Reviews (VNRs),Around 39% of local and regional governments (LRGs) used the United Nations Sustainable Development Goals (SDGs) before the pandemic and are using them to address the COVID-19 recovery phase.,0_7,0_14,
only half of surveyed LRGs and territorial stakeholders contributed to their national government’s Voluntary National Reviews (VNRs),A small proportion of respondents (9%) seized the opportunity of the COVID-19 recovery phase to initiate work on the SDGs.,0_7,0_15,
only half of surveyed LRGs and territorial stakeholders contributed to their national government’s Voluntary National Reviews (VNRs),Use SDG indicators to assess the impact of the COVID-19 pandemic.,0_7,0_16,
only half of surveyed LRGs and territorial stakeholders contributed to their national government’s Voluntary National Reviews (VNRs),Take advantage of SDG data and localised indicator frameworks to assess the impact of the COVID-19 pandemic at the local level.,0_7,0_17,
Political leadership at the local and regional levels is the most important success factor in SDG implementation for subnational governments,LRGs should assess the impact of existing policies against SDG targets,0_8,0_9,
Political leadership at the local and regional levels is the most important success factor in SDG implementation for subnational governments,"LRGs should allocate dedicated funding and/or resources to ensure data are regularly processed, updated and shared",0_8,0_10,
Political leadership at the local and regional levels is the most important success factor in SDG implementation for subnational governments,LRGs should use the SDGs as a tool to allocate budgets to ensure the allocation of sufficient resources to implement the 2030 Agenda,0_8,0_11,
Political leadership at the local and regional levels is the most important success factor in SDG implementation for subnational governments,"LRGs should use the SDGs as a tool to attract investment, whether through innovative financial mechanisms like municipal or regional sustainability bonds, local investment crowdfunding platforms or contingency funds tied to achieving specific SDGs",0_8,0_12,
Political leadership at the local and regional levels is the most important success factor in SDG implementation for subnational governments,Around half of surveyed LRGs use the SDGs in the COVID-19 recovery phase,0_8,0_13,
Political leadership at the local and regional levels is the most important success factor in SDG implementation for subnational governments,Around 39% of local and regional governments (LRGs) used the United Nations Sustainable Development Goals (SDGs) before the pandemic and are using them to address the COVID-19 recovery phase.,0_8,0_14,
Political leadership at the local and regional levels is the most important success factor in SDG implementation for subnational governments,A small proportion of respondents (9%) seized the opportunity of the COVID-19 recovery phase to initiate work on the SDGs.,0_8,0_15,
Political leadership at the local and regional levels is the most important success factor in SDG implementation for subnational governments,Use SDG indicators to assess the impact of the COVID-19 pandemic.,0_8,0_16,
Political leadership at the local and regional levels is the most important success factor in SDG implementation for subnational governments,Take advantage of SDG data and localised indicator frameworks to assess the impact of the COVID-19 pandemic at the local level.,0_8,0_17,
LRGs should assess the impact of existing policies against SDG targets,"LRGs should allocate dedicated funding and/or resources to ensure data are regularly processed, updated and shared",0_9,0_10,
LRGs should assess the impact of existing policies against SDG targets,LRGs should use the SDGs as a tool to allocate budgets to ensure the allocation of sufficient resources to implement the 2030 Agenda,0_9,0_11,
LRGs should assess the impact of existing policies against SDG targets,"LRGs should use the SDGs as a tool to attract investment, whether through innovative financial mechanisms like municipal or regional sustainability bonds, local investment crowdfunding platforms or contingency funds tied to achieving specific SDGs",0_9,0_12,
LRGs should assess the impact of existing policies against SDG targets,Around half of surveyed LRGs use the SDGs in the COVID-19 recovery phase,0_9,0_13,
LRGs should assess the impact of existing policies against SDG targets,Around 39% of local and regional governments (LRGs) used the United Nations Sustainable Development Goals (SDGs) before the pandemic and are using them to address the COVID-19 recovery phase.,0_9,0_14,
LRGs should assess the impact of existing policies against SDG targets,A small proportion of respondents (9%) seized the opportunity of the COVID-19 recovery phase to initiate work on the SDGs.,0_9,0_15,
LRGs should assess the impact of existing policies against SDG targets,Use SDG indicators to assess the impact of the COVID-19 pandemic.,0_9,0_16,
LRGs should assess the impact of existing policies against SDG targets,Take advantage of SDG data and localised indicator frameworks to assess the impact of the COVID-19 pandemic at the local level.,0_9,0_17,
"LRGs should allocate dedicated funding and/or resources to ensure data are regularly processed, updated and shared",LRGs should use the SDGs as a tool to allocate budgets to ensure the allocation of sufficient resources to implement the 2030 Agenda,0_10,0_11,
"LRGs should allocate dedicated funding and/or resources to ensure data are regularly processed, updated and shared","LRGs should use the SDGs as a tool to attract investment, whether through innovative financial mechanisms like municipal or regional sustainability bonds, local investment crowdfunding platforms or contingency funds tied to achieving specific SDGs",0_10,0_12,
"LRGs should allocate dedicated funding and/or resources to ensure data are regularly processed, updated and shared",Around half of surveyed LRGs use the SDGs in the COVID-19 recovery phase,0_10,0_13,
"LRGs should allocate dedicated funding and/or resources to ensure data are regularly processed, updated and shared",Around 39% of local and regional governments (LRGs) used the United Nations Sustainable Development Goals (SDGs) before the pandemic and are using them to address the COVID-19 recovery phase.,0_10,0_14,
"LRGs should allocate dedicated funding and/or resources to ensure data are regularly processed, updated and shared",A small proportion of respondents (9%) seized the opportunity of the COVID-19 recovery phase to initiate work on the SDGs.,0_10,0_15,
"LRGs should allocate dedicated funding and/or resources to ensure data are regularly processed, updated and shared",Use SDG indicators to assess the impact of the COVID-19 pandemic.,0_10,0_16,
"LRGs should allocate dedicated funding and/or resources to ensure data are regularly processed, updated and shared",Take advantage of SDG data and localised indicator frameworks to assess the impact of the COVID-19 pandemic at the local level.,0_10,0_17,
LRGs should use the SDGs as a tool to allocate budgets to ensure the allocation of sufficient resources to implement the 2030 Agenda,"LRGs should use the SDGs as a tool to attract investment, whether through innovative financial mechanisms like municipal or regional sustainability bonds, local investment crowdfunding platforms or contingency funds tied to achieving specific SDGs",0_11,0_12,
LRGs should use the SDGs as a tool to allocate budgets to ensure the allocation of sufficient resources to implement the 2030 Agenda,Around half of surveyed LRGs use the SDGs in the COVID-19 recovery phase,0_11,0_13,
LRGs should use the SDGs as a tool to allocate budgets to ensure the allocation of sufficient resources to implement the 2030 Agenda,Around 39% of local and regional governments (LRGs) used the United Nations Sustainable Development Goals (SDGs) before the pandemic and are using them to address the COVID-19 recovery phase.,0_11,0_14,
LRGs should use the SDGs as a tool to allocate budgets to ensure the allocation of sufficient resources to implement the 2030 Agenda,A small proportion of respondents (9%) seized the opportunity of the COVID-19 recovery phase to initiate work on the SDGs.,0_11,0_15,
LRGs should use the SDGs as a tool to allocate budgets to ensure the allocation of sufficient resources to implement the 2030 Agenda,Use SDG indicators to assess the impact of the COVID-19 pandemic.,0_11,0_16,
LRGs should use the SDGs as a tool to allocate budgets to ensure the allocation of sufficient resources to implement the 2030 Agenda,Take advantage of SDG data and localised indicator frameworks to assess the impact of the COVID-19 pandemic at the local level.,0_11,0_17,
"LRGs should use the SDGs as a tool to attract investment, whether through innovative financial mechanisms like municipal or regional sustainability bonds, local investment crowdfunding platforms or contingency funds tied to achieving specific SDGs",Around half of surveyed LRGs use the SDGs in the COVID-19 recovery phase,0_12,0_13,
"LRGs should use the SDGs as a tool to attract investment, whether through innovative financial mechanisms like municipal or regional sustainability bonds, local investment crowdfunding platforms or contingency funds tied to achieving specific SDGs",Around 39% of local and regional governments (LRGs) used the United Nations Sustainable Development Goals (SDGs) before the pandemic and are using them to address the COVID-19 recovery phase.,0_12,0_14,
"LRGs should use the SDGs as a tool to attract investment, whether through innovative financial mechanisms like municipal or regional sustainability bonds, local investment crowdfunding platforms or contingency funds tied to achieving specific SDGs",A small proportion of respondents (9%) seized the opportunity of the COVID-19 recovery phase to initiate work on the SDGs.,0_12,0_15,
"LRGs should use the SDGs as a tool to attract investment, whether through innovative financial mechanisms like municipal or regional sustainability bonds, local investment crowdfunding platforms or contingency funds tied to achieving specific SDGs",Use SDG indicators to assess the impact of the COVID-19 pandemic.,0_12,0_16,
"LRGs should use the SDGs as a tool to attract investment, whether through innovative financial mechanisms like municipal or regional sustainability bonds, local investment crowdfunding platforms or contingency funds tied to achieving specific SDGs",Take advantage of SDG data and localised indicator frameworks to assess the impact of the COVID-19 pandemic at the local level.,0_12,0_17,
Around half of surveyed LRGs use the SDGs in the COVID-19 recovery phase,Around 39% of local and regional governments (LRGs) used the United Nations Sustainable Development Goals (SDGs) before the pandemic and are using them to address the COVID-19 recovery phase.,0_13,0_14,
Around half of surveyed LRGs use the SDGs in the COVID-19 recovery phase,A small proportion of respondents (9%) seized the opportunity of the COVID-19 recovery phase to initiate work on the SDGs.,0_13,0_15,
Around half of surveyed LRGs use the SDGs in the COVID-19 recovery phase,Use SDG indicators to assess the impact of the COVID-19 pandemic.,0_13,0_16,
Around half of surveyed LRGs use the SDGs in the COVID-19 recovery phase,Take advantage of SDG data and localised indicator frameworks to assess the impact of the COVID-19 pandemic at the local level.,0_13,0_17,
Around 39% of local and regional governments (LRGs) used the United Nations Sustainable Development Goals (SDGs) before the pandemic and are using them to address the COVID-19 recovery phase.,A small proportion of respondents (9%) seized the opportunity of the COVID-19 recovery phase to initiate work on the SDGs.,0_14,0_15,
Around 39% of local and regional governments (LRGs) used the United Nations Sustainable Development Goals (SDGs) before the pandemic and are using them to address the COVID-19 recovery phase.,Use SDG indicators to assess the impact of the COVID-19 pandemic.,0_14,0_16,
Around 39% of local and regional governments (LRGs) used the United Nations Sustainable Development Goals (SDGs) before the pandemic and are using them to address the COVID-19 recovery phase.,Take advantage of SDG data and localised indicator frameworks to assess the impact of the COVID-19 pandemic at the local level.,0_14,0_17,
A small proportion of respondents (9%) seized the opportunity of the COVID-19 recovery phase to initiate work on the SDGs.,Use SDG indicators to assess the impact of the COVID-19 pandemic.,0_15,0_16,
A small proportion of respondents (9%) seized the opportunity of the COVID-19 recovery phase to initiate work on the SDGs.,Take advantage of SDG data and localised indicator frameworks to assess the impact of the COVID-19 pandemic at the local level.,0_15,0_17,
Use SDG indicators to assess the impact of the COVID-19 pandemic.,Take advantage of SDG data and localised indicator frameworks to assess the impact of the COVID-19 pandemic at the local level.,0_16,0_17,
combat rising price levels to support SDG 1 No poverty and SDG 10 Reduced inequalities,"To save on heating and electricity costs, 62% of LRGs have reduced the average temperature in public buildings, while 46% have cut back on street lighting",1_0,1_1,
combat rising price levels to support SDG 1 No poverty and SDG 10 Reduced inequalities,Combat rising price levels to support SDG 1 No poverty and SDG 10 Reduced inequalities.,1_0,1_2,
combat rising price levels to support SDG 1 No poverty and SDG 10 Reduced inequalities,"Enhance social safety net programmes, including unemployment benefits and food assistance, to cushion those in need.",1_0,1_3,
combat rising price levels to support SDG 1 No poverty and SDG 10 Reduced inequalities,"crucial targets related to poverty reduction, hunger eradication and addressing the pressing issue of climate change",1_0,1_4,
combat rising price levels to support SDG 1 No poverty and SDG 10 Reduced inequalities,SDG targets related to poverty and inequality (SDGs 1 and 10),1_0,1_5,
combat rising price levels to support SDG 1 No poverty and SDG 10 Reduced inequalities,A majority of local and regional governments cited a lack of financial resources as a governance challenge,1_0,1_6,
combat rising price levels to support SDG 1 No poverty and SDG 10 Reduced inequalities,"Among LRGs, 55% reported that living standards had worsened as a result of general price increases",1_0,1_7,
combat rising price levels to support SDG 1 No poverty and SDG 10 Reduced inequalities,support measures for vulnerable individuals as the most common response by their respective city or region to tackle rising prices,1_0,1_8,
"To save on heating and electricity costs, 62% of LRGs have reduced the average temperature in public buildings, while 46% have cut back on street lighting",Combat rising price levels to support SDG 1 No poverty and SDG 10 Reduced inequalities.,1_1,1_2,
"To save on heating and electricity costs, 62% of LRGs have reduced the average temperature in public buildings, while 46% have cut back on street lighting","Enhance social safety net programmes, including unemployment benefits and food assistance, to cushion those in need.",1_1,1_3,
"To save on heating and electricity costs, 62% of LRGs have reduced the average temperature in public buildings, while 46% have cut back on street lighting","crucial targets related to poverty reduction, hunger eradication and addressing the pressing issue of climate change",1_1,1_4,
"To save on heating and electricity costs, 62% of LRGs have reduced the average temperature in public buildings, while 46% have cut back on street lighting",SDG targets related to poverty and inequality (SDGs 1 and 10),1_1,1_5,
"To save on heating and electricity costs, 62% of LRGs have reduced the average temperature in public buildings, while 46% have cut back on street lighting",A majority of local and regional governments cited a lack of financial resources as a governance challenge,1_1,1_6,
"To save on heating and electricity costs, 62% of LRGs have reduced the average temperature in public buildings, while 46% have cut back on street lighting","Among LRGs, 55% reported that living standards had worsened as a result of general price increases",1_1,1_7,
"To save on heating and electricity costs, 62% of LRGs have reduced the average temperature in public buildings, while 46% have cut back on street lighting",support measures for vulnerable individuals as the most common response by their respective city or region to tackle rising prices,1_1,1_8,
Combat rising price levels to support SDG 1 No poverty and SDG 10 Reduced inequalities.,"Enhance social safety net programmes, including unemployment benefits and food assistance, to cushion those in need.",1_2,1_3,
Combat rising price levels to support SDG 1 No poverty and SDG 10 Reduced inequalities.,"crucial targets related to poverty reduction, hunger eradication and addressing the pressing issue of climate change",1_2,1_4,
Combat rising price levels to support SDG 1 No poverty and SDG 10 Reduced inequalities.,SDG targets related to poverty and inequality (SDGs 1 and 10),1_2,1_5,
Combat rising price levels to support SDG 1 No poverty and SDG 10 Reduced inequalities.,A majority of local and regional governments cited a lack of financial resources as a governance challenge,1_2,1_6,
Combat rising price levels to support SDG 1 No poverty and SDG 10 Reduced inequalities.,"Among LRGs, 55% reported that living standards had worsened as a result of general price increases",1_2,1_7,
Combat rising price levels to support SDG 1 No poverty and SDG 10 Reduced inequalities.,support measures for vulnerable individuals as the most common response by their respective city or region to tackle rising prices,1_2,1_8,
"Enhance social safety net programmes, including unemployment benefits and food assistance, to cushion those in need.","crucial targets related to poverty reduction, hunger eradication and addressing the pressing issue of climate change",1_3,1_4,
"Enhance social safety net programmes, including unemployment benefits and food assistance, to cushion those in need.",SDG targets related to poverty and inequality (SDGs 1 and 10),1_3,1_5,
"Enhance social safety net programmes, including unemployment benefits and food assistance, to cushion those in need.",A majority of local and regional governments cited a lack of financial resources as a governance challenge,1_3,1_6,
"Enhance social safety net programmes, including unemployment benefits and food assistance, to cushion those in need.","Among LRGs, 55% reported that living standards had worsened as a result of general price increases",1_3,1_7,
"Enhance social safety net programmes, including unemployment benefits and food assistance, to cushion those in need.",support measures for vulnerable individuals as the most common response by their respective city or region to tackle rising prices,1_3,1_8,
"crucial targets related to poverty reduction, hunger eradication and addressing the pressing issue of climate change",SDG targets related to poverty and inequality (SDGs 1 and 10),1_4,1_5,
"crucial targets related to poverty reduction, hunger eradication and addressing the pressing issue of climate change",A majority of local and regional governments cited a lack of financial resources as a governance challenge,1_4,1_6,
"crucial targets related to poverty reduction, hunger eradication and addressing the pressing issue of climate change","Among LRGs, 55% reported that living standards had worsened as a result of general price increases",1_4,1_7,
"crucial targets related to poverty reduction, hunger eradication and addressing the pressing issue of climate change",support measures for vulnerable individuals as the most common response by their respective city or region to tackle rising prices,1_4,1_8,
SDG targets related to poverty and inequality (SDGs 1 and 10),A majority of local and regional governments cited a lack of financial resources as a governance challenge,1_5,1_6,
SDG targets related to poverty and inequality (SDGs 1 and 10),"Among LRGs, 55% reported that living standards had worsened as a result of general price increases",1_5,1_7,
SDG targets related to poverty and inequality (SDGs 1 and 10),support measures for vulnerable individuals as the most common response by their respective city or region to tackle rising prices,1_5,1_8,
A majority of local and regional governments cited a lack of financial resources as a governance challenge,"Among LRGs, 55% reported that living standards had worsened as a result of general price increases",1_6,1_7,
A majority of local and regional governments cited a lack of financial resources as a governance challenge,support measures for vulnerable individuals as the most common response by their respective city or region to tackle rising prices,1_6,1_8,
"Among LRGs, 55% reported that living standards had worsened as a result of general price increases",support measures for vulnerable individuals as the most common response by their respective city or region to tackle rising prices,1_7,1_8,
"37% are either stagnating or regressing, including on key targets such as those related to poverty, hunger and climate action.","Alongside disruptions in global food markets, have adversely affected SDG targets related to poverty and inequality (SDGs 1 and 10), affordable energy (SDG 7) and food security (SDG 2).",2_0,2_1,
"37% are either stagnating or regressing, including on key targets such as those related to poverty, hunger and climate action.",the growing importance of food security (SDG 2),2_0,2_2,
"37% are either stagnating or regressing, including on key targets such as those related to poverty, hunger and climate action.",LRGs have implemented a variety of measures to achieve sustainable food systems is the promotion of local food production (60%),2_0,2_3,
"37% are either stagnating or regressing, including on key targets such as those related to poverty, hunger and climate action.",Adopt a holistic approach to food systems by developing urban food strategies that intertwine food policy with urban development strategies.,2_0,2_4,
"37% are either stagnating or regressing, including on key targets such as those related to poverty, hunger and climate action.",Develop a comprehensive circular economy strategy that incentivises circular food supply chains and encourages the purchase of goods and services from circular businesses.,2_0,2_5,
"37% are either stagnating or regressing, including on key targets such as those related to poverty, hunger and climate action.","Collaborate with organisations that rescue surplus food and distribute it to those in need, e.g. food banks and promote the use of technology-based solutions like food recovery applications that connect surplus food providers with recipients, minimising waste.",2_0,2_6,
"37% are either stagnating or regressing, including on key targets such as those related to poverty, hunger and climate action.","The agricultural sector is under strain from rising energy and fertiliser prices, compounded by more frequent and severe climate-related disasters, posing threats to food security.",2_0,2_7,
"37% are either stagnating or regressing, including on key targets such as those related to poverty, hunger and climate action.","Inflation in food prices is eroding income gains, raising additional barriers to accessing food around the globe.",2_0,2_8,
"37% are either stagnating or regressing, including on key targets such as those related to poverty, hunger and climate action.","In 2022, 9.2% of the global population experienced chronic hunger, up from 7.9% in 2019, with projections indicating that more than 600 million people could be facing hunger by 2030, the endpoint of the SDGs.",2_0,2_9,
"37% are either stagnating or regressing, including on key targets such as those related to poverty, hunger and climate action.","The European Union and its member states are also facing notable gaps towards the achievement of the SDGs, including SDG 11 Sustainable cities and communities",2_0,2_10,
"37% are either stagnating or regressing, including on key targets such as those related to poverty, hunger and climate action.",Prioritisation of SDG 2 Zero hunger,2_0,2_11,
"37% are either stagnating or regressing, including on key targets such as those related to poverty, hunger and climate action.",Measures put in place to achieve sustainable food systems,2_0,2_12,
"37% are either stagnating or regressing, including on key targets such as those related to poverty, hunger and climate action.","The SDGs on poverty, food, health, education and gender.",2_0,2_13,
"37% are either stagnating or regressing, including on key targets such as those related to poverty, hunger and climate action.",reducing food insecurity (SDG 2),2_0,2_14,
"37% are either stagnating or regressing, including on key targets such as those related to poverty, hunger and climate action.",cutting taxes on food (SDG 2),2_0,2_15,
"37% are either stagnating or regressing, including on key targets such as those related to poverty, hunger and climate action.",Set up food banks and food distributions for vulnerable populations,2_0,2_16,
"37% are either stagnating or regressing, including on key targets such as those related to poverty, hunger and climate action.","Inform citizens about balanced diets, targeting nutritious food with subsidies",2_0,2_17,
"37% are either stagnating or regressing, including on key targets such as those related to poverty, hunger and climate action.",Set up public stockholding programmes to address supply chain disruption,2_0,2_18,
"37% are either stagnating or regressing, including on key targets such as those related to poverty, hunger and climate action.","Reduce nutrient losses, use of pesticides, expand sustainable farming",2_0,2_19,
"37% are either stagnating or regressing, including on key targets such as those related to poverty, hunger and climate action.",Implement food subsidies to close supply gaps and balance cost increase,2_0,2_20,
"37% are either stagnating or regressing, including on key targets such as those related to poverty, hunger and climate action.",Promote local food production,2_0,2_21,
"37% are either stagnating or regressing, including on key targets such as those related to poverty, hunger and climate action.",Promote a circular economy approach,2_0,2_22,
"37% are either stagnating or regressing, including on key targets such as those related to poverty, hunger and climate action.",Promoting a circular economy approach to the food system,2_0,2_23,
"37% are either stagnating or regressing, including on key targets such as those related to poverty, hunger and climate action.",Promote local/regional food production,2_0,2_24,
"37% are either stagnating or regressing, including on key targets such as those related to poverty, hunger and climate action.",Promote a circular economy approach to reduce food waste,2_0,2_25,
"37% are either stagnating or regressing, including on key targets such as those related to poverty, hunger and climate action.",Raise awareness to educate the population about healthy nutrition,2_0,2_26,
"37% are either stagnating or regressing, including on key targets such as those related to poverty, hunger and climate action.",Combat rising price levels,2_0,2_27,
"37% are either stagnating or regressing, including on key targets such as those related to poverty, hunger and climate action.",Expand social safety net programmes and food assistance,2_0,2_28,
"37% are either stagnating or regressing, including on key targets such as those related to poverty, hunger and climate action.",Promote sustainable food systems.,2_0,2_29,
"37% are either stagnating or regressing, including on key targets such as those related to poverty, hunger and climate action.","Support local and regional food production, e.g. promoting urban and peri-urban agriculture to increase local food production and facilitating the creation of community gardens and allotments.",2_0,2_30,
"37% are either stagnating or regressing, including on key targets such as those related to poverty, hunger and climate action.","Adopt a holistic approach to food systems by developing urban food strategies that intertwine food policy with urban development strategies, thus connecting the social and economic dimensions of food systems.",2_0,2_31,
"37% are either stagnating or regressing, including on key targets such as those related to poverty, hunger and climate action.","Promote the systematic knowledge sharing of cities’ actions and best practices for sustainable food systems whereby frontrunner cities (e.g. Milan, New York and Strasbourg, among others) can inspire other cities.",2_0,2_32,
"37% are either stagnating or regressing, including on key targets such as those related to poverty, hunger and climate action.","Enhance a circular transition in the food sector through public procurement requirements for canteens and food services, e.g. by applying life cycle and environmental criteria to contribute to sustainable, organic and responsible product supplies whilst minimising and, in the best case, avoiding negative environmental impacts and waste creation.",2_0,2_33,
"37% are either stagnating or regressing, including on key targets such as those related to poverty, hunger and climate action.","Foster circular food systems, e.g. systems for food waste recovery and composting, to close the nutrient loop and reduce landfill waste and by encouraging the use of sustainable and recyclable packaging materials.",2_0,2_34,
"37% are either stagnating or regressing, including on key targets such as those related to poverty, hunger and climate action.","Support surplus food and distribute it to those in need, e.g. food banks and supermarket initiatives.",2_0,2_35,
"37% are either stagnating or regressing, including on key targets such as those related to poverty, hunger and climate action.","require food-related businesses, such as restaurants and supermarkets, to report their food waste data regularly, thereby encouraging better waste management through increased transparency.",2_0,2_36,
"Alongside disruptions in global food markets, have adversely affected SDG targets related to poverty and inequality (SDGs 1 and 10), affordable energy (SDG 7) and food security (SDG 2).",the growing importance of food security (SDG 2),2_1,2_2,
"Alongside disruptions in global food markets, have adversely affected SDG targets related to poverty and inequality (SDGs 1 and 10), affordable energy (SDG 7) and food security (SDG 2).",LRGs have implemented a variety of measures to achieve sustainable food systems is the promotion of local food production (60%),2_1,2_3,
"Alongside disruptions in global food markets, have adversely affected SDG targets related to poverty and inequality (SDGs 1 and 10), affordable energy (SDG 7) and food security (SDG 2).",Adopt a holistic approach to food systems by developing urban food strategies that intertwine food policy with urban development strategies.,2_1,2_4,
"Alongside disruptions in global food markets, have adversely affected SDG targets related to poverty and inequality (SDGs 1 and 10), affordable energy (SDG 7) and food security (SDG 2).",Develop a comprehensive circular economy strategy that incentivises circular food supply chains and encourages the purchase of goods and services from circular businesses.,2_1,2_5,
"Alongside disruptions in global food markets, have adversely affected SDG targets related to poverty and inequality (SDGs 1 and 10), affordable energy (SDG 7) and food security (SDG 2).","Collaborate with organisations that rescue surplus food and distribute it to those in need, e.g. food banks and promote the use of technology-based solutions like food recovery applications that connect surplus food providers with recipients, minimising waste.",2_1,2_6,
"Alongside disruptions in global food markets, have adversely affected SDG targets related to poverty and inequality (SDGs 1 and 10), affordable energy (SDG 7) and food security (SDG 2).","The agricultural sector is under strain from rising energy and fertiliser prices, compounded by more frequent and severe climate-related disasters, posing threats to food security.",2_1,2_7,
"Alongside disruptions in global food markets, have adversely affected SDG targets related to poverty and inequality (SDGs 1 and 10), affordable energy (SDG 7) and food security (SDG 2).","Inflation in food prices is eroding income gains, raising additional barriers to accessing food around the globe.",2_1,2_8,
"Alongside disruptions in global food markets, have adversely affected SDG targets related to poverty and inequality (SDGs 1 and 10), affordable energy (SDG 7) and food security (SDG 2).","In 2022, 9.2% of the global population experienced chronic hunger, up from 7.9% in 2019, with projections indicating that more than 600 million people could be facing hunger by 2030, the endpoint of the SDGs.",2_1,2_9,
"Alongside disruptions in global food markets, have adversely affected SDG targets related to poverty and inequality (SDGs 1 and 10), affordable energy (SDG 7) and food security (SDG 2).","The European Union and its member states are also facing notable gaps towards the achievement of the SDGs, including SDG 11 Sustainable cities and communities",2_1,2_10,
"Alongside disruptions in global food markets, have adversely affected SDG targets related to poverty and inequality (SDGs 1 and 10), affordable energy (SDG 7) and food security (SDG 2).",Prioritisation of SDG 2 Zero hunger,2_1,2_11,
"Alongside disruptions in global food markets, have adversely affected SDG targets related to poverty and inequality (SDGs 1 and 10), affordable energy (SDG 7) and food security (SDG 2).",Measures put in place to achieve sustainable food systems,2_1,2_12,
"Alongside disruptions in global food markets, have adversely affected SDG targets related to poverty and inequality (SDGs 1 and 10), affordable energy (SDG 7) and food security (SDG 2).","The SDGs on poverty, food, health, education and gender.",2_1,2_13,
"Alongside disruptions in global food markets, have adversely affected SDG targets related to poverty and inequality (SDGs 1 and 10), affordable energy (SDG 7) and food security (SDG 2).",reducing food insecurity (SDG 2),2_1,2_14,
"Alongside disruptions in global food markets, have adversely affected SDG targets related to poverty and inequality (SDGs 1 and 10), affordable energy (SDG 7) and food security (SDG 2).",cutting taxes on food (SDG 2),2_1,2_15,
"Alongside disruptions in global food markets, have adversely affected SDG targets related to poverty and inequality (SDGs 1 and 10), affordable energy (SDG 7) and food security (SDG 2).",Set up food banks and food distributions for vulnerable populations,2_1,2_16,
"Alongside disruptions in global food markets, have adversely affected SDG targets related to poverty and inequality (SDGs 1 and 10), affordable energy (SDG 7) and food security (SDG 2).","Inform citizens about balanced diets, targeting nutritious food with subsidies",2_1,2_17,
"Alongside disruptions in global food markets, have adversely affected SDG targets related to poverty and inequality (SDGs 1 and 10), affordable energy (SDG 7) and food security (SDG 2).",Set up public stockholding programmes to address supply chain disruption,2_1,2_18,
"Alongside disruptions in global food markets, have adversely affected SDG targets related to poverty and inequality (SDGs 1 and 10), affordable energy (SDG 7) and food security (SDG 2).","Reduce nutrient losses, use of pesticides, expand sustainable farming",2_1,2_19,
"Alongside disruptions in global food markets, have adversely affected SDG targets related to poverty and inequality (SDGs 1 and 10), affordable energy (SDG 7) and food security (SDG 2).",Implement food subsidies to close supply gaps and balance cost increase,2_1,2_20,
"Alongside disruptions in global food markets, have adversely affected SDG targets related to poverty and inequality (SDGs 1 and 10), affordable energy (SDG 7) and food security (SDG 2).",Promote local food production,2_1,2_21,
"Alongside disruptions in global food markets, have adversely affected SDG targets related to poverty and inequality (SDGs 1 and 10), affordable energy (SDG 7) and food security (SDG 2).",Promote a circular economy approach,2_1,2_22,
"Alongside disruptions in global food markets, have adversely affected SDG targets related to poverty and inequality (SDGs 1 and 10), affordable energy (SDG 7) and food security (SDG 2).",Promoting a circular economy approach to the food system,2_1,2_23,
"Alongside disruptions in global food markets, have adversely affected SDG targets related to poverty and inequality (SDGs 1 and 10), affordable energy (SDG 7) and food security (SDG 2).",Promote local/regional food production,2_1,2_24,
"Alongside disruptions in global food markets, have adversely affected SDG targets related to poverty and inequality (SDGs 1 and 10), affordable energy (SDG 7) and food security (SDG 2).",Promote a circular economy approach to reduce food waste,2_1,2_25,
"Alongside disruptions in global food markets, have adversely affected SDG targets related to poverty and inequality (SDGs 1 and 10), affordable energy (SDG 7) and food security (SDG 2).",Raise awareness to educate the population about healthy nutrition,2_1,2_26,
"Alongside disruptions in global food markets, have adversely affected SDG targets related to poverty and inequality (SDGs 1 and 10), affordable energy (SDG 7) and food security (SDG 2).",Combat rising price levels,2_1,2_27,
"Alongside disruptions in global food markets, have adversely affected SDG targets related to poverty and inequality (SDGs 1 and 10), affordable energy (SDG 7) and food security (SDG 2).",Expand social safety net programmes and food assistance,2_1,2_28,
"Alongside disruptions in global food markets, have adversely affected SDG targets related to poverty and inequality (SDGs 1 and 10), affordable energy (SDG 7) and food security (SDG 2).",Promote sustainable food systems.,2_1,2_29,
"Alongside disruptions in global food markets, have adversely affected SDG targets related to poverty and inequality (SDGs 1 and 10), affordable energy (SDG 7) and food security (SDG 2).","Support local and regional food production, e.g. promoting urban and peri-urban agriculture to increase local food production and facilitating the creation of community gardens and allotments.",2_1,2_30,
"Alongside disruptions in global food markets, have adversely affected SDG targets related to poverty and inequality (SDGs 1 and 10), affordable energy (SDG 7) and food security (SDG 2).","Adopt a holistic approach to food systems by developing urban food strategies that intertwine food policy with urban development strategies, thus connecting the social and economic dimensions of food systems.",2_1,2_31,
"Alongside disruptions in global food markets, have adversely affected SDG targets related to poverty and inequality (SDGs 1 and 10), affordable energy (SDG 7) and food security (SDG 2).","Promote the systematic knowledge sharing of cities’ actions and best practices for sustainable food systems whereby frontrunner cities (e.g. Milan, New York and Strasbourg, among others) can inspire other cities.",2_1,2_32,
"Alongside disruptions in global food markets, have adversely affected SDG targets related to poverty and inequality (SDGs 1 and 10), affordable energy (SDG 7) and food security (SDG 2).","Enhance a circular transition in the food sector through public procurement requirements for canteens and food services, e.g. by applying life cycle and environmental criteria to contribute to sustainable, organic and responsible product supplies whilst minimising and, in the best case, avoiding negative environmental impacts and waste creation.",2_1,2_33,
"Alongside disruptions in global food markets, have adversely affected SDG targets related to poverty and inequality (SDGs 1 and 10), affordable energy (SDG 7) and food security (SDG 2).","Foster circular food systems, e.g. systems for food waste recovery and composting, to close the nutrient loop and reduce landfill waste and by encouraging the use of sustainable and recyclable packaging materials.",2_1,2_34,
"Alongside disruptions in global food markets, have adversely affected SDG targets related to poverty and inequality (SDGs 1 and 10), affordable energy (SDG 7) and food security (SDG 2).","Support surplus food and distribute it to those in need, e.g. food banks and supermarket initiatives.",2_1,2_35,
"Alongside disruptions in global food markets, have adversely affected SDG targets related to poverty and inequality (SDGs 1 and 10), affordable energy (SDG 7) and food security (SDG 2).","require food-related businesses, such as restaurants and supermarkets, to report their food waste data regularly, thereby encouraging better waste management through increased transparency.",2_1,2_36,
the growing importance of food security (SDG 2),LRGs have implemented a variety of measures to achieve sustainable food systems is the promotion of local food production (60%),2_2,2_3,
the growing importance of food security (SDG 2),Adopt a holistic approach to food systems by developing urban food strategies that intertwine food policy with urban development strategies.,2_2,2_4,
the growing importance of food security (SDG 2),Develop a comprehensive circular economy strategy that incentivises circular food supply chains and encourages the purchase of goods and services from circular businesses.,2_2,2_5,
the growing importance of food security (SDG 2),"Collaborate with organisations that rescue surplus food and distribute it to those in need, e.g. food banks and promote the use of technology-based solutions like food recovery applications that connect surplus food providers with recipients, minimising waste.",2_2,2_6,
the growing importance of food security (SDG 2),"The agricultural sector is under strain from rising energy and fertiliser prices, compounded by more frequent and severe climate-related disasters, posing threats to food security.",2_2,2_7,
the growing importance of food security (SDG 2),"Inflation in food prices is eroding income gains, raising additional barriers to accessing food around the globe.",2_2,2_8,
the growing importance of food security (SDG 2),"In 2022, 9.2% of the global population experienced chronic hunger, up from 7.9% in 2019, with projections indicating that more than 600 million people could be facing hunger by 2030, the endpoint of the SDGs.",2_2,2_9,
the growing importance of food security (SDG 2),"The European Union and its member states are also facing notable gaps towards the achievement of the SDGs, including SDG 11 Sustainable cities and communities",2_2,2_10,
the growing importance of food security (SDG 2),Prioritisation of SDG 2 Zero hunger,2_2,2_11,
the growing importance of food security (SDG 2),Measures put in place to achieve sustainable food systems,2_2,2_12,
the growing importance of food security (SDG 2),"The SDGs on poverty, food, health, education and gender.",2_2,2_13,
the growing importance of food security (SDG 2),reducing food insecurity (SDG 2),2_2,2_14,
the growing importance of food security (SDG 2),cutting taxes on food (SDG 2),2_2,2_15,
the growing importance of food security (SDG 2),Set up food banks and food distributions for vulnerable populations,2_2,2_16,
the growing importance of food security (SDG 2),"Inform citizens about balanced diets, targeting nutritious food with subsidies",2_2,2_17,
the growing importance of food security (SDG 2),Set up public stockholding programmes to address supply chain disruption,2_2,2_18,
the growing importance of food security (SDG 2),"Reduce nutrient losses, use of pesticides, expand sustainable farming",2_2,2_19,
the growing importance of food security (SDG 2),Implement food subsidies to close supply gaps and balance cost increase,2_2,2_20,
the growing importance of food security (SDG 2),Promote local food production,2_2,2_21,
the growing importance of food security (SDG 2),Promote a circular economy approach,2_2,2_22,
the growing importance of food security (SDG 2),Promoting a circular economy approach to the food system,2_2,2_23,
the growing importance of food security (SDG 2),Promote local/regional food production,2_2,2_24,
the growing importance of food security (SDG 2),Promote a circular economy approach to reduce food waste,2_2,2_25,
the growing importance of food security (SDG 2),Raise awareness to educate the population about healthy nutrition,2_2,2_26,
the growing importance of food security (SDG 2),Combat rising price levels,2_2,2_27,
the growing importance of food security (SDG 2),Expand social safety net programmes and food assistance,2_2,2_28,
the growing importance of food security (SDG 2),Promote sustainable food systems.,2_2,2_29,
the growing importance of food security (SDG 2),"Support local and regional food production, e.g. promoting urban and peri-urban agriculture to increase local food production and facilitating the creation of community gardens and allotments.",2_2,2_30,
the growing importance of food security (SDG 2),"Adopt a holistic approach to food systems by developing urban food strategies that intertwine food policy with urban development strategies, thus connecting the social and economic dimensions of food systems.",2_2,2_31,
the growing importance of food security (SDG 2),"Promote the systematic knowledge sharing of cities’ actions and best practices for sustainable food systems whereby frontrunner cities (e.g. Milan, New York and Strasbourg, among others) can inspire other cities.",2_2,2_32,
the growing importance of food security (SDG 2),"Enhance a circular transition in the food sector through public procurement requirements for canteens and food services, e.g. by applying life cycle and environmental criteria to contribute to sustainable, organic and responsible product supplies whilst minimising and, in the best case, avoiding negative environmental impacts and waste creation.",2_2,2_33,
the growing importance of food security (SDG 2),"Foster circular food systems, e.g. systems for food waste recovery and composting, to close the nutrient loop and reduce landfill waste and by encouraging the use of sustainable and recyclable packaging materials.",2_2,2_34,
the growing importance of food security (SDG 2),"Support surplus food and distribute it to those in need, e.g. food banks and supermarket initiatives.",2_2,2_35,
the growing importance of food security (SDG 2),"require food-related businesses, such as restaurants and supermarkets, to report their food waste data regularly, thereby encouraging better waste management through increased transparency.",2_2,2_36,
LRGs have implemented a variety of measures to achieve sustainable food systems is the promotion of local food production (60%),Adopt a holistic approach to food systems by developing urban food strategies that intertwine food policy with urban development strategies.,2_3,2_4,
LRGs have implemented a variety of measures to achieve sustainable food systems is the promotion of local food production (60%),Develop a comprehensive circular economy strategy that incentivises circular food supply chains and encourages the purchase of goods and services from circular businesses.,2_3,2_5,
LRGs have implemented a variety of measures to achieve sustainable food systems is the promotion of local food production (60%),"Collaborate with organisations that rescue surplus food and distribute it to those in need, e.g. food banks and promote the use of technology-based solutions like food recovery applications that connect surplus food providers with recipients, minimising waste.",2_3,2_6,
LRGs have implemented a variety of measures to achieve sustainable food systems is the promotion of local food production (60%),"The agricultural sector is under strain from rising energy and fertiliser prices, compounded by more frequent and severe climate-related disasters, posing threats to food security.",2_3,2_7,
LRGs have implemented a variety of measures to achieve sustainable food systems is the promotion of local food production (60%),"Inflation in food prices is eroding income gains, raising additional barriers to accessing food around the globe.",2_3,2_8,
LRGs have implemented a variety of measures to achieve sustainable food systems is the promotion of local food production (60%),"In 2022, 9.2% of the global population experienced chronic hunger, up from 7.9% in 2019, with projections indicating that more than 600 million people could be facing hunger by 2030, the endpoint of the SDGs.",2_3,2_9,
LRGs have implemented a variety of measures to achieve sustainable food systems is the promotion of local food production (60%),"The European Union and its member states are also facing notable gaps towards the achievement of the SDGs, including SDG 11 Sustainable cities and communities",2_3,2_10,
LRGs have implemented a variety of measures to achieve sustainable food systems is the promotion of local food production (60%),Prioritisation of SDG 2 Zero hunger,2_3,2_11,
LRGs have implemented a variety of measures to achieve sustainable food systems is the promotion of local food production (60%),Measures put in place to achieve sustainable food systems,2_3,2_12,
LRGs have implemented a variety of measures to achieve sustainable food systems is the promotion of local food production (60%),"The SDGs on poverty, food, health, education and gender.",2_3,2_13,
LRGs have implemented a variety of measures to achieve sustainable food systems is the promotion of local food production (60%),reducing food insecurity (SDG 2),2_3,2_14,
LRGs have implemented a variety of measures to achieve sustainable food systems is the promotion of local food production (60%),cutting taxes on food (SDG 2),2_3,2_15,
LRGs have implemented a variety of measures to achieve sustainable food systems is the promotion of local food production (60%),Set up food banks and food distributions for vulnerable populations,2_3,2_16,
LRGs have implemented a variety of measures to achieve sustainable food systems is the promotion of local food production (60%),"Inform citizens about balanced diets, targeting nutritious food with subsidies",2_3,2_17,
LRGs have implemented a variety of measures to achieve sustainable food systems is the promotion of local food production (60%),Set up public stockholding programmes to address supply chain disruption,2_3,2_18,
LRGs have implemented a variety of measures to achieve sustainable food systems is the promotion of local food production (60%),"Reduce nutrient losses, use of pesticides, expand sustainable farming",2_3,2_19,
LRGs have implemented a variety of measures to achieve sustainable food systems is the promotion of local food production (60%),Implement food subsidies to close supply gaps and balance cost increase,2_3,2_20,
LRGs have implemented a variety of measures to achieve sustainable food systems is the promotion of local food production (60%),Promote local food production,2_3,2_21,
LRGs have implemented a variety of measures to achieve sustainable food systems is the promotion of local food production (60%),Promote a circular economy approach,2_3,2_22,
LRGs have implemented a variety of measures to achieve sustainable food systems is the promotion of local food production (60%),Promoting a circular economy approach to the food system,2_3,2_23,
LRGs have implemented a variety of measures to achieve sustainable food systems is the promotion of local food production (60%),Promote local/regional food production,2_3,2_24,
LRGs have implemented a variety of measures to achieve sustainable food systems is the promotion of local food production (60%),Promote a circular economy approach to reduce food waste,2_3,2_25,
LRGs have implemented a variety of measures to achieve sustainable food systems is the promotion of local food production (60%),Raise awareness to educate the population about healthy nutrition,2_3,2_26,
LRGs have implemented a variety of measures to achieve sustainable food systems is the promotion of local food production (60%),Combat rising price levels,2_3,2_27,
LRGs have implemented a variety of measures to achieve sustainable food systems is the promotion of local food production (60%),Expand social safety net programmes and food assistance,2_3,2_28,
LRGs have implemented a variety of measures to achieve sustainable food systems is the promotion of local food production (60%),Promote sustainable food systems.,2_3,2_29,
LRGs have implemented a variety of measures to achieve sustainable food systems is the promotion of local food production (60%),"Support local and regional food production, e.g. promoting urban and peri-urban agriculture to increase local food production and facilitating the creation of community gardens and allotments.",2_3,2_30,
LRGs have implemented a variety of measures to achieve sustainable food systems is the promotion of local food production (60%),"Adopt a holistic approach to food systems by developing urban food strategies that intertwine food policy with urban development strategies, thus connecting the social and economic dimensions of food systems.",2_3,2_31,
LRGs have implemented a variety of measures to achieve sustainable food systems is the promotion of local food production (60%),"Promote the systematic knowledge sharing of cities’ actions and best practices for sustainable food systems whereby frontrunner cities (e.g. Milan, New York and Strasbourg, among others) can inspire other cities.",2_3,2_32,
LRGs have implemented a variety of measures to achieve sustainable food systems is the promotion of local food production (60%),"Enhance a circular transition in the food sector through public procurement requirements for canteens and food services, e.g. by applying life cycle and environmental criteria to contribute to sustainable, organic and responsible product supplies whilst minimising and, in the best case, avoiding negative environmental impacts and waste creation.",2_3,2_33,
LRGs have implemented a variety of measures to achieve sustainable food systems is the promotion of local food production (60%),"Foster circular food systems, e.g. systems for food waste recovery and composting, to close the nutrient loop and reduce landfill waste and by encouraging the use of sustainable and recyclable packaging materials.",2_3,2_34,
LRGs have implemented a variety of measures to achieve sustainable food systems is the promotion of local food production (60%),"Support surplus food and distribute it to those in need, e.g. food banks and supermarket initiatives.",2_3,2_35,
LRGs have implemented a variety of measures to achieve sustainable food systems is the promotion of local food production (60%),"require food-related businesses, such as restaurants and supermarkets, to report their food waste data regularly, thereby encouraging better waste management through increased transparency.",2_3,2_36,
Adopt a holistic approach to food systems by developing urban food strategies that intertwine food policy with urban development strategies.,Develop a comprehensive circular economy strategy that incentivises circular food supply chains and encourages the purchase of goods and services from circular businesses.,2_4,2_5,
Adopt a holistic approach to food systems by developing urban food strategies that intertwine food policy with urban development strategies.,"Collaborate with organisations that rescue surplus food and distribute it to those in need, e.g. food banks and promote the use of technology-based solutions like food recovery applications that connect surplus food providers with recipients, minimising waste.",2_4,2_6,
Adopt a holistic approach to food systems by developing urban food strategies that intertwine food policy with urban development strategies.,"The agricultural sector is under strain from rising energy and fertiliser prices, compounded by more frequent and severe climate-related disasters, posing threats to food security.",2_4,2_7,
Adopt a holistic approach to food systems by developing urban food strategies that intertwine food policy with urban development strategies.,"Inflation in food prices is eroding income gains, raising additional barriers to accessing food around the globe.",2_4,2_8,
Adopt a holistic approach to food systems by developing urban food strategies that intertwine food policy with urban development strategies.,"In 2022, 9.2% of the global population experienced chronic hunger, up from 7.9% in 2019, with projections indicating that more than 600 million people could be facing hunger by 2030, the endpoint of the SDGs.",2_4,2_9,
Adopt a holistic approach to food systems by developing urban food strategies that intertwine food policy with urban development strategies.,"The European Union and its member states are also facing notable gaps towards the achievement of the SDGs, including SDG 11 Sustainable cities and communities",2_4,2_10,
Adopt a holistic approach to food systems by developing urban food strategies that intertwine food policy with urban development strategies.,Prioritisation of SDG 2 Zero hunger,2_4,2_11,
Adopt a holistic approach to food systems by developing urban food strategies that intertwine food policy with urban development strategies.,Measures put in place to achieve sustainable food systems,2_4,2_12,
Adopt a holistic approach to food systems by developing urban food strategies that intertwine food policy with urban development strategies.,"The SDGs on poverty, food, health, education and gender.",2_4,2_13,
Adopt a holistic approach to food systems by developing urban food strategies that intertwine food policy with urban development strategies.,reducing food insecurity (SDG 2),2_4,2_14,
Adopt a holistic approach to food systems by developing urban food strategies that intertwine food policy with urban development strategies.,cutting taxes on food (SDG 2),2_4,2_15,
Adopt a holistic approach to food systems by developing urban food strategies that intertwine food policy with urban development strategies.,Set up food banks and food distributions for vulnerable populations,2_4,2_16,
Adopt a holistic approach to food systems by developing urban food strategies that intertwine food policy with urban development strategies.,"Inform citizens about balanced diets, targeting nutritious food with subsidies",2_4,2_17,
Adopt a holistic approach to food systems by developing urban food strategies that intertwine food policy with urban development strategies.,Set up public stockholding programmes to address supply chain disruption,2_4,2_18,
Adopt a holistic approach to food systems by developing urban food strategies that intertwine food policy with urban development strategies.,"Reduce nutrient losses, use of pesticides, expand sustainable farming",2_4,2_19,
Adopt a holistic approach to food systems by developing urban food strategies that intertwine food policy with urban development strategies.,Implement food subsidies to close supply gaps and balance cost increase,2_4,2_20,
Adopt a holistic approach to food systems by developing urban food strategies that intertwine food policy with urban development strategies.,Promote local food production,2_4,2_21,
Adopt a holistic approach to food systems by developing urban food strategies that intertwine food policy with urban development strategies.,Promote a circular economy approach,2_4,2_22,
Adopt a holistic approach to food systems by developing urban food strategies that intertwine food policy with urban development strategies.,Promoting a circular economy approach to the food system,2_4,2_23,
Adopt a holistic approach to food systems by developing urban food strategies that intertwine food policy with urban development strategies.,Promote local/regional food production,2_4,2_24,
Adopt a holistic approach to food systems by developing urban food strategies that intertwine food policy with urban development strategies.,Promote a circular economy approach to reduce food waste,2_4,2_25,
Adopt a holistic approach to food systems by developing urban food strategies that intertwine food policy with urban development strategies.,Raise awareness to educate the population about healthy nutrition,2_4,2_26,
Adopt a holistic approach to food systems by developing urban food strategies that intertwine food policy with urban development strategies.,Combat rising price levels,2_4,2_27,
Adopt a holistic approach to food systems by developing urban food strategies that intertwine food policy with urban development strategies.,Expand social safety net programmes and food assistance,2_4,2_28,
Adopt a holistic approach to food systems by developing urban food strategies that intertwine food policy with urban development strategies.,Promote sustainable food systems.,2_4,2_29,
Adopt a holistic approach to food systems by developing urban food strategies that intertwine food policy with urban development strategies.,"Support local and regional food production, e.g. promoting urban and peri-urban agriculture to increase local food production and facilitating the creation of community gardens and allotments.",2_4,2_30,
Adopt a holistic approach to food systems by developing urban food strategies that intertwine food policy with urban development strategies.,"Adopt a holistic approach to food systems by developing urban food strategies that intertwine food policy with urban development strategies, thus connecting the social and economic dimensions of food systems.",2_4,2_31,
Adopt a holistic approach to food systems by developing urban food strategies that intertwine food policy with urban development strategies.,"Promote the systematic knowledge sharing of cities’ actions and best practices for sustainable food systems whereby frontrunner cities (e.g. Milan, New York and Strasbourg, among others) can inspire other cities.",2_4,2_32,
Adopt a holistic approach to food systems by developing urban food strategies that intertwine food policy with urban development strategies.,"Enhance a circular transition in the food sector through public procurement requirements for canteens and food services, e.g. by applying life cycle and environmental criteria to contribute to sustainable, organic and responsible product supplies whilst minimising and, in the best case, avoiding negative environmental impacts and waste creation.",2_4,2_33,
Adopt a holistic approach to food systems by developing urban food strategies that intertwine food policy with urban development strategies.,"Foster circular food systems, e.g. systems for food waste recovery and composting, to close the nutrient loop and reduce landfill waste and by encouraging the use of sustainable and recyclable packaging materials.",2_4,2_34,
Adopt a holistic approach to food systems by developing urban food strategies that intertwine food policy with urban development strategies.,"Support surplus food and distribute it to those in need, e.g. food banks and supermarket initiatives.",2_4,2_35,
Adopt a holistic approach to food systems by developing urban food strategies that intertwine food policy with urban development strategies.,"require food-related businesses, such as restaurants and supermarkets, to report their food waste data regularly, thereby encouraging better waste management through increased transparency.",2_4,2_36,
Develop a comprehensive circular economy strategy that incentivises circular food supply chains and encourages the purchase of goods and services from circular businesses.,"Collaborate with organisations that rescue surplus food and distribute it to those in need, e.g. food banks and promote the use of technology-based solutions like food recovery applications that connect surplus food providers with recipients, minimising waste.",2_5,2_6,
Develop a comprehensive circular economy strategy that incentivises circular food supply chains and encourages the purchase of goods and services from circular businesses.,"The agricultural sector is under strain from rising energy and fertiliser prices, compounded by more frequent and severe climate-related disasters, posing threats to food security.",2_5,2_7,
Develop a comprehensive circular economy strategy that incentivises circular food supply chains and encourages the purchase of goods and services from circular businesses.,"Inflation in food prices is eroding income gains, raising additional barriers to accessing food around the globe.",2_5,2_8,
Develop a comprehensive circular economy strategy that incentivises circular food supply chains and encourages the purchase of goods and services from circular businesses.,"In 2022, 9.2% of the global population experienced chronic hunger, up from 7.9% in 2019, with projections indicating that more than 600 million people could be facing hunger by 2030, the endpoint of the SDGs.",2_5,2_9,
Develop a comprehensive circular economy strategy that incentivises circular food supply chains and encourages the purchase of goods and services from circular businesses.,"The European Union and its member states are also facing notable gaps towards the achievement of the SDGs, including SDG 11 Sustainable cities and communities",2_5,2_10,
Develop a comprehensive circular economy strategy that incentivises circular food supply chains and encourages the purchase of goods and services from circular businesses.,Prioritisation of SDG 2 Zero hunger,2_5,2_11,
Develop a comprehensive circular economy strategy that incentivises circular food supply chains and encourages the purchase of goods and services from circular businesses.,Measures put in place to achieve sustainable food systems,2_5,2_12,
Develop a comprehensive circular economy strategy that incentivises circular food supply chains and encourages the purchase of goods and services from circular businesses.,"The SDGs on poverty, food, health, education and gender.",2_5,2_13,
Develop a comprehensive circular economy strategy that incentivises circular food supply chains and encourages the purchase of goods and services from circular businesses.,reducing food insecurity (SDG 2),2_5,2_14,
Develop a comprehensive circular economy strategy that incentivises circular food supply chains and encourages the purchase of goods and services from circular businesses.,cutting taxes on food (SDG 2),2_5,2_15,
Develop a comprehensive circular economy strategy that incentivises circular food supply chains and encourages the purchase of goods and services from circular businesses.,Set up food banks and food distributions for vulnerable populations,2_5,2_16,
Develop a comprehensive circular economy strategy that incentivises circular food supply chains and encourages the purchase of goods and services from circular businesses.,"Inform citizens about balanced diets, targeting nutritious food with subsidies",2_5,2_17,
Develop a comprehensive circular economy strategy that incentivises circular food supply chains and encourages the purchase of goods and services from circular businesses.,Set up public stockholding programmes to address supply chain disruption,2_5,2_18,
Develop a comprehensive circular economy strategy that incentivises circular food supply chains and encourages the purchase of goods and services from circular businesses.,"Reduce nutrient losses, use of pesticides, expand sustainable farming",2_5,2_19,
Develop a comprehensive circular economy strategy that incentivises circular food supply chains and encourages the purchase of goods and services from circular businesses.,Implement food subsidies to close supply gaps and balance cost increase,2_5,2_20,
Develop a comprehensive circular economy strategy that incentivises circular food supply chains and encourages the purchase of goods and services from circular businesses.,Promote local food production,2_5,2_21,
Develop a comprehensive circular economy strategy that incentivises circular food supply chains and encourages the purchase of goods and services from circular businesses.,Promote a circular economy approach,2_5,2_22,
Develop a comprehensive circular economy strategy that incentivises circular food supply chains and encourages the purchase of goods and services from circular businesses.,Promoting a circular economy approach to the food system,2_5,2_23,
Develop a comprehensive circular economy strategy that incentivises circular food supply chains and encourages the purchase of goods and services from circular businesses.,Promote local/regional food production,2_5,2_24,
Develop a comprehensive circular economy strategy that incentivises circular food supply chains and encourages the purchase of goods and services from circular businesses.,Promote a circular economy approach to reduce food waste,2_5,2_25,
Develop a comprehensive circular economy strategy that incentivises circular food supply chains and encourages the purchase of goods and services from circular businesses.,Raise awareness to educate the population about healthy nutrition,2_5,2_26,
Develop a comprehensive circular economy strategy that incentivises circular food supply chains and encourages the purchase of goods and services from circular businesses.,Combat rising price levels,2_5,2_27,
Develop a comprehensive circular economy strategy that incentivises circular food supply chains and encourages the purchase of goods and services from circular businesses.,Expand social safety net programmes and food assistance,2_5,2_28,
Develop a comprehensive circular economy strategy that incentivises circular food supply chains and encourages the purchase of goods and services from circular businesses.,Promote sustainable food systems.,2_5,2_29,
Develop a comprehensive circular economy strategy that incentivises circular food supply chains and encourages the purchase of goods and services from circular businesses.,"Support local and regional food production, e.g. promoting urban and peri-urban agriculture to increase local food production and facilitating the creation of community gardens and allotments.",2_5,2_30,
Develop a comprehensive circular economy strategy that incentivises circular food supply chains and encourages the purchase of goods and services from circular businesses.,"Adopt a holistic approach to food systems by developing urban food strategies that intertwine food policy with urban development strategies, thus connecting the social and economic dimensions of food systems.",2_5,2_31,
Develop a comprehensive circular economy strategy that incentivises circular food supply chains and encourages the purchase of goods and services from circular businesses.,"Promote the systematic knowledge sharing of cities’ actions and best practices for sustainable food systems whereby frontrunner cities (e.g. Milan, New York and Strasbourg, among others) can inspire other cities.",2_5,2_32,
Develop a comprehensive circular economy strategy that incentivises circular food supply chains and encourages the purchase of goods and services from circular businesses.,"Enhance a circular transition in the food sector through public procurement requirements for canteens and food services, e.g. by applying life cycle and environmental criteria to contribute to sustainable, organic and responsible product supplies whilst minimising and, in the best case, avoiding negative environmental impacts and waste creation.",2_5,2_33,
Develop a comprehensive circular economy strategy that incentivises circular food supply chains and encourages the purchase of goods and services from circular businesses.,"Foster circular food systems, e.g. systems for food waste recovery and composting, to close the nutrient loop and reduce landfill waste and by encouraging the use of sustainable and recyclable packaging materials.",2_5,2_34,
Develop a comprehensive circular economy strategy that incentivises circular food supply chains and encourages the purchase of goods and services from circular businesses.,"Support surplus food and distribute it to those in need, e.g. food banks and supermarket initiatives.",2_5,2_35,
Develop a comprehensive circular economy strategy that incentivises circular food supply chains and encourages the purchase of goods and services from circular businesses.,"require food-related businesses, such as restaurants and supermarkets, to report their food waste data regularly, thereby encouraging better waste management through increased transparency.",2_5,2_36,
"Collaborate with organisations that rescue surplus food and distribute it to those in need, e.g. food banks and promote the use of technology-based solutions like food recovery applications that connect surplus food providers with recipients, minimising waste.","The agricultural sector is under strain from rising energy and fertiliser prices, compounded by more frequent and severe climate-related disasters, posing threats to food security.",2_6,2_7,
"Collaborate with organisations that rescue surplus food and distribute it to those in need, e.g. food banks and promote the use of technology-based solutions like food recovery applications that connect surplus food providers with recipients, minimising waste.","Inflation in food prices is eroding income gains, raising additional barriers to accessing food around the globe.",2_6,2_8,
"Collaborate with organisations that rescue surplus food and distribute it to those in need, e.g. food banks and promote the use of technology-based solutions like food recovery applications that connect surplus food providers with recipients, minimising waste.","In 2022, 9.2% of the global population experienced chronic hunger, up from 7.9% in 2019, with projections indicating that more than 600 million people could be facing hunger by 2030, the endpoint of the SDGs.",2_6,2_9,
"Collaborate with organisations that rescue surplus food and distribute it to those in need, e.g. food banks and promote the use of technology-based solutions like food recovery applications that connect surplus food providers with recipients, minimising waste.","The European Union and its member states are also facing notable gaps towards the achievement of the SDGs, including SDG 11 Sustainable cities and communities",2_6,2_10,
"Collaborate with organisations that rescue surplus food and distribute it to those in need, e.g. food banks and promote the use of technology-based solutions like food recovery applications that connect surplus food providers with recipients, minimising waste.",Prioritisation of SDG 2 Zero hunger,2_6,2_11,
"Collaborate with organisations that rescue surplus food and distribute it to those in need, e.g. food banks and promote the use of technology-based solutions like food recovery applications that connect surplus food providers with recipients, minimising waste.",Measures put in place to achieve sustainable food systems,2_6,2_12,
"Collaborate with organisations that rescue surplus food and distribute it to those in need, e.g. food banks and promote the use of technology-based solutions like food recovery applications that connect surplus food providers with recipients, minimising waste.","The SDGs on poverty, food, health, education and gender.",2_6,2_13,
"Collaborate with organisations that rescue surplus food and distribute it to those in need, e.g. food banks and promote the use of technology-based solutions like food recovery applications that connect surplus food providers with recipients, minimising waste.",reducing food insecurity (SDG 2),2_6,2_14,
"Collaborate with organisations that rescue surplus food and distribute it to those in need, e.g. food banks and promote the use of technology-based solutions like food recovery applications that connect surplus food providers with recipients, minimising waste.",cutting taxes on food (SDG 2),2_6,2_15,
"Collaborate with organisations that rescue surplus food and distribute it to those in need, e.g. food banks and promote the use of technology-based solutions like food recovery applications that connect surplus food providers with recipients, minimising waste.",Set up food banks and food distributions for vulnerable populations,2_6,2_16,
"Collaborate with organisations that rescue surplus food and distribute it to those in need, e.g. food banks and promote the use of technology-based solutions like food recovery applications that connect surplus food providers with recipients, minimising waste.","Inform citizens about balanced diets, targeting nutritious food with subsidies",2_6,2_17,
"Collaborate with organisations that rescue surplus food and distribute it to those in need, e.g. food banks and promote the use of technology-based solutions like food recovery applications that connect surplus food providers with recipients, minimising waste.",Set up public stockholding programmes to address supply chain disruption,2_6,2_18,
"Collaborate with organisations that rescue surplus food and distribute it to those in need, e.g. food banks and promote the use of technology-based solutions like food recovery applications that connect surplus food providers with recipients, minimising waste.","Reduce nutrient losses, use of pesticides, expand sustainable farming",2_6,2_19,
"Collaborate with organisations that rescue surplus food and distribute it to those in need, e.g. food banks and promote the use of technology-based solutions like food recovery applications that connect surplus food providers with recipients, minimising waste.",Implement food subsidies to close supply gaps and balance cost increase,2_6,2_20,
"Collaborate with organisations that rescue surplus food and distribute it to those in need, e.g. food banks and promote the use of technology-based solutions like food recovery applications that connect surplus food providers with recipients, minimising waste.",Promote local food production,2_6,2_21,
"Collaborate with organisations that rescue surplus food and distribute it to those in need, e.g. food banks and promote the use of technology-based solutions like food recovery applications that connect surplus food providers with recipients, minimising waste.",Promote a circular economy approach,2_6,2_22,
"Collaborate with organisations that rescue surplus food and distribute it to those in need, e.g. food banks and promote the use of technology-based solutions like food recovery applications that connect surplus food providers with recipients, minimising waste.",Promoting a circular economy approach to the food system,2_6,2_23,
"Collaborate with organisations that rescue surplus food and distribute it to those in need, e.g. food banks and promote the use of technology-based solutions like food recovery applications that connect surplus food providers with recipients, minimising waste.",Promote local/regional food production,2_6,2_24,
"Collaborate with organisations that rescue surplus food and distribute it to those in need, e.g. food banks and promote the use of technology-based solutions like food recovery applications that connect surplus food providers with recipients, minimising waste.",Promote a circular economy approach to reduce food waste,2_6,2_25,
"Collaborate with organisations that rescue surplus food and distribute it to those in need, e.g. food banks and promote the use of technology-based solutions like food recovery applications that connect surplus food providers with recipients, minimising waste.",Raise awareness to educate the population about healthy nutrition,2_6,2_26,
"Collaborate with organisations that rescue surplus food and distribute it to those in need, e.g. food banks and promote the use of technology-based solutions like food recovery applications that connect surplus food providers with recipients, minimising waste.",Combat rising price levels,2_6,2_27,
"Collaborate with organisations that rescue surplus food and distribute it to those in need, e.g. food banks and promote the use of technology-based solutions like food recovery applications that connect surplus food providers with recipients, minimising waste.",Expand social safety net programmes and food assistance,2_6,2_28,
"Collaborate with organisations that rescue surplus food and distribute it to those in need, e.g. food banks and promote the use of technology-based solutions like food recovery applications that connect surplus food providers with recipients, minimising waste.",Promote sustainable food systems.,2_6,2_29,
"Collaborate with organisations that rescue surplus food and distribute it to those in need, e.g. food banks and promote the use of technology-based solutions like food recovery applications that connect surplus food providers with recipients, minimising waste.","Support local and regional food production, e.g. promoting urban and peri-urban agriculture to increase local food production and facilitating the creation of community gardens and allotments.",2_6,2_30,
"Collaborate with organisations that rescue surplus food and distribute it to those in need, e.g. food banks and promote the use of technology-based solutions like food recovery applications that connect surplus food providers with recipients, minimising waste.","Adopt a holistic approach to food systems by developing urban food strategies that intertwine food policy with urban development strategies, thus connecting the social and economic dimensions of food systems.",2_6,2_31,
"Collaborate with organisations that rescue surplus food and distribute it to those in need, e.g. food banks and promote the use of technology-based solutions like food recovery applications that connect surplus food providers with recipients, minimising waste.","Promote the systematic knowledge sharing of cities’ actions and best practices for sustainable food systems whereby frontrunner cities (e.g. Milan, New York and Strasbourg, among others) can inspire other cities.",2_6,2_32,
"Collaborate with organisations that rescue surplus food and distribute it to those in need, e.g. food banks and promote the use of technology-based solutions like food recovery applications that connect surplus food providers with recipients, minimising waste.","Enhance a circular transition in the food sector through public procurement requirements for canteens and food services, e.g. by applying life cycle and environmental criteria to contribute to sustainable, organic and responsible product supplies whilst minimising and, in the best case, avoiding negative environmental impacts and waste creation.",2_6,2_33,
"Collaborate with organisations that rescue surplus food and distribute it to those in need, e.g. food banks and promote the use of technology-based solutions like food recovery applications that connect surplus food providers with recipients, minimising waste.","Foster circular food systems, e.g. systems for food waste recovery and composting, to close the nutrient loop and reduce landfill waste and by encouraging the use of sustainable and recyclable packaging materials.",2_6,2_34,
"Collaborate with organisations that rescue surplus food and distribute it to those in need, e.g. food banks and promote the use of technology-based solutions like food recovery applications that connect surplus food providers with recipients, minimising waste.","Support surplus food and distribute it to those in need, e.g. food banks and supermarket initiatives.",2_6,2_35,
"Collaborate with organisations that rescue surplus food and distribute it to those in need, e.g. food banks and promote the use of technology-based solutions like food recovery applications that connect surplus food providers with recipients, minimising waste.","require food-related businesses, such as restaurants and supermarkets, to report their food waste data regularly, thereby encouraging better waste management through increased transparency.",2_6,2_36,
"The agricultural sector is under strain from rising energy and fertiliser prices, compounded by more frequent and severe climate-related disasters, posing threats to food security.","Inflation in food prices is eroding income gains, raising additional barriers to accessing food around the globe.",2_7,2_8,
"The agricultural sector is under strain from rising energy and fertiliser prices, compounded by more frequent and severe climate-related disasters, posing threats to food security.","In 2022, 9.2% of the global population experienced chronic hunger, up from 7.9% in 2019, with projections indicating that more than 600 million people could be facing hunger by 2030, the endpoint of the SDGs.",2_7,2_9,
"The agricultural sector is under strain from rising energy and fertiliser prices, compounded by more frequent and severe climate-related disasters, posing threats to food security.","The European Union and its member states are also facing notable gaps towards the achievement of the SDGs, including SDG 11 Sustainable cities and communities",2_7,2_10,
"The agricultural sector is under strain from rising energy and fertiliser prices, compounded by more frequent and severe climate-related disasters, posing threats to food security.",Prioritisation of SDG 2 Zero hunger,2_7,2_11,
"The agricultural sector is under strain from rising energy and fertiliser prices, compounded by more frequent and severe climate-related disasters, posing threats to food security.",Measures put in place to achieve sustainable food systems,2_7,2_12,
"The agricultural sector is under strain from rising energy and fertiliser prices, compounded by more frequent and severe climate-related disasters, posing threats to food security.","The SDGs on poverty, food, health, education and gender.",2_7,2_13,
"The agricultural sector is under strain from rising energy and fertiliser prices, compounded by more frequent and severe climate-related disasters, posing threats to food security.",reducing food insecurity (SDG 2),2_7,2_14,
"The agricultural sector is under strain from rising energy and fertiliser prices, compounded by more frequent and severe climate-related disasters, posing threats to food security.",cutting taxes on food (SDG 2),2_7,2_15,
"The agricultural sector is under strain from rising energy and fertiliser prices, compounded by more frequent and severe climate-related disasters, posing threats to food security.",Set up food banks and food distributions for vulnerable populations,2_7,2_16,
"The agricultural sector is under strain from rising energy and fertiliser prices, compounded by more frequent and severe climate-related disasters, posing threats to food security.","Inform citizens about balanced diets, targeting nutritious food with subsidies",2_7,2_17,
"The agricultural sector is under strain from rising energy and fertiliser prices, compounded by more frequent and severe climate-related disasters, posing threats to food security.",Set up public stockholding programmes to address supply chain disruption,2_7,2_18,
"The agricultural sector is under strain from rising energy and fertiliser prices, compounded by more frequent and severe climate-related disasters, posing threats to food security.","Reduce nutrient losses, use of pesticides, expand sustainable farming",2_7,2_19,
"The agricultural sector is under strain from rising energy and fertiliser prices, compounded by more frequent and severe climate-related disasters, posing threats to food security.",Implement food subsidies to close supply gaps and balance cost increase,2_7,2_20,
"The agricultural sector is under strain from rising energy and fertiliser prices, compounded by more frequent and severe climate-related disasters, posing threats to food security.",Promote local food production,2_7,2_21,
"The agricultural sector is under strain from rising energy and fertiliser prices, compounded by more frequent and severe climate-related disasters, posing threats to food security.",Promote a circular economy approach,2_7,2_22,
"The agricultural sector is under strain from rising energy and fertiliser prices, compounded by more frequent and severe climate-related disasters, posing threats to food security.",Promoting a circular economy approach to the food system,2_7,2_23,
"The agricultural sector is under strain from rising energy and fertiliser prices, compounded by more frequent and severe climate-related disasters, posing threats to food security.",Promote local/regional food production,2_7,2_24,
"The agricultural sector is under strain from rising energy and fertiliser prices, compounded by more frequent and severe climate-related disasters, posing threats to food security.",Promote a circular economy approach to reduce food waste,2_7,2_25,
"The agricultural sector is under strain from rising energy and fertiliser prices, compounded by more frequent and severe climate-related disasters, posing threats to food security.",Raise awareness to educate the population about healthy nutrition,2_7,2_26,
"The agricultural sector is under strain from rising energy and fertiliser prices, compounded by more frequent and severe climate-related disasters, posing threats to food security.",Combat rising price levels,2_7,2_27,
"The agricultural sector is under strain from rising energy and fertiliser prices, compounded by more frequent and severe climate-related disasters, posing threats to food security.",Expand social safety net programmes and food assistance,2_7,2_28,
"The agricultural sector is under strain from rising energy and fertiliser prices, compounded by more frequent and severe climate-related disasters, posing threats to food security.",Promote sustainable food systems.,2_7,2_29,
"The agricultural sector is under strain from rising energy and fertiliser prices, compounded by more frequent and severe climate-related disasters, posing threats to food security.","Support local and regional food production, e.g. promoting urban and peri-urban agriculture to increase local food production and facilitating the creation of community gardens and allotments.",2_7,2_30,
"The agricultural sector is under strain from rising energy and fertiliser prices, compounded by more frequent and severe climate-related disasters, posing threats to food security.","Adopt a holistic approach to food systems by developing urban food strategies that intertwine food policy with urban development strategies, thus connecting the social and economic dimensions of food systems.",2_7,2_31,
"The agricultural sector is under strain from rising energy and fertiliser prices, compounded by more frequent and severe climate-related disasters, posing threats to food security.","Promote the systematic knowledge sharing of cities’ actions and best practices for sustainable food systems whereby frontrunner cities (e.g. Milan, New York and Strasbourg, among others) can inspire other cities.",2_7,2_32,
"The agricultural sector is under strain from rising energy and fertiliser prices, compounded by more frequent and severe climate-related disasters, posing threats to food security.","Enhance a circular transition in the food sector through public procurement requirements for canteens and food services, e.g. by applying life cycle and environmental criteria to contribute to sustainable, organic and responsible product supplies whilst minimising and, in the best case, avoiding negative environmental impacts and waste creation.",2_7,2_33,
"The agricultural sector is under strain from rising energy and fertiliser prices, compounded by more frequent and severe climate-related disasters, posing threats to food security.","Foster circular food systems, e.g. systems for food waste recovery and composting, to close the nutrient loop and reduce landfill waste and by encouraging the use of sustainable and recyclable packaging materials.",2_7,2_34,
"The agricultural sector is under strain from rising energy and fertiliser prices, compounded by more frequent and severe climate-related disasters, posing threats to food security.","Support surplus food and distribute it to those in need, e.g. food banks and supermarket initiatives.",2_7,2_35,
"The agricultural sector is under strain from rising energy and fertiliser prices, compounded by more frequent and severe climate-related disasters, posing threats to food security.","require food-related businesses, such as restaurants and supermarkets, to report their food waste data regularly, thereby encouraging better waste management through increased transparency.",2_7,2_36,
"Inflation in food prices is eroding income gains, raising additional barriers to accessing food around the globe.","In 2022, 9.2% of the global population experienced chronic hunger, up from 7.9% in 2019, with projections indicating that more than 600 million people could be facing hunger by 2030, the endpoint of the SDGs.",2_8,2_9,
"Inflation in food prices is eroding income gains, raising additional barriers to accessing food around the globe.","The European Union and its member states are also facing notable gaps towards the achievement of the SDGs, including SDG 11 Sustainable cities and communities",2_8,2_10,
"Inflation in food prices is eroding income gains, raising additional barriers to accessing food around the globe.",Prioritisation of SDG 2 Zero hunger,2_8,2_11,
"Inflation in food prices is eroding income gains, raising additional barriers to accessing food around the globe.",Measures put in place to achieve sustainable food systems,2_8,2_12,
"Inflation in food prices is eroding income gains, raising additional barriers to accessing food around the globe.","The SDGs on poverty, food, health, education and gender.",2_8,2_13,
"Inflation in food prices is eroding income gains, raising additional barriers to accessing food around the globe.",reducing food insecurity (SDG 2),2_8,2_14,
"Inflation in food prices is eroding income gains, raising additional barriers to accessing food around the globe.",cutting taxes on food (SDG 2),2_8,2_15,
"Inflation in food prices is eroding income gains, raising additional barriers to accessing food around the globe.",Set up food banks and food distributions for vulnerable populations,2_8,2_16,
"Inflation in food prices is eroding income gains, raising additional barriers to accessing food around the globe.","Inform citizens about balanced diets, targeting nutritious food with subsidies",2_8,2_17,
"Inflation in food prices is eroding income gains, raising additional barriers to accessing food around the globe.",Set up public stockholding programmes to address supply chain disruption,2_8,2_18,
"Inflation in food prices is eroding income gains, raising additional barriers to accessing food around the globe.","Reduce nutrient losses, use of pesticides, expand sustainable farming",2_8,2_19,
"Inflation in food prices is eroding income gains, raising additional barriers to accessing food around the globe.",Implement food subsidies to close supply gaps and balance cost increase,2_8,2_20,
"Inflation in food prices is eroding income gains, raising additional barriers to accessing food around the globe.",Promote local food production,2_8,2_21,
"Inflation in food prices is eroding income gains, raising additional barriers to accessing food around the globe.",Promote a circular economy approach,2_8,2_22,
"Inflation in food prices is eroding income gains, raising additional barriers to accessing food around the globe.",Promoting a circular economy approach to the food system,2_8,2_23,
"Inflation in food prices is eroding income gains, raising additional barriers to accessing food around the globe.",Promote local/regional food production,2_8,2_24,
"Inflation in food prices is eroding income gains, raising additional barriers to accessing food around the globe.",Promote a circular economy approach to reduce food waste,2_8,2_25,
"Inflation in food prices is eroding income gains, raising additional barriers to accessing food around the globe.",Raise awareness to educate the population about healthy nutrition,2_8,2_26,
"Inflation in food prices is eroding income gains, raising additional barriers to accessing food around the globe.",Combat rising price levels,2_8,2_27,
"Inflation in food prices is eroding income gains, raising additional barriers to accessing food around the globe.",Expand social safety net programmes and food assistance,2_8,2_28,
"Inflation in food prices is eroding income gains, raising additional barriers to accessing food around the globe.",Promote sustainable food systems.,2_8,2_29,
"Inflation in food prices is eroding income gains, raising additional barriers to accessing food around the globe.","Support local and regional food production, e.g. promoting urban and peri-urban agriculture to increase local food production and facilitating the creation of community gardens and allotments.",2_8,2_30,
"Inflation in food prices is eroding income gains, raising additional barriers to accessing food around the globe.","Adopt a holistic approach to food systems by developing urban food strategies that intertwine food policy with urban development strategies, thus connecting the social and economic dimensions of food systems.",2_8,2_31,
"Inflation in food prices is eroding income gains, raising additional barriers to accessing food around the globe.","Promote the systematic knowledge sharing of cities’ actions and best practices for sustainable food systems whereby frontrunner cities (e.g. Milan, New York and Strasbourg, among others) can inspire other cities.",2_8,2_32,
"Inflation in food prices is eroding income gains, raising additional barriers to accessing food around the globe.","Enhance a circular transition in the food sector through public procurement requirements for canteens and food services, e.g. by applying life cycle and environmental criteria to contribute to sustainable, organic and responsible product supplies whilst minimising and, in the best case, avoiding negative environmental impacts and waste creation.",2_8,2_33,
"Inflation in food prices is eroding income gains, raising additional barriers to accessing food around the globe.","Foster circular food systems, e.g. systems for food waste recovery and composting, to close the nutrient loop and reduce landfill waste and by encouraging the use of sustainable and recyclable packaging materials.",2_8,2_34,
"Inflation in food prices is eroding income gains, raising additional barriers to accessing food around the globe.","Support surplus food and distribute it to those in need, e.g. food banks and supermarket initiatives.",2_8,2_35,
"Inflation in food prices is eroding income gains, raising additional barriers to accessing food around the globe.","require food-related businesses, such as restaurants and supermarkets, to report their food waste data regularly, thereby encouraging better waste management through increased transparency.",2_8,2_36,
"In 2022, 9.2% of the global population experienced chronic hunger, up from 7.9% in 2019, with projections indicating that more than 600 million people could be facing hunger by 2030, the endpoint of the SDGs.","The European Union and its member states are also facing notable gaps towards the achievement of the SDGs, including SDG 11 Sustainable cities and communities",2_9,2_10,
"In 2022, 9.2% of the global population experienced chronic hunger, up from 7.9% in 2019, with projections indicating that more than 600 million people could be facing hunger by 2030, the endpoint of the SDGs.",Prioritisation of SDG 2 Zero hunger,2_9,2_11,
"In 2022, 9.2% of the global population experienced chronic hunger, up from 7.9% in 2019, with projections indicating that more than 600 million people could be facing hunger by 2030, the endpoint of the SDGs.",Measures put in place to achieve sustainable food systems,2_9,2_12,
"In 2022, 9.2% of the global population experienced chronic hunger, up from 7.9% in 2019, with projections indicating that more than 600 million people could be facing hunger by 2030, the endpoint of the SDGs.","The SDGs on poverty, food, health, education and gender.",2_9,2_13,
"In 2022, 9.2% of the global population experienced chronic hunger, up from 7.9% in 2019, with projections indicating that more than 600 million people could be facing hunger by 2030, the endpoint of the SDGs.",reducing food insecurity (SDG 2),2_9,2_14,
"In 2022, 9.2% of the global population experienced chronic hunger, up from 7.9% in 2019, with projections indicating that more than 600 million people could be facing hunger by 2030, the endpoint of the SDGs.",cutting taxes on food (SDG 2),2_9,2_15,
"In 2022, 9.2% of the global population experienced chronic hunger, up from 7.9% in 2019, with projections indicating that more than 600 million people could be facing hunger by 2030, the endpoint of the SDGs.",Set up food banks and food distributions for vulnerable populations,2_9,2_16,
"In 2022, 9.2% of the global population experienced chronic hunger, up from 7.9% in 2019, with projections indicating that more than 600 million people could be facing hunger by 2030, the endpoint of the SDGs.","Inform citizens about balanced diets, targeting nutritious food with subsidies",2_9,2_17,
"In 2022, 9.2% of the global population experienced chronic hunger, up from 7.9% in 2019, with projections indicating that more than 600 million people could be facing hunger by 2030, the endpoint of the SDGs.",Set up public stockholding programmes to address supply chain disruption,2_9,2_18,
"In 2022, 9.2% of the global population experienced chronic hunger, up from 7.9% in 2019, with projections indicating that more than 600 million people could be facing hunger by 2030, the endpoint of the SDGs.","Reduce nutrient losses, use of pesticides, expand sustainable farming",2_9,2_19,
"In 2022, 9.2% of the global population experienced chronic hunger, up from 7.9% in 2019, with projections indicating that more than 600 million people could be facing hunger by 2030, the endpoint of the SDGs.",Implement food subsidies to close supply gaps and balance cost increase,2_9,2_20,
"In 2022, 9.2% of the global population experienced chronic hunger, up from 7.9% in 2019, with projections indicating that more than 600 million people could be facing hunger by 2030, the endpoint of the SDGs.",Promote local food production,2_9,2_21,
"In 2022, 9.2% of the global population experienced chronic hunger, up from 7.9% in 2019, with projections indicating that more than 600 million people could be facing hunger by 2030, the endpoint of the SDGs.",Promote a circular economy approach,2_9,2_22,
"In 2022, 9.2% of the global population experienced chronic hunger, up from 7.9% in 2019, with projections indicating that more than 600 million people could be facing hunger by 2030, the endpoint of the SDGs.",Promoting a circular economy approach to the food system,2_9,2_23,
"In 2022, 9.2% of the global population experienced chronic hunger, up from 7.9% in 2019, with projections indicating that more than 600 million people could be facing hunger by 2030, the endpoint of the SDGs.",Promote local/regional food production,2_9,2_24,
"In 2022, 9.2% of the global population experienced chronic hunger, up from 7.9% in 2019, with projections indicating that more than 600 million people could be facing hunger by 2030, the endpoint of the SDGs.",Promote a circular economy approach to reduce food waste,2_9,2_25,
"In 2022, 9.2% of the global population experienced chronic hunger, up from 7.9% in 2019, with projections indicating that more than 600 million people could be facing hunger by 2030, the endpoint of the SDGs.",Raise awareness to educate the population about healthy nutrition,2_9,2_26,
"In 2022, 9.2% of the global population experienced chronic hunger, up from 7.9% in 2019, with projections indicating that more than 600 million people could be facing hunger by 2030, the endpoint of the SDGs.",Combat rising price levels,2_9,2_27,
"In 2022, 9.2% of the global population experienced chronic hunger, up from 7.9% in 2019, with projections indicating that more than 600 million people could be facing hunger by 2030, the endpoint of the SDGs.",Expand social safety net programmes and food assistance,2_9,2_28,
"In 2022, 9.2% of the global population experienced chronic hunger, up from 7.9% in 2019, with projections indicating that more than 600 million people could be facing hunger by 2030, the endpoint of the SDGs.",Promote sustainable food systems.,2_9,2_29,
"In 2022, 9.2% of the global population experienced chronic hunger, up from 7.9% in 2019, with projections indicating that more than 600 million people could be facing hunger by 2030, the endpoint of the SDGs.","Support local and regional food production, e.g. promoting urban and peri-urban agriculture to increase local food production and facilitating the creation of community gardens and allotments.",2_9,2_30,
"In 2022, 9.2% of the global population experienced chronic hunger, up from 7.9% in 2019, with projections indicating that more than 600 million people could be facing hunger by 2030, the endpoint of the SDGs.","Adopt a holistic approach to food systems by developing urban food strategies that intertwine food policy with urban development strategies, thus connecting the social and economic dimensions of food systems.",2_9,2_31,
"In 2022, 9.2% of the global population experienced chronic hunger, up from 7.9% in 2019, with projections indicating that more than 600 million people could be facing hunger by 2030, the endpoint of the SDGs.","Promote the systematic knowledge sharing of cities’ actions and best practices for sustainable food systems whereby frontrunner cities (e.g. Milan, New York and Strasbourg, among others) can inspire other cities.",2_9,2_32,
"In 2022, 9.2% of the global population experienced chronic hunger, up from 7.9% in 2019, with projections indicating that more than 600 million people could be facing hunger by 2030, the endpoint of the SDGs.","Enhance a circular transition in the food sector through public procurement requirements for canteens and food services, e.g. by applying life cycle and environmental criteria to contribute to sustainable, organic and responsible product supplies whilst minimising and, in the best case, avoiding negative environmental impacts and waste creation.",2_9,2_33,
"In 2022, 9.2% of the global population experienced chronic hunger, up from 7.9% in 2019, with projections indicating that more than 600 million people could be facing hunger by 2030, the endpoint of the SDGs.","Foster circular food systems, e.g. systems for food waste recovery and composting, to close the nutrient loop and reduce landfill waste and by encouraging the use of sustainable and recyclable packaging materials.",2_9,2_34,
"In 2022, 9.2% of the global population experienced chronic hunger, up from 7.9% in 2019, with projections indicating that more than 600 million people could be facing hunger by 2030, the endpoint of the SDGs.","Support surplus food and distribute it to those in need, e.g. food banks and supermarket initiatives.",2_9,2_35,
"In 2022, 9.2% of the global population experienced chronic hunger, up from 7.9% in 2019, with projections indicating that more than 600 million people could be facing hunger by 2030, the endpoint of the SDGs.","require food-related businesses, such as restaurants and supermarkets, to report their food waste data regularly, thereby encouraging better waste management through increased transparency.",2_9,2_36,
"The European Union and its member states are also facing notable gaps towards the achievement of the SDGs, including SDG 11 Sustainable cities and communities",Prioritisation of SDG 2 Zero hunger,2_10,2_11,
"The European Union and its member states are also facing notable gaps towards the achievement of the SDGs, including SDG 11 Sustainable cities and communities",Measures put in place to achieve sustainable food systems,2_10,2_12,
"The European Union and its member states are also facing notable gaps towards the achievement of the SDGs, including SDG 11 Sustainable cities and communities","The SDGs on poverty, food, health, education and gender.",2_10,2_13,
"The European Union and its member states are also facing notable gaps towards the achievement of the SDGs, including SDG 11 Sustainable cities and communities",reducing food insecurity (SDG 2),2_10,2_14,
"The European Union and its member states are also facing notable gaps towards the achievement of the SDGs, including SDG 11 Sustainable cities and communities",cutting taxes on food (SDG 2),2_10,2_15,
"The European Union and its member states are also facing notable gaps towards the achievement of the SDGs, including SDG 11 Sustainable cities and communities",Set up food banks and food distributions for vulnerable populations,2_10,2_16,
"The European Union and its member states are also facing notable gaps towards the achievement of the SDGs, including SDG 11 Sustainable cities and communities","Inform citizens about balanced diets, targeting nutritious food with subsidies",2_10,2_17,
"The European Union and its member states are also facing notable gaps towards the achievement of the SDGs, including SDG 11 Sustainable cities and communities",Set up public stockholding programmes to address supply chain disruption,2_10,2_18,
"The European Union and its member states are also facing notable gaps towards the achievement of the SDGs, including SDG 11 Sustainable cities and communities","Reduce nutrient losses, use of pesticides, expand sustainable farming",2_10,2_19,
"The European Union and its member states are also facing notable gaps towards the achievement of the SDGs, including SDG 11 Sustainable cities and communities",Implement food subsidies to close supply gaps and balance cost increase,2_10,2_20,
"The European Union and its member states are also facing notable gaps towards the achievement of the SDGs, including SDG 11 Sustainable cities and communities",Promote local food production,2_10,2_21,
"The European Union and its member states are also facing notable gaps towards the achievement of the SDGs, including SDG 11 Sustainable cities and communities",Promote a circular economy approach,2_10,2_22,
"The European Union and its member states are also facing notable gaps towards the achievement of the SDGs, including SDG 11 Sustainable cities and communities",Promoting a circular economy approach to the food system,2_10,2_23,
"The European Union and its member states are also facing notable gaps towards the achievement of the SDGs, including SDG 11 Sustainable cities and communities",Promote local/regional food production,2_10,2_24,
"The European Union and its member states are also facing notable gaps towards the achievement of the SDGs, including SDG 11 Sustainable cities and communities",Promote a circular economy approach to reduce food waste,2_10,2_25,
"The European Union and its member states are also facing notable gaps towards the achievement of the SDGs, including SDG 11 Sustainable cities and communities",Raise awareness to educate the population about healthy nutrition,2_10,2_26,
"The European Union and its member states are also facing notable gaps towards the achievement of the SDGs, including SDG 11 Sustainable cities and communities",Combat rising price levels,2_10,2_27,
"The European Union and its member states are also facing notable gaps towards the achievement of the SDGs, including SDG 11 Sustainable cities and communities",Expand social safety net programmes and food assistance,2_10,2_28,
"The European Union and its member states are also facing notable gaps towards the achievement of the SDGs, including SDG 11 Sustainable cities and communities",Promote sustainable food systems.,2_10,2_29,
"The European Union and its member states are also facing notable gaps towards the achievement of the SDGs, including SDG 11 Sustainable cities and communities","Support local and regional food production, e.g. promoting urban and peri-urban agriculture to increase local food production and facilitating the creation of community gardens and allotments.",2_10,2_30,
"The European Union and its member states are also facing notable gaps towards the achievement of the SDGs, including SDG 11 Sustainable cities and communities","Adopt a holistic approach to food systems by developing urban food strategies that intertwine food policy with urban development strategies, thus connecting the social and economic dimensions of food systems.",2_10,2_31,
"The European Union and its member states are also facing notable gaps towards the achievement of the SDGs, including SDG 11 Sustainable cities and communities","Promote the systematic knowledge sharing of cities’ actions and best practices for sustainable food systems whereby frontrunner cities (e.g. Milan, New York and Strasbourg, among others) can inspire other cities.",2_10,2_32,
"The European Union and its member states are also facing notable gaps towards the achievement of the SDGs, including SDG 11 Sustainable cities and communities","Enhance a circular transition in the food sector through public procurement requirements for canteens and food services, e.g. by applying life cycle and environmental criteria to contribute to sustainable, organic and responsible product supplies whilst minimising and, in the best case, avoiding negative environmental impacts and waste creation.",2_10,2_33,
"The European Union and its member states are also facing notable gaps towards the achievement of the SDGs, including SDG 11 Sustainable cities and communities","Foster circular food systems, e.g. systems for food waste recovery and composting, to close the nutrient loop and reduce landfill waste and by encouraging the use of sustainable and recyclable packaging materials.",2_10,2_34,
"The European Union and its member states are also facing notable gaps towards the achievement of the SDGs, including SDG 11 Sustainable cities and communities","Support surplus food and distribute it to those in need, e.g. food banks and supermarket initiatives.",2_10,2_35,
"The European Union and its member states are also facing notable gaps towards the achievement of the SDGs, including SDG 11 Sustainable cities and communities","require food-related businesses, such as restaurants and supermarkets, to report their food waste data regularly, thereby encouraging better waste management through increased transparency.",2_10,2_36,
Prioritisation of SDG 2 Zero hunger,Measures put in place to achieve sustainable food systems,2_11,2_12,
Prioritisation of SDG 2 Zero hunger,"The SDGs on poverty, food, health, education and gender.",2_11,2_13,
Prioritisation of SDG 2 Zero hunger,reducing food insecurity (SDG 2),2_11,2_14,
Prioritisation of SDG 2 Zero hunger,cutting taxes on food (SDG 2),2_11,2_15,
Prioritisation of SDG 2 Zero hunger,Set up food banks and food distributions for vulnerable populations,2_11,2_16,
Prioritisation of SDG 2 Zero hunger,"Inform citizens about balanced diets, targeting nutritious food with subsidies",2_11,2_17,
Prioritisation of SDG 2 Zero hunger,Set up public stockholding programmes to address supply chain disruption,2_11,2_18,
Prioritisation of SDG 2 Zero hunger,"Reduce nutrient losses, use of pesticides, expand sustainable farming",2_11,2_19,
Prioritisation of SDG 2 Zero hunger,Implement food subsidies to close supply gaps and balance cost increase,2_11,2_20,
Prioritisation of SDG 2 Zero hunger,Promote local food production,2_11,2_21,
Prioritisation of SDG 2 Zero hunger,Promote a circular economy approach,2_11,2_22,
Prioritisation of SDG 2 Zero hunger,Promoting a circular economy approach to the food system,2_11,2_23,
Prioritisation of SDG 2 Zero hunger,Promote local/regional food production,2_11,2_24,
Prioritisation of SDG 2 Zero hunger,Promote a circular economy approach to reduce food waste,2_11,2_25,
Prioritisation of SDG 2 Zero hunger,Raise awareness to educate the population about healthy nutrition,2_11,2_26,
Prioritisation of SDG 2 Zero hunger,Combat rising price levels,2_11,2_27,
Prioritisation of SDG 2 Zero hunger,Expand social safety net programmes and food assistance,2_11,2_28,
Prioritisation of SDG 2 Zero hunger,Promote sustainable food systems.,2_11,2_29,
Prioritisation of SDG 2 Zero hunger,"Support local and regional food production, e.g. promoting urban and peri-urban agriculture to increase local food production and facilitating the creation of community gardens and allotments.",2_11,2_30,
Prioritisation of SDG 2 Zero hunger,"Adopt a holistic approach to food systems by developing urban food strategies that intertwine food policy with urban development strategies, thus connecting the social and economic dimensions of food systems.",2_11,2_31,
Prioritisation of SDG 2 Zero hunger,"Promote the systematic knowledge sharing of cities’ actions and best practices for sustainable food systems whereby frontrunner cities (e.g. Milan, New York and Strasbourg, among others) can inspire other cities.",2_11,2_32,
Prioritisation of SDG 2 Zero hunger,"Enhance a circular transition in the food sector through public procurement requirements for canteens and food services, e.g. by applying life cycle and environmental criteria to contribute to sustainable, organic and responsible product supplies whilst minimising and, in the best case, avoiding negative environmental impacts and waste creation.",2_11,2_33,
Prioritisation of SDG 2 Zero hunger,"Foster circular food systems, e.g. systems for food waste recovery and composting, to close the nutrient loop and reduce landfill waste and by encouraging the use of sustainable and recyclable packaging materials.",2_11,2_34,
Prioritisation of SDG 2 Zero hunger,"Support surplus food and distribute it to those in need, e.g. food banks and supermarket initiatives.",2_11,2_35,
Prioritisation of SDG 2 Zero hunger,"require food-related businesses, such as restaurants and supermarkets, to report their food waste data regularly, thereby encouraging better waste management through increased transparency.",2_11,2_36,
Measures put in place to achieve sustainable food systems,"The SDGs on poverty, food, health, education and gender.",2_12,2_13,
Measures put in place to achieve sustainable food systems,reducing food insecurity (SDG 2),2_12,2_14,
Measures put in place to achieve sustainable food systems,cutting taxes on food (SDG 2),2_12,2_15,
Measures put in place to achieve sustainable food systems,Set up food banks and food distributions for vulnerable populations,2_12,2_16,
Measures put in place to achieve sustainable food systems,"Inform citizens about balanced diets, targeting nutritious food with subsidies",2_12,2_17,
Measures put in place to achieve sustainable food systems,Set up public stockholding programmes to address supply chain disruption,2_12,2_18,
Measures put in place to achieve sustainable food systems,"Reduce nutrient losses, use of pesticides, expand sustainable farming",2_12,2_19,
Measures put in place to achieve sustainable food systems,Implement food subsidies to close supply gaps and balance cost increase,2_12,2_20,
Measures put in place to achieve sustainable food systems,Promote local food production,2_12,2_21,
Measures put in place to achieve sustainable food systems,Promote a circular economy approach,2_12,2_22,
Measures put in place to achieve sustainable food systems,Promoting a circular economy approach to the food system,2_12,2_23,
Measures put in place to achieve sustainable food systems,Promote local/regional food production,2_12,2_24,
Measures put in place to achieve sustainable food systems,Promote a circular economy approach to reduce food waste,2_12,2_25,
Measures put in place to achieve sustainable food systems,Raise awareness to educate the population about healthy nutrition,2_12,2_26,
Measures put in place to achieve sustainable food systems,Combat rising price levels,2_12,2_27,
Measures put in place to achieve sustainable food systems,Expand social safety net programmes and food assistance,2_12,2_28,
Measures put in place to achieve sustainable food systems,Promote sustainable food systems.,2_12,2_29,
Measures put in place to achieve sustainable food systems,"Support local and regional food production, e.g. promoting urban and peri-urban agriculture to increase local food production and facilitating the creation of community gardens and allotments.",2_12,2_30,
Measures put in place to achieve sustainable food systems,"Adopt a holistic approach to food systems by developing urban food strategies that intertwine food policy with urban development strategies, thus connecting the social and economic dimensions of food systems.",2_12,2_31,
Measures put in place to achieve sustainable food systems,"Promote the systematic knowledge sharing of cities’ actions and best practices for sustainable food systems whereby frontrunner cities (e.g. Milan, New York and Strasbourg, among others) can inspire other cities.",2_12,2_32,
Measures put in place to achieve sustainable food systems,"Enhance a circular transition in the food sector through public procurement requirements for canteens and food services, e.g. by applying life cycle and environmental criteria to contribute to sustainable, organic and responsible product supplies whilst minimising and, in the best case, avoiding negative environmental impacts and waste creation.",2_12,2_33,
Measures put in place to achieve sustainable food systems,"Foster circular food systems, e.g. systems for food waste recovery and composting, to close the nutrient loop and reduce landfill waste and by encouraging the use of sustainable and recyclable packaging materials.",2_12,2_34,
Measures put in place to achieve sustainable food systems,"Support surplus food and distribute it to those in need, e.g. food banks and supermarket initiatives.",2_12,2_35,
Measures put in place to achieve sustainable food systems,"require food-related businesses, such as restaurants and supermarkets, to report their food waste data regularly, thereby encouraging better waste management through increased transparency.",2_12,2_36,
"The SDGs on poverty, food, health, education and gender.",reducing food insecurity (SDG 2),2_13,2_14,
"The SDGs on poverty, food, health, education and gender.",cutting taxes on food (SDG 2),2_13,2_15,
"The SDGs on poverty, food, health, education and gender.",Set up food banks and food distributions for vulnerable populations,2_13,2_16,
"The SDGs on poverty, food, health, education and gender.","Inform citizens about balanced diets, targeting nutritious food with subsidies",2_13,2_17,
"The SDGs on poverty, food, health, education and gender.",Set up public stockholding programmes to address supply chain disruption,2_13,2_18,
"The SDGs on poverty, food, health, education and gender.","Reduce nutrient losses, use of pesticides, expand sustainable farming",2_13,2_19,
"The SDGs on poverty, food, health, education and gender.",Implement food subsidies to close supply gaps and balance cost increase,2_13,2_20,
"The SDGs on poverty, food, health, education and gender.",Promote local food production,2_13,2_21,
"The SDGs on poverty, food, health, education and gender.",Promote a circular economy approach,2_13,2_22,
"The SDGs on poverty, food, health, education and gender.",Promoting a circular economy approach to the food system,2_13,2_23,
"The SDGs on poverty, food, health, education and gender.",Promote local/regional food production,2_13,2_24,
"The SDGs on poverty, food, health, education and gender.",Promote a circular economy approach to reduce food waste,2_13,2_25,
"The SDGs on poverty, food, health, education and gender.",Raise awareness to educate the population about healthy nutrition,2_13,2_26,
"The SDGs on poverty, food, health, education and gender.",Combat rising price levels,2_13,2_27,
"The SDGs on poverty, food, health, education and gender.",Expand social safety net programmes and food assistance,2_13,2_28,
"The SDGs on poverty, food, health, education and gender.",Promote sustainable food systems.,2_13,2_29,
"The SDGs on poverty, food, health, education and gender.","Support local and regional food production, e.g. promoting urban and peri-urban agriculture to increase local food production and facilitating the creation of community gardens and allotments.",2_13,2_30,
"The SDGs on poverty, food, health, education and gender.","Adopt a holistic approach to food systems by developing urban food strategies that intertwine food policy with urban development strategies, thus connecting the social and economic dimensions of food systems.",2_13,2_31,
"The SDGs on poverty, food, health, education and gender.","Promote the systematic knowledge sharing of cities’ actions and best practices for sustainable food systems whereby frontrunner cities (e.g. Milan, New York and Strasbourg, among others) can inspire other cities.",2_13,2_32,
"The SDGs on poverty, food, health, education and gender.","Enhance a circular transition in the food sector through public procurement requirements for canteens and food services, e.g. by applying life cycle and environmental criteria to contribute to sustainable, organic and responsible product supplies whilst minimising and, in the best case, avoiding negative environmental impacts and waste creation.",2_13,2_33,
"The SDGs on poverty, food, health, education and gender.","Foster circular food systems, e.g. systems for food waste recovery and composting, to close the nutrient loop and reduce landfill waste and by encouraging the use of sustainable and recyclable packaging materials.",2_13,2_34,
"The SDGs on poverty, food, health, education and gender.","Support surplus food and distribute it to those in need, e.g. food banks and supermarket initiatives.",2_13,2_35,
"The SDGs on poverty, food, health, education and gender.","require food-related businesses, such as restaurants and supermarkets, to report their food waste data regularly, thereby encouraging better waste management through increased transparency.",2_13,2_36,
reducing food insecurity (SDG 2),cutting taxes on food (SDG 2),2_14,2_15,
reducing food insecurity (SDG 2),Set up food banks and food distributions for vulnerable populations,2_14,2_16,
reducing food insecurity (SDG 2),"Inform citizens about balanced diets, targeting nutritious food with subsidies",2_14,2_17,
reducing food insecurity (SDG 2),Set up public stockholding programmes to address supply chain disruption,2_14,2_18,
reducing food insecurity (SDG 2),"Reduce nutrient losses, use of pesticides, expand sustainable farming",2_14,2_19,
reducing food insecurity (SDG 2),Implement food subsidies to close supply gaps and balance cost increase,2_14,2_20,
reducing food insecurity (SDG 2),Promote local food production,2_14,2_21,
reducing food insecurity (SDG 2),Promote a circular economy approach,2_14,2_22,
reducing food insecurity (SDG 2),Promoting a circular economy approach to the food system,2_14,2_23,
reducing food insecurity (SDG 2),Promote local/regional food production,2_14,2_24,
reducing food insecurity (SDG 2),Promote a circular economy approach to reduce food waste,2_14,2_25,
reducing food insecurity (SDG 2),Raise awareness to educate the population about healthy nutrition,2_14,2_26,
reducing food insecurity (SDG 2),Combat rising price levels,2_14,2_27,
reducing food insecurity (SDG 2),Expand social safety net programmes and food assistance,2_14,2_28,
reducing food insecurity (SDG 2),Promote sustainable food systems.,2_14,2_29,
reducing food insecurity (SDG 2),"Support local and regional food production, e.g. promoting urban and peri-urban agriculture to increase local food production and facilitating the creation of community gardens and allotments.",2_14,2_30,
reducing food insecurity (SDG 2),"Adopt a holistic approach to food systems by developing urban food strategies that intertwine food policy with urban development strategies, thus connecting the social and economic dimensions of food systems.",2_14,2_31,
reducing food insecurity (SDG 2),"Promote the systematic knowledge sharing of cities’ actions and best practices for sustainable food systems whereby frontrunner cities (e.g. Milan, New York and Strasbourg, among others) can inspire other cities.",2_14,2_32,
reducing food insecurity (SDG 2),"Enhance a circular transition in the food sector through public procurement requirements for canteens and food services, e.g. by applying life cycle and environmental criteria to contribute to sustainable, organic and responsible product supplies whilst minimising and, in the best case, avoiding negative environmental impacts and waste creation.",2_14,2_33,
reducing food insecurity (SDG 2),"Foster circular food systems, e.g. systems for food waste recovery and composting, to close the nutrient loop and reduce landfill waste and by encouraging the use of sustainable and recyclable packaging materials.",2_14,2_34,
reducing food insecurity (SDG 2),"Support surplus food and distribute it to those in need, e.g. food banks and supermarket initiatives.",2_14,2_35,
reducing food insecurity (SDG 2),"require food-related businesses, such as restaurants and supermarkets, to report their food waste data regularly, thereby encouraging better waste management through increased transparency.",2_14,2_36,
cutting taxes on food (SDG 2),Set up food banks and food distributions for vulnerable populations,2_15,2_16,
cutting taxes on food (SDG 2),"Inform citizens about balanced diets, targeting nutritious food with subsidies",2_15,2_17,
cutting taxes on food (SDG 2),Set up public stockholding programmes to address supply chain disruption,2_15,2_18,
cutting taxes on food (SDG 2),"Reduce nutrient losses, use of pesticides, expand sustainable farming",2_15,2_19,
cutting taxes on food (SDG 2),Implement food subsidies to close supply gaps and balance cost increase,2_15,2_20,
cutting taxes on food (SDG 2),Promote local food production,2_15,2_21,
cutting taxes on food (SDG 2),Promote a circular economy approach,2_15,2_22,
cutting taxes on food (SDG 2),Promoting a circular economy approach to the food system,2_15,2_23,
cutting taxes on food (SDG 2),Promote local/regional food production,2_15,2_24,
cutting taxes on food (SDG 2),Promote a circular economy approach to reduce food waste,2_15,2_25,
cutting taxes on food (SDG 2),Raise awareness to educate the population about healthy nutrition,2_15,2_26,
cutting taxes on food (SDG 2),Combat rising price levels,2_15,2_27,
cutting taxes on food (SDG 2),Expand social safety net programmes and food assistance,2_15,2_28,
cutting taxes on food (SDG 2),Promote sustainable food systems.,2_15,2_29,
cutting taxes on food (SDG 2),"Support local and regional food production, e.g. promoting urban and peri-urban agriculture to increase local food production and facilitating the creation of community gardens and allotments.",2_15,2_30,
cutting taxes on food (SDG 2),"Adopt a holistic approach to food systems by developing urban food strategies that intertwine food policy with urban development strategies, thus connecting the social and economic dimensions of food systems.",2_15,2_31,
cutting taxes on food (SDG 2),"Promote the systematic knowledge sharing of cities’ actions and best practices for sustainable food systems whereby frontrunner cities (e.g. Milan, New York and Strasbourg, among others) can inspire other cities.",2_15,2_32,
cutting taxes on food (SDG 2),"Enhance a circular transition in the food sector through public procurement requirements for canteens and food services, e.g. by applying life cycle and environmental criteria to contribute to sustainable, organic and responsible product supplies whilst minimising and, in the best case, avoiding negative environmental impacts and waste creation.",2_15,2_33,
cutting taxes on food (SDG 2),"Foster circular food systems, e.g. systems for food waste recovery and composting, to close the nutrient loop and reduce landfill waste and by encouraging the use of sustainable and recyclable packaging materials.",2_15,2_34,
cutting taxes on food (SDG 2),"Support surplus food and distribute it to those in need, e.g. food banks and supermarket initiatives.",2_15,2_35,
cutting taxes on food (SDG 2),"require food-related businesses, such as restaurants and supermarkets, to report their food waste data regularly, thereby encouraging better waste management through increased transparency.",2_15,2_36,
Set up food banks and food distributions for vulnerable populations,"Inform citizens about balanced diets, targeting nutritious food with subsidies",2_16,2_17,
Set up food banks and food distributions for vulnerable populations,Set up public stockholding programmes to address supply chain disruption,2_16,2_18,
Set up food banks and food distributions for vulnerable populations,"Reduce nutrient losses, use of pesticides, expand sustainable farming",2_16,2_19,
Set up food banks and food distributions for vulnerable populations,Implement food subsidies to close supply gaps and balance cost increase,2_16,2_20,
Set up food banks and food distributions for vulnerable populations,Promote local food production,2_16,2_21,
Set up food banks and food distributions for vulnerable populations,Promote a circular economy approach,2_16,2_22,
Set up food banks and food distributions for vulnerable populations,Promoting a circular economy approach to the food system,2_16,2_23,
Set up food banks and food distributions for vulnerable populations,Promote local/regional food production,2_16,2_24,
Set up food banks and food distributions for vulnerable populations,Promote a circular economy approach to reduce food waste,2_16,2_25,
Set up food banks and food distributions for vulnerable populations,Raise awareness to educate the population about healthy nutrition,2_16,2_26,
Set up food banks and food distributions for vulnerable populations,Combat rising price levels,2_16,2_27,
Set up food banks and food distributions for vulnerable populations,Expand social safety net programmes and food assistance,2_16,2_28,
Set up food banks and food distributions for vulnerable populations,Promote sustainable food systems.,2_16,2_29,
Set up food banks and food distributions for vulnerable populations,"Support local and regional food production, e.g. promoting urban and peri-urban agriculture to increase local food production and facilitating the creation of community gardens and allotments.",2_16,2_30,
Set up food banks and food distributions for vulnerable populations,"Adopt a holistic approach to food systems by developing urban food strategies that intertwine food policy with urban development strategies, thus connecting the social and economic dimensions of food systems.",2_16,2_31,
Set up food banks and food distributions for vulnerable populations,"Promote the systematic knowledge sharing of cities’ actions and best practices for sustainable food systems whereby frontrunner cities (e.g. Milan, New York and Strasbourg, among others) can inspire other cities.",2_16,2_32,
Set up food banks and food distributions for vulnerable populations,"Enhance a circular transition in the food sector through public procurement requirements for canteens and food services, e.g. by applying life cycle and environmental criteria to contribute to sustainable, organic and responsible product supplies whilst minimising and, in the best case, avoiding negative environmental impacts and waste creation.",2_16,2_33,
Set up food banks and food distributions for vulnerable populations,"Foster circular food systems, e.g. systems for food waste recovery and composting, to close the nutrient loop and reduce landfill waste and by encouraging the use of sustainable and recyclable packaging materials.",2_16,2_34,
Set up food banks and food distributions for vulnerable populations,"Support surplus food and distribute it to those in need, e.g. food banks and supermarket initiatives.",2_16,2_35,
Set up food banks and food distributions for vulnerable populations,"require food-related businesses, such as restaurants and supermarkets, to report their food waste data regularly, thereby encouraging better waste management through increased transparency.",2_16,2_36,
"Inform citizens about balanced diets, targeting nutritious food with subsidies",Set up public stockholding programmes to address supply chain disruption,2_17,2_18,
"Inform citizens about balanced diets, targeting nutritious food with subsidies","Reduce nutrient losses, use of pesticides, expand sustainable farming",2_17,2_19,
"Inform citizens about balanced diets, targeting nutritious food with subsidies",Implement food subsidies to close supply gaps and balance cost increase,2_17,2_20,
"Inform citizens about balanced diets, targeting nutritious food with subsidies",Promote local food production,2_17,2_21,
"Inform citizens about balanced diets, targeting nutritious food with subsidies",Promote a circular economy approach,2_17,2_22,
"Inform citizens about balanced diets, targeting nutritious food with subsidies",Promoting a circular economy approach to the food system,2_17,2_23,
"Inform citizens about balanced diets, targeting nutritious food with subsidies",Promote local/regional food production,2_17,2_24,
"Inform citizens about balanced diets, targeting nutritious food with subsidies",Promote a circular economy approach to reduce food waste,2_17,2_25,
"Inform citizens about balanced diets, targeting nutritious food with subsidies",Raise awareness to educate the population about healthy nutrition,2_17,2_26,
"Inform citizens about balanced diets, targeting nutritious food with subsidies",Combat rising price levels,2_17,2_27,
"Inform citizens about balanced diets, targeting nutritious food with subsidies",Expand social safety net programmes and food assistance,2_17,2_28,
"Inform citizens about balanced diets, targeting nutritious food with subsidies",Promote sustainable food systems.,2_17,2_29,
"Inform citizens about balanced diets, targeting nutritious food with subsidies","Support local and regional food production, e.g. promoting urban and peri-urban agriculture to increase local food production and facilitating the creation of community gardens and allotments.",2_17,2_30,
"Inform citizens about balanced diets, targeting nutritious food with subsidies","Adopt a holistic approach to food systems by developing urban food strategies that intertwine food policy with urban development strategies, thus connecting the social and economic dimensions of food systems.",2_17,2_31,
"Inform citizens about balanced diets, targeting nutritious food with subsidies","Promote the systematic knowledge sharing of cities’ actions and best practices for sustainable food systems whereby frontrunner cities (e.g. Milan, New York and Strasbourg, among others) can inspire other cities.",2_17,2_32,
"Inform citizens about balanced diets, targeting nutritious food with subsidies","Enhance a circular transition in the food sector through public procurement requirements for canteens and food services, e.g. by applying life cycle and environmental criteria to contribute to sustainable, organic and responsible product supplies whilst minimising and, in the best case, avoiding negative environmental impacts and waste creation.",2_17,2_33,
"Inform citizens about balanced diets, targeting nutritious food with subsidies","Foster circular food systems, e.g. systems for food waste recovery and composting, to close the nutrient loop and reduce landfill waste and by encouraging the use of sustainable and recyclable packaging materials.",2_17,2_34,
"Inform citizens about balanced diets, targeting nutritious food with subsidies","Support surplus food and distribute it to those in need, e.g. food banks and supermarket initiatives.",2_17,2_35,
"Inform citizens about balanced diets, targeting nutritious food with subsidies","require food-related businesses, such as restaurants and supermarkets, to report their food waste data regularly, thereby encouraging better waste management through increased transparency.",2_17,2_36,
Set up public stockholding programmes to address supply chain disruption,"Reduce nutrient losses, use of pesticides, expand sustainable farming",2_18,2_19,
Set up public stockholding programmes to address supply chain disruption,Implement food subsidies to close supply gaps and balance cost increase,2_18,2_20,
Set up public stockholding programmes to address supply chain disruption,Promote local food production,2_18,2_21,
Set up public stockholding programmes to address supply chain disruption,Promote a circular economy approach,2_18,2_22,
Set up public stockholding programmes to address supply chain disruption,Promoting a circular economy approach to the food system,2_18,2_23,
Set up public stockholding programmes to address supply chain disruption,Promote local/regional food production,2_18,2_24,
Set up public stockholding programmes to address supply chain disruption,Promote a circular economy approach to reduce food waste,2_18,2_25,
Set up public stockholding programmes to address supply chain disruption,Raise awareness to educate the population about healthy nutrition,2_18,2_26,
Set up public stockholding programmes to address supply chain disruption,Combat rising price levels,2_18,2_27,
Set up public stockholding programmes to address supply chain disruption,Expand social safety net programmes and food assistance,2_18,2_28,
Set up public stockholding programmes to address supply chain disruption,Promote sustainable food systems.,2_18,2_29,
Set up public stockholding programmes to address supply chain disruption,"Support local and regional food production, e.g. promoting urban and peri-urban agriculture to increase local food production and facilitating the creation of community gardens and allotments.",2_18,2_30,
Set up public stockholding programmes to address supply chain disruption,"Adopt a holistic approach to food systems by developing urban food strategies that intertwine food policy with urban development strategies, thus connecting the social and economic dimensions of food systems.",2_18,2_31,
Set up public stockholding programmes to address supply chain disruption,"Promote the systematic knowledge sharing of cities’ actions and best practices for sustainable food systems whereby frontrunner cities (e.g. Milan, New York and Strasbourg, among others) can inspire other cities.",2_18,2_32,
Set up public stockholding programmes to address supply chain disruption,"Enhance a circular transition in the food sector through public procurement requirements for canteens and food services, e.g. by applying life cycle and environmental criteria to contribute to sustainable, organic and responsible product supplies whilst minimising and, in the best case, avoiding negative environmental impacts and waste creation.",2_18,2_33,
Set up public stockholding programmes to address supply chain disruption,"Foster circular food systems, e.g. systems for food waste recovery and composting, to close the nutrient loop and reduce landfill waste and by encouraging the use of sustainable and recyclable packaging materials.",2_18,2_34,
Set up public stockholding programmes to address supply chain disruption,"Support surplus food and distribute it to those in need, e.g. food banks and supermarket initiatives.",2_18,2_35,
Set up public stockholding programmes to address supply chain disruption,"require food-related businesses, such as restaurants and supermarkets, to report their food waste data regularly, thereby encouraging better waste management through increased transparency.",2_18,2_36,
"Reduce nutrient losses, use of pesticides, expand sustainable farming",Implement food subsidies to close supply gaps and balance cost increase,2_19,2_20,
"Reduce nutrient losses, use of pesticides, expand sustainable farming",Promote local food production,2_19,2_21,
"Reduce nutrient losses, use of pesticides, expand sustainable farming",Promote a circular economy approach,2_19,2_22,
"Reduce nutrient losses, use of pesticides, expand sustainable farming",Promoting a circular economy approach to the food system,2_19,2_23,
"Reduce nutrient losses, use of pesticides, expand sustainable farming",Promote local/regional food production,2_19,2_24,
"Reduce nutrient losses, use of pesticides, expand sustainable farming",Promote a circular economy approach to reduce food waste,2_19,2_25,
"Reduce nutrient losses, use of pesticides, expand sustainable farming",Raise awareness to educate the population about healthy nutrition,2_19,2_26,
"Reduce nutrient losses, use of pesticides, expand sustainable farming",Combat rising price levels,2_19,2_27,
"Reduce nutrient losses, use of pesticides, expand sustainable farming",Expand social safety net programmes and food assistance,2_19,2_28,
"Reduce nutrient losses, use of pesticides, expand sustainable farming",Promote sustainable food systems.,2_19,2_29,
"Reduce nutrient losses, use of pesticides, expand sustainable farming","Support local and regional food production, e.g. promoting urban and peri-urban agriculture to increase local food production and facilitating the creation of community gardens and allotments.",2_19,2_30,
"Reduce nutrient losses, use of pesticides, expand sustainable farming","Adopt a holistic approach to food systems by developing urban food strategies that intertwine food policy with urban development strategies, thus connecting the social and economic dimensions of food systems.",2_19,2_31,
"Reduce nutrient losses, use of pesticides, expand sustainable farming","Promote the systematic knowledge sharing of cities’ actions and best practices for sustainable food systems whereby frontrunner cities (e.g. Milan, New York and Strasbourg, among others) can inspire other cities.",2_19,2_32,
"Reduce nutrient losses, use of pesticides, expand sustainable farming","Enhance a circular transition in the food sector through public procurement requirements for canteens and food services, e.g. by applying life cycle and environmental criteria to contribute to sustainable, organic and responsible product supplies whilst minimising and, in the best case, avoiding negative environmental impacts and waste creation.",2_19,2_33,
"Reduce nutrient losses, use of pesticides, expand sustainable farming","Foster circular food systems, e.g. systems for food waste recovery and composting, to close the nutrient loop and reduce landfill waste and by encouraging the use of sustainable and recyclable packaging materials.",2_19,2_34,
"Reduce nutrient losses, use of pesticides, expand sustainable farming","Support surplus food and distribute it to those in need, e.g. food banks and supermarket initiatives.",2_19,2_35,
"Reduce nutrient losses, use of pesticides, expand sustainable farming","require food-related businesses, such as restaurants and supermarkets, to report their food waste data regularly, thereby encouraging better waste management through increased transparency.",2_19,2_36,
Implement food subsidies to close supply gaps and balance cost increase,Promote local food production,2_20,2_21,
Implement food subsidies to close supply gaps and balance cost increase,Promote a circular economy approach,2_20,2_22,
Implement food subsidies to close supply gaps and balance cost increase,Promoting a circular economy approach to the food system,2_20,2_23,
Implement food subsidies to close supply gaps and balance cost increase,Promote local/regional food production,2_20,2_24,
Implement food subsidies to close supply gaps and balance cost increase,Promote a circular economy approach to reduce food waste,2_20,2_25,
Implement food subsidies to close supply gaps and balance cost increase,Raise awareness to educate the population about healthy nutrition,2_20,2_26,
Implement food subsidies to close supply gaps and balance cost increase,Combat rising price levels,2_20,2_27,
Implement food subsidies to close supply gaps and balance cost increase,Expand social safety net programmes and food assistance,2_20,2_28,
Implement food subsidies to close supply gaps and balance cost increase,Promote sustainable food systems.,2_20,2_29,
Implement food subsidies to close supply gaps and balance cost increase,"Support local and regional food production, e.g. promoting urban and peri-urban agriculture to increase local food production and facilitating the creation of community gardens and allotments.",2_20,2_30,
Implement food subsidies to close supply gaps and balance cost increase,"Adopt a holistic approach to food systems by developing urban food strategies that intertwine food policy with urban development strategies, thus connecting the social and economic dimensions of food systems.",2_20,2_31,
Implement food subsidies to close supply gaps and balance cost increase,"Promote the systematic knowledge sharing of cities’ actions and best practices for sustainable food systems whereby frontrunner cities (e.g. Milan, New York and Strasbourg, among others) can inspire other cities.",2_20,2_32,
Implement food subsidies to close supply gaps and balance cost increase,"Enhance a circular transition in the food sector through public procurement requirements for canteens and food services, e.g. by applying life cycle and environmental criteria to contribute to sustainable, organic and responsible product supplies whilst minimising and, in the best case, avoiding negative environmental impacts and waste creation.",2_20,2_33,
Implement food subsidies to close supply gaps and balance cost increase,"Foster circular food systems, e.g. systems for food waste recovery and composting, to close the nutrient loop and reduce landfill waste and by encouraging the use of sustainable and recyclable packaging materials.",2_20,2_34,
Implement food subsidies to close supply gaps and balance cost increase,"Support surplus food and distribute it to those in need, e.g. food banks and supermarket initiatives.",2_20,2_35,
Implement food subsidies to close supply gaps and balance cost increase,"require food-related businesses, such as restaurants and supermarkets, to report their food waste data regularly, thereby encouraging better waste management through increased transparency.",2_20,2_36,
Promote local food production,Promote a circular economy approach,2_21,2_22,
Promote local food production,Promoting a circular economy approach to the food system,2_21,2_23,
Promote local food production,Promote local/regional food production,2_21,2_24,
Promote local food production,Promote a circular economy approach to reduce food waste,2_21,2_25,
Promote local food production,Raise awareness to educate the population about healthy nutrition,2_21,2_26,
Promote local food production,Combat rising price levels,2_21,2_27,
Promote local food production,Expand social safety net programmes and food assistance,2_21,2_28,
Promote local food production,Promote sustainable food systems.,2_21,2_29,
Promote local food production,"Support local and regional food production, e.g. promoting urban and peri-urban agriculture to increase local food production and facilitating the creation of community gardens and allotments.",2_21,2_30,
Promote local food production,"Adopt a holistic approach to food systems by developing urban food strategies that intertwine food policy with urban development strategies, thus connecting the social and economic dimensions of food systems.",2_21,2_31,
Promote local food production,"Promote the systematic knowledge sharing of cities’ actions and best practices for sustainable food systems whereby frontrunner cities (e.g. Milan, New York and Strasbourg, among others) can inspire other cities.",2_21,2_32,
Promote local food production,"Enhance a circular transition in the food sector through public procurement requirements for canteens and food services, e.g. by applying life cycle and environmental criteria to contribute to sustainable, organic and responsible product supplies whilst minimising and, in the best case, avoiding negative environmental impacts and waste creation.",2_21,2_33,
Promote local food production,"Foster circular food systems, e.g. systems for food waste recovery and composting, to close the nutrient loop and reduce landfill waste and by encouraging the use of sustainable and recyclable packaging materials.",2_21,2_34,
Promote local food production,"Support surplus food and distribute it to those in need, e.g. food banks and supermarket initiatives.",2_21,2_35,
Promote local food production,"require food-related businesses, such as restaurants and supermarkets, to report their food waste data regularly, thereby encouraging better waste management through increased transparency.",2_21,2_36,
Promote a circular economy approach,Promoting a circular economy approach to the food system,2_22,2_23,
Promote a circular economy approach,Promote local/regional food production,2_22,2_24,
Promote a circular economy approach,Promote a circular economy approach to reduce food waste,2_22,2_25,
Promote a circular economy approach,Raise awareness to educate the population about healthy nutrition,2_22,2_26,
Promote a circular economy approach,Combat rising price levels,2_22,2_27,
Promote a circular economy approach,Expand social safety net programmes and food assistance,2_22,2_28,
Promote a circular economy approach,Promote sustainable food systems.,2_22,2_29,
Promote a circular economy approach,"Support local and regional food production, e.g. promoting urban and peri-urban agriculture to increase local food production and facilitating the creation of community gardens and allotments.",2_22,2_30,
Promote a circular economy approach,"Adopt a holistic approach to food systems by developing urban food strategies that intertwine food policy with urban development strategies, thus connecting the social and economic dimensions of food systems.",2_22,2_31,
Promote a circular economy approach,"Promote the systematic knowledge sharing of cities’ actions and best practices for sustainable food systems whereby frontrunner cities (e.g. Milan, New York and Strasbourg, among others) can inspire other cities.",2_22,2_32,
Promote a circular economy approach,"Enhance a circular transition in the food sector through public procurement requirements for canteens and food services, e.g. by applying life cycle and environmental criteria to contribute to sustainable, organic and responsible product supplies whilst minimising and, in the best case, avoiding negative environmental impacts and waste creation.",2_22,2_33,
Promote a circular economy approach,"Foster circular food systems, e.g. systems for food waste recovery and composting, to close the nutrient loop and reduce landfill waste and by encouraging the use of sustainable and recyclable packaging materials.",2_22,2_34,
Promote a circular economy approach,"Support surplus food and distribute it to those in need, e.g. food banks and supermarket initiatives.",2_22,2_35,
Promote a circular economy approach,"require food-related businesses, such as restaurants and supermarkets, to report their food waste data regularly, thereby encouraging better waste management through increased transparency.",2_22,2_36,
Promoting a circular economy approach to the food system,Promote local/regional food production,2_23,2_24,
Promoting a circular economy approach to the food system,Promote a circular economy approach to reduce food waste,2_23,2_25,
Promoting a circular economy approach to the food system,Raise awareness to educate the population about healthy nutrition,2_23,2_26,
Promoting a circular economy approach to the food system,Combat rising price levels,2_23,2_27,
Promoting a circular economy approach to the food system,Expand social safety net programmes and food assistance,2_23,2_28,
Promoting a circular economy approach to the food system,Promote sustainable food systems.,2_23,2_29,
Promoting a circular economy approach to the food system,"Support local and regional food production, e.g. promoting urban and peri-urban agriculture to increase local food production and facilitating the creation of community gardens and allotments.",2_23,2_30,
Promoting a circular economy approach to the food system,"Adopt a holistic approach to food systems by developing urban food strategies that intertwine food policy with urban development strategies, thus connecting the social and economic dimensions of food systems.",2_23,2_31,
Promoting a circular economy approach to the food system,"Promote the systematic knowledge sharing of cities’ actions and best practices for sustainable food systems whereby frontrunner cities (e.g. Milan, New York and Strasbourg, among others) can inspire other cities.",2_23,2_32,
Promoting a circular economy approach to the food system,"Enhance a circular transition in the food sector through public procurement requirements for canteens and food services, e.g. by applying life cycle and environmental criteria to contribute to sustainable, organic and responsible product supplies whilst minimising and, in the best case, avoiding negative environmental impacts and waste creation.",2_23,2_33,
Promoting a circular economy approach to the food system,"Foster circular food systems, e.g. systems for food waste recovery and composting, to close the nutrient loop and reduce landfill waste and by encouraging the use of sustainable and recyclable packaging materials.",2_23,2_34,
Promoting a circular economy approach to the food system,"Support surplus food and distribute it to those in need, e.g. food banks and supermarket initiatives.",2_23,2_35,
Promoting a circular economy approach to the food system,"require food-related businesses, such as restaurants and supermarkets, to report their food waste data regularly, thereby encouraging better waste management through increased transparency.",2_23,2_36,
Promote local/regional food production,Promote a circular economy approach to reduce food waste,2_24,2_25,
Promote local/regional food production,Raise awareness to educate the population about healthy nutrition,2_24,2_26,
Promote local/regional food production,Combat rising price levels,2_24,2_27,
Promote local/regional food production,Expand social safety net programmes and food assistance,2_24,2_28,
Promote local/regional food production,Promote sustainable food systems.,2_24,2_29,
Promote local/regional food production,"Support local and regional food production, e.g. promoting urban and peri-urban agriculture to increase local food production and facilitating the creation of community gardens and allotments.",2_24,2_30,
Promote local/regional food production,"Adopt a holistic approach to food systems by developing urban food strategies that intertwine food policy with urban development strategies, thus connecting the social and economic dimensions of food systems.",2_24,2_31,
Promote local/regional food production,"Promote the systematic knowledge sharing of cities’ actions and best practices for sustainable food systems whereby frontrunner cities (e.g. Milan, New York and Strasbourg, among others) can inspire other cities.",2_24,2_32,
Promote local/regional food production,"Enhance a circular transition in the food sector through public procurement requirements for canteens and food services, e.g. by applying life cycle and environmental criteria to contribute to sustainable, organic and responsible product supplies whilst minimising and, in the best case, avoiding negative environmental impacts and waste creation.",2_24,2_33,
Promote local/regional food production,"Foster circular food systems, e.g. systems for food waste recovery and composting, to close the nutrient loop and reduce landfill waste and by encouraging the use of sustainable and recyclable packaging materials.",2_24,2_34,
Promote local/regional food production,"Support surplus food and distribute it to those in need, e.g. food banks and supermarket initiatives.",2_24,2_35,
Promote local/regional food production,"require food-related businesses, such as restaurants and supermarkets, to report their food waste data regularly, thereby encouraging better waste management through increased transparency.",2_24,2_36,
Promote a circular economy approach to reduce food waste,Raise awareness to educate the population about healthy nutrition,2_25,2_26,
Promote a circular economy approach to reduce food waste,Combat rising price levels,2_25,2_27,
Promote a circular economy approach to reduce food waste,Expand social safety net programmes and food assistance,2_25,2_28,
Promote a circular economy approach to reduce food waste,Promote sustainable food systems.,2_25,2_29,
Promote a circular economy approach to reduce food waste,"Support local and regional food production, e.g. promoting urban and peri-urban agriculture to increase local food production and facilitating the creation of community gardens and allotments.",2_25,2_30,
Promote a circular economy approach to reduce food waste,"Adopt a holistic approach to food systems by developing urban food strategies that intertwine food policy with urban development strategies, thus connecting the social and economic dimensions of food systems.",2_25,2_31,
Promote a circular economy approach to reduce food waste,"Promote the systematic knowledge sharing of cities’ actions and best practices for sustainable food systems whereby frontrunner cities (e.g. Milan, New York and Strasbourg, among others) can inspire other cities.",2_25,2_32,
Promote a circular economy approach to reduce food waste,"Enhance a circular transition in the food sector through public procurement requirements for canteens and food services, e.g. by applying life cycle and environmental criteria to contribute to sustainable, organic and responsible product supplies whilst minimising and, in the best case, avoiding negative environmental impacts and waste creation.",2_25,2_33,
Promote a circular economy approach to reduce food waste,"Foster circular food systems, e.g. systems for food waste recovery and composting, to close the nutrient loop and reduce landfill waste and by encouraging the use of sustainable and recyclable packaging materials.",2_25,2_34,
Promote a circular economy approach to reduce food waste,"Support surplus food and distribute it to those in need, e.g. food banks and supermarket initiatives.",2_25,2_35,
Promote a circular economy approach to reduce food waste,"require food-related businesses, such as restaurants and supermarkets, to report their food waste data regularly, thereby encouraging better waste management through increased transparency.",2_25,2_36,
Raise awareness to educate the population about healthy nutrition,Combat rising price levels,2_26,2_27,
Raise awareness to educate the population about healthy nutrition,Expand social safety net programmes and food assistance,2_26,2_28,
Raise awareness to educate the population about healthy nutrition,Promote sustainable food systems.,2_26,2_29,
Raise awareness to educate the population about healthy nutrition,"Support local and regional food production, e.g. promoting urban and peri-urban agriculture to increase local food production and facilitating the creation of community gardens and allotments.",2_26,2_30,
Raise awareness to educate the population about healthy nutrition,"Adopt a holistic approach to food systems by developing urban food strategies that intertwine food policy with urban development strategies, thus connecting the social and economic dimensions of food systems.",2_26,2_31,
Raise awareness to educate the population about healthy nutrition,"Promote the systematic knowledge sharing of cities’ actions and best practices for sustainable food systems whereby frontrunner cities (e.g. Milan, New York and Strasbourg, among others) can inspire other cities.",2_26,2_32,
Raise awareness to educate the population about healthy nutrition,"Enhance a circular transition in the food sector through public procurement requirements for canteens and food services, e.g. by applying life cycle and environmental criteria to contribute to sustainable, organic and responsible product supplies whilst minimising and, in the best case, avoiding negative environmental impacts and waste creation.",2_26,2_33,
Raise awareness to educate the population about healthy nutrition,"Foster circular food systems, e.g. systems for food waste recovery and composting, to close the nutrient loop and reduce landfill waste and by encouraging the use of sustainable and recyclable packaging materials.",2_26,2_34,
Raise awareness to educate the population about healthy nutrition,"Support surplus food and distribute it to those in need, e.g. food banks and supermarket initiatives.",2_26,2_35,
Raise awareness to educate the population about healthy nutrition,"require food-related businesses, such as restaurants and supermarkets, to report their food waste data regularly, thereby encouraging better waste management through increased transparency.",2_26,2_36,
Combat rising price levels,Expand social safety net programmes and food assistance,2_27,2_28,
Combat rising price levels,Promote sustainable food systems.,2_27,2_29,
Combat rising price levels,"Support local and regional food production, e.g. promoting urban and peri-urban agriculture to increase local food production and facilitating the creation of community gardens and allotments.",2_27,2_30,
Combat rising price levels,"Adopt a holistic approach to food systems by developing urban food strategies that intertwine food policy with urban development strategies, thus connecting the social and economic dimensions of food systems.",2_27,2_31,
Combat rising price levels,"Promote the systematic knowledge sharing of cities’ actions and best practices for sustainable food systems whereby frontrunner cities (e.g. Milan, New York and Strasbourg, among others) can inspire other cities.",2_27,2_32,
Combat rising price levels,"Enhance a circular transition in the food sector through public procurement requirements for canteens and food services, e.g. by applying life cycle and environmental criteria to contribute to sustainable, organic and responsible product supplies whilst minimising and, in the best case, avoiding negative environmental impacts and waste creation.",2_27,2_33,
Combat rising price levels,"Foster circular food systems, e.g. systems for food waste recovery and composting, to close the nutrient loop and reduce landfill waste and by encouraging the use of sustainable and recyclable packaging materials.",2_27,2_34,
Combat rising price levels,"Support surplus food and distribute it to those in need, e.g. food banks and supermarket initiatives.",2_27,2_35,
Combat rising price levels,"require food-related businesses, such as restaurants and supermarkets, to report their food waste data regularly, thereby encouraging better waste management through increased transparency.",2_27,2_36,
Expand social safety net programmes and food assistance,Promote sustainable food systems.,2_28,2_29,
Expand social safety net programmes and food assistance,"Support local and regional food production, e.g. promoting urban and peri-urban agriculture to increase local food production and facilitating the creation of community gardens and allotments.",2_28,2_30,
Expand social safety net programmes and food assistance,"Adopt a holistic approach to food systems by developing urban food strategies that intertwine food policy with urban development strategies, thus connecting the social and economic dimensions of food systems.",2_28,2_31,
Expand social safety net programmes and food assistance,"Promote the systematic knowledge sharing of cities’ actions and best practices for sustainable food systems whereby frontrunner cities (e.g. Milan, New York and Strasbourg, among others) can inspire other cities.",2_28,2_32,
Expand social safety net programmes and food assistance,"Enhance a circular transition in the food sector through public procurement requirements for canteens and food services, e.g. by applying life cycle and environmental criteria to contribute to sustainable, organic and responsible product supplies whilst minimising and, in the best case, avoiding negative environmental impacts and waste creation.",2_28,2_33,
Expand social safety net programmes and food assistance,"Foster circular food systems, e.g. systems for food waste recovery and composting, to close the nutrient loop and reduce landfill waste and by encouraging the use of sustainable and recyclable packaging materials.",2_28,2_34,
Expand social safety net programmes and food assistance,"Support surplus food and distribute it to those in need, e.g. food banks and supermarket initiatives.",2_28,2_35,
Expand social safety net programmes and food assistance,"require food-related businesses, such as restaurants and supermarkets, to report their food waste data regularly, thereby encouraging better waste management through increased transparency.",2_28,2_36,
Promote sustainable food systems.,"Support local and regional food production, e.g. promoting urban and peri-urban agriculture to increase local food production and facilitating the creation of community gardens and allotments.",2_29,2_30,
Promote sustainable food systems.,"Adopt a holistic approach to food systems by developing urban food strategies that intertwine food policy with urban development strategies, thus connecting the social and economic dimensions of food systems.",2_29,2_31,
Promote sustainable food systems.,"Promote the systematic knowledge sharing of cities’ actions and best practices for sustainable food systems whereby frontrunner cities (e.g. Milan, New York and Strasbourg, among others) can inspire other cities.",2_29,2_32,
Promote sustainable food systems.,"Enhance a circular transition in the food sector through public procurement requirements for canteens and food services, e.g. by applying life cycle and environmental criteria to contribute to sustainable, organic and responsible product supplies whilst minimising and, in the best case, avoiding negative environmental impacts and waste creation.",2_29,2_33,
Promote sustainable food systems.,"Foster circular food systems, e.g. systems for food waste recovery and composting, to close the nutrient loop and reduce landfill waste and by encouraging the use of sustainable and recyclable packaging materials.",2_29,2_34,
Promote sustainable food systems.,"Support surplus food and distribute it to those in need, e.g. food banks and supermarket initiatives.",2_29,2_35,
Promote sustainable food systems.,"require food-related businesses, such as restaurants and supermarkets, to report their food waste data regularly, thereby encouraging better waste management through increased transparency.",2_29,2_36,
"Support local and regional food production, e.g. promoting urban and peri-urban agriculture to increase local food production and facilitating the creation of community gardens and allotments.","Adopt a holistic approach to food systems by developing urban food strategies that intertwine food policy with urban development strategies, thus connecting the social and economic dimensions of food systems.",2_30,2_31,
"Support local and regional food production, e.g. promoting urban and peri-urban agriculture to increase local food production and facilitating the creation of community gardens and allotments.","Promote the systematic knowledge sharing of cities’ actions and best practices for sustainable food systems whereby frontrunner cities (e.g. Milan, New York and Strasbourg, among others) can inspire other cities.",2_30,2_32,
"Support local and regional food production, e.g. promoting urban and peri-urban agriculture to increase local food production and facilitating the creation of community gardens and allotments.","Enhance a circular transition in the food sector through public procurement requirements for canteens and food services, e.g. by applying life cycle and environmental criteria to contribute to sustainable, organic and responsible product supplies whilst minimising and, in the best case, avoiding negative environmental impacts and waste creation.",2_30,2_33,
"Support local and regional food production, e.g. promoting urban and peri-urban agriculture to increase local food production and facilitating the creation of community gardens and allotments.","Foster circular food systems, e.g. systems for food waste recovery and composting, to close the nutrient loop and reduce landfill waste and by encouraging the use of sustainable and recyclable packaging materials.",2_30,2_34,
"Support local and regional food production, e.g. promoting urban and peri-urban agriculture to increase local food production and facilitating the creation of community gardens and allotments.","Support surplus food and distribute it to those in need, e.g. food banks and supermarket initiatives.",2_30,2_35,
"Support local and regional food production, e.g. promoting urban and peri-urban agriculture to increase local food production and facilitating the creation of community gardens and allotments.","require food-related businesses, such as restaurants and supermarkets, to report their food waste data regularly, thereby encouraging better waste management through increased transparency.",2_30,2_36,
"Adopt a holistic approach to food systems by developing urban food strategies that intertwine food policy with urban development strategies, thus connecting the social and economic dimensions of food systems.","Promote the systematic knowledge sharing of cities’ actions and best practices for sustainable food systems whereby frontrunner cities (e.g. Milan, New York and Strasbourg, among others) can inspire other cities.",2_31,2_32,
"Adopt a holistic approach to food systems by developing urban food strategies that intertwine food policy with urban development strategies, thus connecting the social and economic dimensions of food systems.","Enhance a circular transition in the food sector through public procurement requirements for canteens and food services, e.g. by applying life cycle and environmental criteria to contribute to sustainable, organic and responsible product supplies whilst minimising and, in the best case, avoiding negative environmental impacts and waste creation.",2_31,2_33,
"Adopt a holistic approach to food systems by developing urban food strategies that intertwine food policy with urban development strategies, thus connecting the social and economic dimensions of food systems.","Foster circular food systems, e.g. systems for food waste recovery and composting, to close the nutrient loop and reduce landfill waste and by encouraging the use of sustainable and recyclable packaging materials.",2_31,2_34,
"Adopt a holistic approach to food systems by developing urban food strategies that intertwine food policy with urban development strategies, thus connecting the social and economic dimensions of food systems.","Support surplus food and distribute it to those in need, e.g. food banks and supermarket initiatives.",2_31,2_35,
"Adopt a holistic approach to food systems by developing urban food strategies that intertwine food policy with urban development strategies, thus connecting the social and economic dimensions of food systems.","require food-related businesses, such as restaurants and supermarkets, to report their food waste data regularly, thereby encouraging better waste management through increased transparency.",2_31,2_36,
"Promote the systematic knowledge sharing of cities’ actions and best practices for sustainable food systems whereby frontrunner cities (e.g. Milan, New York and Strasbourg, among others) can inspire other cities.","Enhance a circular transition in the food sector through public procurement requirements for canteens and food services, e.g. by applying life cycle and environmental criteria to contribute to sustainable, organic and responsible product supplies whilst minimising and, in the best case, avoiding negative environmental impacts and waste creation.",2_32,2_33,
"Promote the systematic knowledge sharing of cities’ actions and best practices for sustainable food systems whereby frontrunner cities (e.g. Milan, New York and Strasbourg, among others) can inspire other cities.","Foster circular food systems, e.g. systems for food waste recovery and composting, to close the nutrient loop and reduce landfill waste and by encouraging the use of sustainable and recyclable packaging materials.",2_32,2_34,
"Promote the systematic knowledge sharing of cities’ actions and best practices for sustainable food systems whereby frontrunner cities (e.g. Milan, New York and Strasbourg, among others) can inspire other cities.","Support surplus food and distribute it to those in need, e.g. food banks and supermarket initiatives.",2_32,2_35,
"Promote the systematic knowledge sharing of cities’ actions and best practices for sustainable food systems whereby frontrunner cities (e.g. Milan, New York and Strasbourg, among others) can inspire other cities.","require food-related businesses, such as restaurants and supermarkets, to report their food waste data regularly, thereby encouraging better waste management through increased transparency.",2_32,2_36,
"Enhance a circular transition in the food sector through public procurement requirements for canteens and food services, e.g. by applying life cycle and environmental criteria to contribute to sustainable, organic and responsible product supplies whilst minimising and, in the best case, avoiding negative environmental impacts and waste creation.","Foster circular food systems, e.g. systems for food waste recovery and composting, to close the nutrient loop and reduce landfill waste and by encouraging the use of sustainable and recyclable packaging materials.",2_33,2_34,
"Enhance a circular transition in the food sector through public procurement requirements for canteens and food services, e.g. by applying life cycle and environmental criteria to contribute to sustainable, organic and responsible product supplies whilst minimising and, in the best case, avoiding negative environmental impacts and waste creation.","Support surplus food and distribute it to those in need, e.g. food banks and supermarket initiatives.",2_33,2_35,
"Enhance a circular transition in the food sector through public procurement requirements for canteens and food services, e.g. by applying life cycle and environmental criteria to contribute to sustainable, organic and responsible product supplies whilst minimising and, in the best case, avoiding negative environmental impacts and waste creation.","require food-related businesses, such as restaurants and supermarkets, to report their food waste data regularly, thereby encouraging better waste management through increased transparency.",2_33,2_36,
"Foster circular food systems, e.g. systems for food waste recovery and composting, to close the nutrient loop and reduce landfill waste and by encouraging the use of sustainable and recyclable packaging materials.","Support surplus food and distribute it to those in need, e.g. food banks and supermarket initiatives.",2_34,2_35,
"Foster circular food systems, e.g. systems for food waste recovery and composting, to close the nutrient loop and reduce landfill waste and by encouraging the use of sustainable and recyclable packaging materials.","require food-related businesses, such as restaurants and supermarkets, to report their food waste data regularly, thereby encouraging better waste management through increased transparency.",2_34,2_36,
"Support surplus food and distribute it to those in need, e.g. food banks and supermarket initiatives.","require food-related businesses, such as restaurants and supermarkets, to report their food waste data regularly, thereby encouraging better waste management through increased transparency.",2_35,2_36,
"The SDGs on poverty, food, health, education and gender","70% of territorial stakeholders registered an impact on health and well-being, compared to 47% among LRGs.",3_0,3_1,
"The SDGs on poverty, food, health, education and gender",Raise awareness to educate the population about healthy nutrition,3_0,3_2,
"The SDGs on poverty, food, health, education and gender","Provide the local population with resources and education on budgeting, saving and financial management during times of economic stress, e.g. through financial literacy programmes (SDGs 1, 4 and 10).",3_0,3_3,
"70% of territorial stakeholders registered an impact on health and well-being, compared to 47% among LRGs.",Raise awareness to educate the population about healthy nutrition,3_1,3_2,
"70% of territorial stakeholders registered an impact on health and well-being, compared to 47% among LRGs.","Provide the local population with resources and education on budgeting, saving and financial management during times of economic stress, e.g. through financial literacy programmes (SDGs 1, 4 and 10).",3_1,3_3,
Raise awareness to educate the population about healthy nutrition,"Provide the local population with resources and education on budgeting, saving and financial management during times of economic stress, e.g. through financial literacy programmes (SDGs 1, 4 and 10).",3_2,3_3,
"LRGs consider the People dimension (SDGs 1 to 5) to be the most important post-COVID-19 challenge, which encompasses the SDGs on poverty, food, health, education and gender.","Among the 5 dimensions of the 2030 Agenda, 45% of LRGs consider the people dimension (SDGs 1-5) to be the most important post-COVID-19 challenge",5_0,5_1,
"rises in price levels and energy costs, alongside disruptions in global food markets, have adversely affected SDG targets related to poverty and inequality (SDGs 1 and 10), affordable energy (SDG 7) and food security (SDG 2).",putting the achievement of SDG 7 at risk,7_0,7_1,
"rises in price levels and energy costs, alongside disruptions in global food markets, have adversely affected SDG targets related to poverty and inequality (SDGs 1 and 10), affordable energy (SDG 7) and food security (SDG 2).",decarbonisation in both production and in consumption,7_0,7_2,
"rises in price levels and energy costs, alongside disruptions in global food markets, have adversely affected SDG targets related to poverty and inequality (SDGs 1 and 10), affordable energy (SDG 7) and food security (SDG 2).",incentivising decarbonisation in both production and in consumption,7_0,7_3,
"rises in price levels and energy costs, alongside disruptions in global food markets, have adversely affected SDG targets related to poverty and inequality (SDGs 1 and 10), affordable energy (SDG 7) and food security (SDG 2).",increases in energy price levels and associated measures such as increasing demand for renewable and domestic energy sources (SDG 7),7_0,7_4,
"rises in price levels and energy costs, alongside disruptions in global food markets, have adversely affected SDG targets related to poverty and inequality (SDGs 1 and 10), affordable energy (SDG 7) and food security (SDG 2).",increasing demand for renewable and domestic energy sources (SDG 7),7_0,7_5,
"rises in price levels and energy costs, alongside disruptions in global food markets, have adversely affected SDG targets related to poverty and inequality (SDGs 1 and 10), affordable energy (SDG 7) and food security (SDG 2).",SDG 7 Affordable and clean energy has gained importance for LRGs since the start of Russia’s war of aggression against Ukraine.,7_0,7_6,
"rises in price levels and energy costs, alongside disruptions in global food markets, have adversely affected SDG targets related to poverty and inequality (SDGs 1 and 10), affordable energy (SDG 7) and food security (SDG 2).",Thirty-six percent also reported that they reduced their dependence on imported energy.,7_0,7_7,
"rises in price levels and energy costs, alongside disruptions in global food markets, have adversely affected SDG targets related to poverty and inequality (SDGs 1 and 10), affordable energy (SDG 7) and food security (SDG 2).",Shifting from fossil fuels to zero-carbon sources of energy (44%) and improving energy efficiency in the built environment (37%) are the 2 main priorities of LRGs to achieve SDG 7.,7_0,7_8,
"rises in price levels and energy costs, alongside disruptions in global food markets, have adversely affected SDG targets related to poverty and inequality (SDGs 1 and 10), affordable energy (SDG 7) and food security (SDG 2).","Incentivise decarbonisation both in production and consumption. To achieve SDG 7 and encourage the decarbonisation of energy production, energy efficiency improvements in buildings and the electrification of current fossil fuel use",7_0,7_9,
"rises in price levels and energy costs, alongside disruptions in global food markets, have adversely affected SDG targets related to poverty and inequality (SDGs 1 and 10), affordable energy (SDG 7) and food security (SDG 2).",facilitate access to clean and affordable energy,7_0,7_10,
"rises in price levels and energy costs, alongside disruptions in global food markets, have adversely affected SDG targets related to poverty and inequality (SDGs 1 and 10), affordable energy (SDG 7) and food security (SDG 2).","addressing high inflation, disruptions in global food value chains and rising energy prices",7_0,7_11,
"rises in price levels and energy costs, alongside disruptions in global food markets, have adversely affected SDG targets related to poverty and inequality (SDGs 1 and 10), affordable energy (SDG 7) and food security (SDG 2).",Impact of Russia’s war of aggression against Ukraine on SDG 7 Clean and affordable energy.,7_0,7_12,
"rises in price levels and energy costs, alongside disruptions in global food markets, have adversely affected SDG targets related to poverty and inequality (SDGs 1 and 10), affordable energy (SDG 7) and food security (SDG 2).",Policies and strategies to best transition to cleaner energy production.,7_0,7_13,
"rises in price levels and energy costs, alongside disruptions in global food markets, have adversely affected SDG targets related to poverty and inequality (SDGs 1 and 10), affordable energy (SDG 7) and food security (SDG 2).",Awareness-raising campaigns are the primary vehicle that local and regional governments deploy to achieve the SDGs,7_0,7_14,
"rises in price levels and energy costs, alongside disruptions in global food markets, have adversely affected SDG targets related to poverty and inequality (SDGs 1 and 10), affordable energy (SDG 7) and food security (SDG 2).",switching from fossil fuels to zero-carbon sources and decarbonising the built environment as the two most promising strategies for transitioning to cleaner energy production,7_0,7_15,
"rises in price levels and energy costs, alongside disruptions in global food markets, have adversely affected SDG targets related to poverty and inequality (SDGs 1 and 10), affordable energy (SDG 7) and food security (SDG 2).",almost 60% of them prioritised the efficient delivery of social and community services for disadvantaged groups and equitable access to education to reduce inequalities,7_0,7_16,
"rises in price levels and energy costs, alongside disruptions in global food markets, have adversely affected SDG targets related to poverty and inequality (SDGs 1 and 10), affordable energy (SDG 7) and food security (SDG 2).",Reduction of street lighting (SDGs 7 and 13),7_0,7_17,
"rises in price levels and energy costs, alongside disruptions in global food markets, have adversely affected SDG targets related to poverty and inequality (SDGs 1 and 10), affordable energy (SDG 7) and food security (SDG 2).",Achieving SDG 7 on Clean and affordable energy has gained greater prominence for most local and regional governments since the outbreak of Russia’s war of aggression against Ukraine,7_0,7_18,
"rises in price levels and energy costs, alongside disruptions in global food markets, have adversely affected SDG targets related to poverty and inequality (SDGs 1 and 10), affordable energy (SDG 7) and food security (SDG 2).",SDG 7 has gained importance for local and regional governments since the start of Russia’s war of aggression against Ukraine,7_0,7_19,
"rises in price levels and energy costs, alongside disruptions in global food markets, have adversely affected SDG targets related to poverty and inequality (SDGs 1 and 10), affordable energy (SDG 7) and food security (SDG 2).","Figure 4.5. Since the outbreak of the Russia’s war of aggression against Ukraine, the achievement of SDG 7 (Clean and affordable energy) in my city/region has…",7_0,7_20,
"rises in price levels and energy costs, alongside disruptions in global food markets, have adversely affected SDG targets related to poverty and inequality (SDGs 1 and 10), affordable energy (SDG 7) and food security (SDG 2).",LRGs and public energy providers have increased the share of renewables or reduced their dependence on imported energy,7_0,7_21,
"rises in price levels and energy costs, alongside disruptions in global food markets, have adversely affected SDG targets related to poverty and inequality (SDGs 1 and 10), affordable energy (SDG 7) and food security (SDG 2).",36% of cities and regions or their public energy provider to increase the share of renewable energy in their energy mix,7_0,7_22,
"rises in price levels and energy costs, alongside disruptions in global food markets, have adversely affected SDG targets related to poverty and inequality (SDGs 1 and 10), affordable energy (SDG 7) and food security (SDG 2).",Increased renewable energy,7_0,7_23,
"rises in price levels and energy costs, alongside disruptions in global food markets, have adversely affected SDG targets related to poverty and inequality (SDGs 1 and 10), affordable energy (SDG 7) and food security (SDG 2).",Tried to reduce the dependence on imported energy,7_0,7_24,
"rises in price levels and energy costs, alongside disruptions in global food markets, have adversely affected SDG targets related to poverty and inequality (SDGs 1 and 10), affordable energy (SDG 7) and food security (SDG 2).",Diversified the sourcing of energy,7_0,7_25,
"rises in price levels and energy costs, alongside disruptions in global food markets, have adversely affected SDG targets related to poverty and inequality (SDGs 1 and 10), affordable energy (SDG 7) and food security (SDG 2).",Increased non-renewable energy,7_0,7_26,
"rises in price levels and energy costs, alongside disruptions in global food markets, have adversely affected SDG targets related to poverty and inequality (SDGs 1 and 10), affordable energy (SDG 7) and food security (SDG 2).","To achieve SDG 7, local and regional governments are prioritising decarbonising fuel sources and improving energy efficiency in the built environment",7_0,7_27,
"rises in price levels and energy costs, alongside disruptions in global food markets, have adversely affected SDG targets related to poverty and inequality (SDGs 1 and 10), affordable energy (SDG 7) and food security (SDG 2).",Decarbonising and improving energy efficiency in the built environment are the two top priorities of LRGs for SDG 7,7_0,7_28,
"rises in price levels and energy costs, alongside disruptions in global food markets, have adversely affected SDG targets related to poverty and inequality (SDGs 1 and 10), affordable energy (SDG 7) and food security (SDG 2).",Most territorial stakeholders (52%) also responded that decarbonising by shifting from fossil fuels to zero-carbon fuel sources would help their city or region in its energy transition to achieve SDG 7,7_0,7_29,
"rises in price levels and energy costs, alongside disruptions in global food markets, have adversely affected SDG targets related to poverty and inequality (SDGs 1 and 10), affordable energy (SDG 7) and food security (SDG 2).",Decarbonising fuel sources and improving energy efficiency in the built environment are the two top priorities of LRGs for SDG 7,7_0,7_30,
"rises in price levels and energy costs, alongside disruptions in global food markets, have adversely affected SDG targets related to poverty and inequality (SDGs 1 and 10), affordable energy (SDG 7) and food security (SDG 2).",e.g. through financial literacy programmes,7_0,7_31,
"rises in price levels and energy costs, alongside disruptions in global food markets, have adversely affected SDG targets related to poverty and inequality (SDGs 1 and 10), affordable energy (SDG 7) and food security (SDG 2).","In order to contribute to SDG 7, LRGs need to encourage the decarbonisation of energy production, energy efficiency improvements in buildings, industry and transport sectors and the electrification of current fossil fuel use.",7_0,7_32,
"rises in price levels and energy costs, alongside disruptions in global food markets, have adversely affected SDG targets related to poverty and inequality (SDGs 1 and 10), affordable energy (SDG 7) and food security (SDG 2).",LRGs can negotiate long-term power purchase agreements with energy providers to finance the installation of greener sources of energy over the medium term.,7_0,7_33,
"rises in price levels and energy costs, alongside disruptions in global food markets, have adversely affected SDG targets related to poverty and inequality (SDGs 1 and 10), affordable energy (SDG 7) and food security (SDG 2).",LRGs should: Set ambitious energy performance standards and regulations for new construction.,7_0,7_34,
"rises in price levels and energy costs, alongside disruptions in global food markets, have adversely affected SDG targets related to poverty and inequality (SDGs 1 and 10), affordable energy (SDG 7) and food security (SDG 2).","LRGs, where possible, should: Progressively electrify LRG-owned transport fleets (personal, utility and maintenance vehicles).",7_0,7_35,
putting the achievement of SDG 7 at risk,decarbonisation in both production and in consumption,7_1,7_2,
putting the achievement of SDG 7 at risk,incentivising decarbonisation in both production and in consumption,7_1,7_3,
putting the achievement of SDG 7 at risk,increases in energy price levels and associated measures such as increasing demand for renewable and domestic energy sources (SDG 7),7_1,7_4,
putting the achievement of SDG 7 at risk,increasing demand for renewable and domestic energy sources (SDG 7),7_1,7_5,
putting the achievement of SDG 7 at risk,SDG 7 Affordable and clean energy has gained importance for LRGs since the start of Russia’s war of aggression against Ukraine.,7_1,7_6,
putting the achievement of SDG 7 at risk,Thirty-six percent also reported that they reduced their dependence on imported energy.,7_1,7_7,
putting the achievement of SDG 7 at risk,Shifting from fossil fuels to zero-carbon sources of energy (44%) and improving energy efficiency in the built environment (37%) are the 2 main priorities of LRGs to achieve SDG 7.,7_1,7_8,
putting the achievement of SDG 7 at risk,"Incentivise decarbonisation both in production and consumption. To achieve SDG 7 and encourage the decarbonisation of energy production, energy efficiency improvements in buildings and the electrification of current fossil fuel use",7_1,7_9,
putting the achievement of SDG 7 at risk,facilitate access to clean and affordable energy,7_1,7_10,
putting the achievement of SDG 7 at risk,"addressing high inflation, disruptions in global food value chains and rising energy prices",7_1,7_11,
putting the achievement of SDG 7 at risk,Impact of Russia’s war of aggression against Ukraine on SDG 7 Clean and affordable energy.,7_1,7_12,
putting the achievement of SDG 7 at risk,Policies and strategies to best transition to cleaner energy production.,7_1,7_13,
putting the achievement of SDG 7 at risk,Awareness-raising campaigns are the primary vehicle that local and regional governments deploy to achieve the SDGs,7_1,7_14,
putting the achievement of SDG 7 at risk,switching from fossil fuels to zero-carbon sources and decarbonising the built environment as the two most promising strategies for transitioning to cleaner energy production,7_1,7_15,
putting the achievement of SDG 7 at risk,almost 60% of them prioritised the efficient delivery of social and community services for disadvantaged groups and equitable access to education to reduce inequalities,7_1,7_16,
putting the achievement of SDG 7 at risk,Reduction of street lighting (SDGs 7 and 13),7_1,7_17,
putting the achievement of SDG 7 at risk,Achieving SDG 7 on Clean and affordable energy has gained greater prominence for most local and regional governments since the outbreak of Russia’s war of aggression against Ukraine,7_1,7_18,
putting the achievement of SDG 7 at risk,SDG 7 has gained importance for local and regional governments since the start of Russia’s war of aggression against Ukraine,7_1,7_19,
putting the achievement of SDG 7 at risk,"Figure 4.5. Since the outbreak of the Russia’s war of aggression against Ukraine, the achievement of SDG 7 (Clean and affordable energy) in my city/region has…",7_1,7_20,
putting the achievement of SDG 7 at risk,LRGs and public energy providers have increased the share of renewables or reduced their dependence on imported energy,7_1,7_21,
putting the achievement of SDG 7 at risk,36% of cities and regions or their public energy provider to increase the share of renewable energy in their energy mix,7_1,7_22,
putting the achievement of SDG 7 at risk,Increased renewable energy,7_1,7_23,
putting the achievement of SDG 7 at risk,Tried to reduce the dependence on imported energy,7_1,7_24,
putting the achievement of SDG 7 at risk,Diversified the sourcing of energy,7_1,7_25,
putting the achievement of SDG 7 at risk,Increased non-renewable energy,7_1,7_26,
putting the achievement of SDG 7 at risk,"To achieve SDG 7, local and regional governments are prioritising decarbonising fuel sources and improving energy efficiency in the built environment",7_1,7_27,
putting the achievement of SDG 7 at risk,Decarbonising and improving energy efficiency in the built environment are the two top priorities of LRGs for SDG 7,7_1,7_28,
putting the achievement of SDG 7 at risk,Most territorial stakeholders (52%) also responded that decarbonising by shifting from fossil fuels to zero-carbon fuel sources would help their city or region in its energy transition to achieve SDG 7,7_1,7_29,
putting the achievement of SDG 7 at risk,Decarbonising fuel sources and improving energy efficiency in the built environment are the two top priorities of LRGs for SDG 7,7_1,7_30,
putting the achievement of SDG 7 at risk,e.g. through financial literacy programmes,7_1,7_31,
putting the achievement of SDG 7 at risk,"In order to contribute to SDG 7, LRGs need to encourage the decarbonisation of energy production, energy efficiency improvements in buildings, industry and transport sectors and the electrification of current fossil fuel use.",7_1,7_32,
putting the achievement of SDG 7 at risk,LRGs can negotiate long-term power purchase agreements with energy providers to finance the installation of greener sources of energy over the medium term.,7_1,7_33,
putting the achievement of SDG 7 at risk,LRGs should: Set ambitious energy performance standards and regulations for new construction.,7_1,7_34,
putting the achievement of SDG 7 at risk,"LRGs, where possible, should: Progressively electrify LRG-owned transport fleets (personal, utility and maintenance vehicles).",7_1,7_35,
decarbonisation in both production and in consumption,incentivising decarbonisation in both production and in consumption,7_2,7_3,
decarbonisation in both production and in consumption,increases in energy price levels and associated measures such as increasing demand for renewable and domestic energy sources (SDG 7),7_2,7_4,
decarbonisation in both production and in consumption,increasing demand for renewable and domestic energy sources (SDG 7),7_2,7_5,
decarbonisation in both production and in consumption,SDG 7 Affordable and clean energy has gained importance for LRGs since the start of Russia’s war of aggression against Ukraine.,7_2,7_6,
decarbonisation in both production and in consumption,Thirty-six percent also reported that they reduced their dependence on imported energy.,7_2,7_7,
decarbonisation in both production and in consumption,Shifting from fossil fuels to zero-carbon sources of energy (44%) and improving energy efficiency in the built environment (37%) are the 2 main priorities of LRGs to achieve SDG 7.,7_2,7_8,
decarbonisation in both production and in consumption,"Incentivise decarbonisation both in production and consumption. To achieve SDG 7 and encourage the decarbonisation of energy production, energy efficiency improvements in buildings and the electrification of current fossil fuel use",7_2,7_9,
decarbonisation in both production and in consumption,facilitate access to clean and affordable energy,7_2,7_10,
decarbonisation in both production and in consumption,"addressing high inflation, disruptions in global food value chains and rising energy prices",7_2,7_11,
decarbonisation in both production and in consumption,Impact of Russia’s war of aggression against Ukraine on SDG 7 Clean and affordable energy.,7_2,7_12,
decarbonisation in both production and in consumption,Policies and strategies to best transition to cleaner energy production.,7_2,7_13,
decarbonisation in both production and in consumption,Awareness-raising campaigns are the primary vehicle that local and regional governments deploy to achieve the SDGs,7_2,7_14,
decarbonisation in both production and in consumption,switching from fossil fuels to zero-carbon sources and decarbonising the built environment as the two most promising strategies for transitioning to cleaner energy production,7_2,7_15,
decarbonisation in both production and in consumption,almost 60% of them prioritised the efficient delivery of social and community services for disadvantaged groups and equitable access to education to reduce inequalities,7_2,7_16,
decarbonisation in both production and in consumption,Reduction of street lighting (SDGs 7 and 13),7_2,7_17,
decarbonisation in both production and in consumption,Achieving SDG 7 on Clean and affordable energy has gained greater prominence for most local and regional governments since the outbreak of Russia’s war of aggression against Ukraine,7_2,7_18,
decarbonisation in both production and in consumption,SDG 7 has gained importance for local and regional governments since the start of Russia’s war of aggression against Ukraine,7_2,7_19,
decarbonisation in both production and in consumption,"Figure 4.5. Since the outbreak of the Russia’s war of aggression against Ukraine, the achievement of SDG 7 (Clean and affordable energy) in my city/region has…",7_2,7_20,
decarbonisation in both production and in consumption,LRGs and public energy providers have increased the share of renewables or reduced their dependence on imported energy,7_2,7_21,
decarbonisation in both production and in consumption,36% of cities and regions or their public energy provider to increase the share of renewable energy in their energy mix,7_2,7_22,
decarbonisation in both production and in consumption,Increased renewable energy,7_2,7_23,
decarbonisation in both production and in consumption,Tried to reduce the dependence on imported energy,7_2,7_24,
decarbonisation in both production and in consumption,Diversified the sourcing of energy,7_2,7_25,
decarbonisation in both production and in consumption,Increased non-renewable energy,7_2,7_26,
decarbonisation in both production and in consumption,"To achieve SDG 7, local and regional governments are prioritising decarbonising fuel sources and improving energy efficiency in the built environment",7_2,7_27,
decarbonisation in both production and in consumption,Decarbonising and improving energy efficiency in the built environment are the two top priorities of LRGs for SDG 7,7_2,7_28,
decarbonisation in both production and in consumption,Most territorial stakeholders (52%) also responded that decarbonising by shifting from fossil fuels to zero-carbon fuel sources would help their city or region in its energy transition to achieve SDG 7,7_2,7_29,
decarbonisation in both production and in consumption,Decarbonising fuel sources and improving energy efficiency in the built environment are the two top priorities of LRGs for SDG 7,7_2,7_30,
decarbonisation in both production and in consumption,e.g. through financial literacy programmes,7_2,7_31,
decarbonisation in both production and in consumption,"In order to contribute to SDG 7, LRGs need to encourage the decarbonisation of energy production, energy efficiency improvements in buildings, industry and transport sectors and the electrification of current fossil fuel use.",7_2,7_32,
decarbonisation in both production and in consumption,LRGs can negotiate long-term power purchase agreements with energy providers to finance the installation of greener sources of energy over the medium term.,7_2,7_33,
decarbonisation in both production and in consumption,LRGs should: Set ambitious energy performance standards and regulations for new construction.,7_2,7_34,
decarbonisation in both production and in consumption,"LRGs, where possible, should: Progressively electrify LRG-owned transport fleets (personal, utility and maintenance vehicles).",7_2,7_35,
incentivising decarbonisation in both production and in consumption,increases in energy price levels and associated measures such as increasing demand for renewable and domestic energy sources (SDG 7),7_3,7_4,
incentivising decarbonisation in both production and in consumption,increasing demand for renewable and domestic energy sources (SDG 7),7_3,7_5,
incentivising decarbonisation in both production and in consumption,SDG 7 Affordable and clean energy has gained importance for LRGs since the start of Russia’s war of aggression against Ukraine.,7_3,7_6,
incentivising decarbonisation in both production and in consumption,Thirty-six percent also reported that they reduced their dependence on imported energy.,7_3,7_7,
incentivising decarbonisation in both production and in consumption,Shifting from fossil fuels to zero-carbon sources of energy (44%) and improving energy efficiency in the built environment (37%) are the 2 main priorities of LRGs to achieve SDG 7.,7_3,7_8,
incentivising decarbonisation in both production and in consumption,"Incentivise decarbonisation both in production and consumption. To achieve SDG 7 and encourage the decarbonisation of energy production, energy efficiency improvements in buildings and the electrification of current fossil fuel use",7_3,7_9,
incentivising decarbonisation in both production and in consumption,facilitate access to clean and affordable energy,7_3,7_10,
incentivising decarbonisation in both production and in consumption,"addressing high inflation, disruptions in global food value chains and rising energy prices",7_3,7_11,
incentivising decarbonisation in both production and in consumption,Impact of Russia’s war of aggression against Ukraine on SDG 7 Clean and affordable energy.,7_3,7_12,
incentivising decarbonisation in both production and in consumption,Policies and strategies to best transition to cleaner energy production.,7_3,7_13,
incentivising decarbonisation in both production and in consumption,Awareness-raising campaigns are the primary vehicle that local and regional governments deploy to achieve the SDGs,7_3,7_14,
incentivising decarbonisation in both production and in consumption,switching from fossil fuels to zero-carbon sources and decarbonising the built environment as the two most promising strategies for transitioning to cleaner energy production,7_3,7_15,
incentivising decarbonisation in both production and in consumption,almost 60% of them prioritised the efficient delivery of social and community services for disadvantaged groups and equitable access to education to reduce inequalities,7_3,7_16,
incentivising decarbonisation in both production and in consumption,Reduction of street lighting (SDGs 7 and 13),7_3,7_17,
incentivising decarbonisation in both production and in consumption,Achieving SDG 7 on Clean and affordable energy has gained greater prominence for most local and regional governments since the outbreak of Russia’s war of aggression against Ukraine,7_3,7_18,
incentivising decarbonisation in both production and in consumption,SDG 7 has gained importance for local and regional governments since the start of Russia’s war of aggression against Ukraine,7_3,7_19,
incentivising decarbonisation in both production and in consumption,"Figure 4.5. Since the outbreak of the Russia’s war of aggression against Ukraine, the achievement of SDG 7 (Clean and affordable energy) in my city/region has…",7_3,7_20,
incentivising decarbonisation in both production and in consumption,LRGs and public energy providers have increased the share of renewables or reduced their dependence on imported energy,7_3,7_21,
incentivising decarbonisation in both production and in consumption,36% of cities and regions or their public energy provider to increase the share of renewable energy in their energy mix,7_3,7_22,
incentivising decarbonisation in both production and in consumption,Increased renewable energy,7_3,7_23,
incentivising decarbonisation in both production and in consumption,Tried to reduce the dependence on imported energy,7_3,7_24,
incentivising decarbonisation in both production and in consumption,Diversified the sourcing of energy,7_3,7_25,
incentivising decarbonisation in both production and in consumption,Increased non-renewable energy,7_3,7_26,
incentivising decarbonisation in both production and in consumption,"To achieve SDG 7, local and regional governments are prioritising decarbonising fuel sources and improving energy efficiency in the built environment",7_3,7_27,
incentivising decarbonisation in both production and in consumption,Decarbonising and improving energy efficiency in the built environment are the two top priorities of LRGs for SDG 7,7_3,7_28,
incentivising decarbonisation in both production and in consumption,Most territorial stakeholders (52%) also responded that decarbonising by shifting from fossil fuels to zero-carbon fuel sources would help their city or region in its energy transition to achieve SDG 7,7_3,7_29,
incentivising decarbonisation in both production and in consumption,Decarbonising fuel sources and improving energy efficiency in the built environment are the two top priorities of LRGs for SDG 7,7_3,7_30,
incentivising decarbonisation in both production and in consumption,e.g. through financial literacy programmes,7_3,7_31,
incentivising decarbonisation in both production and in consumption,"In order to contribute to SDG 7, LRGs need to encourage the decarbonisation of energy production, energy efficiency improvements in buildings, industry and transport sectors and the electrification of current fossil fuel use.",7_3,7_32,
incentivising decarbonisation in both production and in consumption,LRGs can negotiate long-term power purchase agreements with energy providers to finance the installation of greener sources of energy over the medium term.,7_3,7_33,
incentivising decarbonisation in both production and in consumption,LRGs should: Set ambitious energy performance standards and regulations for new construction.,7_3,7_34,
incentivising decarbonisation in both production and in consumption,"LRGs, where possible, should: Progressively electrify LRG-owned transport fleets (personal, utility and maintenance vehicles).",7_3,7_35,
increases in energy price levels and associated measures such as increasing demand for renewable and domestic energy sources (SDG 7),increasing demand for renewable and domestic energy sources (SDG 7),7_4,7_5,
increases in energy price levels and associated measures such as increasing demand for renewable and domestic energy sources (SDG 7),SDG 7 Affordable and clean energy has gained importance for LRGs since the start of Russia’s war of aggression against Ukraine.,7_4,7_6,
increases in energy price levels and associated measures such as increasing demand for renewable and domestic energy sources (SDG 7),Thirty-six percent also reported that they reduced their dependence on imported energy.,7_4,7_7,
increases in energy price levels and associated measures such as increasing demand for renewable and domestic energy sources (SDG 7),Shifting from fossil fuels to zero-carbon sources of energy (44%) and improving energy efficiency in the built environment (37%) are the 2 main priorities of LRGs to achieve SDG 7.,7_4,7_8,
increases in energy price levels and associated measures such as increasing demand for renewable and domestic energy sources (SDG 7),"Incentivise decarbonisation both in production and consumption. To achieve SDG 7 and encourage the decarbonisation of energy production, energy efficiency improvements in buildings and the electrification of current fossil fuel use",7_4,7_9,
increases in energy price levels and associated measures such as increasing demand for renewable and domestic energy sources (SDG 7),facilitate access to clean and affordable energy,7_4,7_10,
increases in energy price levels and associated measures such as increasing demand for renewable and domestic energy sources (SDG 7),"addressing high inflation, disruptions in global food value chains and rising energy prices",7_4,7_11,
increases in energy price levels and associated measures such as increasing demand for renewable and domestic energy sources (SDG 7),Impact of Russia’s war of aggression against Ukraine on SDG 7 Clean and affordable energy.,7_4,7_12,
increases in energy price levels and associated measures such as increasing demand for renewable and domestic energy sources (SDG 7),Policies and strategies to best transition to cleaner energy production.,7_4,7_13,
increases in energy price levels and associated measures such as increasing demand for renewable and domestic energy sources (SDG 7),Awareness-raising campaigns are the primary vehicle that local and regional governments deploy to achieve the SDGs,7_4,7_14,
increases in energy price levels and associated measures such as increasing demand for renewable and domestic energy sources (SDG 7),switching from fossil fuels to zero-carbon sources and decarbonising the built environment as the two most promising strategies for transitioning to cleaner energy production,7_4,7_15,
increases in energy price levels and associated measures such as increasing demand for renewable and domestic energy sources (SDG 7),almost 60% of them prioritised the efficient delivery of social and community services for disadvantaged groups and equitable access to education to reduce inequalities,7_4,7_16,
increases in energy price levels and associated measures such as increasing demand for renewable and domestic energy sources (SDG 7),Reduction of street lighting (SDGs 7 and 13),7_4,7_17,
increases in energy price levels and associated measures such as increasing demand for renewable and domestic energy sources (SDG 7),Achieving SDG 7 on Clean and affordable energy has gained greater prominence for most local and regional governments since the outbreak of Russia’s war of aggression against Ukraine,7_4,7_18,
increases in energy price levels and associated measures such as increasing demand for renewable and domestic energy sources (SDG 7),SDG 7 has gained importance for local and regional governments since the start of Russia’s war of aggression against Ukraine,7_4,7_19,
increases in energy price levels and associated measures such as increasing demand for renewable and domestic energy sources (SDG 7),"Figure 4.5. Since the outbreak of the Russia’s war of aggression against Ukraine, the achievement of SDG 7 (Clean and affordable energy) in my city/region has…",7_4,7_20,
increases in energy price levels and associated measures such as increasing demand for renewable and domestic energy sources (SDG 7),LRGs and public energy providers have increased the share of renewables or reduced their dependence on imported energy,7_4,7_21,
increases in energy price levels and associated measures such as increasing demand for renewable and domestic energy sources (SDG 7),36% of cities and regions or their public energy provider to increase the share of renewable energy in their energy mix,7_4,7_22,
increases in energy price levels and associated measures such as increasing demand for renewable and domestic energy sources (SDG 7),Increased renewable energy,7_4,7_23,
increases in energy price levels and associated measures such as increasing demand for renewable and domestic energy sources (SDG 7),Tried to reduce the dependence on imported energy,7_4,7_24,
increases in energy price levels and associated measures such as increasing demand for renewable and domestic energy sources (SDG 7),Diversified the sourcing of energy,7_4,7_25,
increases in energy price levels and associated measures such as increasing demand for renewable and domestic energy sources (SDG 7),Increased non-renewable energy,7_4,7_26,
increases in energy price levels and associated measures such as increasing demand for renewable and domestic energy sources (SDG 7),"To achieve SDG 7, local and regional governments are prioritising decarbonising fuel sources and improving energy efficiency in the built environment",7_4,7_27,
increases in energy price levels and associated measures such as increasing demand for renewable and domestic energy sources (SDG 7),Decarbonising and improving energy efficiency in the built environment are the two top priorities of LRGs for SDG 7,7_4,7_28,
increases in energy price levels and associated measures such as increasing demand for renewable and domestic energy sources (SDG 7),Most territorial stakeholders (52%) also responded that decarbonising by shifting from fossil fuels to zero-carbon fuel sources would help their city or region in its energy transition to achieve SDG 7,7_4,7_29,
increases in energy price levels and associated measures such as increasing demand for renewable and domestic energy sources (SDG 7),Decarbonising fuel sources and improving energy efficiency in the built environment are the two top priorities of LRGs for SDG 7,7_4,7_30,
increases in energy price levels and associated measures such as increasing demand for renewable and domestic energy sources (SDG 7),e.g. through financial literacy programmes,7_4,7_31,
increases in energy price levels and associated measures such as increasing demand for renewable and domestic energy sources (SDG 7),"In order to contribute to SDG 7, LRGs need to encourage the decarbonisation of energy production, energy efficiency improvements in buildings, industry and transport sectors and the electrification of current fossil fuel use.",7_4,7_32,
increases in energy price levels and associated measures such as increasing demand for renewable and domestic energy sources (SDG 7),LRGs can negotiate long-term power purchase agreements with energy providers to finance the installation of greener sources of energy over the medium term.,7_4,7_33,
increases in energy price levels and associated measures such as increasing demand for renewable and domestic energy sources (SDG 7),LRGs should: Set ambitious energy performance standards and regulations for new construction.,7_4,7_34,
increases in energy price levels and associated measures such as increasing demand for renewable and domestic energy sources (SDG 7),"LRGs, where possible, should: Progressively electrify LRG-owned transport fleets (personal, utility and maintenance vehicles).",7_4,7_35,
increasing demand for renewable and domestic energy sources (SDG 7),SDG 7 Affordable and clean energy has gained importance for LRGs since the start of Russia’s war of aggression against Ukraine.,7_5,7_6,
increasing demand for renewable and domestic energy sources (SDG 7),Thirty-six percent also reported that they reduced their dependence on imported energy.,7_5,7_7,
increasing demand for renewable and domestic energy sources (SDG 7),Shifting from fossil fuels to zero-carbon sources of energy (44%) and improving energy efficiency in the built environment (37%) are the 2 main priorities of LRGs to achieve SDG 7.,7_5,7_8,
increasing demand for renewable and domestic energy sources (SDG 7),"Incentivise decarbonisation both in production and consumption. To achieve SDG 7 and encourage the decarbonisation of energy production, energy efficiency improvements in buildings and the electrification of current fossil fuel use",7_5,7_9,
increasing demand for renewable and domestic energy sources (SDG 7),facilitate access to clean and affordable energy,7_5,7_10,
increasing demand for renewable and domestic energy sources (SDG 7),"addressing high inflation, disruptions in global food value chains and rising energy prices",7_5,7_11,
increasing demand for renewable and domestic energy sources (SDG 7),Impact of Russia’s war of aggression against Ukraine on SDG 7 Clean and affordable energy.,7_5,7_12,
increasing demand for renewable and domestic energy sources (SDG 7),Policies and strategies to best transition to cleaner energy production.,7_5,7_13,
increasing demand for renewable and domestic energy sources (SDG 7),Awareness-raising campaigns are the primary vehicle that local and regional governments deploy to achieve the SDGs,7_5,7_14,
increasing demand for renewable and domestic energy sources (SDG 7),switching from fossil fuels to zero-carbon sources and decarbonising the built environment as the two most promising strategies for transitioning to cleaner energy production,7_5,7_15,
increasing demand for renewable and domestic energy sources (SDG 7),almost 60% of them prioritised the efficient delivery of social and community services for disadvantaged groups and equitable access to education to reduce inequalities,7_5,7_16,
increasing demand for renewable and domestic energy sources (SDG 7),Reduction of street lighting (SDGs 7 and 13),7_5,7_17,
increasing demand for renewable and domestic energy sources (SDG 7),Achieving SDG 7 on Clean and affordable energy has gained greater prominence for most local and regional governments since the outbreak of Russia’s war of aggression against Ukraine,7_5,7_18,
increasing demand for renewable and domestic energy sources (SDG 7),SDG 7 has gained importance for local and regional governments since the start of Russia’s war of aggression against Ukraine,7_5,7_19,
increasing demand for renewable and domestic energy sources (SDG 7),"Figure 4.5. Since the outbreak of the Russia’s war of aggression against Ukraine, the achievement of SDG 7 (Clean and affordable energy) in my city/region has…",7_5,7_20,
increasing demand for renewable and domestic energy sources (SDG 7),LRGs and public energy providers have increased the share of renewables or reduced their dependence on imported energy,7_5,7_21,
increasing demand for renewable and domestic energy sources (SDG 7),36% of cities and regions or their public energy provider to increase the share of renewable energy in their energy mix,7_5,7_22,
increasing demand for renewable and domestic energy sources (SDG 7),Increased renewable energy,7_5,7_23,
increasing demand for renewable and domestic energy sources (SDG 7),Tried to reduce the dependence on imported energy,7_5,7_24,
increasing demand for renewable and domestic energy sources (SDG 7),Diversified the sourcing of energy,7_5,7_25,
increasing demand for renewable and domestic energy sources (SDG 7),Increased non-renewable energy,7_5,7_26,
increasing demand for renewable and domestic energy sources (SDG 7),"To achieve SDG 7, local and regional governments are prioritising decarbonising fuel sources and improving energy efficiency in the built environment",7_5,7_27,
increasing demand for renewable and domestic energy sources (SDG 7),Decarbonising and improving energy efficiency in the built environment are the two top priorities of LRGs for SDG 7,7_5,7_28,
increasing demand for renewable and domestic energy sources (SDG 7),Most territorial stakeholders (52%) also responded that decarbonising by shifting from fossil fuels to zero-carbon fuel sources would help their city or region in its energy transition to achieve SDG 7,7_5,7_29,
increasing demand for renewable and domestic energy sources (SDG 7),Decarbonising fuel sources and improving energy efficiency in the built environment are the two top priorities of LRGs for SDG 7,7_5,7_30,
increasing demand for renewable and domestic energy sources (SDG 7),e.g. through financial literacy programmes,7_5,7_31,
increasing demand for renewable and domestic energy sources (SDG 7),"In order to contribute to SDG 7, LRGs need to encourage the decarbonisation of energy production, energy efficiency improvements in buildings, industry and transport sectors and the electrification of current fossil fuel use.",7_5,7_32,
increasing demand for renewable and domestic energy sources (SDG 7),LRGs can negotiate long-term power purchase agreements with energy providers to finance the installation of greener sources of energy over the medium term.,7_5,7_33,
increasing demand for renewable and domestic energy sources (SDG 7),LRGs should: Set ambitious energy performance standards and regulations for new construction.,7_5,7_34,
increasing demand for renewable and domestic energy sources (SDG 7),"LRGs, where possible, should: Progressively electrify LRG-owned transport fleets (personal, utility and maintenance vehicles).",7_5,7_35,
SDG 7 Affordable and clean energy has gained importance for LRGs since the start of Russia’s war of aggression against Ukraine.,Thirty-six percent also reported that they reduced their dependence on imported energy.,7_6,7_7,
SDG 7 Affordable and clean energy has gained importance for LRGs since the start of Russia’s war of aggression against Ukraine.,Shifting from fossil fuels to zero-carbon sources of energy (44%) and improving energy efficiency in the built environment (37%) are the 2 main priorities of LRGs to achieve SDG 7.,7_6,7_8,
SDG 7 Affordable and clean energy has gained importance for LRGs since the start of Russia’s war of aggression against Ukraine.,"Incentivise decarbonisation both in production and consumption. To achieve SDG 7 and encourage the decarbonisation of energy production, energy efficiency improvements in buildings and the electrification of current fossil fuel use",7_6,7_9,
SDG 7 Affordable and clean energy has gained importance for LRGs since the start of Russia’s war of aggression against Ukraine.,facilitate access to clean and affordable energy,7_6,7_10,
SDG 7 Affordable and clean energy has gained importance for LRGs since the start of Russia’s war of aggression against Ukraine.,"addressing high inflation, disruptions in global food value chains and rising energy prices",7_6,7_11,
SDG 7 Affordable and clean energy has gained importance for LRGs since the start of Russia’s war of aggression against Ukraine.,Impact of Russia’s war of aggression against Ukraine on SDG 7 Clean and affordable energy.,7_6,7_12,
SDG 7 Affordable and clean energy has gained importance for LRGs since the start of Russia’s war of aggression against Ukraine.,Policies and strategies to best transition to cleaner energy production.,7_6,7_13,
SDG 7 Affordable and clean energy has gained importance for LRGs since the start of Russia’s war of aggression against Ukraine.,Awareness-raising campaigns are the primary vehicle that local and regional governments deploy to achieve the SDGs,7_6,7_14,
SDG 7 Affordable and clean energy has gained importance for LRGs since the start of Russia’s war of aggression against Ukraine.,switching from fossil fuels to zero-carbon sources and decarbonising the built environment as the two most promising strategies for transitioning to cleaner energy production,7_6,7_15,
SDG 7 Affordable and clean energy has gained importance for LRGs since the start of Russia’s war of aggression against Ukraine.,almost 60% of them prioritised the efficient delivery of social and community services for disadvantaged groups and equitable access to education to reduce inequalities,7_6,7_16,
SDG 7 Affordable and clean energy has gained importance for LRGs since the start of Russia’s war of aggression against Ukraine.,Reduction of street lighting (SDGs 7 and 13),7_6,7_17,
SDG 7 Affordable and clean energy has gained importance for LRGs since the start of Russia’s war of aggression against Ukraine.,Achieving SDG 7 on Clean and affordable energy has gained greater prominence for most local and regional governments since the outbreak of Russia’s war of aggression against Ukraine,7_6,7_18,
SDG 7 Affordable and clean energy has gained importance for LRGs since the start of Russia’s war of aggression against Ukraine.,SDG 7 has gained importance for local and regional governments since the start of Russia’s war of aggression against Ukraine,7_6,7_19,
SDG 7 Affordable and clean energy has gained importance for LRGs since the start of Russia’s war of aggression against Ukraine.,"Figure 4.5. Since the outbreak of the Russia’s war of aggression against Ukraine, the achievement of SDG 7 (Clean and affordable energy) in my city/region has…",7_6,7_20,
SDG 7 Affordable and clean energy has gained importance for LRGs since the start of Russia’s war of aggression against Ukraine.,LRGs and public energy providers have increased the share of renewables or reduced their dependence on imported energy,7_6,7_21,
SDG 7 Affordable and clean energy has gained importance for LRGs since the start of Russia’s war of aggression against Ukraine.,36% of cities and regions or their public energy provider to increase the share of renewable energy in their energy mix,7_6,7_22,
SDG 7 Affordable and clean energy has gained importance for LRGs since the start of Russia’s war of aggression against Ukraine.,Increased renewable energy,7_6,7_23,
SDG 7 Affordable and clean energy has gained importance for LRGs since the start of Russia’s war of aggression against Ukraine.,Tried to reduce the dependence on imported energy,7_6,7_24,
SDG 7 Affordable and clean energy has gained importance for LRGs since the start of Russia’s war of aggression against Ukraine.,Diversified the sourcing of energy,7_6,7_25,
SDG 7 Affordable and clean energy has gained importance for LRGs since the start of Russia’s war of aggression against Ukraine.,Increased non-renewable energy,7_6,7_26,
SDG 7 Affordable and clean energy has gained importance for LRGs since the start of Russia’s war of aggression against Ukraine.,"To achieve SDG 7, local and regional governments are prioritising decarbonising fuel sources and improving energy efficiency in the built environment",7_6,7_27,
SDG 7 Affordable and clean energy has gained importance for LRGs since the start of Russia’s war of aggression against Ukraine.,Decarbonising and improving energy efficiency in the built environment are the two top priorities of LRGs for SDG 7,7_6,7_28,
SDG 7 Affordable and clean energy has gained importance for LRGs since the start of Russia’s war of aggression against Ukraine.,Most territorial stakeholders (52%) also responded that decarbonising by shifting from fossil fuels to zero-carbon fuel sources would help their city or region in its energy transition to achieve SDG 7,7_6,7_29,
SDG 7 Affordable and clean energy has gained importance for LRGs since the start of Russia’s war of aggression against Ukraine.,Decarbonising fuel sources and improving energy efficiency in the built environment are the two top priorities of LRGs for SDG 7,7_6,7_30,
SDG 7 Affordable and clean energy has gained importance for LRGs since the start of Russia’s war of aggression against Ukraine.,e.g. through financial literacy programmes,7_6,7_31,
SDG 7 Affordable and clean energy has gained importance for LRGs since the start of Russia’s war of aggression against Ukraine.,"In order to contribute to SDG 7, LRGs need to encourage the decarbonisation of energy production, energy efficiency improvements in buildings, industry and transport sectors and the electrification of current fossil fuel use.",7_6,7_32,
SDG 7 Affordable and clean energy has gained importance for LRGs since the start of Russia’s war of aggression against Ukraine.,LRGs can negotiate long-term power purchase agreements with energy providers to finance the installation of greener sources of energy over the medium term.,7_6,7_33,
SDG 7 Affordable and clean energy has gained importance for LRGs since the start of Russia’s war of aggression against Ukraine.,LRGs should: Set ambitious energy performance standards and regulations for new construction.,7_6,7_34,
SDG 7 Affordable and clean energy has gained importance for LRGs since the start of Russia’s war of aggression against Ukraine.,"LRGs, where possible, should: Progressively electrify LRG-owned transport fleets (personal, utility and maintenance vehicles).",7_6,7_35,
Thirty-six percent also reported that they reduced their dependence on imported energy.,Shifting from fossil fuels to zero-carbon sources of energy (44%) and improving energy efficiency in the built environment (37%) are the 2 main priorities of LRGs to achieve SDG 7.,7_7,7_8,
Thirty-six percent also reported that they reduced their dependence on imported energy.,"Incentivise decarbonisation both in production and consumption. To achieve SDG 7 and encourage the decarbonisation of energy production, energy efficiency improvements in buildings and the electrification of current fossil fuel use",7_7,7_9,
Thirty-six percent also reported that they reduced their dependence on imported energy.,facilitate access to clean and affordable energy,7_7,7_10,
Thirty-six percent also reported that they reduced their dependence on imported energy.,"addressing high inflation, disruptions in global food value chains and rising energy prices",7_7,7_11,
Thirty-six percent also reported that they reduced their dependence on imported energy.,Impact of Russia’s war of aggression against Ukraine on SDG 7 Clean and affordable energy.,7_7,7_12,
Thirty-six percent also reported that they reduced their dependence on imported energy.,Policies and strategies to best transition to cleaner energy production.,7_7,7_13,
Thirty-six percent also reported that they reduced their dependence on imported energy.,Awareness-raising campaigns are the primary vehicle that local and regional governments deploy to achieve the SDGs,7_7,7_14,
Thirty-six percent also reported that they reduced their dependence on imported energy.,switching from fossil fuels to zero-carbon sources and decarbonising the built environment as the two most promising strategies for transitioning to cleaner energy production,7_7,7_15,
Thirty-six percent also reported that they reduced their dependence on imported energy.,almost 60% of them prioritised the efficient delivery of social and community services for disadvantaged groups and equitable access to education to reduce inequalities,7_7,7_16,
Thirty-six percent also reported that they reduced their dependence on imported energy.,Reduction of street lighting (SDGs 7 and 13),7_7,7_17,
Thirty-six percent also reported that they reduced their dependence on imported energy.,Achieving SDG 7 on Clean and affordable energy has gained greater prominence for most local and regional governments since the outbreak of Russia’s war of aggression against Ukraine,7_7,7_18,
Thirty-six percent also reported that they reduced their dependence on imported energy.,SDG 7 has gained importance for local and regional governments since the start of Russia’s war of aggression against Ukraine,7_7,7_19,
Thirty-six percent also reported that they reduced their dependence on imported energy.,"Figure 4.5. Since the outbreak of the Russia’s war of aggression against Ukraine, the achievement of SDG 7 (Clean and affordable energy) in my city/region has…",7_7,7_20,
Thirty-six percent also reported that they reduced their dependence on imported energy.,LRGs and public energy providers have increased the share of renewables or reduced their dependence on imported energy,7_7,7_21,
Thirty-six percent also reported that they reduced their dependence on imported energy.,36% of cities and regions or their public energy provider to increase the share of renewable energy in their energy mix,7_7,7_22,
Thirty-six percent also reported that they reduced their dependence on imported energy.,Increased renewable energy,7_7,7_23,
Thirty-six percent also reported that they reduced their dependence on imported energy.,Tried to reduce the dependence on imported energy,7_7,7_24,
Thirty-six percent also reported that they reduced their dependence on imported energy.,Diversified the sourcing of energy,7_7,7_25,
Thirty-six percent also reported that they reduced their dependence on imported energy.,Increased non-renewable energy,7_7,7_26,
Thirty-six percent also reported that they reduced their dependence on imported energy.,"To achieve SDG 7, local and regional governments are prioritising decarbonising fuel sources and improving energy efficiency in the built environment",7_7,7_27,
Thirty-six percent also reported that they reduced their dependence on imported energy.,Decarbonising and improving energy efficiency in the built environment are the two top priorities of LRGs for SDG 7,7_7,7_28,
Thirty-six percent also reported that they reduced their dependence on imported energy.,Most territorial stakeholders (52%) also responded that decarbonising by shifting from fossil fuels to zero-carbon fuel sources would help their city or region in its energy transition to achieve SDG 7,7_7,7_29,
Thirty-six percent also reported that they reduced their dependence on imported energy.,Decarbonising fuel sources and improving energy efficiency in the built environment are the two top priorities of LRGs for SDG 7,7_7,7_30,
Thirty-six percent also reported that they reduced their dependence on imported energy.,e.g. through financial literacy programmes,7_7,7_31,
Thirty-six percent also reported that they reduced their dependence on imported energy.,"In order to contribute to SDG 7, LRGs need to encourage the decarbonisation of energy production, energy efficiency improvements in buildings, industry and transport sectors and the electrification of current fossil fuel use.",7_7,7_32,
Thirty-six percent also reported that they reduced their dependence on imported energy.,LRGs can negotiate long-term power purchase agreements with energy providers to finance the installation of greener sources of energy over the medium term.,7_7,7_33,
Thirty-six percent also reported that they reduced their dependence on imported energy.,LRGs should: Set ambitious energy performance standards and regulations for new construction.,7_7,7_34,
Thirty-six percent also reported that they reduced their dependence on imported energy.,"LRGs, where possible, should: Progressively electrify LRG-owned transport fleets (personal, utility and maintenance vehicles).",7_7,7_35,
Shifting from fossil fuels to zero-carbon sources of energy (44%) and improving energy efficiency in the built environment (37%) are the 2 main priorities of LRGs to achieve SDG 7.,"Incentivise decarbonisation both in production and consumption. To achieve SDG 7 and encourage the decarbonisation of energy production, energy efficiency improvements in buildings and the electrification of current fossil fuel use",7_8,7_9,
Shifting from fossil fuels to zero-carbon sources of energy (44%) and improving energy efficiency in the built environment (37%) are the 2 main priorities of LRGs to achieve SDG 7.,facilitate access to clean and affordable energy,7_8,7_10,
Shifting from fossil fuels to zero-carbon sources of energy (44%) and improving energy efficiency in the built environment (37%) are the 2 main priorities of LRGs to achieve SDG 7.,"addressing high inflation, disruptions in global food value chains and rising energy prices",7_8,7_11,
Shifting from fossil fuels to zero-carbon sources of energy (44%) and improving energy efficiency in the built environment (37%) are the 2 main priorities of LRGs to achieve SDG 7.,Impact of Russia’s war of aggression against Ukraine on SDG 7 Clean and affordable energy.,7_8,7_12,
Shifting from fossil fuels to zero-carbon sources of energy (44%) and improving energy efficiency in the built environment (37%) are the 2 main priorities of LRGs to achieve SDG 7.,Policies and strategies to best transition to cleaner energy production.,7_8,7_13,
Shifting from fossil fuels to zero-carbon sources of energy (44%) and improving energy efficiency in the built environment (37%) are the 2 main priorities of LRGs to achieve SDG 7.,Awareness-raising campaigns are the primary vehicle that local and regional governments deploy to achieve the SDGs,7_8,7_14,
Shifting from fossil fuels to zero-carbon sources of energy (44%) and improving energy efficiency in the built environment (37%) are the 2 main priorities of LRGs to achieve SDG 7.,switching from fossil fuels to zero-carbon sources and decarbonising the built environment as the two most promising strategies for transitioning to cleaner energy production,7_8,7_15,
Shifting from fossil fuels to zero-carbon sources of energy (44%) and improving energy efficiency in the built environment (37%) are the 2 main priorities of LRGs to achieve SDG 7.,almost 60% of them prioritised the efficient delivery of social and community services for disadvantaged groups and equitable access to education to reduce inequalities,7_8,7_16,
Shifting from fossil fuels to zero-carbon sources of energy (44%) and improving energy efficiency in the built environment (37%) are the 2 main priorities of LRGs to achieve SDG 7.,Reduction of street lighting (SDGs 7 and 13),7_8,7_17,
Shifting from fossil fuels to zero-carbon sources of energy (44%) and improving energy efficiency in the built environment (37%) are the 2 main priorities of LRGs to achieve SDG 7.,Achieving SDG 7 on Clean and affordable energy has gained greater prominence for most local and regional governments since the outbreak of Russia’s war of aggression against Ukraine,7_8,7_18,
Shifting from fossil fuels to zero-carbon sources of energy (44%) and improving energy efficiency in the built environment (37%) are the 2 main priorities of LRGs to achieve SDG 7.,SDG 7 has gained importance for local and regional governments since the start of Russia’s war of aggression against Ukraine,7_8,7_19,
Shifting from fossil fuels to zero-carbon sources of energy (44%) and improving energy efficiency in the built environment (37%) are the 2 main priorities of LRGs to achieve SDG 7.,"Figure 4.5. Since the outbreak of the Russia’s war of aggression against Ukraine, the achievement of SDG 7 (Clean and affordable energy) in my city/region has…",7_8,7_20,
Shifting from fossil fuels to zero-carbon sources of energy (44%) and improving energy efficiency in the built environment (37%) are the 2 main priorities of LRGs to achieve SDG 7.,LRGs and public energy providers have increased the share of renewables or reduced their dependence on imported energy,7_8,7_21,
Shifting from fossil fuels to zero-carbon sources of energy (44%) and improving energy efficiency in the built environment (37%) are the 2 main priorities of LRGs to achieve SDG 7.,36% of cities and regions or their public energy provider to increase the share of renewable energy in their energy mix,7_8,7_22,
Shifting from fossil fuels to zero-carbon sources of energy (44%) and improving energy efficiency in the built environment (37%) are the 2 main priorities of LRGs to achieve SDG 7.,Increased renewable energy,7_8,7_23,
Shifting from fossil fuels to zero-carbon sources of energy (44%) and improving energy efficiency in the built environment (37%) are the 2 main priorities of LRGs to achieve SDG 7.,Tried to reduce the dependence on imported energy,7_8,7_24,
Shifting from fossil fuels to zero-carbon sources of energy (44%) and improving energy efficiency in the built environment (37%) are the 2 main priorities of LRGs to achieve SDG 7.,Diversified the sourcing of energy,7_8,7_25,
Shifting from fossil fuels to zero-carbon sources of energy (44%) and improving energy efficiency in the built environment (37%) are the 2 main priorities of LRGs to achieve SDG 7.,Increased non-renewable energy,7_8,7_26,
Shifting from fossil fuels to zero-carbon sources of energy (44%) and improving energy efficiency in the built environment (37%) are the 2 main priorities of LRGs to achieve SDG 7.,"To achieve SDG 7, local and regional governments are prioritising decarbonising fuel sources and improving energy efficiency in the built environment",7_8,7_27,
Shifting from fossil fuels to zero-carbon sources of energy (44%) and improving energy efficiency in the built environment (37%) are the 2 main priorities of LRGs to achieve SDG 7.,Decarbonising and improving energy efficiency in the built environment are the two top priorities of LRGs for SDG 7,7_8,7_28,
Shifting from fossil fuels to zero-carbon sources of energy (44%) and improving energy efficiency in the built environment (37%) are the 2 main priorities of LRGs to achieve SDG 7.,Most territorial stakeholders (52%) also responded that decarbonising by shifting from fossil fuels to zero-carbon fuel sources would help their city or region in its energy transition to achieve SDG 7,7_8,7_29,
Shifting from fossil fuels to zero-carbon sources of energy (44%) and improving energy efficiency in the built environment (37%) are the 2 main priorities of LRGs to achieve SDG 7.,Decarbonising fuel sources and improving energy efficiency in the built environment are the two top priorities of LRGs for SDG 7,7_8,7_30,
Shifting from fossil fuels to zero-carbon sources of energy (44%) and improving energy efficiency in the built environment (37%) are the 2 main priorities of LRGs to achieve SDG 7.,e.g. through financial literacy programmes,7_8,7_31,
Shifting from fossil fuels to zero-carbon sources of energy (44%) and improving energy efficiency in the built environment (37%) are the 2 main priorities of LRGs to achieve SDG 7.,"In order to contribute to SDG 7, LRGs need to encourage the decarbonisation of energy production, energy efficiency improvements in buildings, industry and transport sectors and the electrification of current fossil fuel use.",7_8,7_32,
Shifting from fossil fuels to zero-carbon sources of energy (44%) and improving energy efficiency in the built environment (37%) are the 2 main priorities of LRGs to achieve SDG 7.,LRGs can negotiate long-term power purchase agreements with energy providers to finance the installation of greener sources of energy over the medium term.,7_8,7_33,
Shifting from fossil fuels to zero-carbon sources of energy (44%) and improving energy efficiency in the built environment (37%) are the 2 main priorities of LRGs to achieve SDG 7.,LRGs should: Set ambitious energy performance standards and regulations for new construction.,7_8,7_34,
Shifting from fossil fuels to zero-carbon sources of energy (44%) and improving energy efficiency in the built environment (37%) are the 2 main priorities of LRGs to achieve SDG 7.,"LRGs, where possible, should: Progressively electrify LRG-owned transport fleets (personal, utility and maintenance vehicles).",7_8,7_35,
"Incentivise decarbonisation both in production and consumption. To achieve SDG 7 and encourage the decarbonisation of energy production, energy efficiency improvements in buildings and the electrification of current fossil fuel use",facilitate access to clean and affordable energy,7_9,7_10,
"Incentivise decarbonisation both in production and consumption. To achieve SDG 7 and encourage the decarbonisation of energy production, energy efficiency improvements in buildings and the electrification of current fossil fuel use","addressing high inflation, disruptions in global food value chains and rising energy prices",7_9,7_11,
"Incentivise decarbonisation both in production and consumption. To achieve SDG 7 and encourage the decarbonisation of energy production, energy efficiency improvements in buildings and the electrification of current fossil fuel use",Impact of Russia’s war of aggression against Ukraine on SDG 7 Clean and affordable energy.,7_9,7_12,
"Incentivise decarbonisation both in production and consumption. To achieve SDG 7 and encourage the decarbonisation of energy production, energy efficiency improvements in buildings and the electrification of current fossil fuel use",Policies and strategies to best transition to cleaner energy production.,7_9,7_13,
"Incentivise decarbonisation both in production and consumption. To achieve SDG 7 and encourage the decarbonisation of energy production, energy efficiency improvements in buildings and the electrification of current fossil fuel use",Awareness-raising campaigns are the primary vehicle that local and regional governments deploy to achieve the SDGs,7_9,7_14,
"Incentivise decarbonisation both in production and consumption. To achieve SDG 7 and encourage the decarbonisation of energy production, energy efficiency improvements in buildings and the electrification of current fossil fuel use",switching from fossil fuels to zero-carbon sources and decarbonising the built environment as the two most promising strategies for transitioning to cleaner energy production,7_9,7_15,
"Incentivise decarbonisation both in production and consumption. To achieve SDG 7 and encourage the decarbonisation of energy production, energy efficiency improvements in buildings and the electrification of current fossil fuel use",almost 60% of them prioritised the efficient delivery of social and community services for disadvantaged groups and equitable access to education to reduce inequalities,7_9,7_16,
"Incentivise decarbonisation both in production and consumption. To achieve SDG 7 and encourage the decarbonisation of energy production, energy efficiency improvements in buildings and the electrification of current fossil fuel use",Reduction of street lighting (SDGs 7 and 13),7_9,7_17,
"Incentivise decarbonisation both in production and consumption. To achieve SDG 7 and encourage the decarbonisation of energy production, energy efficiency improvements in buildings and the electrification of current fossil fuel use",Achieving SDG 7 on Clean and affordable energy has gained greater prominence for most local and regional governments since the outbreak of Russia’s war of aggression against Ukraine,7_9,7_18,
"Incentivise decarbonisation both in production and consumption. To achieve SDG 7 and encourage the decarbonisation of energy production, energy efficiency improvements in buildings and the electrification of current fossil fuel use",SDG 7 has gained importance for local and regional governments since the start of Russia’s war of aggression against Ukraine,7_9,7_19,
"Incentivise decarbonisation both in production and consumption. To achieve SDG 7 and encourage the decarbonisation of energy production, energy efficiency improvements in buildings and the electrification of current fossil fuel use","Figure 4.5. Since the outbreak of the Russia’s war of aggression against Ukraine, the achievement of SDG 7 (Clean and affordable energy) in my city/region has…",7_9,7_20,
"Incentivise decarbonisation both in production and consumption. To achieve SDG 7 and encourage the decarbonisation of energy production, energy efficiency improvements in buildings and the electrification of current fossil fuel use",LRGs and public energy providers have increased the share of renewables or reduced their dependence on imported energy,7_9,7_21,
"Incentivise decarbonisation both in production and consumption. To achieve SDG 7 and encourage the decarbonisation of energy production, energy efficiency improvements in buildings and the electrification of current fossil fuel use",36% of cities and regions or their public energy provider to increase the share of renewable energy in their energy mix,7_9,7_22,
"Incentivise decarbonisation both in production and consumption. To achieve SDG 7 and encourage the decarbonisation of energy production, energy efficiency improvements in buildings and the electrification of current fossil fuel use",Increased renewable energy,7_9,7_23,
"Incentivise decarbonisation both in production and consumption. To achieve SDG 7 and encourage the decarbonisation of energy production, energy efficiency improvements in buildings and the electrification of current fossil fuel use",Tried to reduce the dependence on imported energy,7_9,7_24,
"Incentivise decarbonisation both in production and consumption. To achieve SDG 7 and encourage the decarbonisation of energy production, energy efficiency improvements in buildings and the electrification of current fossil fuel use",Diversified the sourcing of energy,7_9,7_25,
"Incentivise decarbonisation both in production and consumption. To achieve SDG 7 and encourage the decarbonisation of energy production, energy efficiency improvements in buildings and the electrification of current fossil fuel use",Increased non-renewable energy,7_9,7_26,
"Incentivise decarbonisation both in production and consumption. To achieve SDG 7 and encourage the decarbonisation of energy production, energy efficiency improvements in buildings and the electrification of current fossil fuel use","To achieve SDG 7, local and regional governments are prioritising decarbonising fuel sources and improving energy efficiency in the built environment",7_9,7_27,
"Incentivise decarbonisation both in production and consumption. To achieve SDG 7 and encourage the decarbonisation of energy production, energy efficiency improvements in buildings and the electrification of current fossil fuel use",Decarbonising and improving energy efficiency in the built environment are the two top priorities of LRGs for SDG 7,7_9,7_28,
"Incentivise decarbonisation both in production and consumption. To achieve SDG 7 and encourage the decarbonisation of energy production, energy efficiency improvements in buildings and the electrification of current fossil fuel use",Most territorial stakeholders (52%) also responded that decarbonising by shifting from fossil fuels to zero-carbon fuel sources would help their city or region in its energy transition to achieve SDG 7,7_9,7_29,
"Incentivise decarbonisation both in production and consumption. To achieve SDG 7 and encourage the decarbonisation of energy production, energy efficiency improvements in buildings and the electrification of current fossil fuel use",Decarbonising fuel sources and improving energy efficiency in the built environment are the two top priorities of LRGs for SDG 7,7_9,7_30,
"Incentivise decarbonisation both in production and consumption. To achieve SDG 7 and encourage the decarbonisation of energy production, energy efficiency improvements in buildings and the electrification of current fossil fuel use",e.g. through financial literacy programmes,7_9,7_31,
"Incentivise decarbonisation both in production and consumption. To achieve SDG 7 and encourage the decarbonisation of energy production, energy efficiency improvements in buildings and the electrification of current fossil fuel use","In order to contribute to SDG 7, LRGs need to encourage the decarbonisation of energy production, energy efficiency improvements in buildings, industry and transport sectors and the electrification of current fossil fuel use.",7_9,7_32,
"Incentivise decarbonisation both in production and consumption. To achieve SDG 7 and encourage the decarbonisation of energy production, energy efficiency improvements in buildings and the electrification of current fossil fuel use",LRGs can negotiate long-term power purchase agreements with energy providers to finance the installation of greener sources of energy over the medium term.,7_9,7_33,
"Incentivise decarbonisation both in production and consumption. To achieve SDG 7 and encourage the decarbonisation of energy production, energy efficiency improvements in buildings and the electrification of current fossil fuel use",LRGs should: Set ambitious energy performance standards and regulations for new construction.,7_9,7_34,
"Incentivise decarbonisation both in production and consumption. To achieve SDG 7 and encourage the decarbonisation of energy production, energy efficiency improvements in buildings and the electrification of current fossil fuel use","LRGs, where possible, should: Progressively electrify LRG-owned transport fleets (personal, utility and maintenance vehicles).",7_9,7_35,
facilitate access to clean and affordable energy,"addressing high inflation, disruptions in global food value chains and rising energy prices",7_10,7_11,
facilitate access to clean and affordable energy,Impact of Russia’s war of aggression against Ukraine on SDG 7 Clean and affordable energy.,7_10,7_12,
facilitate access to clean and affordable energy,Policies and strategies to best transition to cleaner energy production.,7_10,7_13,
facilitate access to clean and affordable energy,Awareness-raising campaigns are the primary vehicle that local and regional governments deploy to achieve the SDGs,7_10,7_14,
facilitate access to clean and affordable energy,switching from fossil fuels to zero-carbon sources and decarbonising the built environment as the two most promising strategies for transitioning to cleaner energy production,7_10,7_15,
facilitate access to clean and affordable energy,almost 60% of them prioritised the efficient delivery of social and community services for disadvantaged groups and equitable access to education to reduce inequalities,7_10,7_16,
facilitate access to clean and affordable energy,Reduction of street lighting (SDGs 7 and 13),7_10,7_17,
facilitate access to clean and affordable energy,Achieving SDG 7 on Clean and affordable energy has gained greater prominence for most local and regional governments since the outbreak of Russia’s war of aggression against Ukraine,7_10,7_18,
facilitate access to clean and affordable energy,SDG 7 has gained importance for local and regional governments since the start of Russia’s war of aggression against Ukraine,7_10,7_19,
facilitate access to clean and affordable energy,"Figure 4.5. Since the outbreak of the Russia’s war of aggression against Ukraine, the achievement of SDG 7 (Clean and affordable energy) in my city/region has…",7_10,7_20,
facilitate access to clean and affordable energy,LRGs and public energy providers have increased the share of renewables or reduced their dependence on imported energy,7_10,7_21,
facilitate access to clean and affordable energy,36% of cities and regions or their public energy provider to increase the share of renewable energy in their energy mix,7_10,7_22,
facilitate access to clean and affordable energy,Increased renewable energy,7_10,7_23,
facilitate access to clean and affordable energy,Tried to reduce the dependence on imported energy,7_10,7_24,
facilitate access to clean and affordable energy,Diversified the sourcing of energy,7_10,7_25,
facilitate access to clean and affordable energy,Increased non-renewable energy,7_10,7_26,
facilitate access to clean and affordable energy,"To achieve SDG 7, local and regional governments are prioritising decarbonising fuel sources and improving energy efficiency in the built environment",7_10,7_27,
facilitate access to clean and affordable energy,Decarbonising and improving energy efficiency in the built environment are the two top priorities of LRGs for SDG 7,7_10,7_28,
facilitate access to clean and affordable energy,Most territorial stakeholders (52%) also responded that decarbonising by shifting from fossil fuels to zero-carbon fuel sources would help their city or region in its energy transition to achieve SDG 7,7_10,7_29,
facilitate access to clean and affordable energy,Decarbonising fuel sources and improving energy efficiency in the built environment are the two top priorities of LRGs for SDG 7,7_10,7_30,
facilitate access to clean and affordable energy,e.g. through financial literacy programmes,7_10,7_31,
facilitate access to clean and affordable energy,"In order to contribute to SDG 7, LRGs need to encourage the decarbonisation of energy production, energy efficiency improvements in buildings, industry and transport sectors and the electrification of current fossil fuel use.",7_10,7_32,
facilitate access to clean and affordable energy,LRGs can negotiate long-term power purchase agreements with energy providers to finance the installation of greener sources of energy over the medium term.,7_10,7_33,
facilitate access to clean and affordable energy,LRGs should: Set ambitious energy performance standards and regulations for new construction.,7_10,7_34,
facilitate access to clean and affordable energy,"LRGs, where possible, should: Progressively electrify LRG-owned transport fleets (personal, utility and maintenance vehicles).",7_10,7_35,
"addressing high inflation, disruptions in global food value chains and rising energy prices",Impact of Russia’s war of aggression against Ukraine on SDG 7 Clean and affordable energy.,7_11,7_12,
"addressing high inflation, disruptions in global food value chains and rising energy prices",Policies and strategies to best transition to cleaner energy production.,7_11,7_13,
"addressing high inflation, disruptions in global food value chains and rising energy prices",Awareness-raising campaigns are the primary vehicle that local and regional governments deploy to achieve the SDGs,7_11,7_14,
"addressing high inflation, disruptions in global food value chains and rising energy prices",switching from fossil fuels to zero-carbon sources and decarbonising the built environment as the two most promising strategies for transitioning to cleaner energy production,7_11,7_15,
"addressing high inflation, disruptions in global food value chains and rising energy prices",almost 60% of them prioritised the efficient delivery of social and community services for disadvantaged groups and equitable access to education to reduce inequalities,7_11,7_16,
"addressing high inflation, disruptions in global food value chains and rising energy prices",Reduction of street lighting (SDGs 7 and 13),7_11,7_17,
"addressing high inflation, disruptions in global food value chains and rising energy prices",Achieving SDG 7 on Clean and affordable energy has gained greater prominence for most local and regional governments since the outbreak of Russia’s war of aggression against Ukraine,7_11,7_18,
"addressing high inflation, disruptions in global food value chains and rising energy prices",SDG 7 has gained importance for local and regional governments since the start of Russia’s war of aggression against Ukraine,7_11,7_19,
"addressing high inflation, disruptions in global food value chains and rising energy prices","Figure 4.5. Since the outbreak of the Russia’s war of aggression against Ukraine, the achievement of SDG 7 (Clean and affordable energy) in my city/region has…",7_11,7_20,
"addressing high inflation, disruptions in global food value chains and rising energy prices",LRGs and public energy providers have increased the share of renewables or reduced their dependence on imported energy,7_11,7_21,
"addressing high inflation, disruptions in global food value chains and rising energy prices",36% of cities and regions or their public energy provider to increase the share of renewable energy in their energy mix,7_11,7_22,
"addressing high inflation, disruptions in global food value chains and rising energy prices",Increased renewable energy,7_11,7_23,
"addressing high inflation, disruptions in global food value chains and rising energy prices",Tried to reduce the dependence on imported energy,7_11,7_24,
"addressing high inflation, disruptions in global food value chains and rising energy prices",Diversified the sourcing of energy,7_11,7_25,
"addressing high inflation, disruptions in global food value chains and rising energy prices",Increased non-renewable energy,7_11,7_26,
"addressing high inflation, disruptions in global food value chains and rising energy prices","To achieve SDG 7, local and regional governments are prioritising decarbonising fuel sources and improving energy efficiency in the built environment",7_11,7_27,
"addressing high inflation, disruptions in global food value chains and rising energy prices",Decarbonising and improving energy efficiency in the built environment are the two top priorities of LRGs for SDG 7,7_11,7_28,
"addressing high inflation, disruptions in global food value chains and rising energy prices",Most territorial stakeholders (52%) also responded that decarbonising by shifting from fossil fuels to zero-carbon fuel sources would help their city or region in its energy transition to achieve SDG 7,7_11,7_29,
"addressing high inflation, disruptions in global food value chains and rising energy prices",Decarbonising fuel sources and improving energy efficiency in the built environment are the two top priorities of LRGs for SDG 7,7_11,7_30,
"addressing high inflation, disruptions in global food value chains and rising energy prices",e.g. through financial literacy programmes,7_11,7_31,
"addressing high inflation, disruptions in global food value chains and rising energy prices","In order to contribute to SDG 7, LRGs need to encourage the decarbonisation of energy production, energy efficiency improvements in buildings, industry and transport sectors and the electrification of current fossil fuel use.",7_11,7_32,
"addressing high inflation, disruptions in global food value chains and rising energy prices",LRGs can negotiate long-term power purchase agreements with energy providers to finance the installation of greener sources of energy over the medium term.,7_11,7_33,
"addressing high inflation, disruptions in global food value chains and rising energy prices",LRGs should: Set ambitious energy performance standards and regulations for new construction.,7_11,7_34,
"addressing high inflation, disruptions in global food value chains and rising energy prices","LRGs, where possible, should: Progressively electrify LRG-owned transport fleets (personal, utility and maintenance vehicles).",7_11,7_35,
Impact of Russia’s war of aggression against Ukraine on SDG 7 Clean and affordable energy.,Policies and strategies to best transition to cleaner energy production.,7_12,7_13,
Impact of Russia’s war of aggression against Ukraine on SDG 7 Clean and affordable energy.,Awareness-raising campaigns are the primary vehicle that local and regional governments deploy to achieve the SDGs,7_12,7_14,
Impact of Russia’s war of aggression against Ukraine on SDG 7 Clean and affordable energy.,switching from fossil fuels to zero-carbon sources and decarbonising the built environment as the two most promising strategies for transitioning to cleaner energy production,7_12,7_15,
Impact of Russia’s war of aggression against Ukraine on SDG 7 Clean and affordable energy.,almost 60% of them prioritised the efficient delivery of social and community services for disadvantaged groups and equitable access to education to reduce inequalities,7_12,7_16,
Impact of Russia’s war of aggression against Ukraine on SDG 7 Clean and affordable energy.,Reduction of street lighting (SDGs 7 and 13),7_12,7_17,
Impact of Russia’s war of aggression against Ukraine on SDG 7 Clean and affordable energy.,Achieving SDG 7 on Clean and affordable energy has gained greater prominence for most local and regional governments since the outbreak of Russia’s war of aggression against Ukraine,7_12,7_18,
Impact of Russia’s war of aggression against Ukraine on SDG 7 Clean and affordable energy.,SDG 7 has gained importance for local and regional governments since the start of Russia’s war of aggression against Ukraine,7_12,7_19,
Impact of Russia’s war of aggression against Ukraine on SDG 7 Clean and affordable energy.,"Figure 4.5. Since the outbreak of the Russia’s war of aggression against Ukraine, the achievement of SDG 7 (Clean and affordable energy) in my city/region has…",7_12,7_20,
Impact of Russia’s war of aggression against Ukraine on SDG 7 Clean and affordable energy.,LRGs and public energy providers have increased the share of renewables or reduced their dependence on imported energy,7_12,7_21,
Impact of Russia’s war of aggression against Ukraine on SDG 7 Clean and affordable energy.,36% of cities and regions or their public energy provider to increase the share of renewable energy in their energy mix,7_12,7_22,
Impact of Russia’s war of aggression against Ukraine on SDG 7 Clean and affordable energy.,Increased renewable energy,7_12,7_23,
Impact of Russia’s war of aggression against Ukraine on SDG 7 Clean and affordable energy.,Tried to reduce the dependence on imported energy,7_12,7_24,
Impact of Russia’s war of aggression against Ukraine on SDG 7 Clean and affordable energy.,Diversified the sourcing of energy,7_12,7_25,
Impact of Russia’s war of aggression against Ukraine on SDG 7 Clean and affordable energy.,Increased non-renewable energy,7_12,7_26,
Impact of Russia’s war of aggression against Ukraine on SDG 7 Clean and affordable energy.,"To achieve SDG 7, local and regional governments are prioritising decarbonising fuel sources and improving energy efficiency in the built environment",7_12,7_27,
Impact of Russia’s war of aggression against Ukraine on SDG 7 Clean and affordable energy.,Decarbonising and improving energy efficiency in the built environment are the two top priorities of LRGs for SDG 7,7_12,7_28,
Impact of Russia’s war of aggression against Ukraine on SDG 7 Clean and affordable energy.,Most territorial stakeholders (52%) also responded that decarbonising by shifting from fossil fuels to zero-carbon fuel sources would help their city or region in its energy transition to achieve SDG 7,7_12,7_29,
Impact of Russia’s war of aggression against Ukraine on SDG 7 Clean and affordable energy.,Decarbonising fuel sources and improving energy efficiency in the built environment are the two top priorities of LRGs for SDG 7,7_12,7_30,
Impact of Russia’s war of aggression against Ukraine on SDG 7 Clean and affordable energy.,e.g. through financial literacy programmes,7_12,7_31,
Impact of Russia’s war of aggression against Ukraine on SDG 7 Clean and affordable energy.,"In order to contribute to SDG 7, LRGs need to encourage the decarbonisation of energy production, energy efficiency improvements in buildings, industry and transport sectors and the electrification of current fossil fuel use.",7_12,7_32,
Impact of Russia’s war of aggression against Ukraine on SDG 7 Clean and affordable energy.,LRGs can negotiate long-term power purchase agreements with energy providers to finance the installation of greener sources of energy over the medium term.,7_12,7_33,
Impact of Russia’s war of aggression against Ukraine on SDG 7 Clean and affordable energy.,LRGs should: Set ambitious energy performance standards and regulations for new construction.,7_12,7_34,
Impact of Russia’s war of aggression against Ukraine on SDG 7 Clean and affordable energy.,"LRGs, where possible, should: Progressively electrify LRG-owned transport fleets (personal, utility and maintenance vehicles).",7_12,7_35,
Policies and strategies to best transition to cleaner energy production.,Awareness-raising campaigns are the primary vehicle that local and regional governments deploy to achieve the SDGs,7_13,7_14,
Policies and strategies to best transition to cleaner energy production.,switching from fossil fuels to zero-carbon sources and decarbonising the built environment as the two most promising strategies for transitioning to cleaner energy production,7_13,7_15,
Policies and strategies to best transition to cleaner energy production.,almost 60% of them prioritised the efficient delivery of social and community services for disadvantaged groups and equitable access to education to reduce inequalities,7_13,7_16,
Policies and strategies to best transition to cleaner energy production.,Reduction of street lighting (SDGs 7 and 13),7_13,7_17,
Policies and strategies to best transition to cleaner energy production.,Achieving SDG 7 on Clean and affordable energy has gained greater prominence for most local and regional governments since the outbreak of Russia’s war of aggression against Ukraine,7_13,7_18,
Policies and strategies to best transition to cleaner energy production.,SDG 7 has gained importance for local and regional governments since the start of Russia’s war of aggression against Ukraine,7_13,7_19,
Policies and strategies to best transition to cleaner energy production.,"Figure 4.5. Since the outbreak of the Russia’s war of aggression against Ukraine, the achievement of SDG 7 (Clean and affordable energy) in my city/region has…",7_13,7_20,
Policies and strategies to best transition to cleaner energy production.,LRGs and public energy providers have increased the share of renewables or reduced their dependence on imported energy,7_13,7_21,
Policies and strategies to best transition to cleaner energy production.,36% of cities and regions or their public energy provider to increase the share of renewable energy in their energy mix,7_13,7_22,
Policies and strategies to best transition to cleaner energy production.,Increased renewable energy,7_13,7_23,
Policies and strategies to best transition to cleaner energy production.,Tried to reduce the dependence on imported energy,7_13,7_24,
Policies and strategies to best transition to cleaner energy production.,Diversified the sourcing of energy,7_13,7_25,
Policies and strategies to best transition to cleaner energy production.,Increased non-renewable energy,7_13,7_26,
Policies and strategies to best transition to cleaner energy production.,"To achieve SDG 7, local and regional governments are prioritising decarbonising fuel sources and improving energy efficiency in the built environment",7_13,7_27,
Policies and strategies to best transition to cleaner energy production.,Decarbonising and improving energy efficiency in the built environment are the two top priorities of LRGs for SDG 7,7_13,7_28,
Policies and strategies to best transition to cleaner energy production.,Most territorial stakeholders (52%) also responded that decarbonising by shifting from fossil fuels to zero-carbon fuel sources would help their city or region in its energy transition to achieve SDG 7,7_13,7_29,
Policies and strategies to best transition to cleaner energy production.,Decarbonising fuel sources and improving energy efficiency in the built environment are the two top priorities of LRGs for SDG 7,7_13,7_30,
Policies and strategies to best transition to cleaner energy production.,e.g. through financial literacy programmes,7_13,7_31,
Policies and strategies to best transition to cleaner energy production.,"In order to contribute to SDG 7, LRGs need to encourage the decarbonisation of energy production, energy efficiency improvements in buildings, industry and transport sectors and the electrification of current fossil fuel use.",7_13,7_32,
Policies and strategies to best transition to cleaner energy production.,LRGs can negotiate long-term power purchase agreements with energy providers to finance the installation of greener sources of energy over the medium term.,7_13,7_33,
Policies and strategies to best transition to cleaner energy production.,LRGs should: Set ambitious energy performance standards and regulations for new construction.,7_13,7_34,
Policies and strategies to best transition to cleaner energy production.,"LRGs, where possible, should: Progressively electrify LRG-owned transport fleets (personal, utility and maintenance vehicles).",7_13,7_35,
Awareness-raising campaigns are the primary vehicle that local and regional governments deploy to achieve the SDGs,switching from fossil fuels to zero-carbon sources and decarbonising the built environment as the two most promising strategies for transitioning to cleaner energy production,7_14,7_15,
Awareness-raising campaigns are the primary vehicle that local and regional governments deploy to achieve the SDGs,almost 60% of them prioritised the efficient delivery of social and community services for disadvantaged groups and equitable access to education to reduce inequalities,7_14,7_16,
Awareness-raising campaigns are the primary vehicle that local and regional governments deploy to achieve the SDGs,Reduction of street lighting (SDGs 7 and 13),7_14,7_17,
Awareness-raising campaigns are the primary vehicle that local and regional governments deploy to achieve the SDGs,Achieving SDG 7 on Clean and affordable energy has gained greater prominence for most local and regional governments since the outbreak of Russia’s war of aggression against Ukraine,7_14,7_18,
Awareness-raising campaigns are the primary vehicle that local and regional governments deploy to achieve the SDGs,SDG 7 has gained importance for local and regional governments since the start of Russia’s war of aggression against Ukraine,7_14,7_19,
Awareness-raising campaigns are the primary vehicle that local and regional governments deploy to achieve the SDGs,"Figure 4.5. Since the outbreak of the Russia’s war of aggression against Ukraine, the achievement of SDG 7 (Clean and affordable energy) in my city/region has…",7_14,7_20,
Awareness-raising campaigns are the primary vehicle that local and regional governments deploy to achieve the SDGs,LRGs and public energy providers have increased the share of renewables or reduced their dependence on imported energy,7_14,7_21,
Awareness-raising campaigns are the primary vehicle that local and regional governments deploy to achieve the SDGs,36% of cities and regions or their public energy provider to increase the share of renewable energy in their energy mix,7_14,7_22,
Awareness-raising campaigns are the primary vehicle that local and regional governments deploy to achieve the SDGs,Increased renewable energy,7_14,7_23,
Awareness-raising campaigns are the primary vehicle that local and regional governments deploy to achieve the SDGs,Tried to reduce the dependence on imported energy,7_14,7_24,
Awareness-raising campaigns are the primary vehicle that local and regional governments deploy to achieve the SDGs,Diversified the sourcing of energy,7_14,7_25,
Awareness-raising campaigns are the primary vehicle that local and regional governments deploy to achieve the SDGs,Increased non-renewable energy,7_14,7_26,
Awareness-raising campaigns are the primary vehicle that local and regional governments deploy to achieve the SDGs,"To achieve SDG 7, local and regional governments are prioritising decarbonising fuel sources and improving energy efficiency in the built environment",7_14,7_27,
Awareness-raising campaigns are the primary vehicle that local and regional governments deploy to achieve the SDGs,Decarbonising and improving energy efficiency in the built environment are the two top priorities of LRGs for SDG 7,7_14,7_28,
Awareness-raising campaigns are the primary vehicle that local and regional governments deploy to achieve the SDGs,Most territorial stakeholders (52%) also responded that decarbonising by shifting from fossil fuels to zero-carbon fuel sources would help their city or region in its energy transition to achieve SDG 7,7_14,7_29,
Awareness-raising campaigns are the primary vehicle that local and regional governments deploy to achieve the SDGs,Decarbonising fuel sources and improving energy efficiency in the built environment are the two top priorities of LRGs for SDG 7,7_14,7_30,
Awareness-raising campaigns are the primary vehicle that local and regional governments deploy to achieve the SDGs,e.g. through financial literacy programmes,7_14,7_31,
Awareness-raising campaigns are the primary vehicle that local and regional governments deploy to achieve the SDGs,"In order to contribute to SDG 7, LRGs need to encourage the decarbonisation of energy production, energy efficiency improvements in buildings, industry and transport sectors and the electrification of current fossil fuel use.",7_14,7_32,
Awareness-raising campaigns are the primary vehicle that local and regional governments deploy to achieve the SDGs,LRGs can negotiate long-term power purchase agreements with energy providers to finance the installation of greener sources of energy over the medium term.,7_14,7_33,
Awareness-raising campaigns are the primary vehicle that local and regional governments deploy to achieve the SDGs,LRGs should: Set ambitious energy performance standards and regulations for new construction.,7_14,7_34,
Awareness-raising campaigns are the primary vehicle that local and regional governments deploy to achieve the SDGs,"LRGs, where possible, should: Progressively electrify LRG-owned transport fleets (personal, utility and maintenance vehicles).",7_14,7_35,
switching from fossil fuels to zero-carbon sources and decarbonising the built environment as the two most promising strategies for transitioning to cleaner energy production,almost 60% of them prioritised the efficient delivery of social and community services for disadvantaged groups and equitable access to education to reduce inequalities,7_15,7_16,
switching from fossil fuels to zero-carbon sources and decarbonising the built environment as the two most promising strategies for transitioning to cleaner energy production,Reduction of street lighting (SDGs 7 and 13),7_15,7_17,
switching from fossil fuels to zero-carbon sources and decarbonising the built environment as the two most promising strategies for transitioning to cleaner energy production,Achieving SDG 7 on Clean and affordable energy has gained greater prominence for most local and regional governments since the outbreak of Russia’s war of aggression against Ukraine,7_15,7_18,
switching from fossil fuels to zero-carbon sources and decarbonising the built environment as the two most promising strategies for transitioning to cleaner energy production,SDG 7 has gained importance for local and regional governments since the start of Russia’s war of aggression against Ukraine,7_15,7_19,
switching from fossil fuels to zero-carbon sources and decarbonising the built environment as the two most promising strategies for transitioning to cleaner energy production,"Figure 4.5. Since the outbreak of the Russia’s war of aggression against Ukraine, the achievement of SDG 7 (Clean and affordable energy) in my city/region has…",7_15,7_20,
switching from fossil fuels to zero-carbon sources and decarbonising the built environment as the two most promising strategies for transitioning to cleaner energy production,LRGs and public energy providers have increased the share of renewables or reduced their dependence on imported energy,7_15,7_21,
switching from fossil fuels to zero-carbon sources and decarbonising the built environment as the two most promising strategies for transitioning to cleaner energy production,36% of cities and regions or their public energy provider to increase the share of renewable energy in their energy mix,7_15,7_22,
switching from fossil fuels to zero-carbon sources and decarbonising the built environment as the two most promising strategies for transitioning to cleaner energy production,Increased renewable energy,7_15,7_23,
switching from fossil fuels to zero-carbon sources and decarbonising the built environment as the two most promising strategies for transitioning to cleaner energy production,Tried to reduce the dependence on imported energy,7_15,7_24,
switching from fossil fuels to zero-carbon sources and decarbonising the built environment as the two most promising strategies for transitioning to cleaner energy production,Diversified the sourcing of energy,7_15,7_25,
switching from fossil fuels to zero-carbon sources and decarbonising the built environment as the two most promising strategies for transitioning to cleaner energy production,Increased non-renewable energy,7_15,7_26,
switching from fossil fuels to zero-carbon sources and decarbonising the built environment as the two most promising strategies for transitioning to cleaner energy production,"To achieve SDG 7, local and regional governments are prioritising decarbonising fuel sources and improving energy efficiency in the built environment",7_15,7_27,
switching from fossil fuels to zero-carbon sources and decarbonising the built environment as the two most promising strategies for transitioning to cleaner energy production,Decarbonising and improving energy efficiency in the built environment are the two top priorities of LRGs for SDG 7,7_15,7_28,
switching from fossil fuels to zero-carbon sources and decarbonising the built environment as the two most promising strategies for transitioning to cleaner energy production,Most territorial stakeholders (52%) also responded that decarbonising by shifting from fossil fuels to zero-carbon fuel sources would help their city or region in its energy transition to achieve SDG 7,7_15,7_29,
switching from fossil fuels to zero-carbon sources and decarbonising the built environment as the two most promising strategies for transitioning to cleaner energy production,Decarbonising fuel sources and improving energy efficiency in the built environment are the two top priorities of LRGs for SDG 7,7_15,7_30,
switching from fossil fuels to zero-carbon sources and decarbonising the built environment as the two most promising strategies for transitioning to cleaner energy production,e.g. through financial literacy programmes,7_15,7_31,
switching from fossil fuels to zero-carbon sources and decarbonising the built environment as the two most promising strategies for transitioning to cleaner energy production,"In order to contribute to SDG 7, LRGs need to encourage the decarbonisation of energy production, energy efficiency improvements in buildings, industry and transport sectors and the electrification of current fossil fuel use.",7_15,7_32,
switching from fossil fuels to zero-carbon sources and decarbonising the built environment as the two most promising strategies for transitioning to cleaner energy production,LRGs can negotiate long-term power purchase agreements with energy providers to finance the installation of greener sources of energy over the medium term.,7_15,7_33,
switching from fossil fuels to zero-carbon sources and decarbonising the built environment as the two most promising strategies for transitioning to cleaner energy production,LRGs should: Set ambitious energy performance standards and regulations for new construction.,7_15,7_34,
switching from fossil fuels to zero-carbon sources and decarbonising the built environment as the two most promising strategies for transitioning to cleaner energy production,"LRGs, where possible, should: Progressively electrify LRG-owned transport fleets (personal, utility and maintenance vehicles).",7_15,7_35,
almost 60% of them prioritised the efficient delivery of social and community services for disadvantaged groups and equitable access to education to reduce inequalities,Reduction of street lighting (SDGs 7 and 13),7_16,7_17,
almost 60% of them prioritised the efficient delivery of social and community services for disadvantaged groups and equitable access to education to reduce inequalities,Achieving SDG 7 on Clean and affordable energy has gained greater prominence for most local and regional governments since the outbreak of Russia’s war of aggression against Ukraine,7_16,7_18,
almost 60% of them prioritised the efficient delivery of social and community services for disadvantaged groups and equitable access to education to reduce inequalities,SDG 7 has gained importance for local and regional governments since the start of Russia’s war of aggression against Ukraine,7_16,7_19,
almost 60% of them prioritised the efficient delivery of social and community services for disadvantaged groups and equitable access to education to reduce inequalities,"Figure 4.5. Since the outbreak of the Russia’s war of aggression against Ukraine, the achievement of SDG 7 (Clean and affordable energy) in my city/region has…",7_16,7_20,
almost 60% of them prioritised the efficient delivery of social and community services for disadvantaged groups and equitable access to education to reduce inequalities,LRGs and public energy providers have increased the share of renewables or reduced their dependence on imported energy,7_16,7_21,
almost 60% of them prioritised the efficient delivery of social and community services for disadvantaged groups and equitable access to education to reduce inequalities,36% of cities and regions or their public energy provider to increase the share of renewable energy in their energy mix,7_16,7_22,
almost 60% of them prioritised the efficient delivery of social and community services for disadvantaged groups and equitable access to education to reduce inequalities,Increased renewable energy,7_16,7_23,
almost 60% of them prioritised the efficient delivery of social and community services for disadvantaged groups and equitable access to education to reduce inequalities,Tried to reduce the dependence on imported energy,7_16,7_24,
almost 60% of them prioritised the efficient delivery of social and community services for disadvantaged groups and equitable access to education to reduce inequalities,Diversified the sourcing of energy,7_16,7_25,
almost 60% of them prioritised the efficient delivery of social and community services for disadvantaged groups and equitable access to education to reduce inequalities,Increased non-renewable energy,7_16,7_26,
almost 60% of them prioritised the efficient delivery of social and community services for disadvantaged groups and equitable access to education to reduce inequalities,"To achieve SDG 7, local and regional governments are prioritising decarbonising fuel sources and improving energy efficiency in the built environment",7_16,7_27,
almost 60% of them prioritised the efficient delivery of social and community services for disadvantaged groups and equitable access to education to reduce inequalities,Decarbonising and improving energy efficiency in the built environment are the two top priorities of LRGs for SDG 7,7_16,7_28,
almost 60% of them prioritised the efficient delivery of social and community services for disadvantaged groups and equitable access to education to reduce inequalities,Most territorial stakeholders (52%) also responded that decarbonising by shifting from fossil fuels to zero-carbon fuel sources would help their city or region in its energy transition to achieve SDG 7,7_16,7_29,
almost 60% of them prioritised the efficient delivery of social and community services for disadvantaged groups and equitable access to education to reduce inequalities,Decarbonising fuel sources and improving energy efficiency in the built environment are the two top priorities of LRGs for SDG 7,7_16,7_30,
almost 60% of them prioritised the efficient delivery of social and community services for disadvantaged groups and equitable access to education to reduce inequalities,e.g. through financial literacy programmes,7_16,7_31,
almost 60% of them prioritised the efficient delivery of social and community services for disadvantaged groups and equitable access to education to reduce inequalities,"In order to contribute to SDG 7, LRGs need to encourage the decarbonisation of energy production, energy efficiency improvements in buildings, industry and transport sectors and the electrification of current fossil fuel use.",7_16,7_32,
almost 60% of them prioritised the efficient delivery of social and community services for disadvantaged groups and equitable access to education to reduce inequalities,LRGs can negotiate long-term power purchase agreements with energy providers to finance the installation of greener sources of energy over the medium term.,7_16,7_33,
almost 60% of them prioritised the efficient delivery of social and community services for disadvantaged groups and equitable access to education to reduce inequalities,LRGs should: Set ambitious energy performance standards and regulations for new construction.,7_16,7_34,
almost 60% of them prioritised the efficient delivery of social and community services for disadvantaged groups and equitable access to education to reduce inequalities,"LRGs, where possible, should: Progressively electrify LRG-owned transport fleets (personal, utility and maintenance vehicles).",7_16,7_35,
Reduction of street lighting (SDGs 7 and 13),Achieving SDG 7 on Clean and affordable energy has gained greater prominence for most local and regional governments since the outbreak of Russia’s war of aggression against Ukraine,7_17,7_18,
Reduction of street lighting (SDGs 7 and 13),SDG 7 has gained importance for local and regional governments since the start of Russia’s war of aggression against Ukraine,7_17,7_19,
Reduction of street lighting (SDGs 7 and 13),"Figure 4.5. Since the outbreak of the Russia’s war of aggression against Ukraine, the achievement of SDG 7 (Clean and affordable energy) in my city/region has…",7_17,7_20,
Reduction of street lighting (SDGs 7 and 13),LRGs and public energy providers have increased the share of renewables or reduced their dependence on imported energy,7_17,7_21,
Reduction of street lighting (SDGs 7 and 13),36% of cities and regions or their public energy provider to increase the share of renewable energy in their energy mix,7_17,7_22,
Reduction of street lighting (SDGs 7 and 13),Increased renewable energy,7_17,7_23,
Reduction of street lighting (SDGs 7 and 13),Tried to reduce the dependence on imported energy,7_17,7_24,
Reduction of street lighting (SDGs 7 and 13),Diversified the sourcing of energy,7_17,7_25,
Reduction of street lighting (SDGs 7 and 13),Increased non-renewable energy,7_17,7_26,
Reduction of street lighting (SDGs 7 and 13),"To achieve SDG 7, local and regional governments are prioritising decarbonising fuel sources and improving energy efficiency in the built environment",7_17,7_27,
Reduction of street lighting (SDGs 7 and 13),Decarbonising and improving energy efficiency in the built environment are the two top priorities of LRGs for SDG 7,7_17,7_28,
Reduction of street lighting (SDGs 7 and 13),Most territorial stakeholders (52%) also responded that decarbonising by shifting from fossil fuels to zero-carbon fuel sources would help their city or region in its energy transition to achieve SDG 7,7_17,7_29,
Reduction of street lighting (SDGs 7 and 13),Decarbonising fuel sources and improving energy efficiency in the built environment are the two top priorities of LRGs for SDG 7,7_17,7_30,
Reduction of street lighting (SDGs 7 and 13),e.g. through financial literacy programmes,7_17,7_31,
Reduction of street lighting (SDGs 7 and 13),"In order to contribute to SDG 7, LRGs need to encourage the decarbonisation of energy production, energy efficiency improvements in buildings, industry and transport sectors and the electrification of current fossil fuel use.",7_17,7_32,
Reduction of street lighting (SDGs 7 and 13),LRGs can negotiate long-term power purchase agreements with energy providers to finance the installation of greener sources of energy over the medium term.,7_17,7_33,
Reduction of street lighting (SDGs 7 and 13),LRGs should: Set ambitious energy performance standards and regulations for new construction.,7_17,7_34,
Reduction of street lighting (SDGs 7 and 13),"LRGs, where possible, should: Progressively electrify LRG-owned transport fleets (personal, utility and maintenance vehicles).",7_17,7_35,
Achieving SDG 7 on Clean and affordable energy has gained greater prominence for most local and regional governments since the outbreak of Russia’s war of aggression against Ukraine,SDG 7 has gained importance for local and regional governments since the start of Russia’s war of aggression against Ukraine,7_18,7_19,
Achieving SDG 7 on Clean and affordable energy has gained greater prominence for most local and regional governments since the outbreak of Russia’s war of aggression against Ukraine,"Figure 4.5. Since the outbreak of the Russia’s war of aggression against Ukraine, the achievement of SDG 7 (Clean and affordable energy) in my city/region has…",7_18,7_20,
Achieving SDG 7 on Clean and affordable energy has gained greater prominence for most local and regional governments since the outbreak of Russia’s war of aggression against Ukraine,LRGs and public energy providers have increased the share of renewables or reduced their dependence on imported energy,7_18,7_21,
Achieving SDG 7 on Clean and affordable energy has gained greater prominence for most local and regional governments since the outbreak of Russia’s war of aggression against Ukraine,36% of cities and regions or their public energy provider to increase the share of renewable energy in their energy mix,7_18,7_22,
Achieving SDG 7 on Clean and affordable energy has gained greater prominence for most local and regional governments since the outbreak of Russia’s war of aggression against Ukraine,Increased renewable energy,7_18,7_23,
Achieving SDG 7 on Clean and affordable energy has gained greater prominence for most local and regional governments since the outbreak of Russia’s war of aggression against Ukraine,Tried to reduce the dependence on imported energy,7_18,7_24,
Achieving SDG 7 on Clean and affordable energy has gained greater prominence for most local and regional governments since the outbreak of Russia’s war of aggression against Ukraine,Diversified the sourcing of energy,7_18,7_25,
Achieving SDG 7 on Clean and affordable energy has gained greater prominence for most local and regional governments since the outbreak of Russia’s war of aggression against Ukraine,Increased non-renewable energy,7_18,7_26,
Achieving SDG 7 on Clean and affordable energy has gained greater prominence for most local and regional governments since the outbreak of Russia’s war of aggression against Ukraine,"To achieve SDG 7, local and regional governments are prioritising decarbonising fuel sources and improving energy efficiency in the built environment",7_18,7_27,
Achieving SDG 7 on Clean and affordable energy has gained greater prominence for most local and regional governments since the outbreak of Russia’s war of aggression against Ukraine,Decarbonising and improving energy efficiency in the built environment are the two top priorities of LRGs for SDG 7,7_18,7_28,
Achieving SDG 7 on Clean and affordable energy has gained greater prominence for most local and regional governments since the outbreak of Russia’s war of aggression against Ukraine,Most territorial stakeholders (52%) also responded that decarbonising by shifting from fossil fuels to zero-carbon fuel sources would help their city or region in its energy transition to achieve SDG 7,7_18,7_29,
Achieving SDG 7 on Clean and affordable energy has gained greater prominence for most local and regional governments since the outbreak of Russia’s war of aggression against Ukraine,Decarbonising fuel sources and improving energy efficiency in the built environment are the two top priorities of LRGs for SDG 7,7_18,7_30,
Achieving SDG 7 on Clean and affordable energy has gained greater prominence for most local and regional governments since the outbreak of Russia’s war of aggression against Ukraine,e.g. through financial literacy programmes,7_18,7_31,
Achieving SDG 7 on Clean and affordable energy has gained greater prominence for most local and regional governments since the outbreak of Russia’s war of aggression against Ukraine,"In order to contribute to SDG 7, LRGs need to encourage the decarbonisation of energy production, energy efficiency improvements in buildings, industry and transport sectors and the electrification of current fossil fuel use.",7_18,7_32,
Achieving SDG 7 on Clean and affordable energy has gained greater prominence for most local and regional governments since the outbreak of Russia’s war of aggression against Ukraine,LRGs can negotiate long-term power purchase agreements with energy providers to finance the installation of greener sources of energy over the medium term.,7_18,7_33,
Achieving SDG 7 on Clean and affordable energy has gained greater prominence for most local and regional governments since the outbreak of Russia’s war of aggression against Ukraine,LRGs should: Set ambitious energy performance standards and regulations for new construction.,7_18,7_34,
Achieving SDG 7 on Clean and affordable energy has gained greater prominence for most local and regional governments since the outbreak of Russia’s war of aggression against Ukraine,"LRGs, where possible, should: Progressively electrify LRG-owned transport fleets (personal, utility and maintenance vehicles).",7_18,7_35,
SDG 7 has gained importance for local and regional governments since the start of Russia’s war of aggression against Ukraine,"Figure 4.5. Since the outbreak of the Russia’s war of aggression against Ukraine, the achievement of SDG 7 (Clean and affordable energy) in my city/region has…",7_19,7_20,
SDG 7 has gained importance for local and regional governments since the start of Russia’s war of aggression against Ukraine,LRGs and public energy providers have increased the share of renewables or reduced their dependence on imported energy,7_19,7_21,
SDG 7 has gained importance for local and regional governments since the start of Russia’s war of aggression against Ukraine,36% of cities and regions or their public energy provider to increase the share of renewable energy in their energy mix,7_19,7_22,
SDG 7 has gained importance for local and regional governments since the start of Russia’s war of aggression against Ukraine,Increased renewable energy,7_19,7_23,
SDG 7 has gained importance for local and regional governments since the start of Russia’s war of aggression against Ukraine,Tried to reduce the dependence on imported energy,7_19,7_24,
SDG 7 has gained importance for local and regional governments since the start of Russia’s war of aggression against Ukraine,Diversified the sourcing of energy,7_19,7_25,
SDG 7 has gained importance for local and regional governments since the start of Russia’s war of aggression against Ukraine,Increased non-renewable energy,7_19,7_26,
SDG 7 has gained importance for local and regional governments since the start of Russia’s war of aggression against Ukraine,"To achieve SDG 7, local and regional governments are prioritising decarbonising fuel sources and improving energy efficiency in the built environment",7_19,7_27,
SDG 7 has gained importance for local and regional governments since the start of Russia’s war of aggression against Ukraine,Decarbonising and improving energy efficiency in the built environment are the two top priorities of LRGs for SDG 7,7_19,7_28,
SDG 7 has gained importance for local and regional governments since the start of Russia’s war of aggression against Ukraine,Most territorial stakeholders (52%) also responded that decarbonising by shifting from fossil fuels to zero-carbon fuel sources would help their city or region in its energy transition to achieve SDG 7,7_19,7_29,
SDG 7 has gained importance for local and regional governments since the start of Russia’s war of aggression against Ukraine,Decarbonising fuel sources and improving energy efficiency in the built environment are the two top priorities of LRGs for SDG 7,7_19,7_30,
SDG 7 has gained importance for local and regional governments since the start of Russia’s war of aggression against Ukraine,e.g. through financial literacy programmes,7_19,7_31,
SDG 7 has gained importance for local and regional governments since the start of Russia’s war of aggression against Ukraine,"In order to contribute to SDG 7, LRGs need to encourage the decarbonisation of energy production, energy efficiency improvements in buildings, industry and transport sectors and the electrification of current fossil fuel use.",7_19,7_32,
SDG 7 has gained importance for local and regional governments since the start of Russia’s war of aggression against Ukraine,LRGs can negotiate long-term power purchase agreements with energy providers to finance the installation of greener sources of energy over the medium term.,7_19,7_33,
SDG 7 has gained importance for local and regional governments since the start of Russia’s war of aggression against Ukraine,LRGs should: Set ambitious energy performance standards and regulations for new construction.,7_19,7_34,
SDG 7 has gained importance for local and regional governments since the start of Russia’s war of aggression against Ukraine,"LRGs, where possible, should: Progressively electrify LRG-owned transport fleets (personal, utility and maintenance vehicles).",7_19,7_35,
"Figure 4.5. Since the outbreak of the Russia’s war of aggression against Ukraine, the achievement of SDG 7 (Clean and affordable energy) in my city/region has…",LRGs and public energy providers have increased the share of renewables or reduced their dependence on imported energy,7_20,7_21,
"Figure 4.5. Since the outbreak of the Russia’s war of aggression against Ukraine, the achievement of SDG 7 (Clean and affordable energy) in my city/region has…",36% of cities and regions or their public energy provider to increase the share of renewable energy in their energy mix,7_20,7_22,
"Figure 4.5. Since the outbreak of the Russia’s war of aggression against Ukraine, the achievement of SDG 7 (Clean and affordable energy) in my city/region has…",Increased renewable energy,7_20,7_23,
"Figure 4.5. Since the outbreak of the Russia’s war of aggression against Ukraine, the achievement of SDG 7 (Clean and affordable energy) in my city/region has…",Tried to reduce the dependence on imported energy,7_20,7_24,
"Figure 4.5. Since the outbreak of the Russia’s war of aggression against Ukraine, the achievement of SDG 7 (Clean and affordable energy) in my city/region has…",Diversified the sourcing of energy,7_20,7_25,
"Figure 4.5. Since the outbreak of the Russia’s war of aggression against Ukraine, the achievement of SDG 7 (Clean and affordable energy) in my city/region has…",Increased non-renewable energy,7_20,7_26,
"Figure 4.5. Since the outbreak of the Russia’s war of aggression against Ukraine, the achievement of SDG 7 (Clean and affordable energy) in my city/region has…","To achieve SDG 7, local and regional governments are prioritising decarbonising fuel sources and improving energy efficiency in the built environment",7_20,7_27,
"Figure 4.5. Since the outbreak of the Russia’s war of aggression against Ukraine, the achievement of SDG 7 (Clean and affordable energy) in my city/region has…",Decarbonising and improving energy efficiency in the built environment are the two top priorities of LRGs for SDG 7,7_20,7_28,
"Figure 4.5. Since the outbreak of the Russia’s war of aggression against Ukraine, the achievement of SDG 7 (Clean and affordable energy) in my city/region has…",Most territorial stakeholders (52%) also responded that decarbonising by shifting from fossil fuels to zero-carbon fuel sources would help their city or region in its energy transition to achieve SDG 7,7_20,7_29,
"Figure 4.5. Since the outbreak of the Russia’s war of aggression against Ukraine, the achievement of SDG 7 (Clean and affordable energy) in my city/region has…",Decarbonising fuel sources and improving energy efficiency in the built environment are the two top priorities of LRGs for SDG 7,7_20,7_30,
"Figure 4.5. Since the outbreak of the Russia’s war of aggression against Ukraine, the achievement of SDG 7 (Clean and affordable energy) in my city/region has…",e.g. through financial literacy programmes,7_20,7_31,
"Figure 4.5. Since the outbreak of the Russia’s war of aggression against Ukraine, the achievement of SDG 7 (Clean and affordable energy) in my city/region has…","In order to contribute to SDG 7, LRGs need to encourage the decarbonisation of energy production, energy efficiency improvements in buildings, industry and transport sectors and the electrification of current fossil fuel use.",7_20,7_32,
"Figure 4.5. Since the outbreak of the Russia’s war of aggression against Ukraine, the achievement of SDG 7 (Clean and affordable energy) in my city/region has…",LRGs can negotiate long-term power purchase agreements with energy providers to finance the installation of greener sources of energy over the medium term.,7_20,7_33,
"Figure 4.5. Since the outbreak of the Russia’s war of aggression against Ukraine, the achievement of SDG 7 (Clean and affordable energy) in my city/region has…",LRGs should: Set ambitious energy performance standards and regulations for new construction.,7_20,7_34,
"Figure 4.5. Since the outbreak of the Russia’s war of aggression against Ukraine, the achievement of SDG 7 (Clean and affordable energy) in my city/region has…","LRGs, where possible, should: Progressively electrify LRG-owned transport fleets (personal, utility and maintenance vehicles).",7_20,7_35,
LRGs and public energy providers have increased the share of renewables or reduced their dependence on imported energy,36% of cities and regions or their public energy provider to increase the share of renewable energy in their energy mix,7_21,7_22,
LRGs and public energy providers have increased the share of renewables or reduced their dependence on imported energy,Increased renewable energy,7_21,7_23,
LRGs and public energy providers have increased the share of renewables or reduced their dependence on imported energy,Tried to reduce the dependence on imported energy,7_21,7_24,
LRGs and public energy providers have increased the share of renewables or reduced their dependence on imported energy,Diversified the sourcing of energy,7_21,7_25,
LRGs and public energy providers have increased the share of renewables or reduced their dependence on imported energy,Increased non-renewable energy,7_21,7_26,
LRGs and public energy providers have increased the share of renewables or reduced their dependence on imported energy,"To achieve SDG 7, local and regional governments are prioritising decarbonising fuel sources and improving energy efficiency in the built environment",7_21,7_27,
LRGs and public energy providers have increased the share of renewables or reduced their dependence on imported energy,Decarbonising and improving energy efficiency in the built environment are the two top priorities of LRGs for SDG 7,7_21,7_28,
LRGs and public energy providers have increased the share of renewables or reduced their dependence on imported energy,Most territorial stakeholders (52%) also responded that decarbonising by shifting from fossil fuels to zero-carbon fuel sources would help their city or region in its energy transition to achieve SDG 7,7_21,7_29,
LRGs and public energy providers have increased the share of renewables or reduced their dependence on imported energy,Decarbonising fuel sources and improving energy efficiency in the built environment are the two top priorities of LRGs for SDG 7,7_21,7_30,
LRGs and public energy providers have increased the share of renewables or reduced their dependence on imported energy,e.g. through financial literacy programmes,7_21,7_31,
LRGs and public energy providers have increased the share of renewables or reduced their dependence on imported energy,"In order to contribute to SDG 7, LRGs need to encourage the decarbonisation of energy production, energy efficiency improvements in buildings, industry and transport sectors and the electrification of current fossil fuel use.",7_21,7_32,
LRGs and public energy providers have increased the share of renewables or reduced their dependence on imported energy,LRGs can negotiate long-term power purchase agreements with energy providers to finance the installation of greener sources of energy over the medium term.,7_21,7_33,
LRGs and public energy providers have increased the share of renewables or reduced their dependence on imported energy,LRGs should: Set ambitious energy performance standards and regulations for new construction.,7_21,7_34,
LRGs and public energy providers have increased the share of renewables or reduced their dependence on imported energy,"LRGs, where possible, should: Progressively electrify LRG-owned transport fleets (personal, utility and maintenance vehicles).",7_21,7_35,
36% of cities and regions or their public energy provider to increase the share of renewable energy in their energy mix,Increased renewable energy,7_22,7_23,
36% of cities and regions or their public energy provider to increase the share of renewable energy in their energy mix,Tried to reduce the dependence on imported energy,7_22,7_24,
36% of cities and regions or their public energy provider to increase the share of renewable energy in their energy mix,Diversified the sourcing of energy,7_22,7_25,
36% of cities and regions or their public energy provider to increase the share of renewable energy in their energy mix,Increased non-renewable energy,7_22,7_26,
36% of cities and regions or their public energy provider to increase the share of renewable energy in their energy mix,"To achieve SDG 7, local and regional governments are prioritising decarbonising fuel sources and improving energy efficiency in the built environment",7_22,7_27,
36% of cities and regions or their public energy provider to increase the share of renewable energy in their energy mix,Decarbonising and improving energy efficiency in the built environment are the two top priorities of LRGs for SDG 7,7_22,7_28,
36% of cities and regions or their public energy provider to increase the share of renewable energy in their energy mix,Most territorial stakeholders (52%) also responded that decarbonising by shifting from fossil fuels to zero-carbon fuel sources would help their city or region in its energy transition to achieve SDG 7,7_22,7_29,
36% of cities and regions or their public energy provider to increase the share of renewable energy in their energy mix,Decarbonising fuel sources and improving energy efficiency in the built environment are the two top priorities of LRGs for SDG 7,7_22,7_30,
36% of cities and regions or their public energy provider to increase the share of renewable energy in their energy mix,e.g. through financial literacy programmes,7_22,7_31,
36% of cities and regions or their public energy provider to increase the share of renewable energy in their energy mix,"In order to contribute to SDG 7, LRGs need to encourage the decarbonisation of energy production, energy efficiency improvements in buildings, industry and transport sectors and the electrification of current fossil fuel use.",7_22,7_32,
36% of cities and regions or their public energy provider to increase the share of renewable energy in their energy mix,LRGs can negotiate long-term power purchase agreements with energy providers to finance the installation of greener sources of energy over the medium term.,7_22,7_33,
36% of cities and regions or their public energy provider to increase the share of renewable energy in their energy mix,LRGs should: Set ambitious energy performance standards and regulations for new construction.,7_22,7_34,
36% of cities and regions or their public energy provider to increase the share of renewable energy in their energy mix,"LRGs, where possible, should: Progressively electrify LRG-owned transport fleets (personal, utility and maintenance vehicles).",7_22,7_35,
Increased renewable energy,Tried to reduce the dependence on imported energy,7_23,7_24,
Increased renewable energy,Diversified the sourcing of energy,7_23,7_25,
Increased renewable energy,Increased non-renewable energy,7_23,7_26,
Increased renewable energy,"To achieve SDG 7, local and regional governments are prioritising decarbonising fuel sources and improving energy efficiency in the built environment",7_23,7_27,
Increased renewable energy,Decarbonising and improving energy efficiency in the built environment are the two top priorities of LRGs for SDG 7,7_23,7_28,
Increased renewable energy,Most territorial stakeholders (52%) also responded that decarbonising by shifting from fossil fuels to zero-carbon fuel sources would help their city or region in its energy transition to achieve SDG 7,7_23,7_29,
Increased renewable energy,Decarbonising fuel sources and improving energy efficiency in the built environment are the two top priorities of LRGs for SDG 7,7_23,7_30,
Increased renewable energy,e.g. through financial literacy programmes,7_23,7_31,
Increased renewable energy,"In order to contribute to SDG 7, LRGs need to encourage the decarbonisation of energy production, energy efficiency improvements in buildings, industry and transport sectors and the electrification of current fossil fuel use.",7_23,7_32,
Increased renewable energy,LRGs can negotiate long-term power purchase agreements with energy providers to finance the installation of greener sources of energy over the medium term.,7_23,7_33,
Increased renewable energy,LRGs should: Set ambitious energy performance standards and regulations for new construction.,7_23,7_34,
Increased renewable energy,"LRGs, where possible, should: Progressively electrify LRG-owned transport fleets (personal, utility and maintenance vehicles).",7_23,7_35,
Tried to reduce the dependence on imported energy,Diversified the sourcing of energy,7_24,7_25,
Tried to reduce the dependence on imported energy,Increased non-renewable energy,7_24,7_26,
Tried to reduce the dependence on imported energy,"To achieve SDG 7, local and regional governments are prioritising decarbonising fuel sources and improving energy efficiency in the built environment",7_24,7_27,
Tried to reduce the dependence on imported energy,Decarbonising and improving energy efficiency in the built environment are the two top priorities of LRGs for SDG 7,7_24,7_28,
Tried to reduce the dependence on imported energy,Most territorial stakeholders (52%) also responded that decarbonising by shifting from fossil fuels to zero-carbon fuel sources would help their city or region in its energy transition to achieve SDG 7,7_24,7_29,
Tried to reduce the dependence on imported energy,Decarbonising fuel sources and improving energy efficiency in the built environment are the two top priorities of LRGs for SDG 7,7_24,7_30,
Tried to reduce the dependence on imported energy,e.g. through financial literacy programmes,7_24,7_31,
Tried to reduce the dependence on imported energy,"In order to contribute to SDG 7, LRGs need to encourage the decarbonisation of energy production, energy efficiency improvements in buildings, industry and transport sectors and the electrification of current fossil fuel use.",7_24,7_32,
Tried to reduce the dependence on imported energy,LRGs can negotiate long-term power purchase agreements with energy providers to finance the installation of greener sources of energy over the medium term.,7_24,7_33,
Tried to reduce the dependence on imported energy,LRGs should: Set ambitious energy performance standards and regulations for new construction.,7_24,7_34,
Tried to reduce the dependence on imported energy,"LRGs, where possible, should: Progressively electrify LRG-owned transport fleets (personal, utility and maintenance vehicles).",7_24,7_35,
Diversified the sourcing of energy,Increased non-renewable energy,7_25,7_26,
Diversified the sourcing of energy,"To achieve SDG 7, local and regional governments are prioritising decarbonising fuel sources and improving energy efficiency in the built environment",7_25,7_27,
Diversified the sourcing of energy,Decarbonising and improving energy efficiency in the built environment are the two top priorities of LRGs for SDG 7,7_25,7_28,
Diversified the sourcing of energy,Most territorial stakeholders (52%) also responded that decarbonising by shifting from fossil fuels to zero-carbon fuel sources would help their city or region in its energy transition to achieve SDG 7,7_25,7_29,
Diversified the sourcing of energy,Decarbonising fuel sources and improving energy efficiency in the built environment are the two top priorities of LRGs for SDG 7,7_25,7_30,
Diversified the sourcing of energy,e.g. through financial literacy programmes,7_25,7_31,
Diversified the sourcing of energy,"In order to contribute to SDG 7, LRGs need to encourage the decarbonisation of energy production, energy efficiency improvements in buildings, industry and transport sectors and the electrification of current fossil fuel use.",7_25,7_32,
Diversified the sourcing of energy,LRGs can negotiate long-term power purchase agreements with energy providers to finance the installation of greener sources of energy over the medium term.,7_25,7_33,
Diversified the sourcing of energy,LRGs should: Set ambitious energy performance standards and regulations for new construction.,7_25,7_34,
Diversified the sourcing of energy,"LRGs, where possible, should: Progressively electrify LRG-owned transport fleets (personal, utility and maintenance vehicles).",7_25,7_35,
Increased non-renewable energy,"To achieve SDG 7, local and regional governments are prioritising decarbonising fuel sources and improving energy efficiency in the built environment",7_26,7_27,
Increased non-renewable energy,Decarbonising and improving energy efficiency in the built environment are the two top priorities of LRGs for SDG 7,7_26,7_28,
Increased non-renewable energy,Most territorial stakeholders (52%) also responded that decarbonising by shifting from fossil fuels to zero-carbon fuel sources would help their city or region in its energy transition to achieve SDG 7,7_26,7_29,
Increased non-renewable energy,Decarbonising fuel sources and improving energy efficiency in the built environment are the two top priorities of LRGs for SDG 7,7_26,7_30,
Increased non-renewable energy,e.g. through financial literacy programmes,7_26,7_31,
Increased non-renewable energy,"In order to contribute to SDG 7, LRGs need to encourage the decarbonisation of energy production, energy efficiency improvements in buildings, industry and transport sectors and the electrification of current fossil fuel use.",7_26,7_32,
Increased non-renewable energy,LRGs can negotiate long-term power purchase agreements with energy providers to finance the installation of greener sources of energy over the medium term.,7_26,7_33,
Increased non-renewable energy,LRGs should: Set ambitious energy performance standards and regulations for new construction.,7_26,7_34,
Increased non-renewable energy,"LRGs, where possible, should: Progressively electrify LRG-owned transport fleets (personal, utility and maintenance vehicles).",7_26,7_35,
"To achieve SDG 7, local and regional governments are prioritising decarbonising fuel sources and improving energy efficiency in the built environment",Decarbonising and improving energy efficiency in the built environment are the two top priorities of LRGs for SDG 7,7_27,7_28,
"To achieve SDG 7, local and regional governments are prioritising decarbonising fuel sources and improving energy efficiency in the built environment",Most territorial stakeholders (52%) also responded that decarbonising by shifting from fossil fuels to zero-carbon fuel sources would help their city or region in its energy transition to achieve SDG 7,7_27,7_29,
"To achieve SDG 7, local and regional governments are prioritising decarbonising fuel sources and improving energy efficiency in the built environment",Decarbonising fuel sources and improving energy efficiency in the built environment are the two top priorities of LRGs for SDG 7,7_27,7_30,
"To achieve SDG 7, local and regional governments are prioritising decarbonising fuel sources and improving energy efficiency in the built environment",e.g. through financial literacy programmes,7_27,7_31,
"To achieve SDG 7, local and regional governments are prioritising decarbonising fuel sources and improving energy efficiency in the built environment","In order to contribute to SDG 7, LRGs need to encourage the decarbonisation of energy production, energy efficiency improvements in buildings, industry and transport sectors and the electrification of current fossil fuel use.",7_27,7_32,
"To achieve SDG 7, local and regional governments are prioritising decarbonising fuel sources and improving energy efficiency in the built environment",LRGs can negotiate long-term power purchase agreements with energy providers to finance the installation of greener sources of energy over the medium term.,7_27,7_33,
"To achieve SDG 7, local and regional governments are prioritising decarbonising fuel sources and improving energy efficiency in the built environment",LRGs should: Set ambitious energy performance standards and regulations for new construction.,7_27,7_34,
"To achieve SDG 7, local and regional governments are prioritising decarbonising fuel sources and improving energy efficiency in the built environment","LRGs, where possible, should: Progressively electrify LRG-owned transport fleets (personal, utility and maintenance vehicles).",7_27,7_35,
Decarbonising and improving energy efficiency in the built environment are the two top priorities of LRGs for SDG 7,Most territorial stakeholders (52%) also responded that decarbonising by shifting from fossil fuels to zero-carbon fuel sources would help their city or region in its energy transition to achieve SDG 7,7_28,7_29,
Decarbonising and improving energy efficiency in the built environment are the two top priorities of LRGs for SDG 7,Decarbonising fuel sources and improving energy efficiency in the built environment are the two top priorities of LRGs for SDG 7,7_28,7_30,
Decarbonising and improving energy efficiency in the built environment are the two top priorities of LRGs for SDG 7,e.g. through financial literacy programmes,7_28,7_31,
Decarbonising and improving energy efficiency in the built environment are the two top priorities of LRGs for SDG 7,"In order to contribute to SDG 7, LRGs need to encourage the decarbonisation of energy production, energy efficiency improvements in buildings, industry and transport sectors and the electrification of current fossil fuel use.",7_28,7_32,
Decarbonising and improving energy efficiency in the built environment are the two top priorities of LRGs for SDG 7,LRGs can negotiate long-term power purchase agreements with energy providers to finance the installation of greener sources of energy over the medium term.,7_28,7_33,
Decarbonising and improving energy efficiency in the built environment are the two top priorities of LRGs for SDG 7,LRGs should: Set ambitious energy performance standards and regulations for new construction.,7_28,7_34,
Decarbonising and improving energy efficiency in the built environment are the two top priorities of LRGs for SDG 7,"LRGs, where possible, should: Progressively electrify LRG-owned transport fleets (personal, utility and maintenance vehicles).",7_28,7_35,
Most territorial stakeholders (52%) also responded that decarbonising by shifting from fossil fuels to zero-carbon fuel sources would help their city or region in its energy transition to achieve SDG 7,Decarbonising fuel sources and improving energy efficiency in the built environment are the two top priorities of LRGs for SDG 7,7_29,7_30,
Most territorial stakeholders (52%) also responded that decarbonising by shifting from fossil fuels to zero-carbon fuel sources would help their city or region in its energy transition to achieve SDG 7,e.g. through financial literacy programmes,7_29,7_31,
Most territorial stakeholders (52%) also responded that decarbonising by shifting from fossil fuels to zero-carbon fuel sources would help their city or region in its energy transition to achieve SDG 7,"In order to contribute to SDG 7, LRGs need to encourage the decarbonisation of energy production, energy efficiency improvements in buildings, industry and transport sectors and the electrification of current fossil fuel use.",7_29,7_32,
Most territorial stakeholders (52%) also responded that decarbonising by shifting from fossil fuels to zero-carbon fuel sources would help their city or region in its energy transition to achieve SDG 7,LRGs can negotiate long-term power purchase agreements with energy providers to finance the installation of greener sources of energy over the medium term.,7_29,7_33,
Most territorial stakeholders (52%) also responded that decarbonising by shifting from fossil fuels to zero-carbon fuel sources would help their city or region in its energy transition to achieve SDG 7,LRGs should: Set ambitious energy performance standards and regulations for new construction.,7_29,7_34,
Most territorial stakeholders (52%) also responded that decarbonising by shifting from fossil fuels to zero-carbon fuel sources would help their city or region in its energy transition to achieve SDG 7,"LRGs, where possible, should: Progressively electrify LRG-owned transport fleets (personal, utility and maintenance vehicles).",7_29,7_35,
Decarbonising fuel sources and improving energy efficiency in the built environment are the two top priorities of LRGs for SDG 7,e.g. through financial literacy programmes,7_30,7_31,
Decarbonising fuel sources and improving energy efficiency in the built environment are the two top priorities of LRGs for SDG 7,"In order to contribute to SDG 7, LRGs need to encourage the decarbonisation of energy production, energy efficiency improvements in buildings, industry and transport sectors and the electrification of current fossil fuel use.",7_30,7_32,
Decarbonising fuel sources and improving energy efficiency in the built environment are the two top priorities of LRGs for SDG 7,LRGs can negotiate long-term power purchase agreements with energy providers to finance the installation of greener sources of energy over the medium term.,7_30,7_33,
Decarbonising fuel sources and improving energy efficiency in the built environment are the two top priorities of LRGs for SDG 7,LRGs should: Set ambitious energy performance standards and regulations for new construction.,7_30,7_34,
Decarbonising fuel sources and improving energy efficiency in the built environment are the two top priorities of LRGs for SDG 7,"LRGs, where possible, should: Progressively electrify LRG-owned transport fleets (personal, utility and maintenance vehicles).",7_30,7_35,
e.g. through financial literacy programmes,"In order to contribute to SDG 7, LRGs need to encourage the decarbonisation of energy production, energy efficiency improvements in buildings, industry and transport sectors and the electrification of current fossil fuel use.",7_31,7_32,
e.g. through financial literacy programmes,LRGs can negotiate long-term power purchase agreements with energy providers to finance the installation of greener sources of energy over the medium term.,7_31,7_33,
e.g. through financial literacy programmes,LRGs should: Set ambitious energy performance standards and regulations for new construction.,7_31,7_34,
e.g. through financial literacy programmes,"LRGs, where possible, should: Progressively electrify LRG-owned transport fleets (personal, utility and maintenance vehicles).",7_31,7_35,
"In order to contribute to SDG 7, LRGs need to encourage the decarbonisation of energy production, energy efficiency improvements in buildings, industry and transport sectors and the electrification of current fossil fuel use.",LRGs can negotiate long-term power purchase agreements with energy providers to finance the installation of greener sources of energy over the medium term.,7_32,7_33,
"In order to contribute to SDG 7, LRGs need to encourage the decarbonisation of energy production, energy efficiency improvements in buildings, industry and transport sectors and the electrification of current fossil fuel use.",LRGs should: Set ambitious energy performance standards and regulations for new construction.,7_32,7_34,
"In order to contribute to SDG 7, LRGs need to encourage the decarbonisation of energy production, energy efficiency improvements in buildings, industry and transport sectors and the electrification of current fossil fuel use.","LRGs, where possible, should: Progressively electrify LRG-owned transport fleets (personal, utility and maintenance vehicles).",7_32,7_35,
LRGs can negotiate long-term power purchase agreements with energy providers to finance the installation of greener sources of energy over the medium term.,LRGs should: Set ambitious energy performance standards and regulations for new construction.,7_33,7_34,
LRGs can negotiate long-term power purchase agreements with energy providers to finance the installation of greener sources of energy over the medium term.,"LRGs, where possible, should: Progressively electrify LRG-owned transport fleets (personal, utility and maintenance vehicles).",7_33,7_35,
LRGs should: Set ambitious energy performance standards and regulations for new construction.,"LRGs, where possible, should: Progressively electrify LRG-owned transport fleets (personal, utility and maintenance vehicles).",7_34,7_35,
combating rising price levels,full and productive employment and decent work for all,8_0,8_1,
combating rising price levels,labour market (SDG 8) experienced impacts reported by 38% of respondents.,8_0,8_2,
combating rising price levels,"One-third of LRGs directed their efforts towards assisting local businesses through support measures, such as subsidies or tax breaks (SDG 8).",8_0,8_3,
combating rising price levels,support measures for local companies (SDG 8),8_0,8_4,
full and productive employment and decent work for all,labour market (SDG 8) experienced impacts reported by 38% of respondents.,8_1,8_2,
full and productive employment and decent work for all,"One-third of LRGs directed their efforts towards assisting local businesses through support measures, such as subsidies or tax breaks (SDG 8).",8_1,8_3,
full and productive employment and decent work for all,support measures for local companies (SDG 8),8_1,8_4,
labour market (SDG 8) experienced impacts reported by 38% of respondents.,"One-third of LRGs directed their efforts towards assisting local businesses through support measures, such as subsidies or tax breaks (SDG 8).",8_2,8_3,
labour market (SDG 8) experienced impacts reported by 38% of respondents.,support measures for local companies (SDG 8),8_2,8_4,
"One-third of LRGs directed their efforts towards assisting local businesses through support measures, such as subsidies or tax breaks (SDG 8).",support measures for local companies (SDG 8),8_3,8_4,
"Almost half of cities and regions (49%) identified improving multi-modal transport, such as active and clean urban mobility, as a key priority for sustainable mobility and accessibility","LRGs can also use the SDGs to attract investment, whether through innovative financial mechanisms like municipal or regional sustainability bonds, local investment crowdfunding platforms or contingency funds tied to achieving specific SDGs",9_0,9_1,
"Almost half of cities and regions (49%) identified improving multi-modal transport, such as active and clean urban mobility, as a key priority for sustainable mobility and accessibility",LRGs can also encourage private sector investment to fund urban development projects aligned with the SDGs through sustainable public procurement and public-private partnerships,9_0,9_2,
"Almost half of cities and regions (49%) identified improving multi-modal transport, such as active and clean urban mobility, as a key priority for sustainable mobility and accessibility",Subsidies for sustainable mobility (SDGs 9 and 11),9_0,9_3,
"Almost half of cities and regions (49%) identified improving multi-modal transport, such as active and clean urban mobility, as a key priority for sustainable mobility and accessibility",Support measures for local companies (SDG 8),9_0,9_4,
"Almost half of cities and regions (49%) identified improving multi-modal transport, such as active and clean urban mobility, as a key priority for sustainable mobility and accessibility","On-site and local energy generation from renewable sources on LRG-owned property and large-scale, significantly contribute to decarbonisation efforts.",9_0,9_5,
"Almost half of cities and regions (49%) identified improving multi-modal transport, such as active and clean urban mobility, as a key priority for sustainable mobility and accessibility",Promote inclusive and sustainable industrialization,9_0,9_6,
"LRGs can also use the SDGs to attract investment, whether through innovative financial mechanisms like municipal or regional sustainability bonds, local investment crowdfunding platforms or contingency funds tied to achieving specific SDGs",LRGs can also encourage private sector investment to fund urban development projects aligned with the SDGs through sustainable public procurement and public-private partnerships,9_1,9_2,
"LRGs can also use the SDGs to attract investment, whether through innovative financial mechanisms like municipal or regional sustainability bonds, local investment crowdfunding platforms or contingency funds tied to achieving specific SDGs",Subsidies for sustainable mobility (SDGs 9 and 11),9_1,9_3,
"LRGs can also use the SDGs to attract investment, whether through innovative financial mechanisms like municipal or regional sustainability bonds, local investment crowdfunding platforms or contingency funds tied to achieving specific SDGs",Support measures for local companies (SDG 8),9_1,9_4,
"LRGs can also use the SDGs to attract investment, whether through innovative financial mechanisms like municipal or regional sustainability bonds, local investment crowdfunding platforms or contingency funds tied to achieving specific SDGs","On-site and local energy generation from renewable sources on LRG-owned property and large-scale, significantly contribute to decarbonisation efforts.",9_1,9_5,
"LRGs can also use the SDGs to attract investment, whether through innovative financial mechanisms like municipal or regional sustainability bonds, local investment crowdfunding platforms or contingency funds tied to achieving specific SDGs",Promote inclusive and sustainable industrialization,9_1,9_6,
LRGs can also encourage private sector investment to fund urban development projects aligned with the SDGs through sustainable public procurement and public-private partnerships,Subsidies for sustainable mobility (SDGs 9 and 11),9_2,9_3,
LRGs can also encourage private sector investment to fund urban development projects aligned with the SDGs through sustainable public procurement and public-private partnerships,Support measures for local companies (SDG 8),9_2,9_4,
LRGs can also encourage private sector investment to fund urban development projects aligned with the SDGs through sustainable public procurement and public-private partnerships,"On-site and local energy generation from renewable sources on LRG-owned property and large-scale, significantly contribute to decarbonisation efforts.",9_2,9_5,
LRGs can also encourage private sector investment to fund urban development projects aligned with the SDGs through sustainable public procurement and public-private partnerships,Promote inclusive and sustainable industrialization,9_2,9_6,
Subsidies for sustainable mobility (SDGs 9 and 11),Support measures for local companies (SDG 8),9_3,9_4,
Subsidies for sustainable mobility (SDGs 9 and 11),"On-site and local energy generation from renewable sources on LRG-owned property and large-scale, significantly contribute to decarbonisation efforts.",9_3,9_5,
Subsidies for sustainable mobility (SDGs 9 and 11),Promote inclusive and sustainable industrialization,9_3,9_6,
Support measures for local companies (SDG 8),"On-site and local energy generation from renewable sources on LRG-owned property and large-scale, significantly contribute to decarbonisation efforts.",9_4,9_5,
Support measures for local companies (SDG 8),Promote inclusive and sustainable industrialization,9_4,9_6,
"On-site and local energy generation from renewable sources on LRG-owned property and large-scale, significantly contribute to decarbonisation efforts.",Promote inclusive and sustainable industrialization,9_5,9_6,
"rises in price levels and energy costs, alongside disruptions in global food markets, have adversely affected SDG targets related to poverty and inequality (SDGs 1 and 10)",Incentivise decarbonisation both in production and consumption.,10_0,10_1,
"rises in price levels and energy costs, alongside disruptions in global food markets, have adversely affected SDG targets related to poverty and inequality (SDGs 1 and 10)","This is, in particular, the case for those SDG targets related to poverty and inequality (SDGs 1 and 10), clean and affordable energy (SDG 7) and food security (SDG 2).",10_0,10_2,
"rises in price levels and energy costs, alongside disruptions in global food markets, have adversely affected SDG targets related to poverty and inequality (SDGs 1 and 10)","Inflation in food prices is eroding income gains, raising additional barriers to accessing food around the globe.",10_0,10_3,
"rises in price levels and energy costs, alongside disruptions in global food markets, have adversely affected SDG targets related to poverty and inequality (SDGs 1 and 10)","Being closest to their citizens, cities and regions can play a crucial role in addressing poverty and inequality.",10_0,10_4,
"rises in price levels and energy costs, alongside disruptions in global food markets, have adversely affected SDG targets related to poverty and inequality (SDGs 1 and 10)",political leadership at the local and regional levels is the most important success factor for implementing the SDGs,10_0,10_5,
"rises in price levels and energy costs, alongside disruptions in global food markets, have adversely affected SDG targets related to poverty and inequality (SDGs 1 and 10)","It also enables them to prioritise their main sustainability targets while considering and managing the links, impacts and trade-offs concerning other SDGs (e.g. between climate and air quality, sustainable mobility and inequalities).",10_0,10_6,
"rises in price levels and energy costs, alongside disruptions in global food markets, have adversely affected SDG targets related to poverty and inequality (SDGs 1 and 10)",The prosperity dimension (SDGs 7-11) included inequality and sustainable cities.,10_0,10_7,
"rises in price levels and energy costs, alongside disruptions in global food markets, have adversely affected SDG targets related to poverty and inequality (SDGs 1 and 10)",inequalities (SDG 10) were more often mentioned as a concern by territorial stakeholders,10_0,10_8,
"rises in price levels and energy costs, alongside disruptions in global food markets, have adversely affected SDG targets related to poverty and inequality (SDGs 1 and 10)",Reduce inequality within and among countries,10_0,10_9,
Incentivise decarbonisation both in production and consumption.,"This is, in particular, the case for those SDG targets related to poverty and inequality (SDGs 1 and 10), clean and affordable energy (SDG 7) and food security (SDG 2).",10_1,10_2,
Incentivise decarbonisation both in production and consumption.,"Inflation in food prices is eroding income gains, raising additional barriers to accessing food around the globe.",10_1,10_3,
Incentivise decarbonisation both in production and consumption.,"Being closest to their citizens, cities and regions can play a crucial role in addressing poverty and inequality.",10_1,10_4,
Incentivise decarbonisation both in production and consumption.,political leadership at the local and regional levels is the most important success factor for implementing the SDGs,10_1,10_5,
Incentivise decarbonisation both in production and consumption.,"It also enables them to prioritise their main sustainability targets while considering and managing the links, impacts and trade-offs concerning other SDGs (e.g. between climate and air quality, sustainable mobility and inequalities).",10_1,10_6,
Incentivise decarbonisation both in production and consumption.,The prosperity dimension (SDGs 7-11) included inequality and sustainable cities.,10_1,10_7,
Incentivise decarbonisation both in production and consumption.,inequalities (SDG 10) were more often mentioned as a concern by territorial stakeholders,10_1,10_8,
Incentivise decarbonisation both in production and consumption.,Reduce inequality within and among countries,10_1,10_9,
"This is, in particular, the case for those SDG targets related to poverty and inequality (SDGs 1 and 10), clean and affordable energy (SDG 7) and food security (SDG 2).","Inflation in food prices is eroding income gains, raising additional barriers to accessing food around the globe.",10_2,10_3,
"This is, in particular, the case for those SDG targets related to poverty and inequality (SDGs 1 and 10), clean and affordable energy (SDG 7) and food security (SDG 2).","Being closest to their citizens, cities and regions can play a crucial role in addressing poverty and inequality.",10_2,10_4,
"This is, in particular, the case for those SDG targets related to poverty and inequality (SDGs 1 and 10), clean and affordable energy (SDG 7) and food security (SDG 2).",political leadership at the local and regional levels is the most important success factor for implementing the SDGs,10_2,10_5,
"This is, in particular, the case for those SDG targets related to poverty and inequality (SDGs 1 and 10), clean and affordable energy (SDG 7) and food security (SDG 2).","It also enables them to prioritise their main sustainability targets while considering and managing the links, impacts and trade-offs concerning other SDGs (e.g. between climate and air quality, sustainable mobility and inequalities).",10_2,10_6,
"This is, in particular, the case for those SDG targets related to poverty and inequality (SDGs 1 and 10), clean and affordable energy (SDG 7) and food security (SDG 2).",The prosperity dimension (SDGs 7-11) included inequality and sustainable cities.,10_2,10_7,
"This is, in particular, the case for those SDG targets related to poverty and inequality (SDGs 1 and 10), clean and affordable energy (SDG 7) and food security (SDG 2).",inequalities (SDG 10) were more often mentioned as a concern by territorial stakeholders,10_2,10_8,
"This is, in particular, the case for those SDG targets related to poverty and inequality (SDGs 1 and 10), clean and affordable energy (SDG 7) and food security (SDG 2).",Reduce inequality within and among countries,10_2,10_9,
"Inflation in food prices is eroding income gains, raising additional barriers to accessing food around the globe.","Being closest to their citizens, cities and regions can play a crucial role in addressing poverty and inequality.",10_3,10_4,
"Inflation in food prices is eroding income gains, raising additional barriers to accessing food around the globe.",political leadership at the local and regional levels is the most important success factor for implementing the SDGs,10_3,10_5,
"Inflation in food prices is eroding income gains, raising additional barriers to accessing food around the globe.","It also enables them to prioritise their main sustainability targets while considering and managing the links, impacts and trade-offs concerning other SDGs (e.g. between climate and air quality, sustainable mobility and inequalities).",10_3,10_6,
"Inflation in food prices is eroding income gains, raising additional barriers to accessing food around the globe.",The prosperity dimension (SDGs 7-11) included inequality and sustainable cities.,10_3,10_7,
"Inflation in food prices is eroding income gains, raising additional barriers to accessing food around the globe.",inequalities (SDG 10) were more often mentioned as a concern by territorial stakeholders,10_3,10_8,
"Inflation in food prices is eroding income gains, raising additional barriers to accessing food around the globe.",Reduce inequality within and among countries,10_3,10_9,
"Being closest to their citizens, cities and regions can play a crucial role in addressing poverty and inequality.",political leadership at the local and regional levels is the most important success factor for implementing the SDGs,10_4,10_5,
"Being closest to their citizens, cities and regions can play a crucial role in addressing poverty and inequality.","It also enables them to prioritise their main sustainability targets while considering and managing the links, impacts and trade-offs concerning other SDGs (e.g. between climate and air quality, sustainable mobility and inequalities).",10_4,10_6,
"Being closest to their citizens, cities and regions can play a crucial role in addressing poverty and inequality.",The prosperity dimension (SDGs 7-11) included inequality and sustainable cities.,10_4,10_7,
"Being closest to their citizens, cities and regions can play a crucial role in addressing poverty and inequality.",inequalities (SDG 10) were more often mentioned as a concern by territorial stakeholders,10_4,10_8,
"Being closest to their citizens, cities and regions can play a crucial role in addressing poverty and inequality.",Reduce inequality within and among countries,10_4,10_9,
political leadership at the local and regional levels is the most important success factor for implementing the SDGs,"It also enables them to prioritise their main sustainability targets while considering and managing the links, impacts and trade-offs concerning other SDGs (e.g. between climate and air quality, sustainable mobility and inequalities).",10_5,10_6,
political leadership at the local and regional levels is the most important success factor for implementing the SDGs,The prosperity dimension (SDGs 7-11) included inequality and sustainable cities.,10_5,10_7,
political leadership at the local and regional levels is the most important success factor for implementing the SDGs,inequalities (SDG 10) were more often mentioned as a concern by territorial stakeholders,10_5,10_8,
political leadership at the local and regional levels is the most important success factor for implementing the SDGs,Reduce inequality within and among countries,10_5,10_9,
"It also enables them to prioritise their main sustainability targets while considering and managing the links, impacts and trade-offs concerning other SDGs (e.g. between climate and air quality, sustainable mobility and inequalities).",The prosperity dimension (SDGs 7-11) included inequality and sustainable cities.,10_6,10_7,
"It also enables them to prioritise their main sustainability targets while considering and managing the links, impacts and trade-offs concerning other SDGs (e.g. between climate and air quality, sustainable mobility and inequalities).",inequalities (SDG 10) were more often mentioned as a concern by territorial stakeholders,10_6,10_8,
"It also enables them to prioritise their main sustainability targets while considering and managing the links, impacts and trade-offs concerning other SDGs (e.g. between climate and air quality, sustainable mobility and inequalities).",Reduce inequality within and among countries,10_6,10_9,
The prosperity dimension (SDGs 7-11) included inequality and sustainable cities.,inequalities (SDG 10) were more often mentioned as a concern by territorial stakeholders,10_7,10_8,
The prosperity dimension (SDGs 7-11) included inequality and sustainable cities.,Reduce inequality within and among countries,10_7,10_9,
inequalities (SDG 10) were more often mentioned as a concern by territorial stakeholders,Reduce inequality within and among countries,10_8,10_9,
"Improve housing affordability by developing targeted solutions for the most vulnerable, such as temporary rent subsidies or eviction preventions.",Enhance public transportation options and affordability (e.g. temporary reduction in ticket prices for those most in need) to counter the financial burden of increasing fuel prices and incentivise the usage of low-carbon mobility options to help meet climate objectives.,11_0,11_1,
"Improve housing affordability by developing targeted solutions for the most vulnerable, such as temporary rent subsidies or eviction preventions.",efficient delivery of social and community services for disadvantaged groups and equitable access to education to reduce inequalities,11_0,11_2,
"Improve housing affordability by developing targeted solutions for the most vulnerable, such as temporary rent subsidies or eviction preventions.",digitalisation as a top priority for the transition towards smarter cities and regions,11_0,11_3,
"Improve housing affordability by developing targeted solutions for the most vulnerable, such as temporary rent subsidies or eviction preventions.","To advance sustainable development in their city or region, additional subnational governments could mainstream the SDGs in their policies and strategies for urban and sustainable development.",11_0,11_4,
"Improve housing affordability by developing targeted solutions for the most vulnerable, such as temporary rent subsidies or eviction preventions.","It also enables them to prioritise their main sustainability targets while considering and managing the links, impacts and trade-offs concerning other SDGs (e.g. between climate and air quality, sustainable mobility and inequalities).",11_0,11_5,
"Improve housing affordability by developing targeted solutions for the most vulnerable, such as temporary rent subsidies or eviction preventions.",The majority of local and regional governments (LRGs) have experienced a deterioration in living standards as a result of the cost-of-living crisis,11_0,11_6,
"Improve housing affordability by developing targeted solutions for the most vulnerable, such as temporary rent subsidies or eviction preventions.",living standards had worsened as a result of general price increases,11_0,11_7,
"Improve housing affordability by developing targeted solutions for the most vulnerable, such as temporary rent subsidies or eviction preventions.",experiencing a decrease in living standards in their cities or regions,11_0,11_8,
"Improve housing affordability by developing targeted solutions for the most vulnerable, such as temporary rent subsidies or eviction preventions.",Housing (SDG 11) is another policy area that has been particularly affected (58%).,11_0,11_9,
"Improve housing affordability by developing targeted solutions for the most vulnerable, such as temporary rent subsidies or eviction preventions.",temporary housing support schemes (SDG 11),11_0,11_10,
"Improve housing affordability by developing targeted solutions for the most vulnerable, such as temporary rent subsidies or eviction preventions.",Cities and regions mostly promote a circular economy approach to reduce food waste,11_0,11_11,
"Improve housing affordability by developing targeted solutions for the most vulnerable, such as temporary rent subsidies or eviction preventions.",They underscore the multifaceted efforts undertaken by cities and regions to tackle food waste,11_0,11_12,
"Improve housing affordability by developing targeted solutions for the most vulnerable, such as temporary rent subsidies or eviction preventions.",ensure housing remains affordable for residents,11_0,11_13,
"Improve housing affordability by developing targeted solutions for the most vulnerable, such as temporary rent subsidies or eviction preventions.","Enhance a circular transition in the food sector through public procurement requirements for canteens and food services, e.g. by applying life cycle and environmental criteria to contribute to sustainable, organic and responsible product supplies whilst minimising and, in the best case, avoiding negative environmental impacts and waste creation.",11_0,11_14,
Enhance public transportation options and affordability (e.g. temporary reduction in ticket prices for those most in need) to counter the financial burden of increasing fuel prices and incentivise the usage of low-carbon mobility options to help meet climate objectives.,efficient delivery of social and community services for disadvantaged groups and equitable access to education to reduce inequalities,11_1,11_2,
Enhance public transportation options and affordability (e.g. temporary reduction in ticket prices for those most in need) to counter the financial burden of increasing fuel prices and incentivise the usage of low-carbon mobility options to help meet climate objectives.,digitalisation as a top priority for the transition towards smarter cities and regions,11_1,11_3,
Enhance public transportation options and affordability (e.g. temporary reduction in ticket prices for those most in need) to counter the financial burden of increasing fuel prices and incentivise the usage of low-carbon mobility options to help meet climate objectives.,"To advance sustainable development in their city or region, additional subnational governments could mainstream the SDGs in their policies and strategies for urban and sustainable development.",11_1,11_4,
Enhance public transportation options and affordability (e.g. temporary reduction in ticket prices for those most in need) to counter the financial burden of increasing fuel prices and incentivise the usage of low-carbon mobility options to help meet climate objectives.,"It also enables them to prioritise their main sustainability targets while considering and managing the links, impacts and trade-offs concerning other SDGs (e.g. between climate and air quality, sustainable mobility and inequalities).",11_1,11_5,
Enhance public transportation options and affordability (e.g. temporary reduction in ticket prices for those most in need) to counter the financial burden of increasing fuel prices and incentivise the usage of low-carbon mobility options to help meet climate objectives.,The majority of local and regional governments (LRGs) have experienced a deterioration in living standards as a result of the cost-of-living crisis,11_1,11_6,
Enhance public transportation options and affordability (e.g. temporary reduction in ticket prices for those most in need) to counter the financial burden of increasing fuel prices and incentivise the usage of low-carbon mobility options to help meet climate objectives.,living standards had worsened as a result of general price increases,11_1,11_7,
Enhance public transportation options and affordability (e.g. temporary reduction in ticket prices for those most in need) to counter the financial burden of increasing fuel prices and incentivise the usage of low-carbon mobility options to help meet climate objectives.,experiencing a decrease in living standards in their cities or regions,11_1,11_8,
Enhance public transportation options and affordability (e.g. temporary reduction in ticket prices for those most in need) to counter the financial burden of increasing fuel prices and incentivise the usage of low-carbon mobility options to help meet climate objectives.,Housing (SDG 11) is another policy area that has been particularly affected (58%).,11_1,11_9,
Enhance public transportation options and affordability (e.g. temporary reduction in ticket prices for those most in need) to counter the financial burden of increasing fuel prices and incentivise the usage of low-carbon mobility options to help meet climate objectives.,temporary housing support schemes (SDG 11),11_1,11_10,
Enhance public transportation options and affordability (e.g. temporary reduction in ticket prices for those most in need) to counter the financial burden of increasing fuel prices and incentivise the usage of low-carbon mobility options to help meet climate objectives.,Cities and regions mostly promote a circular economy approach to reduce food waste,11_1,11_11,
Enhance public transportation options and affordability (e.g. temporary reduction in ticket prices for those most in need) to counter the financial burden of increasing fuel prices and incentivise the usage of low-carbon mobility options to help meet climate objectives.,They underscore the multifaceted efforts undertaken by cities and regions to tackle food waste,11_1,11_12,
Enhance public transportation options and affordability (e.g. temporary reduction in ticket prices for those most in need) to counter the financial burden of increasing fuel prices and incentivise the usage of low-carbon mobility options to help meet climate objectives.,ensure housing remains affordable for residents,11_1,11_13,
Enhance public transportation options and affordability (e.g. temporary reduction in ticket prices for those most in need) to counter the financial burden of increasing fuel prices and incentivise the usage of low-carbon mobility options to help meet climate objectives.,"Enhance a circular transition in the food sector through public procurement requirements for canteens and food services, e.g. by applying life cycle and environmental criteria to contribute to sustainable, organic and responsible product supplies whilst minimising and, in the best case, avoiding negative environmental impacts and waste creation.",11_1,11_14,
efficient delivery of social and community services for disadvantaged groups and equitable access to education to reduce inequalities,digitalisation as a top priority for the transition towards smarter cities and regions,11_2,11_3,
efficient delivery of social and community services for disadvantaged groups and equitable access to education to reduce inequalities,"To advance sustainable development in their city or region, additional subnational governments could mainstream the SDGs in their policies and strategies for urban and sustainable development.",11_2,11_4,
efficient delivery of social and community services for disadvantaged groups and equitable access to education to reduce inequalities,"It also enables them to prioritise their main sustainability targets while considering and managing the links, impacts and trade-offs concerning other SDGs (e.g. between climate and air quality, sustainable mobility and inequalities).",11_2,11_5,
efficient delivery of social and community services for disadvantaged groups and equitable access to education to reduce inequalities,The majority of local and regional governments (LRGs) have experienced a deterioration in living standards as a result of the cost-of-living crisis,11_2,11_6,
efficient delivery of social and community services for disadvantaged groups and equitable access to education to reduce inequalities,living standards had worsened as a result of general price increases,11_2,11_7,
efficient delivery of social and community services for disadvantaged groups and equitable access to education to reduce inequalities,experiencing a decrease in living standards in their cities or regions,11_2,11_8,
efficient delivery of social and community services for disadvantaged groups and equitable access to education to reduce inequalities,Housing (SDG 11) is another policy area that has been particularly affected (58%).,11_2,11_9,
efficient delivery of social and community services for disadvantaged groups and equitable access to education to reduce inequalities,temporary housing support schemes (SDG 11),11_2,11_10,
efficient delivery of social and community services for disadvantaged groups and equitable access to education to reduce inequalities,Cities and regions mostly promote a circular economy approach to reduce food waste,11_2,11_11,
efficient delivery of social and community services for disadvantaged groups and equitable access to education to reduce inequalities,They underscore the multifaceted efforts undertaken by cities and regions to tackle food waste,11_2,11_12,
efficient delivery of social and community services for disadvantaged groups and equitable access to education to reduce inequalities,ensure housing remains affordable for residents,11_2,11_13,
efficient delivery of social and community services for disadvantaged groups and equitable access to education to reduce inequalities,"Enhance a circular transition in the food sector through public procurement requirements for canteens and food services, e.g. by applying life cycle and environmental criteria to contribute to sustainable, organic and responsible product supplies whilst minimising and, in the best case, avoiding negative environmental impacts and waste creation.",11_2,11_14,
digitalisation as a top priority for the transition towards smarter cities and regions,"To advance sustainable development in their city or region, additional subnational governments could mainstream the SDGs in their policies and strategies for urban and sustainable development.",11_3,11_4,
digitalisation as a top priority for the transition towards smarter cities and regions,"It also enables them to prioritise their main sustainability targets while considering and managing the links, impacts and trade-offs concerning other SDGs (e.g. between climate and air quality, sustainable mobility and inequalities).",11_3,11_5,
digitalisation as a top priority for the transition towards smarter cities and regions,The majority of local and regional governments (LRGs) have experienced a deterioration in living standards as a result of the cost-of-living crisis,11_3,11_6,
digitalisation as a top priority for the transition towards smarter cities and regions,living standards had worsened as a result of general price increases,11_3,11_7,
digitalisation as a top priority for the transition towards smarter cities and regions,experiencing a decrease in living standards in their cities or regions,11_3,11_8,
digitalisation as a top priority for the transition towards smarter cities and regions,Housing (SDG 11) is another policy area that has been particularly affected (58%).,11_3,11_9,
digitalisation as a top priority for the transition towards smarter cities and regions,temporary housing support schemes (SDG 11),11_3,11_10,
digitalisation as a top priority for the transition towards smarter cities and regions,Cities and regions mostly promote a circular economy approach to reduce food waste,11_3,11_11,
digitalisation as a top priority for the transition towards smarter cities and regions,They underscore the multifaceted efforts undertaken by cities and regions to tackle food waste,11_3,11_12,
digitalisation as a top priority for the transition towards smarter cities and regions,ensure housing remains affordable for residents,11_3,11_13,
digitalisation as a top priority for the transition towards smarter cities and regions,"Enhance a circular transition in the food sector through public procurement requirements for canteens and food services, e.g. by applying life cycle and environmental criteria to contribute to sustainable, organic and responsible product supplies whilst minimising and, in the best case, avoiding negative environmental impacts and waste creation.",11_3,11_14,
"To advance sustainable development in their city or region, additional subnational governments could mainstream the SDGs in their policies and strategies for urban and sustainable development.","It also enables them to prioritise their main sustainability targets while considering and managing the links, impacts and trade-offs concerning other SDGs (e.g. between climate and air quality, sustainable mobility and inequalities).",11_4,11_5,
"To advance sustainable development in their city or region, additional subnational governments could mainstream the SDGs in their policies and strategies for urban and sustainable development.",The majority of local and regional governments (LRGs) have experienced a deterioration in living standards as a result of the cost-of-living crisis,11_4,11_6,
"To advance sustainable development in their city or region, additional subnational governments could mainstream the SDGs in their policies and strategies for urban and sustainable development.",living standards had worsened as a result of general price increases,11_4,11_7,
"To advance sustainable development in their city or region, additional subnational governments could mainstream the SDGs in their policies and strategies for urban and sustainable development.",experiencing a decrease in living standards in their cities or regions,11_4,11_8,
"To advance sustainable development in their city or region, additional subnational governments could mainstream the SDGs in their policies and strategies for urban and sustainable development.",Housing (SDG 11) is another policy area that has been particularly affected (58%).,11_4,11_9,
"To advance sustainable development in their city or region, additional subnational governments could mainstream the SDGs in their policies and strategies for urban and sustainable development.",temporary housing support schemes (SDG 11),11_4,11_10,
"To advance sustainable development in their city or region, additional subnational governments could mainstream the SDGs in their policies and strategies for urban and sustainable development.",Cities and regions mostly promote a circular economy approach to reduce food waste,11_4,11_11,
"To advance sustainable development in their city or region, additional subnational governments could mainstream the SDGs in their policies and strategies for urban and sustainable development.",They underscore the multifaceted efforts undertaken by cities and regions to tackle food waste,11_4,11_12,
"To advance sustainable development in their city or region, additional subnational governments could mainstream the SDGs in their policies and strategies for urban and sustainable development.",ensure housing remains affordable for residents,11_4,11_13,
"To advance sustainable development in their city or region, additional subnational governments could mainstream the SDGs in their policies and strategies for urban and sustainable development.","Enhance a circular transition in the food sector through public procurement requirements for canteens and food services, e.g. by applying life cycle and environmental criteria to contribute to sustainable, organic and responsible product supplies whilst minimising and, in the best case, avoiding negative environmental impacts and waste creation.",11_4,11_14,
"It also enables them to prioritise their main sustainability targets while considering and managing the links, impacts and trade-offs concerning other SDGs (e.g. between climate and air quality, sustainable mobility and inequalities).",The majority of local and regional governments (LRGs) have experienced a deterioration in living standards as a result of the cost-of-living crisis,11_5,11_6,
"It also enables them to prioritise their main sustainability targets while considering and managing the links, impacts and trade-offs concerning other SDGs (e.g. between climate and air quality, sustainable mobility and inequalities).",living standards had worsened as a result of general price increases,11_5,11_7,
"It also enables them to prioritise their main sustainability targets while considering and managing the links, impacts and trade-offs concerning other SDGs (e.g. between climate and air quality, sustainable mobility and inequalities).",experiencing a decrease in living standards in their cities or regions,11_5,11_8,
"It also enables them to prioritise their main sustainability targets while considering and managing the links, impacts and trade-offs concerning other SDGs (e.g. between climate and air quality, sustainable mobility and inequalities).",Housing (SDG 11) is another policy area that has been particularly affected (58%).,11_5,11_9,
"It also enables them to prioritise their main sustainability targets while considering and managing the links, impacts and trade-offs concerning other SDGs (e.g. between climate and air quality, sustainable mobility and inequalities).",temporary housing support schemes (SDG 11),11_5,11_10,
"It also enables them to prioritise their main sustainability targets while considering and managing the links, impacts and trade-offs concerning other SDGs (e.g. between climate and air quality, sustainable mobility and inequalities).",Cities and regions mostly promote a circular economy approach to reduce food waste,11_5,11_11,
"It also enables them to prioritise their main sustainability targets while considering and managing the links, impacts and trade-offs concerning other SDGs (e.g. between climate and air quality, sustainable mobility and inequalities).",They underscore the multifaceted efforts undertaken by cities and regions to tackle food waste,11_5,11_12,
"It also enables them to prioritise their main sustainability targets while considering and managing the links, impacts and trade-offs concerning other SDGs (e.g. between climate and air quality, sustainable mobility and inequalities).",ensure housing remains affordable for residents,11_5,11_13,
"It also enables them to prioritise their main sustainability targets while considering and managing the links, impacts and trade-offs concerning other SDGs (e.g. between climate and air quality, sustainable mobility and inequalities).","Enhance a circular transition in the food sector through public procurement requirements for canteens and food services, e.g. by applying life cycle and environmental criteria to contribute to sustainable, organic and responsible product supplies whilst minimising and, in the best case, avoiding negative environmental impacts and waste creation.",11_5,11_14,
The majority of local and regional governments (LRGs) have experienced a deterioration in living standards as a result of the cost-of-living crisis,living standards had worsened as a result of general price increases,11_6,11_7,
The majority of local and regional governments (LRGs) have experienced a deterioration in living standards as a result of the cost-of-living crisis,experiencing a decrease in living standards in their cities or regions,11_6,11_8,
The majority of local and regional governments (LRGs) have experienced a deterioration in living standards as a result of the cost-of-living crisis,Housing (SDG 11) is another policy area that has been particularly affected (58%).,11_6,11_9,
The majority of local and regional governments (LRGs) have experienced a deterioration in living standards as a result of the cost-of-living crisis,temporary housing support schemes (SDG 11),11_6,11_10,
The majority of local and regional governments (LRGs) have experienced a deterioration in living standards as a result of the cost-of-living crisis,Cities and regions mostly promote a circular economy approach to reduce food waste,11_6,11_11,
The majority of local and regional governments (LRGs) have experienced a deterioration in living standards as a result of the cost-of-living crisis,They underscore the multifaceted efforts undertaken by cities and regions to tackle food waste,11_6,11_12,
The majority of local and regional governments (LRGs) have experienced a deterioration in living standards as a result of the cost-of-living crisis,ensure housing remains affordable for residents,11_6,11_13,
The majority of local and regional governments (LRGs) have experienced a deterioration in living standards as a result of the cost-of-living crisis,"Enhance a circular transition in the food sector through public procurement requirements for canteens and food services, e.g. by applying life cycle and environmental criteria to contribute to sustainable, organic and responsible product supplies whilst minimising and, in the best case, avoiding negative environmental impacts and waste creation.",11_6,11_14,
living standards had worsened as a result of general price increases,experiencing a decrease in living standards in their cities or regions,11_7,11_8,
living standards had worsened as a result of general price increases,Housing (SDG 11) is another policy area that has been particularly affected (58%).,11_7,11_9,
living standards had worsened as a result of general price increases,temporary housing support schemes (SDG 11),11_7,11_10,
living standards had worsened as a result of general price increases,Cities and regions mostly promote a circular economy approach to reduce food waste,11_7,11_11,
living standards had worsened as a result of general price increases,They underscore the multifaceted efforts undertaken by cities and regions to tackle food waste,11_7,11_12,
living standards had worsened as a result of general price increases,ensure housing remains affordable for residents,11_7,11_13,
living standards had worsened as a result of general price increases,"Enhance a circular transition in the food sector through public procurement requirements for canteens and food services, e.g. by applying life cycle and environmental criteria to contribute to sustainable, organic and responsible product supplies whilst minimising and, in the best case, avoiding negative environmental impacts and waste creation.",11_7,11_14,
experiencing a decrease in living standards in their cities or regions,Housing (SDG 11) is another policy area that has been particularly affected (58%).,11_8,11_9,
experiencing a decrease in living standards in their cities or regions,temporary housing support schemes (SDG 11),11_8,11_10,
experiencing a decrease in living standards in their cities or regions,Cities and regions mostly promote a circular economy approach to reduce food waste,11_8,11_11,
experiencing a decrease in living standards in their cities or regions,They underscore the multifaceted efforts undertaken by cities and regions to tackle food waste,11_8,11_12,
experiencing a decrease in living standards in their cities or regions,ensure housing remains affordable for residents,11_8,11_13,
experiencing a decrease in living standards in their cities or regions,"Enhance a circular transition in the food sector through public procurement requirements for canteens and food services, e.g. by applying life cycle and environmental criteria to contribute to sustainable, organic and responsible product supplies whilst minimising and, in the best case, avoiding negative environmental impacts and waste creation.",11_8,11_14,
Housing (SDG 11) is another policy area that has been particularly affected (58%).,temporary housing support schemes (SDG 11),11_9,11_10,
Housing (SDG 11) is another policy area that has been particularly affected (58%).,Cities and regions mostly promote a circular economy approach to reduce food waste,11_9,11_11,
Housing (SDG 11) is another policy area that has been particularly affected (58%).,They underscore the multifaceted efforts undertaken by cities and regions to tackle food waste,11_9,11_12,
Housing (SDG 11) is another policy area that has been particularly affected (58%).,ensure housing remains affordable for residents,11_9,11_13,
Housing (SDG 11) is another policy area that has been particularly affected (58%).,"Enhance a circular transition in the food sector through public procurement requirements for canteens and food services, e.g. by applying life cycle and environmental criteria to contribute to sustainable, organic and responsible product supplies whilst minimising and, in the best case, avoiding negative environmental impacts and waste creation.",11_9,11_14,
temporary housing support schemes (SDG 11),Cities and regions mostly promote a circular economy approach to reduce food waste,11_10,11_11,
temporary housing support schemes (SDG 11),They underscore the multifaceted efforts undertaken by cities and regions to tackle food waste,11_10,11_12,
temporary housing support schemes (SDG 11),ensure housing remains affordable for residents,11_10,11_13,
temporary housing support schemes (SDG 11),"Enhance a circular transition in the food sector through public procurement requirements for canteens and food services, e.g. by applying life cycle and environmental criteria to contribute to sustainable, organic and responsible product supplies whilst minimising and, in the best case, avoiding negative environmental impacts and waste creation.",11_10,11_14,
Cities and regions mostly promote a circular economy approach to reduce food waste,They underscore the multifaceted efforts undertaken by cities and regions to tackle food waste,11_11,11_12,
Cities and regions mostly promote a circular economy approach to reduce food waste,ensure housing remains affordable for residents,11_11,11_13,
Cities and regions mostly promote a circular economy approach to reduce food waste,"Enhance a circular transition in the food sector through public procurement requirements for canteens and food services, e.g. by applying life cycle and environmental criteria to contribute to sustainable, organic and responsible product supplies whilst minimising and, in the best case, avoiding negative environmental impacts and waste creation.",11_11,11_14,
They underscore the multifaceted efforts undertaken by cities and regions to tackle food waste,ensure housing remains affordable for residents,11_12,11_13,
They underscore the multifaceted efforts undertaken by cities and regions to tackle food waste,"Enhance a circular transition in the food sector through public procurement requirements for canteens and food services, e.g. by applying life cycle and environmental criteria to contribute to sustainable, organic and responsible product supplies whilst minimising and, in the best case, avoiding negative environmental impacts and waste creation.",11_12,11_14,
ensure housing remains affordable for residents,"Enhance a circular transition in the food sector through public procurement requirements for canteens and food services, e.g. by applying life cycle and environmental criteria to contribute to sustainable, organic and responsible product supplies whilst minimising and, in the best case, avoiding negative environmental impacts and waste creation.",11_13,11_14,
promoting sustainable food systems and reducing food waste,sustainable and resilient future,12_0,12_1,
promoting sustainable food systems and reducing food waste,promoting a circular economy approach (60%) is the most common programme to reduce food waste,12_0,12_2,
promoting sustainable food systems and reducing food waste,"Their activities span numerous policy areas, including but not limited to housing, transportation, infrastructure, land use, waste management, access to clean drinking water and sanitation, energy efficiency and addressing climate change.",12_0,12_3,
promoting sustainable food systems and reducing food waste,"Cities and regions face the highest levels of inflation across OECD countries in over 3 decades, with an average of 9.5% in 2022 and an estimated 6.9% in 2023.",12_0,12_4,
promoting sustainable food systems and reducing food waste,Promoting a circular economy approach to the local and regional food system,12_0,12_5,
promoting sustainable food systems and reducing food waste,reducing food waste,12_0,12_6,
promoting sustainable food systems and reducing food waste,reusing and redistributing surplus food,12_0,12_7,
promoting sustainable food systems and reducing food waste,promoting a circular economy approach to the food system,12_0,12_8,
promoting sustainable food systems and reducing food waste,"Promote the systematic knowledge sharing of cities’ actions and best practices for sustainable food systems whereby frontrunner cities (e.g. Milan, New York and Strasbourg, among others) can inspire other cities.",12_0,12_9,
sustainable and resilient future,promoting a circular economy approach (60%) is the most common programme to reduce food waste,12_1,12_2,
sustainable and resilient future,"Their activities span numerous policy areas, including but not limited to housing, transportation, infrastructure, land use, waste management, access to clean drinking water and sanitation, energy efficiency and addressing climate change.",12_1,12_3,
sustainable and resilient future,"Cities and regions face the highest levels of inflation across OECD countries in over 3 decades, with an average of 9.5% in 2022 and an estimated 6.9% in 2023.",12_1,12_4,
sustainable and resilient future,Promoting a circular economy approach to the local and regional food system,12_1,12_5,
sustainable and resilient future,reducing food waste,12_1,12_6,
sustainable and resilient future,reusing and redistributing surplus food,12_1,12_7,
sustainable and resilient future,promoting a circular economy approach to the food system,12_1,12_8,
sustainable and resilient future,"Promote the systematic knowledge sharing of cities’ actions and best practices for sustainable food systems whereby frontrunner cities (e.g. Milan, New York and Strasbourg, among others) can inspire other cities.",12_1,12_9,
promoting a circular economy approach (60%) is the most common programme to reduce food waste,"Their activities span numerous policy areas, including but not limited to housing, transportation, infrastructure, land use, waste management, access to clean drinking water and sanitation, energy efficiency and addressing climate change.",12_2,12_3,
promoting a circular economy approach (60%) is the most common programme to reduce food waste,"Cities and regions face the highest levels of inflation across OECD countries in over 3 decades, with an average of 9.5% in 2022 and an estimated 6.9% in 2023.",12_2,12_4,
promoting a circular economy approach (60%) is the most common programme to reduce food waste,Promoting a circular economy approach to the local and regional food system,12_2,12_5,
promoting a circular economy approach (60%) is the most common programme to reduce food waste,reducing food waste,12_2,12_6,
promoting a circular economy approach (60%) is the most common programme to reduce food waste,reusing and redistributing surplus food,12_2,12_7,
promoting a circular economy approach (60%) is the most common programme to reduce food waste,promoting a circular economy approach to the food system,12_2,12_8,
promoting a circular economy approach (60%) is the most common programme to reduce food waste,"Promote the systematic knowledge sharing of cities’ actions and best practices for sustainable food systems whereby frontrunner cities (e.g. Milan, New York and Strasbourg, among others) can inspire other cities.",12_2,12_9,
"Their activities span numerous policy areas, including but not limited to housing, transportation, infrastructure, land use, waste management, access to clean drinking water and sanitation, energy efficiency and addressing climate change.","Cities and regions face the highest levels of inflation across OECD countries in over 3 decades, with an average of 9.5% in 2022 and an estimated 6.9% in 2023.",12_3,12_4,
"Their activities span numerous policy areas, including but not limited to housing, transportation, infrastructure, land use, waste management, access to clean drinking water and sanitation, energy efficiency and addressing climate change.",Promoting a circular economy approach to the local and regional food system,12_3,12_5,
"Their activities span numerous policy areas, including but not limited to housing, transportation, infrastructure, land use, waste management, access to clean drinking water and sanitation, energy efficiency and addressing climate change.",reducing food waste,12_3,12_6,
"Their activities span numerous policy areas, including but not limited to housing, transportation, infrastructure, land use, waste management, access to clean drinking water and sanitation, energy efficiency and addressing climate change.",reusing and redistributing surplus food,12_3,12_7,
"Their activities span numerous policy areas, including but not limited to housing, transportation, infrastructure, land use, waste management, access to clean drinking water and sanitation, energy efficiency and addressing climate change.",promoting a circular economy approach to the food system,12_3,12_8,
"Their activities span numerous policy areas, including but not limited to housing, transportation, infrastructure, land use, waste management, access to clean drinking water and sanitation, energy efficiency and addressing climate change.","Promote the systematic knowledge sharing of cities’ actions and best practices for sustainable food systems whereby frontrunner cities (e.g. Milan, New York and Strasbourg, among others) can inspire other cities.",12_3,12_9,
"Cities and regions face the highest levels of inflation across OECD countries in over 3 decades, with an average of 9.5% in 2022 and an estimated 6.9% in 2023.",Promoting a circular economy approach to the local and regional food system,12_4,12_5,
"Cities and regions face the highest levels of inflation across OECD countries in over 3 decades, with an average of 9.5% in 2022 and an estimated 6.9% in 2023.",reducing food waste,12_4,12_6,
"Cities and regions face the highest levels of inflation across OECD countries in over 3 decades, with an average of 9.5% in 2022 and an estimated 6.9% in 2023.",reusing and redistributing surplus food,12_4,12_7,
"Cities and regions face the highest levels of inflation across OECD countries in over 3 decades, with an average of 9.5% in 2022 and an estimated 6.9% in 2023.",promoting a circular economy approach to the food system,12_4,12_8,
"Cities and regions face the highest levels of inflation across OECD countries in over 3 decades, with an average of 9.5% in 2022 and an estimated 6.9% in 2023.","Promote the systematic knowledge sharing of cities’ actions and best practices for sustainable food systems whereby frontrunner cities (e.g. Milan, New York and Strasbourg, among others) can inspire other cities.",12_4,12_9,
Promoting a circular economy approach to the local and regional food system,reducing food waste,12_5,12_6,
Promoting a circular economy approach to the local and regional food system,reusing and redistributing surplus food,12_5,12_7,
Promoting a circular economy approach to the local and regional food system,promoting a circular economy approach to the food system,12_5,12_8,
Promoting a circular economy approach to the local and regional food system,"Promote the systematic knowledge sharing of cities’ actions and best practices for sustainable food systems whereby frontrunner cities (e.g. Milan, New York and Strasbourg, among others) can inspire other cities.",12_5,12_9,
reducing food waste,reusing and redistributing surplus food,12_6,12_7,
reducing food waste,promoting a circular economy approach to the food system,12_6,12_8,
reducing food waste,"Promote the systematic knowledge sharing of cities’ actions and best practices for sustainable food systems whereby frontrunner cities (e.g. Milan, New York and Strasbourg, among others) can inspire other cities.",12_6,12_9,
reusing and redistributing surplus food,promoting a circular economy approach to the food system,12_7,12_8,
reusing and redistributing surplus food,"Promote the systematic knowledge sharing of cities’ actions and best practices for sustainable food systems whereby frontrunner cities (e.g. Milan, New York and Strasbourg, among others) can inspire other cities.",12_7,12_9,
promoting a circular economy approach to the food system,"Promote the systematic knowledge sharing of cities’ actions and best practices for sustainable food systems whereby frontrunner cities (e.g. Milan, New York and Strasbourg, among others) can inspire other cities.",12_8,12_9,
incentivising decarbonisation in both production and in consumption,incentivise decarbonisation both in production and consumption,13_0,13_1,
incentivising decarbonisation in both production and in consumption,"To achieve SDG 7 and encourage the decarbonisation of energy production, energy efficiency improvements in buildings and the electrification of current fossil fuel use",13_0,13_2,
incentivising decarbonisation in both production and in consumption,"Set decarbonisation goals, standards and regulations and lead by example to decarbonise government-owned and -operated infrastructure to achieve SDG 7 at the local level",13_0,13_3,
incentivising decarbonisation in both production and in consumption,take urgent action to combat climate change and its impacts,13_0,13_4,
incentivising decarbonisation in both production and in consumption,Policies and strategies to best transition to cleaner energy production.,13_0,13_5,
incentivising decarbonisation in both production and in consumption,switching from fossil fuels to zero-carbon sources and decarbonising the built environment,13_0,13_6,
incentivising decarbonisation in both production and in consumption,efficient delivery of social and community services for disadvantaged groups and equitable access to education to reduce inequalities,13_0,13_7,
incentivising decarbonisation in both production and in consumption,Take urgent action to combat climate change and its impacts,13_0,13_8,
incentivising decarbonisation in both production and in consumption,"The planet dimension (SDGs 6 and 12-15), which comprises the SDGs on water, sustainable consumption and production, climate action and life on land and underwater, received a slightly lower priority (20%),",13_0,13_9,
incentivising decarbonisation in both production and in consumption,"Climate (SDG 13) and mobility (SDG 9) were relatively less affected, with 28% and 22% of respondents respectively reporting an impact in these two policy areas.",13_0,13_10,
incentivising decarbonisation in both production and in consumption,"Furthermore, climate (43%) emerged as a more prominent concern in the responses of territorial stakeholders.",13_0,13_11,
incentivising decarbonisation in both production and in consumption,Reduction of the average temperature in public buildings (SDGs 7 and 13),13_0,13_12,
incentivising decarbonisation in both production and in consumption,Reduction of street lighting (SDGs 7 and 13),13_0,13_13,
incentivising decarbonisation in both production and in consumption,Achieving SDG 7 on Clean and affordable energy has gained greater prominence for most local and regional governments since the outbreak of Russia’s war of aggression against Ukraine,13_0,13_14,
incentivising decarbonisation in both production and in consumption,Incentivise decarbonisation both in production and consumption,13_0,13_15,
incentivise decarbonisation both in production and consumption,"To achieve SDG 7 and encourage the decarbonisation of energy production, energy efficiency improvements in buildings and the electrification of current fossil fuel use",13_1,13_2,
incentivise decarbonisation both in production and consumption,"Set decarbonisation goals, standards and regulations and lead by example to decarbonise government-owned and -operated infrastructure to achieve SDG 7 at the local level",13_1,13_3,
incentivise decarbonisation both in production and consumption,take urgent action to combat climate change and its impacts,13_1,13_4,
incentivise decarbonisation both in production and consumption,Policies and strategies to best transition to cleaner energy production.,13_1,13_5,
incentivise decarbonisation both in production and consumption,switching from fossil fuels to zero-carbon sources and decarbonising the built environment,13_1,13_6,
incentivise decarbonisation both in production and consumption,efficient delivery of social and community services for disadvantaged groups and equitable access to education to reduce inequalities,13_1,13_7,
incentivise decarbonisation both in production and consumption,Take urgent action to combat climate change and its impacts,13_1,13_8,
incentivise decarbonisation both in production and consumption,"The planet dimension (SDGs 6 and 12-15), which comprises the SDGs on water, sustainable consumption and production, climate action and life on land and underwater, received a slightly lower priority (20%),",13_1,13_9,
incentivise decarbonisation both in production and consumption,"Climate (SDG 13) and mobility (SDG 9) were relatively less affected, with 28% and 22% of respondents respectively reporting an impact in these two policy areas.",13_1,13_10,
incentivise decarbonisation both in production and consumption,"Furthermore, climate (43%) emerged as a more prominent concern in the responses of territorial stakeholders.",13_1,13_11,
incentivise decarbonisation both in production and consumption,Reduction of the average temperature in public buildings (SDGs 7 and 13),13_1,13_12,
incentivise decarbonisation both in production and consumption,Reduction of street lighting (SDGs 7 and 13),13_1,13_13,
incentivise decarbonisation both in production and consumption,Achieving SDG 7 on Clean and affordable energy has gained greater prominence for most local and regional governments since the outbreak of Russia’s war of aggression against Ukraine,13_1,13_14,
incentivise decarbonisation both in production and consumption,Incentivise decarbonisation both in production and consumption,13_1,13_15,
"To achieve SDG 7 and encourage the decarbonisation of energy production, energy efficiency improvements in buildings and the electrification of current fossil fuel use","Set decarbonisation goals, standards and regulations and lead by example to decarbonise government-owned and -operated infrastructure to achieve SDG 7 at the local level",13_2,13_3,
"To achieve SDG 7 and encourage the decarbonisation of energy production, energy efficiency improvements in buildings and the electrification of current fossil fuel use",take urgent action to combat climate change and its impacts,13_2,13_4,
"To achieve SDG 7 and encourage the decarbonisation of energy production, energy efficiency improvements in buildings and the electrification of current fossil fuel use",Policies and strategies to best transition to cleaner energy production.,13_2,13_5,
"To achieve SDG 7 and encourage the decarbonisation of energy production, energy efficiency improvements in buildings and the electrification of current fossil fuel use",switching from fossil fuels to zero-carbon sources and decarbonising the built environment,13_2,13_6,
"To achieve SDG 7 and encourage the decarbonisation of energy production, energy efficiency improvements in buildings and the electrification of current fossil fuel use",efficient delivery of social and community services for disadvantaged groups and equitable access to education to reduce inequalities,13_2,13_7,
"To achieve SDG 7 and encourage the decarbonisation of energy production, energy efficiency improvements in buildings and the electrification of current fossil fuel use",Take urgent action to combat climate change and its impacts,13_2,13_8,
"To achieve SDG 7 and encourage the decarbonisation of energy production, energy efficiency improvements in buildings and the electrification of current fossil fuel use","The planet dimension (SDGs 6 and 12-15), which comprises the SDGs on water, sustainable consumption and production, climate action and life on land and underwater, received a slightly lower priority (20%),",13_2,13_9,
"To achieve SDG 7 and encourage the decarbonisation of energy production, energy efficiency improvements in buildings and the electrification of current fossil fuel use","Climate (SDG 13) and mobility (SDG 9) were relatively less affected, with 28% and 22% of respondents respectively reporting an impact in these two policy areas.",13_2,13_10,
"To achieve SDG 7 and encourage the decarbonisation of energy production, energy efficiency improvements in buildings and the electrification of current fossil fuel use","Furthermore, climate (43%) emerged as a more prominent concern in the responses of territorial stakeholders.",13_2,13_11,
"To achieve SDG 7 and encourage the decarbonisation of energy production, energy efficiency improvements in buildings and the electrification of current fossil fuel use",Reduction of the average temperature in public buildings (SDGs 7 and 13),13_2,13_12,
"To achieve SDG 7 and encourage the decarbonisation of energy production, energy efficiency improvements in buildings and the electrification of current fossil fuel use",Reduction of street lighting (SDGs 7 and 13),13_2,13_13,
"To achieve SDG 7 and encourage the decarbonisation of energy production, energy efficiency improvements in buildings and the electrification of current fossil fuel use",Achieving SDG 7 on Clean and affordable energy has gained greater prominence for most local and regional governments since the outbreak of Russia’s war of aggression against Ukraine,13_2,13_14,
"To achieve SDG 7 and encourage the decarbonisation of energy production, energy efficiency improvements in buildings and the electrification of current fossil fuel use",Incentivise decarbonisation both in production and consumption,13_2,13_15,
"Set decarbonisation goals, standards and regulations and lead by example to decarbonise government-owned and -operated infrastructure to achieve SDG 7 at the local level",take urgent action to combat climate change and its impacts,13_3,13_4,
"Set decarbonisation goals, standards and regulations and lead by example to decarbonise government-owned and -operated infrastructure to achieve SDG 7 at the local level",Policies and strategies to best transition to cleaner energy production.,13_3,13_5,
"Set decarbonisation goals, standards and regulations and lead by example to decarbonise government-owned and -operated infrastructure to achieve SDG 7 at the local level",switching from fossil fuels to zero-carbon sources and decarbonising the built environment,13_3,13_6,
"Set decarbonisation goals, standards and regulations and lead by example to decarbonise government-owned and -operated infrastructure to achieve SDG 7 at the local level",efficient delivery of social and community services for disadvantaged groups and equitable access to education to reduce inequalities,13_3,13_7,
"Set decarbonisation goals, standards and regulations and lead by example to decarbonise government-owned and -operated infrastructure to achieve SDG 7 at the local level",Take urgent action to combat climate change and its impacts,13_3,13_8,
"Set decarbonisation goals, standards and regulations and lead by example to decarbonise government-owned and -operated infrastructure to achieve SDG 7 at the local level","The planet dimension (SDGs 6 and 12-15), which comprises the SDGs on water, sustainable consumption and production, climate action and life on land and underwater, received a slightly lower priority (20%),",13_3,13_9,
"Set decarbonisation goals, standards and regulations and lead by example to decarbonise government-owned and -operated infrastructure to achieve SDG 7 at the local level","Climate (SDG 13) and mobility (SDG 9) were relatively less affected, with 28% and 22% of respondents respectively reporting an impact in these two policy areas.",13_3,13_10,
"Set decarbonisation goals, standards and regulations and lead by example to decarbonise government-owned and -operated infrastructure to achieve SDG 7 at the local level","Furthermore, climate (43%) emerged as a more prominent concern in the responses of territorial stakeholders.",13_3,13_11,
"Set decarbonisation goals, standards and regulations and lead by example to decarbonise government-owned and -operated infrastructure to achieve SDG 7 at the local level",Reduction of the average temperature in public buildings (SDGs 7 and 13),13_3,13_12,
"Set decarbonisation goals, standards and regulations and lead by example to decarbonise government-owned and -operated infrastructure to achieve SDG 7 at the local level",Reduction of street lighting (SDGs 7 and 13),13_3,13_13,
"Set decarbonisation goals, standards and regulations and lead by example to decarbonise government-owned and -operated infrastructure to achieve SDG 7 at the local level",Achieving SDG 7 on Clean and affordable energy has gained greater prominence for most local and regional governments since the outbreak of Russia’s war of aggression against Ukraine,13_3,13_14,
"Set decarbonisation goals, standards and regulations and lead by example to decarbonise government-owned and -operated infrastructure to achieve SDG 7 at the local level",Incentivise decarbonisation both in production and consumption,13_3,13_15,
take urgent action to combat climate change and its impacts,Policies and strategies to best transition to cleaner energy production.,13_4,13_5,
take urgent action to combat climate change and its impacts,switching from fossil fuels to zero-carbon sources and decarbonising the built environment,13_4,13_6,
take urgent action to combat climate change and its impacts,efficient delivery of social and community services for disadvantaged groups and equitable access to education to reduce inequalities,13_4,13_7,
take urgent action to combat climate change and its impacts,Take urgent action to combat climate change and its impacts,13_4,13_8,
take urgent action to combat climate change and its impacts,"The planet dimension (SDGs 6 and 12-15), which comprises the SDGs on water, sustainable consumption and production, climate action and life on land and underwater, received a slightly lower priority (20%),",13_4,13_9,
take urgent action to combat climate change and its impacts,"Climate (SDG 13) and mobility (SDG 9) were relatively less affected, with 28% and 22% of respondents respectively reporting an impact in these two policy areas.",13_4,13_10,
take urgent action to combat climate change and its impacts,"Furthermore, climate (43%) emerged as a more prominent concern in the responses of territorial stakeholders.",13_4,13_11,
take urgent action to combat climate change and its impacts,Reduction of the average temperature in public buildings (SDGs 7 and 13),13_4,13_12,
take urgent action to combat climate change and its impacts,Reduction of street lighting (SDGs 7 and 13),13_4,13_13,
take urgent action to combat climate change and its impacts,Achieving SDG 7 on Clean and affordable energy has gained greater prominence for most local and regional governments since the outbreak of Russia’s war of aggression against Ukraine,13_4,13_14,
take urgent action to combat climate change and its impacts,Incentivise decarbonisation both in production and consumption,13_4,13_15,
Policies and strategies to best transition to cleaner energy production.,switching from fossil fuels to zero-carbon sources and decarbonising the built environment,13_5,13_6,
Policies and strategies to best transition to cleaner energy production.,efficient delivery of social and community services for disadvantaged groups and equitable access to education to reduce inequalities,13_5,13_7,
Policies and strategies to best transition to cleaner energy production.,Take urgent action to combat climate change and its impacts,13_5,13_8,
Policies and strategies to best transition to cleaner energy production.,"The planet dimension (SDGs 6 and 12-15), which comprises the SDGs on water, sustainable consumption and production, climate action and life on land and underwater, received a slightly lower priority (20%),",13_5,13_9,
Policies and strategies to best transition to cleaner energy production.,"Climate (SDG 13) and mobility (SDG 9) were relatively less affected, with 28% and 22% of respondents respectively reporting an impact in these two policy areas.",13_5,13_10,
Policies and strategies to best transition to cleaner energy production.,"Furthermore, climate (43%) emerged as a more prominent concern in the responses of territorial stakeholders.",13_5,13_11,
Policies and strategies to best transition to cleaner energy production.,Reduction of the average temperature in public buildings (SDGs 7 and 13),13_5,13_12,
Policies and strategies to best transition to cleaner energy production.,Reduction of street lighting (SDGs 7 and 13),13_5,13_13,
Policies and strategies to best transition to cleaner energy production.,Achieving SDG 7 on Clean and affordable energy has gained greater prominence for most local and regional governments since the outbreak of Russia’s war of aggression against Ukraine,13_5,13_14,
Policies and strategies to best transition to cleaner energy production.,Incentivise decarbonisation both in production and consumption,13_5,13_15,
switching from fossil fuels to zero-carbon sources and decarbonising the built environment,efficient delivery of social and community services for disadvantaged groups and equitable access to education to reduce inequalities,13_6,13_7,
switching from fossil fuels to zero-carbon sources and decarbonising the built environment,Take urgent action to combat climate change and its impacts,13_6,13_8,
switching from fossil fuels to zero-carbon sources and decarbonising the built environment,"The planet dimension (SDGs 6 and 12-15), which comprises the SDGs on water, sustainable consumption and production, climate action and life on land and underwater, received a slightly lower priority (20%),",13_6,13_9,
switching from fossil fuels to zero-carbon sources and decarbonising the built environment,"Climate (SDG 13) and mobility (SDG 9) were relatively less affected, with 28% and 22% of respondents respectively reporting an impact in these two policy areas.",13_6,13_10,
switching from fossil fuels to zero-carbon sources and decarbonising the built environment,"Furthermore, climate (43%) emerged as a more prominent concern in the responses of territorial stakeholders.",13_6,13_11,
switching from fossil fuels to zero-carbon sources and decarbonising the built environment,Reduction of the average temperature in public buildings (SDGs 7 and 13),13_6,13_12,
switching from fossil fuels to zero-carbon sources and decarbonising the built environment,Reduction of street lighting (SDGs 7 and 13),13_6,13_13,
switching from fossil fuels to zero-carbon sources and decarbonising the built environment,Achieving SDG 7 on Clean and affordable energy has gained greater prominence for most local and regional governments since the outbreak of Russia’s war of aggression against Ukraine,13_6,13_14,
switching from fossil fuels to zero-carbon sources and decarbonising the built environment,Incentivise decarbonisation both in production and consumption,13_6,13_15,
efficient delivery of social and community services for disadvantaged groups and equitable access to education to reduce inequalities,Take urgent action to combat climate change and its impacts,13_7,13_8,
efficient delivery of social and community services for disadvantaged groups and equitable access to education to reduce inequalities,"The planet dimension (SDGs 6 and 12-15), which comprises the SDGs on water, sustainable consumption and production, climate action and life on land and underwater, received a slightly lower priority (20%),",13_7,13_9,
efficient delivery of social and community services for disadvantaged groups and equitable access to education to reduce inequalities,"Climate (SDG 13) and mobility (SDG 9) were relatively less affected, with 28% and 22% of respondents respectively reporting an impact in these two policy areas.",13_7,13_10,
efficient delivery of social and community services for disadvantaged groups and equitable access to education to reduce inequalities,"Furthermore, climate (43%) emerged as a more prominent concern in the responses of territorial stakeholders.",13_7,13_11,
efficient delivery of social and community services for disadvantaged groups and equitable access to education to reduce inequalities,Reduction of the average temperature in public buildings (SDGs 7 and 13),13_7,13_12,
efficient delivery of social and community services for disadvantaged groups and equitable access to education to reduce inequalities,Reduction of street lighting (SDGs 7 and 13),13_7,13_13,
efficient delivery of social and community services for disadvantaged groups and equitable access to education to reduce inequalities,Achieving SDG 7 on Clean and affordable energy has gained greater prominence for most local and regional governments since the outbreak of Russia’s war of aggression against Ukraine,13_7,13_14,
efficient delivery of social and community services for disadvantaged groups and equitable access to education to reduce inequalities,Incentivise decarbonisation both in production and consumption,13_7,13_15,
Take urgent action to combat climate change and its impacts,"The planet dimension (SDGs 6 and 12-15), which comprises the SDGs on water, sustainable consumption and production, climate action and life on land and underwater, received a slightly lower priority (20%),",13_8,13_9,
Take urgent action to combat climate change and its impacts,"Climate (SDG 13) and mobility (SDG 9) were relatively less affected, with 28% and 22% of respondents respectively reporting an impact in these two policy areas.",13_8,13_10,
Take urgent action to combat climate change and its impacts,"Furthermore, climate (43%) emerged as a more prominent concern in the responses of territorial stakeholders.",13_8,13_11,
Take urgent action to combat climate change and its impacts,Reduction of the average temperature in public buildings (SDGs 7 and 13),13_8,13_12,
Take urgent action to combat climate change and its impacts,Reduction of street lighting (SDGs 7 and 13),13_8,13_13,
Take urgent action to combat climate change and its impacts,Achieving SDG 7 on Clean and affordable energy has gained greater prominence for most local and regional governments since the outbreak of Russia’s war of aggression against Ukraine,13_8,13_14,
Take urgent action to combat climate change and its impacts,Incentivise decarbonisation both in production and consumption,13_8,13_15,
"The planet dimension (SDGs 6 and 12-15), which comprises the SDGs on water, sustainable consumption and production, climate action and life on land and underwater, received a slightly lower priority (20%),","Climate (SDG 13) and mobility (SDG 9) were relatively less affected, with 28% and 22% of respondents respectively reporting an impact in these two policy areas.",13_9,13_10,
"The planet dimension (SDGs 6 and 12-15), which comprises the SDGs on water, sustainable consumption and production, climate action and life on land and underwater, received a slightly lower priority (20%),","Furthermore, climate (43%) emerged as a more prominent concern in the responses of territorial stakeholders.",13_9,13_11,
"The planet dimension (SDGs 6 and 12-15), which comprises the SDGs on water, sustainable consumption and production, climate action and life on land and underwater, received a slightly lower priority (20%),",Reduction of the average temperature in public buildings (SDGs 7 and 13),13_9,13_12,
"The planet dimension (SDGs 6 and 12-15), which comprises the SDGs on water, sustainable consumption and production, climate action and life on land and underwater, received a slightly lower priority (20%),",Reduction of street lighting (SDGs 7 and 13),13_9,13_13,
"The planet dimension (SDGs 6 and 12-15), which comprises the SDGs on water, sustainable consumption and production, climate action and life on land and underwater, received a slightly lower priority (20%),",Achieving SDG 7 on Clean and affordable energy has gained greater prominence for most local and regional governments since the outbreak of Russia’s war of aggression against Ukraine,13_9,13_14,
"The planet dimension (SDGs 6 and 12-15), which comprises the SDGs on water, sustainable consumption and production, climate action and life on land and underwater, received a slightly lower priority (20%),",Incentivise decarbonisation both in production and consumption,13_9,13_15,
"Climate (SDG 13) and mobility (SDG 9) were relatively less affected, with 28% and 22% of respondents respectively reporting an impact in these two policy areas.","Furthermore, climate (43%) emerged as a more prominent concern in the responses of territorial stakeholders.",13_10,13_11,
"Climate (SDG 13) and mobility (SDG 9) were relatively less affected, with 28% and 22% of respondents respectively reporting an impact in these two policy areas.",Reduction of the average temperature in public buildings (SDGs 7 and 13),13_10,13_12,
"Climate (SDG 13) and mobility (SDG 9) were relatively less affected, with 28% and 22% of respondents respectively reporting an impact in these two policy areas.",Reduction of street lighting (SDGs 7 and 13),13_10,13_13,
"Climate (SDG 13) and mobility (SDG 9) were relatively less affected, with 28% and 22% of respondents respectively reporting an impact in these two policy areas.",Achieving SDG 7 on Clean and affordable energy has gained greater prominence for most local and regional governments since the outbreak of Russia’s war of aggression against Ukraine,13_10,13_14,
"Climate (SDG 13) and mobility (SDG 9) were relatively less affected, with 28% and 22% of respondents respectively reporting an impact in these two policy areas.",Incentivise decarbonisation both in production and consumption,13_10,13_15,
"Furthermore, climate (43%) emerged as a more prominent concern in the responses of territorial stakeholders.",Reduction of the average temperature in public buildings (SDGs 7 and 13),13_11,13_12,
"Furthermore, climate (43%) emerged as a more prominent concern in the responses of territorial stakeholders.",Reduction of street lighting (SDGs 7 and 13),13_11,13_13,
"Furthermore, climate (43%) emerged as a more prominent concern in the responses of territorial stakeholders.",Achieving SDG 7 on Clean and affordable energy has gained greater prominence for most local and regional governments since the outbreak of Russia’s war of aggression against Ukraine,13_11,13_14,
"Furthermore, climate (43%) emerged as a more prominent concern in the responses of territorial stakeholders.",Incentivise decarbonisation both in production and consumption,13_11,13_15,
Reduction of the average temperature in public buildings (SDGs 7 and 13),Reduction of street lighting (SDGs 7 and 13),13_12,13_13,
Reduction of the average temperature in public buildings (SDGs 7 and 13),Achieving SDG 7 on Clean and affordable energy has gained greater prominence for most local and regional governments since the outbreak of Russia’s war of aggression against Ukraine,13_12,13_14,
Reduction of the average temperature in public buildings (SDGs 7 and 13),Incentivise decarbonisation both in production and consumption,13_12,13_15,
Reduction of street lighting (SDGs 7 and 13),Achieving SDG 7 on Clean and affordable energy has gained greater prominence for most local and regional governments since the outbreak of Russia’s war of aggression against Ukraine,13_13,13_14,
Reduction of street lighting (SDGs 7 and 13),Incentivise decarbonisation both in production and consumption,13_13,13_15,
Achieving SDG 7 on Clean and affordable energy has gained greater prominence for most local and regional governments since the outbreak of Russia’s war of aggression against Ukraine,Incentivise decarbonisation both in production and consumption,13_14,13_15,
LRGs consider political leadership to be the most important factor in achieving the localisation of the SDGs in cities and regions,"LRGs are facing several challenges when it comes to the implementation of the SDGs, notably a lack of financial resources",16_0,16_1,
LRGs consider political leadership to be the most important factor in achieving the localisation of the SDGs in cities and regions,Align local or regional development strategies with the SDGs.,16_0,16_2,
LRGs consider political leadership to be the most important factor in achieving the localisation of the SDGs in cities and regions,"access to justice for all and build effective, accountable and inclusive institutions at all levels",16_0,16_3,
LRGs consider political leadership to be the most important factor in achieving the localisation of the SDGs in cities and regions,Political leadership at the local and regional levels is the most important success factor in SDG implementation for subnational governments,16_0,16_4,
LRGs consider political leadership to be the most important factor in achieving the localisation of the SDGs in cities and regions,Political leadership is considered the most relevant success factor for the localisation of the SDGs.,16_0,16_5,
LRGs consider political leadership to be the most important factor in achieving the localisation of the SDGs in cities and regions,A majority of local and regional governments cited a lack of financial resources as a governance challenge,16_0,16_6,
LRGs consider political leadership to be the most important factor in achieving the localisation of the SDGs in cities and regions,"Given the importance of political leadership at the subnational level, with over 70% of LRGs reporting their contribution to the success of SDG implementation",16_0,16_7,
LRGs consider political leadership to be the most important factor in achieving the localisation of the SDGs in cities and regions,"LRGs should also co-ordinate vertically with other levels of government, assessing how their local monitoring framework contributes to or overlaps with existing national frameworks and initiatives, including country-level VNR processes.",16_0,16_8,
LRGs consider political leadership to be the most important factor in achieving the localisation of the SDGs in cities and regions,LRGs should use the SDGs as a tool to allocate budgets to ensure the allocation of sufficient resources to implement the 2030 Agenda and foster continuity over time.,16_0,16_9,
LRGs consider political leadership to be the most important factor in achieving the localisation of the SDGs in cities and regions,Promote policy coherence across levels of government,16_0,16_10,
LRGs consider political leadership to be the most important factor in achieving the localisation of the SDGs in cities and regions,defining clear roles and responsibilities for each level of government regarding SDG implementation,16_0,16_11,
LRGs consider political leadership to be the most important factor in achieving the localisation of the SDGs in cities and regions,standardised reporting mechanisms across levels of government as well as harmonised legal frameworks are in place to facilitate the implementation of the 2030 Agenda across levels of government,16_0,16_12,
LRGs consider political leadership to be the most important factor in achieving the localisation of the SDGs in cities and regions,Achieving SDG 7 on Clean and affordable energy has gained greater prominence for most local and regional governments since the outbreak of Russia’s war of aggression against Ukraine,16_0,16_13,
LRGs consider political leadership to be the most important factor in achieving the localisation of the SDGs in cities and regions,Twenty-three percent of responding local and regional governments reported it had become a top priority for them,16_0,16_14,
"LRGs are facing several challenges when it comes to the implementation of the SDGs, notably a lack of financial resources",Align local or regional development strategies with the SDGs.,16_1,16_2,
"LRGs are facing several challenges when it comes to the implementation of the SDGs, notably a lack of financial resources","access to justice for all and build effective, accountable and inclusive institutions at all levels",16_1,16_3,
"LRGs are facing several challenges when it comes to the implementation of the SDGs, notably a lack of financial resources",Political leadership at the local and regional levels is the most important success factor in SDG implementation for subnational governments,16_1,16_4,
"LRGs are facing several challenges when it comes to the implementation of the SDGs, notably a lack of financial resources",Political leadership is considered the most relevant success factor for the localisation of the SDGs.,16_1,16_5,
"LRGs are facing several challenges when it comes to the implementation of the SDGs, notably a lack of financial resources",A majority of local and regional governments cited a lack of financial resources as a governance challenge,16_1,16_6,
"LRGs are facing several challenges when it comes to the implementation of the SDGs, notably a lack of financial resources","Given the importance of political leadership at the subnational level, with over 70% of LRGs reporting their contribution to the success of SDG implementation",16_1,16_7,
"LRGs are facing several challenges when it comes to the implementation of the SDGs, notably a lack of financial resources","LRGs should also co-ordinate vertically with other levels of government, assessing how their local monitoring framework contributes to or overlaps with existing national frameworks and initiatives, including country-level VNR processes.",16_1,16_8,
"LRGs are facing several challenges when it comes to the implementation of the SDGs, notably a lack of financial resources",LRGs should use the SDGs as a tool to allocate budgets to ensure the allocation of sufficient resources to implement the 2030 Agenda and foster continuity over time.,16_1,16_9,
"LRGs are facing several challenges when it comes to the implementation of the SDGs, notably a lack of financial resources",Promote policy coherence across levels of government,16_1,16_10,
"LRGs are facing several challenges when it comes to the implementation of the SDGs, notably a lack of financial resources",defining clear roles and responsibilities for each level of government regarding SDG implementation,16_1,16_11,
"LRGs are facing several challenges when it comes to the implementation of the SDGs, notably a lack of financial resources",standardised reporting mechanisms across levels of government as well as harmonised legal frameworks are in place to facilitate the implementation of the 2030 Agenda across levels of government,16_1,16_12,
"LRGs are facing several challenges when it comes to the implementation of the SDGs, notably a lack of financial resources",Achieving SDG 7 on Clean and affordable energy has gained greater prominence for most local and regional governments since the outbreak of Russia’s war of aggression against Ukraine,16_1,16_13,
"LRGs are facing several challenges when it comes to the implementation of the SDGs, notably a lack of financial resources",Twenty-three percent of responding local and regional governments reported it had become a top priority for them,16_1,16_14,
Align local or regional development strategies with the SDGs.,"access to justice for all and build effective, accountable and inclusive institutions at all levels",16_2,16_3,
Align local or regional development strategies with the SDGs.,Political leadership at the local and regional levels is the most important success factor in SDG implementation for subnational governments,16_2,16_4,
Align local or regional development strategies with the SDGs.,Political leadership is considered the most relevant success factor for the localisation of the SDGs.,16_2,16_5,
Align local or regional development strategies with the SDGs.,A majority of local and regional governments cited a lack of financial resources as a governance challenge,16_2,16_6,
Align local or regional development strategies with the SDGs.,"Given the importance of political leadership at the subnational level, with over 70% of LRGs reporting their contribution to the success of SDG implementation",16_2,16_7,
Align local or regional development strategies with the SDGs.,"LRGs should also co-ordinate vertically with other levels of government, assessing how their local monitoring framework contributes to or overlaps with existing national frameworks and initiatives, including country-level VNR processes.",16_2,16_8,
Align local or regional development strategies with the SDGs.,LRGs should use the SDGs as a tool to allocate budgets to ensure the allocation of sufficient resources to implement the 2030 Agenda and foster continuity over time.,16_2,16_9,
Align local or regional development strategies with the SDGs.,Promote policy coherence across levels of government,16_2,16_10,
Align local or regional development strategies with the SDGs.,defining clear roles and responsibilities for each level of government regarding SDG implementation,16_2,16_11,
Align local or regional development strategies with the SDGs.,standardised reporting mechanisms across levels of government as well as harmonised legal frameworks are in place to facilitate the implementation of the 2030 Agenda across levels of government,16_2,16_12,
Align local or regional development strategies with the SDGs.,Achieving SDG 7 on Clean and affordable energy has gained greater prominence for most local and regional governments since the outbreak of Russia’s war of aggression against Ukraine,16_2,16_13,
Align local or regional development strategies with the SDGs.,Twenty-three percent of responding local and regional governments reported it had become a top priority for them,16_2,16_14,
"access to justice for all and build effective, accountable and inclusive institutions at all levels",Political leadership at the local and regional levels is the most important success factor in SDG implementation for subnational governments,16_3,16_4,
"access to justice for all and build effective, accountable and inclusive institutions at all levels",Political leadership is considered the most relevant success factor for the localisation of the SDGs.,16_3,16_5,
"access to justice for all and build effective, accountable and inclusive institutions at all levels",A majority of local and regional governments cited a lack of financial resources as a governance challenge,16_3,16_6,
"access to justice for all and build effective, accountable and inclusive institutions at all levels","Given the importance of political leadership at the subnational level, with over 70% of LRGs reporting their contribution to the success of SDG implementation",16_3,16_7,
"access to justice for all and build effective, accountable and inclusive institutions at all levels","LRGs should also co-ordinate vertically with other levels of government, assessing how their local monitoring framework contributes to or overlaps with existing national frameworks and initiatives, including country-level VNR processes.",16_3,16_8,
"access to justice for all and build effective, accountable and inclusive institutions at all levels",LRGs should use the SDGs as a tool to allocate budgets to ensure the allocation of sufficient resources to implement the 2030 Agenda and foster continuity over time.,16_3,16_9,
"access to justice for all and build effective, accountable and inclusive institutions at all levels",Promote policy coherence across levels of government,16_3,16_10,
"access to justice for all and build effective, accountable and inclusive institutions at all levels",defining clear roles and responsibilities for each level of government regarding SDG implementation,16_3,16_11,
"access to justice for all and build effective, accountable and inclusive institutions at all levels",standardised reporting mechanisms across levels of government as well as harmonised legal frameworks are in place to facilitate the implementation of the 2030 Agenda across levels of government,16_3,16_12,
"access to justice for all and build effective, accountable and inclusive institutions at all levels",Achieving SDG 7 on Clean and affordable energy has gained greater prominence for most local and regional governments since the outbreak of Russia’s war of aggression against Ukraine,16_3,16_13,
"access to justice for all and build effective, accountable and inclusive institutions at all levels",Twenty-three percent of responding local and regional governments reported it had become a top priority for them,16_3,16_14,
Political leadership at the local and regional levels is the most important success factor in SDG implementation for subnational governments,Political leadership is considered the most relevant success factor for the localisation of the SDGs.,16_4,16_5,
Political leadership at the local and regional levels is the most important success factor in SDG implementation for subnational governments,A majority of local and regional governments cited a lack of financial resources as a governance challenge,16_4,16_6,
Political leadership at the local and regional levels is the most important success factor in SDG implementation for subnational governments,"Given the importance of political leadership at the subnational level, with over 70% of LRGs reporting their contribution to the success of SDG implementation",16_4,16_7,
Political leadership at the local and regional levels is the most important success factor in SDG implementation for subnational governments,"LRGs should also co-ordinate vertically with other levels of government, assessing how their local monitoring framework contributes to or overlaps with existing national frameworks and initiatives, including country-level VNR processes.",16_4,16_8,
Political leadership at the local and regional levels is the most important success factor in SDG implementation for subnational governments,LRGs should use the SDGs as a tool to allocate budgets to ensure the allocation of sufficient resources to implement the 2030 Agenda and foster continuity over time.,16_4,16_9,
Political leadership at the local and regional levels is the most important success factor in SDG implementation for subnational governments,Promote policy coherence across levels of government,16_4,16_10,
Political leadership at the local and regional levels is the most important success factor in SDG implementation for subnational governments,defining clear roles and responsibilities for each level of government regarding SDG implementation,16_4,16_11,
Political leadership at the local and regional levels is the most important success factor in SDG implementation for subnational governments,standardised reporting mechanisms across levels of government as well as harmonised legal frameworks are in place to facilitate the implementation of the 2030 Agenda across levels of government,16_4,16_12,
Political leadership at the local and regional levels is the most important success factor in SDG implementation for subnational governments,Achieving SDG 7 on Clean and affordable energy has gained greater prominence for most local and regional governments since the outbreak of Russia’s war of aggression against Ukraine,16_4,16_13,
Political leadership at the local and regional levels is the most important success factor in SDG implementation for subnational governments,Twenty-three percent of responding local and regional governments reported it had become a top priority for them,16_4,16_14,
Political leadership is considered the most relevant success factor for the localisation of the SDGs.,A majority of local and regional governments cited a lack of financial resources as a governance challenge,16_5,16_6,
Political leadership is considered the most relevant success factor for the localisation of the SDGs.,"Given the importance of political leadership at the subnational level, with over 70% of LRGs reporting their contribution to the success of SDG implementation",16_5,16_7,
Political leadership is considered the most relevant success factor for the localisation of the SDGs.,"LRGs should also co-ordinate vertically with other levels of government, assessing how their local monitoring framework contributes to or overlaps with existing national frameworks and initiatives, including country-level VNR processes.",16_5,16_8,
Political leadership is considered the most relevant success factor for the localisation of the SDGs.,LRGs should use the SDGs as a tool to allocate budgets to ensure the allocation of sufficient resources to implement the 2030 Agenda and foster continuity over time.,16_5,16_9,
Political leadership is considered the most relevant success factor for the localisation of the SDGs.,Promote policy coherence across levels of government,16_5,16_10,
Political leadership is considered the most relevant success factor for the localisation of the SDGs.,defining clear roles and responsibilities for each level of government regarding SDG implementation,16_5,16_11,
Political leadership is considered the most relevant success factor for the localisation of the SDGs.,standardised reporting mechanisms across levels of government as well as harmonised legal frameworks are in place to facilitate the implementation of the 2030 Agenda across levels of government,16_5,16_12,
Political leadership is considered the most relevant success factor for the localisation of the SDGs.,Achieving SDG 7 on Clean and affordable energy has gained greater prominence for most local and regional governments since the outbreak of Russia’s war of aggression against Ukraine,16_5,16_13,
Political leadership is considered the most relevant success factor for the localisation of the SDGs.,Twenty-three percent of responding local and regional governments reported it had become a top priority for them,16_5,16_14,
A majority of local and regional governments cited a lack of financial resources as a governance challenge,"Given the importance of political leadership at the subnational level, with over 70% of LRGs reporting their contribution to the success of SDG implementation",16_6,16_7,
A majority of local and regional governments cited a lack of financial resources as a governance challenge,"LRGs should also co-ordinate vertically with other levels of government, assessing how their local monitoring framework contributes to or overlaps with existing national frameworks and initiatives, including country-level VNR processes.",16_6,16_8,
A majority of local and regional governments cited a lack of financial resources as a governance challenge,LRGs should use the SDGs as a tool to allocate budgets to ensure the allocation of sufficient resources to implement the 2030 Agenda and foster continuity over time.,16_6,16_9,
A majority of local and regional governments cited a lack of financial resources as a governance challenge,Promote policy coherence across levels of government,16_6,16_10,
A majority of local and regional governments cited a lack of financial resources as a governance challenge,defining clear roles and responsibilities for each level of government regarding SDG implementation,16_6,16_11,
A majority of local and regional governments cited a lack of financial resources as a governance challenge,standardised reporting mechanisms across levels of government as well as harmonised legal frameworks are in place to facilitate the implementation of the 2030 Agenda across levels of government,16_6,16_12,
A majority of local and regional governments cited a lack of financial resources as a governance challenge,Achieving SDG 7 on Clean and affordable energy has gained greater prominence for most local and regional governments since the outbreak of Russia’s war of aggression against Ukraine,16_6,16_13,
A majority of local and regional governments cited a lack of financial resources as a governance challenge,Twenty-three percent of responding local and regional governments reported it had become a top priority for them,16_6,16_14,
"Given the importance of political leadership at the subnational level, with over 70% of LRGs reporting their contribution to the success of SDG implementation","LRGs should also co-ordinate vertically with other levels of government, assessing how their local monitoring framework contributes to or overlaps with existing national frameworks and initiatives, including country-level VNR processes.",16_7,16_8,
"Given the importance of political leadership at the subnational level, with over 70% of LRGs reporting their contribution to the success of SDG implementation",LRGs should use the SDGs as a tool to allocate budgets to ensure the allocation of sufficient resources to implement the 2030 Agenda and foster continuity over time.,16_7,16_9,
"Given the importance of political leadership at the subnational level, with over 70% of LRGs reporting their contribution to the success of SDG implementation",Promote policy coherence across levels of government,16_7,16_10,
"Given the importance of political leadership at the subnational level, with over 70% of LRGs reporting their contribution to the success of SDG implementation",defining clear roles and responsibilities for each level of government regarding SDG implementation,16_7,16_11,
"Given the importance of political leadership at the subnational level, with over 70% of LRGs reporting their contribution to the success of SDG implementation",standardised reporting mechanisms across levels of government as well as harmonised legal frameworks are in place to facilitate the implementation of the 2030 Agenda across levels of government,16_7,16_12,
"Given the importance of political leadership at the subnational level, with over 70% of LRGs reporting their contribution to the success of SDG implementation",Achieving SDG 7 on Clean and affordable energy has gained greater prominence for most local and regional governments since the outbreak of Russia’s war of aggression against Ukraine,16_7,16_13,
"Given the importance of political leadership at the subnational level, with over 70% of LRGs reporting their contribution to the success of SDG implementation",Twenty-three percent of responding local and regional governments reported it had become a top priority for them,16_7,16_14,
"LRGs should also co-ordinate vertically with other levels of government, assessing how their local monitoring framework contributes to or overlaps with existing national frameworks and initiatives, including country-level VNR processes.",LRGs should use the SDGs as a tool to allocate budgets to ensure the allocation of sufficient resources to implement the 2030 Agenda and foster continuity over time.,16_8,16_9,
"LRGs should also co-ordinate vertically with other levels of government, assessing how their local monitoring framework contributes to or overlaps with existing national frameworks and initiatives, including country-level VNR processes.",Promote policy coherence across levels of government,16_8,16_10,
"LRGs should also co-ordinate vertically with other levels of government, assessing how their local monitoring framework contributes to or overlaps with existing national frameworks and initiatives, including country-level VNR processes.",defining clear roles and responsibilities for each level of government regarding SDG implementation,16_8,16_11,
"LRGs should also co-ordinate vertically with other levels of government, assessing how their local monitoring framework contributes to or overlaps with existing national frameworks and initiatives, including country-level VNR processes.",standardised reporting mechanisms across levels of government as well as harmonised legal frameworks are in place to facilitate the implementation of the 2030 Agenda across levels of government,16_8,16_12,
"LRGs should also co-ordinate vertically with other levels of government, assessing how their local monitoring framework contributes to or overlaps with existing national frameworks and initiatives, including country-level VNR processes.",Achieving SDG 7 on Clean and affordable energy has gained greater prominence for most local and regional governments since the outbreak of Russia’s war of aggression against Ukraine,16_8,16_13,
"LRGs should also co-ordinate vertically with other levels of government, assessing how their local monitoring framework contributes to or overlaps with existing national frameworks and initiatives, including country-level VNR processes.",Twenty-three percent of responding local and regional governments reported it had become a top priority for them,16_8,16_14,
LRGs should use the SDGs as a tool to allocate budgets to ensure the allocation of sufficient resources to implement the 2030 Agenda and foster continuity over time.,Promote policy coherence across levels of government,16_9,16_10,
LRGs should use the SDGs as a tool to allocate budgets to ensure the allocation of sufficient resources to implement the 2030 Agenda and foster continuity over time.,defining clear roles and responsibilities for each level of government regarding SDG implementation,16_9,16_11,
LRGs should use the SDGs as a tool to allocate budgets to ensure the allocation of sufficient resources to implement the 2030 Agenda and foster continuity over time.,standardised reporting mechanisms across levels of government as well as harmonised legal frameworks are in place to facilitate the implementation of the 2030 Agenda across levels of government,16_9,16_12,
LRGs should use the SDGs as a tool to allocate budgets to ensure the allocation of sufficient resources to implement the 2030 Agenda and foster continuity over time.,Achieving SDG 7 on Clean and affordable energy has gained greater prominence for most local and regional governments since the outbreak of Russia’s war of aggression against Ukraine,16_9,16_13,
LRGs should use the SDGs as a tool to allocate budgets to ensure the allocation of sufficient resources to implement the 2030 Agenda and foster continuity over time.,Twenty-three percent of responding local and regional governments reported it had become a top priority for them,16_9,16_14,
Promote policy coherence across levels of government,defining clear roles and responsibilities for each level of government regarding SDG implementation,16_10,16_11,
Promote policy coherence across levels of government,standardised reporting mechanisms across levels of government as well as harmonised legal frameworks are in place to facilitate the implementation of the 2030 Agenda across levels of government,16_10,16_12,
Promote policy coherence across levels of government,Achieving SDG 7 on Clean and affordable energy has gained greater prominence for most local and regional governments since the outbreak of Russia’s war of aggression against Ukraine,16_10,16_13,
Promote policy coherence across levels of government,Twenty-three percent of responding local and regional governments reported it had become a top priority for them,16_10,16_14,
defining clear roles and responsibilities for each level of government regarding SDG implementation,standardised reporting mechanisms across levels of government as well as harmonised legal frameworks are in place to facilitate the implementation of the 2030 Agenda across levels of government,16_11,16_12,
defining clear roles and responsibilities for each level of government regarding SDG implementation,Achieving SDG 7 on Clean and affordable energy has gained greater prominence for most local and regional governments since the outbreak of Russia’s war of aggression against Ukraine,16_11,16_13,
defining clear roles and responsibilities for each level of government regarding SDG implementation,Twenty-three percent of responding local and regional governments reported it had become a top priority for them,16_11,16_14,
standardised reporting mechanisms across levels of government as well as harmonised legal frameworks are in place to facilitate the implementation of the 2030 Agenda across levels of government,Achieving SDG 7 on Clean and affordable energy has gained greater prominence for most local and regional governments since the outbreak of Russia’s war of aggression against Ukraine,16_12,16_13,
standardised reporting mechanisms across levels of government as well as harmonised legal frameworks are in place to facilitate the implementation of the 2030 Agenda across levels of government,Twenty-three percent of responding local and regional governments reported it had become a top priority for them,16_12,16_14,
Achieving SDG 7 on Clean and affordable energy has gained greater prominence for most local and regional governments since the outbreak of Russia’s war of aggression against Ukraine,Twenty-three percent of responding local and regional governments reported it had become a top priority for them,16_13,16_14,
"Our two institutions take great pride in this collaborative endeavour and look forward to supporting local, regional and national governments further on their journey towards achieving the SDGs for a more sustainable and resilient future.",LRGs consider political leadership to be the most important factor in achieving the localisation of the SDGs in cities and regions (76%).,17_0,17_1,
"Our two institutions take great pride in this collaborative endeavour and look forward to supporting local, regional and national governments further on their journey towards achieving the SDGs for a more sustainable and resilient future.",LRGs could: Align local or regional development strategies with the SDGs.,17_0,17_2,
"Our two institutions take great pride in this collaborative endeavour and look forward to supporting local, regional and national governments further on their journey towards achieving the SDGs for a more sustainable and resilient future.",Strengthen the means of implementation and revitalize the Global Partnership for Sustainable Development,17_0,17_3,
"Our two institutions take great pride in this collaborative endeavour and look forward to supporting local, regional and national governments further on their journey towards achieving the SDGs for a more sustainable and resilient future.",At least 105 out of the 169 targets that underlie the 17 SDGs depend on the active engagement of local and regional governments.,17_0,17_4,
"Our two institutions take great pride in this collaborative endeavour and look forward to supporting local, regional and national governments further on their journey towards achieving the SDGs for a more sustainable and resilient future.","Cities and regions face the highest levels of inflation across OECD countries in over 3 decades, with an average of 9.5% in 2022 and an estimated 6.9% in 2023.",17_0,17_5,
"Our two institutions take great pride in this collaborative endeavour and look forward to supporting local, regional and national governments further on their journey towards achieving the SDGs for a more sustainable and resilient future.","local and regional governments could expand their outreach by actively engaging in national and international city networks, including through enabling peer-to-peer learning on the 2030 Agenda",17_0,17_6,
"Our two institutions take great pride in this collaborative endeavour and look forward to supporting local, regional and national governments further on their journey towards achieving the SDGs for a more sustainable and resilient future.","allocate dedicated funding and/or resources to ensure data are regularly processed, updated and shared",17_0,17_7,
"Our two institutions take great pride in this collaborative endeavour and look forward to supporting local, regional and national governments further on their journey towards achieving the SDGs for a more sustainable and resilient future.",participate in or learn from the growing number of peer-to-peer learning groups and international city networks that are seeking to address the lack of subnational financial resources for the SDGs,17_0,17_8,
"Our two institutions take great pride in this collaborative endeavour and look forward to supporting local, regional and national governments further on their journey towards achieving the SDGs for a more sustainable and resilient future.",Around half of surveyed LRGs use the SDGs in the COVID-19 recovery phase,17_0,17_9,
"Our two institutions take great pride in this collaborative endeavour and look forward to supporting local, regional and national governments further on their journey towards achieving the SDGs for a more sustainable and resilient future.",Promote policy coherence across levels of government.,17_0,17_10,
LRGs consider political leadership to be the most important factor in achieving the localisation of the SDGs in cities and regions (76%).,LRGs could: Align local or regional development strategies with the SDGs.,17_1,17_2,
LRGs consider political leadership to be the most important factor in achieving the localisation of the SDGs in cities and regions (76%).,Strengthen the means of implementation and revitalize the Global Partnership for Sustainable Development,17_1,17_3,
LRGs consider political leadership to be the most important factor in achieving the localisation of the SDGs in cities and regions (76%).,At least 105 out of the 169 targets that underlie the 17 SDGs depend on the active engagement of local and regional governments.,17_1,17_4,
LRGs consider political leadership to be the most important factor in achieving the localisation of the SDGs in cities and regions (76%).,"Cities and regions face the highest levels of inflation across OECD countries in over 3 decades, with an average of 9.5% in 2022 and an estimated 6.9% in 2023.",17_1,17_5,
LRGs consider political leadership to be the most important factor in achieving the localisation of the SDGs in cities and regions (76%).,"local and regional governments could expand their outreach by actively engaging in national and international city networks, including through enabling peer-to-peer learning on the 2030 Agenda",17_1,17_6,
LRGs consider political leadership to be the most important factor in achieving the localisation of the SDGs in cities and regions (76%).,"allocate dedicated funding and/or resources to ensure data are regularly processed, updated and shared",17_1,17_7,
LRGs consider political leadership to be the most important factor in achieving the localisation of the SDGs in cities and regions (76%).,participate in or learn from the growing number of peer-to-peer learning groups and international city networks that are seeking to address the lack of subnational financial resources for the SDGs,17_1,17_8,
LRGs consider political leadership to be the most important factor in achieving the localisation of the SDGs in cities and regions (76%).,Around half of surveyed LRGs use the SDGs in the COVID-19 recovery phase,17_1,17_9,
LRGs consider political leadership to be the most important factor in achieving the localisation of the SDGs in cities and regions (76%).,Promote policy coherence across levels of government.,17_1,17_10,
LRGs could: Align local or regional development strategies with the SDGs.,Strengthen the means of implementation and revitalize the Global Partnership for Sustainable Development,17_2,17_3,
LRGs could: Align local or regional development strategies with the SDGs.,At least 105 out of the 169 targets that underlie the 17 SDGs depend on the active engagement of local and regional governments.,17_2,17_4,
LRGs could: Align local or regional development strategies with the SDGs.,"Cities and regions face the highest levels of inflation across OECD countries in over 3 decades, with an average of 9.5% in 2022 and an estimated 6.9% in 2023.",17_2,17_5,
LRGs could: Align local or regional development strategies with the SDGs.,"local and regional governments could expand their outreach by actively engaging in national and international city networks, including through enabling peer-to-peer learning on the 2030 Agenda",17_2,17_6,
LRGs could: Align local or regional development strategies with the SDGs.,"allocate dedicated funding and/or resources to ensure data are regularly processed, updated and shared",17_2,17_7,
LRGs could: Align local or regional development strategies with the SDGs.,participate in or learn from the growing number of peer-to-peer learning groups and international city networks that are seeking to address the lack of subnational financial resources for the SDGs,17_2,17_8,
LRGs could: Align local or regional development strategies with the SDGs.,Around half of surveyed LRGs use the SDGs in the COVID-19 recovery phase,17_2,17_9,
LRGs could: Align local or regional development strategies with the SDGs.,Promote policy coherence across levels of government.,17_2,17_10,
Strengthen the means of implementation and revitalize the Global Partnership for Sustainable Development,At least 105 out of the 169 targets that underlie the 17 SDGs depend on the active engagement of local and regional governments.,17_3,17_4,
Strengthen the means of implementation and revitalize the Global Partnership for Sustainable Development,"Cities and regions face the highest levels of inflation across OECD countries in over 3 decades, with an average of 9.5% in 2022 and an estimated 6.9% in 2023.",17_3,17_5,
Strengthen the means of implementation and revitalize the Global Partnership for Sustainable Development,"local and regional governments could expand their outreach by actively engaging in national and international city networks, including through enabling peer-to-peer learning on the 2030 Agenda",17_3,17_6,
Strengthen the means of implementation and revitalize the Global Partnership for Sustainable Development,"allocate dedicated funding and/or resources to ensure data are regularly processed, updated and shared",17_3,17_7,
Strengthen the means of implementation and revitalize the Global Partnership for Sustainable Development,participate in or learn from the growing number of peer-to-peer learning groups and international city networks that are seeking to address the lack of subnational financial resources for the SDGs,17_3,17_8,
Strengthen the means of implementation and revitalize the Global Partnership for Sustainable Development,Around half of surveyed LRGs use the SDGs in the COVID-19 recovery phase,17_3,17_9,
Strengthen the means of implementation and revitalize the Global Partnership for Sustainable Development,Promote policy coherence across levels of government.,17_3,17_10,
At least 105 out of the 169 targets that underlie the 17 SDGs depend on the active engagement of local and regional governments.,"Cities and regions face the highest levels of inflation across OECD countries in over 3 decades, with an average of 9.5% in 2022 and an estimated 6.9% in 2023.",17_4,17_5,
At least 105 out of the 169 targets that underlie the 17 SDGs depend on the active engagement of local and regional governments.,"local and regional governments could expand their outreach by actively engaging in national and international city networks, including through enabling peer-to-peer learning on the 2030 Agenda",17_4,17_6,
At least 105 out of the 169 targets that underlie the 17 SDGs depend on the active engagement of local and regional governments.,"allocate dedicated funding and/or resources to ensure data are regularly processed, updated and shared",17_4,17_7,
At least 105 out of the 169 targets that underlie the 17 SDGs depend on the active engagement of local and regional governments.,participate in or learn from the growing number of peer-to-peer learning groups and international city networks that are seeking to address the lack of subnational financial resources for the SDGs,17_4,17_8,
At least 105 out of the 169 targets that underlie the 17 SDGs depend on the active engagement of local and regional governments.,Around half of surveyed LRGs use the SDGs in the COVID-19 recovery phase,17_4,17_9,
At least 105 out of the 169 targets that underlie the 17 SDGs depend on the active engagement of local and regional governments.,Promote policy coherence across levels of government.,17_4,17_10,
"Cities and regions face the highest levels of inflation across OECD countries in over 3 decades, with an average of 9.5% in 2022 and an estimated 6.9% in 2023.","local and regional governments could expand their outreach by actively engaging in national and international city networks, including through enabling peer-to-peer learning on the 2030 Agenda",17_5,17_6,
"Cities and regions face the highest levels of inflation across OECD countries in over 3 decades, with an average of 9.5% in 2022 and an estimated 6.9% in 2023.","allocate dedicated funding and/or resources to ensure data are regularly processed, updated and shared",17_5,17_7,
"Cities and regions face the highest levels of inflation across OECD countries in over 3 decades, with an average of 9.5% in 2022 and an estimated 6.9% in 2023.",participate in or learn from the growing number of peer-to-peer learning groups and international city networks that are seeking to address the lack of subnational financial resources for the SDGs,17_5,17_8,
"Cities and regions face the highest levels of inflation across OECD countries in over 3 decades, with an average of 9.5% in 2022 and an estimated 6.9% in 2023.",Around half of surveyed LRGs use the SDGs in the COVID-19 recovery phase,17_5,17_9,
"Cities and regions face the highest levels of inflation across OECD countries in over 3 decades, with an average of 9.5% in 2022 and an estimated 6.9% in 2023.",Promote policy coherence across levels of government.,17_5,17_10,
"local and regional governments could expand their outreach by actively engaging in national and international city networks, including through enabling peer-to-peer learning on the 2030 Agenda","allocate dedicated funding and/or resources to ensure data are regularly processed, updated and shared",17_6,17_7,
"local and regional governments could expand their outreach by actively engaging in national and international city networks, including through enabling peer-to-peer learning on the 2030 Agenda",participate in or learn from the growing number of peer-to-peer learning groups and international city networks that are seeking to address the lack of subnational financial resources for the SDGs,17_6,17_8,
"local and regional governments could expand their outreach by actively engaging in national and international city networks, including through enabling peer-to-peer learning on the 2030 Agenda",Around half of surveyed LRGs use the SDGs in the COVID-19 recovery phase,17_6,17_9,
"local and regional governments could expand their outreach by actively engaging in national and international city networks, including through enabling peer-to-peer learning on the 2030 Agenda",Promote policy coherence across levels of government.,17_6,17_10,
"allocate dedicated funding and/or resources to ensure data are regularly processed, updated and shared",participate in or learn from the growing number of peer-to-peer learning groups and international city networks that are seeking to address the lack of subnational financial resources for the SDGs,17_7,17_8,
"allocate dedicated funding and/or resources to ensure data are regularly processed, updated and shared",Around half of surveyed LRGs use the SDGs in the COVID-19 recovery phase,17_7,17_9,
"allocate dedicated funding and/or resources to ensure data are regularly processed, updated and shared",Promote policy coherence across levels of government.,17_7,17_10,
participate in or learn from the growing number of peer-to-peer learning groups and international city networks that are seeking to address the lack of subnational financial resources for the SDGs,Around half of surveyed LRGs use the SDGs in the COVID-19 recovery phase,17_8,17_9,
participate in or learn from the growing number of peer-to-peer learning groups and international city networks that are seeking to address the lack of subnational financial resources for the SDGs,Promote policy coherence across levels of government.,17_8,17_10,
Around half of surveyed LRGs use the SDGs in the COVID-19 recovery phase,Promote policy coherence across levels of government.,17_9,17_10,
