SDGarg1,SDGarg2,id_arg1,id_arg2,rel,rel_flanT5,rel_robertaL,rel_bart,rel_deberta,rel_llama
"The world is severely off track to realize the 2030 Agenda. Of the 169 targets, only 17 percent display progress sufficient for achievement by 2030.",Ensuring that no one is left behind calls for more than just data disaggregation. Uncovering the intersectional disadvantages faced by the most marginalized groups demands additional efforts.,0_0,0_1,,Support,No Relationship,No Relationship,No Relationship,Support
"The world is severely off track to realize the 2030 Agenda. Of the 169 targets, only 17 percent display progress sufficient for achievement by 2030.","In 2023, only 65 per cent of countries had fully funded and implemented national statistical plans.",0_0,0_2,,No Relationship,Rephrase,No Relationship,No Relationship,Support
Ensuring that no one is left behind calls for more than just data disaggregation. Uncovering the intersectional disadvantages faced by the most marginalized groups demands additional efforts.,"In 2023, only 65 per cent of countries had fully funded and implemented national statistical plans.",0_1,0_2,,No Relationship,No Relationship,No Relationship,No Relationship,Support
The proportion of people living below half the median income is falling globally,One in three of these countries are poorer than before the pandemic.,1_0,1_1,,No Relationship,Rephrase,No Relationship,No Relationship,Attack
The proportion of people living below half the median income is falling globally,"Rising borrowing costs have and will continue to divert scarce resources from critical development needs such as poverty reduction, climate action, health and education.",1_0,1_2,,No Relationship,No Relationship,No Relationship,No Relationship,Attack
The proportion of people living below half the median income is falling globally,"The COVID-19 pandemic caused extreme poverty to rise in 2020 for the first time in decades, reversing global progress by three years. The share of the world’s population living in extreme poverty rose from 8.9 per cent in 2019 to 9.7 per cent in 2020, driven by increases in low- and lower-middle-income countries.",1_0,1_3,,No Relationship,Attack,Attack,No Relationship,Attack
The proportion of people living below half the median income is falling globally,"Despite improvement, 7 in 10 children worldwide still lack social protection coverage In 2023, only 28.2 per cent of children aged 0 to 15 globally received child cash benefits, up from 22.1 per cent in 2015. This left 1.4 billion children without social protection coverage.",1_0,1_4,,Support,Attack,No Relationship,No Relationship,Attack
The proportion of people living below half the median income is falling globally,The maternal mortality ratio is largely stuck at a level more than three times the 2030 target.,1_0,1_5,,No Relationship,Attack,No Relationship,No Relationship,No Relationship
The proportion of people living below half the median income is falling globally,"The global maternal mortality ratio declined only marginally from 227 to 223 maternal deaths per 100,000 live births between 2015 and 2020.",1_0,1_6,,No Relationship,Support,No Relationship,No Relationship,No Relationship
The proportion of people living below half the median income is falling globally,Only about 1 in 11 individuals with drug use disorders received related treatment in 2022.,1_0,1_7,,No Relationship,No Relationship,No Relationship,No Relationship,No Relationship
The proportion of people living below half the median income is falling globally,"To meet national 2030 education targets, which have been scaled back compared to the original Goal 4 targets, countries must annually enrol 1.4 million children in early childhood education, admit a new child to school every two seconds until 2030 and triple annual progress in primary completion rates.",1_0,1_8,,No Relationship,No Relationship,No Relationship,No Relationship,No Relationship
The proportion of people living below half the median income is falling globally,"In 2022, roughly half the world’s population experienced severe water scarcity for at least part of the year. One quarter faced ‘extremely high’ levels of water stress.",1_0,1_9,,No Relationship,Attack,No Relationship,No Relationship,Attack
The proportion of people living below half the median income is falling globally,High water stress can have devastating consequences for the environment and hinder or even reverse economic and social development.,1_0,1_10,,No Relationship,No Relationship,No Relationship,No Relationship,No Relationship
The proportion of people living below half the median income is falling globally,The number without clean cooking fuels declined from 2.8 billion to 2.1 billion over the same period.,1_0,1_11,,No Relationship,Support,No Relationship,No Relationship,Support
The proportion of people living below half the median income is falling globally,Developing countries witnessed substantial expansion from 155 to 293 renewable watts per capita.,1_0,1_12,,No Relationship,Support,No Relationship,No Relationship,Support
The proportion of people living below half the median income is falling globally,"25
Substantial declines in labour rights plague all regions, worsening prospects for social justice",1_0,1_13,,No Relationship,Support,No Relationship,No Relationship,Attack
One in three of these countries are poorer than before the pandemic.,"Rising borrowing costs have and will continue to divert scarce resources from critical development needs such as poverty reduction, climate action, health and education.",1_1,1_2,,No Relationship,Support,No Relationship,No Relationship,Support
One in three of these countries are poorer than before the pandemic.,"The COVID-19 pandemic caused extreme poverty to rise in 2020 for the first time in decades, reversing global progress by three years. The share of the world’s population living in extreme poverty rose from 8.9 per cent in 2019 to 9.7 per cent in 2020, driven by increases in low- and lower-middle-income countries.",1_1,1_3,,Support,Rephrase,No Relationship,No Relationship,Support
One in three of these countries are poorer than before the pandemic.,"Despite improvement, 7 in 10 children worldwide still lack social protection coverage In 2023, only 28.2 per cent of children aged 0 to 15 globally received child cash benefits, up from 22.1 per cent in 2015. This left 1.4 billion children without social protection coverage.",1_1,1_4,,No Relationship,Rephrase,No Relationship,No Relationship,Support
One in three of these countries are poorer than before the pandemic.,The maternal mortality ratio is largely stuck at a level more than three times the 2030 target.,1_1,1_5,,No Relationship,Support,No Relationship,No Relationship,Attack
One in three of these countries are poorer than before the pandemic.,"The global maternal mortality ratio declined only marginally from 227 to 223 maternal deaths per 100,000 live births between 2015 and 2020.",1_1,1_6,,No Relationship,No Relationship,No Relationship,No Relationship,No Relationship
One in three of these countries are poorer than before the pandemic.,Only about 1 in 11 individuals with drug use disorders received related treatment in 2022.,1_1,1_7,,No Relationship,No Relationship,No Relationship,No Relationship,No Relationship
One in three of these countries are poorer than before the pandemic.,"To meet national 2030 education targets, which have been scaled back compared to the original Goal 4 targets, countries must annually enrol 1.4 million children in early childhood education, admit a new child to school every two seconds until 2030 and triple annual progress in primary completion rates.",1_1,1_8,,No Relationship,Support,No Relationship,No Relationship,No Relationship
One in three of these countries are poorer than before the pandemic.,"In 2022, roughly half the world’s population experienced severe water scarcity for at least part of the year. One quarter faced ‘extremely high’ levels of water stress.",1_1,1_9,,No Relationship,Support,No Relationship,No Relationship,No Relationship
One in three of these countries are poorer than before the pandemic.,High water stress can have devastating consequences for the environment and hinder or even reverse economic and social development.,1_1,1_10,,No Relationship,Support,No Relationship,No Relationship,No Relationship
One in three of these countries are poorer than before the pandemic.,The number without clean cooking fuels declined from 2.8 billion to 2.1 billion over the same period.,1_1,1_11,,No Relationship,Attack,No Relationship,No Relationship,No Relationship
One in three of these countries are poorer than before the pandemic.,Developing countries witnessed substantial expansion from 155 to 293 renewable watts per capita.,1_1,1_12,,No Relationship,Attack,Attack,No Relationship,Attack
One in three of these countries are poorer than before the pandemic.,"25
Substantial declines in labour rights plague all regions, worsening prospects for social justice",1_1,1_13,,No Relationship,Support,No Relationship,No Relationship,Attack
"Rising borrowing costs have and will continue to divert scarce resources from critical development needs such as poverty reduction, climate action, health and education.","The COVID-19 pandemic caused extreme poverty to rise in 2020 for the first time in decades, reversing global progress by three years. The share of the world’s population living in extreme poverty rose from 8.9 per cent in 2019 to 9.7 per cent in 2020, driven by increases in low- and lower-middle-income countries.",1_2,1_3,,No Relationship,Support,No Relationship,No Relationship,Support
"Rising borrowing costs have and will continue to divert scarce resources from critical development needs such as poverty reduction, climate action, health and education.","Despite improvement, 7 in 10 children worldwide still lack social protection coverage In 2023, only 28.2 per cent of children aged 0 to 15 globally received child cash benefits, up from 22.1 per cent in 2015. This left 1.4 billion children without social protection coverage.",1_2,1_4,,No Relationship,No Relationship,No Relationship,No Relationship,Support
"Rising borrowing costs have and will continue to divert scarce resources from critical development needs such as poverty reduction, climate action, health and education.",The maternal mortality ratio is largely stuck at a level more than three times the 2030 target.,1_2,1_5,,No Relationship,Support,No Relationship,No Relationship,Support
"Rising borrowing costs have and will continue to divert scarce resources from critical development needs such as poverty reduction, climate action, health and education.","The global maternal mortality ratio declined only marginally from 227 to 223 maternal deaths per 100,000 live births between 2015 and 2020.",1_2,1_6,,No Relationship,No Relationship,No Relationship,No Relationship,Attack
"Rising borrowing costs have and will continue to divert scarce resources from critical development needs such as poverty reduction, climate action, health and education.",Only about 1 in 11 individuals with drug use disorders received related treatment in 2022.,1_2,1_7,,No Relationship,No Relationship,No Relationship,No Relationship,No Relationship
"Rising borrowing costs have and will continue to divert scarce resources from critical development needs such as poverty reduction, climate action, health and education.","To meet national 2030 education targets, which have been scaled back compared to the original Goal 4 targets, countries must annually enrol 1.4 million children in early childhood education, admit a new child to school every two seconds until 2030 and triple annual progress in primary completion rates.",1_2,1_8,,Support,Support,No Relationship,No Relationship,Support
"Rising borrowing costs have and will continue to divert scarce resources from critical development needs such as poverty reduction, climate action, health and education.","In 2022, roughly half the world’s population experienced severe water scarcity for at least part of the year. One quarter faced ‘extremely high’ levels of water stress.",1_2,1_9,,No Relationship,Support,No Relationship,No Relationship,No Relationship
"Rising borrowing costs have and will continue to divert scarce resources from critical development needs such as poverty reduction, climate action, health and education.",High water stress can have devastating consequences for the environment and hinder or even reverse economic and social development.,1_2,1_10,,No Relationship,Support,No Relationship,No Relationship,No Relationship
"Rising borrowing costs have and will continue to divert scarce resources from critical development needs such as poverty reduction, climate action, health and education.",The number without clean cooking fuels declined from 2.8 billion to 2.1 billion over the same period.,1_2,1_11,,No Relationship,No Relationship,No Relationship,No Relationship,No Relationship
"Rising borrowing costs have and will continue to divert scarce resources from critical development needs such as poverty reduction, climate action, health and education.",Developing countries witnessed substantial expansion from 155 to 293 renewable watts per capita.,1_2,1_12,,No Relationship,No Relationship,No Relationship,No Relationship,Attack
"Rising borrowing costs have and will continue to divert scarce resources from critical development needs such as poverty reduction, climate action, health and education.","25
Substantial declines in labour rights plague all regions, worsening prospects for social justice",1_2,1_13,,No Relationship,No Relationship,No Relationship,No Relationship,Attack
"The COVID-19 pandemic caused extreme poverty to rise in 2020 for the first time in decades, reversing global progress by three years. The share of the world’s population living in extreme poverty rose from 8.9 per cent in 2019 to 9.7 per cent in 2020, driven by increases in low- and lower-middle-income countries.","Despite improvement, 7 in 10 children worldwide still lack social protection coverage In 2023, only 28.2 per cent of children aged 0 to 15 globally received child cash benefits, up from 22.1 per cent in 2015. This left 1.4 billion children without social protection coverage.",1_3,1_4,,No Relationship,Support,No Relationship,No Relationship,Support
"The COVID-19 pandemic caused extreme poverty to rise in 2020 for the first time in decades, reversing global progress by three years. The share of the world’s population living in extreme poverty rose from 8.9 per cent in 2019 to 9.7 per cent in 2020, driven by increases in low- and lower-middle-income countries.",The maternal mortality ratio is largely stuck at a level more than three times the 2030 target.,1_3,1_5,,No Relationship,Support,No Relationship,No Relationship,No Relationship
"The COVID-19 pandemic caused extreme poverty to rise in 2020 for the first time in decades, reversing global progress by three years. The share of the world’s population living in extreme poverty rose from 8.9 per cent in 2019 to 9.7 per cent in 2020, driven by increases in low- and lower-middle-income countries.","The global maternal mortality ratio declined only marginally from 227 to 223 maternal deaths per 100,000 live births between 2015 and 2020.",1_3,1_6,,No Relationship,Support,No Relationship,No Relationship,No Relationship
"The COVID-19 pandemic caused extreme poverty to rise in 2020 for the first time in decades, reversing global progress by three years. The share of the world’s population living in extreme poverty rose from 8.9 per cent in 2019 to 9.7 per cent in 2020, driven by increases in low- and lower-middle-income countries.",Only about 1 in 11 individuals with drug use disorders received related treatment in 2022.,1_3,1_7,,No Relationship,No Relationship,No Relationship,No Relationship,No Relationship
"The COVID-19 pandemic caused extreme poverty to rise in 2020 for the first time in decades, reversing global progress by three years. The share of the world’s population living in extreme poverty rose from 8.9 per cent in 2019 to 9.7 per cent in 2020, driven by increases in low- and lower-middle-income countries.","To meet national 2030 education targets, which have been scaled back compared to the original Goal 4 targets, countries must annually enrol 1.4 million children in early childhood education, admit a new child to school every two seconds until 2030 and triple annual progress in primary completion rates.",1_3,1_8,,No Relationship,Support,No Relationship,No Relationship,No Relationship
"The COVID-19 pandemic caused extreme poverty to rise in 2020 for the first time in decades, reversing global progress by three years. The share of the world’s population living in extreme poverty rose from 8.9 per cent in 2019 to 9.7 per cent in 2020, driven by increases in low- and lower-middle-income countries.","In 2022, roughly half the world’s population experienced severe water scarcity for at least part of the year. One quarter faced ‘extremely high’ levels of water stress.",1_3,1_9,,No Relationship,Support,No Relationship,No Relationship,No Relationship
"The COVID-19 pandemic caused extreme poverty to rise in 2020 for the first time in decades, reversing global progress by three years. The share of the world’s population living in extreme poverty rose from 8.9 per cent in 2019 to 9.7 per cent in 2020, driven by increases in low- and lower-middle-income countries.",High water stress can have devastating consequences for the environment and hinder or even reverse economic and social development.,1_3,1_10,,No Relationship,Support,No Relationship,No Relationship,No Relationship
"The COVID-19 pandemic caused extreme poverty to rise in 2020 for the first time in decades, reversing global progress by three years. The share of the world’s population living in extreme poverty rose from 8.9 per cent in 2019 to 9.7 per cent in 2020, driven by increases in low- and lower-middle-income countries.",The number without clean cooking fuels declined from 2.8 billion to 2.1 billion over the same period.,1_3,1_11,,No Relationship,Attack,No Relationship,No Relationship,No Relationship
"The COVID-19 pandemic caused extreme poverty to rise in 2020 for the first time in decades, reversing global progress by three years. The share of the world’s population living in extreme poverty rose from 8.9 per cent in 2019 to 9.7 per cent in 2020, driven by increases in low- and lower-middle-income countries.",Developing countries witnessed substantial expansion from 155 to 293 renewable watts per capita.,1_3,1_12,,No Relationship,Attack,No Relationship,No Relationship,No Relationship
"The COVID-19 pandemic caused extreme poverty to rise in 2020 for the first time in decades, reversing global progress by three years. The share of the world’s population living in extreme poverty rose from 8.9 per cent in 2019 to 9.7 per cent in 2020, driven by increases in low- and lower-middle-income countries.","25
Substantial declines in labour rights plague all regions, worsening prospects for social justice",1_3,1_13,,No Relationship,No Relationship,No Relationship,No Relationship,Attack
"Despite improvement, 7 in 10 children worldwide still lack social protection coverage In 2023, only 28.2 per cent of children aged 0 to 15 globally received child cash benefits, up from 22.1 per cent in 2015. This left 1.4 billion children without social protection coverage.",The maternal mortality ratio is largely stuck at a level more than three times the 2030 target.,1_4,1_5,,No Relationship,Rephrase,No Relationship,No Relationship,Attack
"Despite improvement, 7 in 10 children worldwide still lack social protection coverage In 2023, only 28.2 per cent of children aged 0 to 15 globally received child cash benefits, up from 22.1 per cent in 2015. This left 1.4 billion children without social protection coverage.","The global maternal mortality ratio declined only marginally from 227 to 223 maternal deaths per 100,000 live births between 2015 and 2020.",1_4,1_6,,No Relationship,Rephrase,No Relationship,No Relationship,No Relationship
"Despite improvement, 7 in 10 children worldwide still lack social protection coverage In 2023, only 28.2 per cent of children aged 0 to 15 globally received child cash benefits, up from 22.1 per cent in 2015. This left 1.4 billion children without social protection coverage.",Only about 1 in 11 individuals with drug use disorders received related treatment in 2022.,1_4,1_7,,No Relationship,Rephrase,No Relationship,No Relationship,No Relationship
"Despite improvement, 7 in 10 children worldwide still lack social protection coverage In 2023, only 28.2 per cent of children aged 0 to 15 globally received child cash benefits, up from 22.1 per cent in 2015. This left 1.4 billion children without social protection coverage.","To meet national 2030 education targets, which have been scaled back compared to the original Goal 4 targets, countries must annually enrol 1.4 million children in early childhood education, admit a new child to school every two seconds until 2030 and triple annual progress in primary completion rates.",1_4,1_8,,Support,Support,No Relationship,No Relationship,No Relationship
"Despite improvement, 7 in 10 children worldwide still lack social protection coverage In 2023, only 28.2 per cent of children aged 0 to 15 globally received child cash benefits, up from 22.1 per cent in 2015. This left 1.4 billion children without social protection coverage.","In 2022, roughly half the world’s population experienced severe water scarcity for at least part of the year. One quarter faced ‘extremely high’ levels of water stress.",1_4,1_9,,No Relationship,Rephrase,No Relationship,No Relationship,No Relationship
"Despite improvement, 7 in 10 children worldwide still lack social protection coverage In 2023, only 28.2 per cent of children aged 0 to 15 globally received child cash benefits, up from 22.1 per cent in 2015. This left 1.4 billion children without social protection coverage.",High water stress can have devastating consequences for the environment and hinder or even reverse economic and social development.,1_4,1_10,,No Relationship,No Relationship,No Relationship,No Relationship,No Relationship
"Despite improvement, 7 in 10 children worldwide still lack social protection coverage In 2023, only 28.2 per cent of children aged 0 to 15 globally received child cash benefits, up from 22.1 per cent in 2015. This left 1.4 billion children without social protection coverage.",The number without clean cooking fuels declined from 2.8 billion to 2.1 billion over the same period.,1_4,1_11,,No Relationship,Rephrase,No Relationship,No Relationship,No Relationship
"Despite improvement, 7 in 10 children worldwide still lack social protection coverage In 2023, only 28.2 per cent of children aged 0 to 15 globally received child cash benefits, up from 22.1 per cent in 2015. This left 1.4 billion children without social protection coverage.",Developing countries witnessed substantial expansion from 155 to 293 renewable watts per capita.,1_4,1_12,,No Relationship,No Relationship,No Relationship,No Relationship,No Relationship
"Despite improvement, 7 in 10 children worldwide still lack social protection coverage In 2023, only 28.2 per cent of children aged 0 to 15 globally received child cash benefits, up from 22.1 per cent in 2015. This left 1.4 billion children without social protection coverage.","25
Substantial declines in labour rights plague all regions, worsening prospects for social justice",1_4,1_13,,No Relationship,Rephrase,No Relationship,No Relationship,Attack
The maternal mortality ratio is largely stuck at a level more than three times the 2030 target.,"The global maternal mortality ratio declined only marginally from 227 to 223 maternal deaths per 100,000 live births between 2015 and 2020.",1_5,1_6,,No Relationship,Rephrase,No Relationship,No Relationship,Support
The maternal mortality ratio is largely stuck at a level more than three times the 2030 target.,Only about 1 in 11 individuals with drug use disorders received related treatment in 2022.,1_5,1_7,,No Relationship,No Relationship,No Relationship,No Relationship,No Relationship
The maternal mortality ratio is largely stuck at a level more than three times the 2030 target.,"To meet national 2030 education targets, which have been scaled back compared to the original Goal 4 targets, countries must annually enrol 1.4 million children in early childhood education, admit a new child to school every two seconds until 2030 and triple annual progress in primary completion rates.",1_5,1_8,,No Relationship,Attack,No Relationship,No Relationship,No Relationship
The maternal mortality ratio is largely stuck at a level more than three times the 2030 target.,"In 2022, roughly half the world’s population experienced severe water scarcity for at least part of the year. One quarter faced ‘extremely high’ levels of water stress.",1_5,1_9,,No Relationship,Support,No Relationship,No Relationship,No Relationship
The maternal mortality ratio is largely stuck at a level more than three times the 2030 target.,High water stress can have devastating consequences for the environment and hinder or even reverse economic and social development.,1_5,1_10,,No Relationship,No Relationship,No Relationship,No Relationship,No Relationship
The maternal mortality ratio is largely stuck at a level more than three times the 2030 target.,The number without clean cooking fuels declined from 2.8 billion to 2.1 billion over the same period.,1_5,1_11,,No Relationship,No Relationship,No Relationship,No Relationship,No Relationship
The maternal mortality ratio is largely stuck at a level more than three times the 2030 target.,Developing countries witnessed substantial expansion from 155 to 293 renewable watts per capita.,1_5,1_12,,No Relationship,No Relationship,No Relationship,No Relationship,No Relationship
The maternal mortality ratio is largely stuck at a level more than three times the 2030 target.,"25
Substantial declines in labour rights plague all regions, worsening prospects for social justice",1_5,1_13,,No Relationship,No Relationship,No Relationship,No Relationship,Attack
"The global maternal mortality ratio declined only marginally from 227 to 223 maternal deaths per 100,000 live births between 2015 and 2020.",Only about 1 in 11 individuals with drug use disorders received related treatment in 2022.,1_6,1_7,,No Relationship,No Relationship,No Relationship,No Relationship,No Relationship
"The global maternal mortality ratio declined only marginally from 227 to 223 maternal deaths per 100,000 live births between 2015 and 2020.","To meet national 2030 education targets, which have been scaled back compared to the original Goal 4 targets, countries must annually enrol 1.4 million children in early childhood education, admit a new child to school every two seconds until 2030 and triple annual progress in primary completion rates.",1_6,1_8,,No Relationship,No Relationship,No Relationship,No Relationship,No Relationship
"The global maternal mortality ratio declined only marginally from 227 to 223 maternal deaths per 100,000 live births between 2015 and 2020.","In 2022, roughly half the world’s population experienced severe water scarcity for at least part of the year. One quarter faced ‘extremely high’ levels of water stress.",1_6,1_9,,No Relationship,Support,No Relationship,No Relationship,No Relationship
"The global maternal mortality ratio declined only marginally from 227 to 223 maternal deaths per 100,000 live births between 2015 and 2020.",High water stress can have devastating consequences for the environment and hinder or even reverse economic and social development.,1_6,1_10,,No Relationship,No Relationship,No Relationship,No Relationship,No Relationship
"The global maternal mortality ratio declined only marginally from 227 to 223 maternal deaths per 100,000 live births between 2015 and 2020.",The number without clean cooking fuels declined from 2.8 billion to 2.1 billion over the same period.,1_6,1_11,,No Relationship,Support,No Relationship,No Relationship,No Relationship
"The global maternal mortality ratio declined only marginally from 227 to 223 maternal deaths per 100,000 live births between 2015 and 2020.",Developing countries witnessed substantial expansion from 155 to 293 renewable watts per capita.,1_6,1_12,,No Relationship,Support,No Relationship,No Relationship,No Relationship
"The global maternal mortality ratio declined only marginally from 227 to 223 maternal deaths per 100,000 live births between 2015 and 2020.","25
Substantial declines in labour rights plague all regions, worsening prospects for social justice",1_6,1_13,,No Relationship,No Relationship,No Relationship,No Relationship,Attack
Only about 1 in 11 individuals with drug use disorders received related treatment in 2022.,"To meet national 2030 education targets, which have been scaled back compared to the original Goal 4 targets, countries must annually enrol 1.4 million children in early childhood education, admit a new child to school every two seconds until 2030 and triple annual progress in primary completion rates.",1_7,1_8,,No Relationship,No Relationship,No Relationship,No Relationship,No Relationship
Only about 1 in 11 individuals with drug use disorders received related treatment in 2022.,"In 2022, roughly half the world’s population experienced severe water scarcity for at least part of the year. One quarter faced ‘extremely high’ levels of water stress.",1_7,1_9,,No Relationship,Support,No Relationship,No Relationship,No Relationship
Only about 1 in 11 individuals with drug use disorders received related treatment in 2022.,High water stress can have devastating consequences for the environment and hinder or even reverse economic and social development.,1_7,1_10,,No Relationship,No Relationship,No Relationship,No Relationship,No Relationship
Only about 1 in 11 individuals with drug use disorders received related treatment in 2022.,The number without clean cooking fuels declined from 2.8 billion to 2.1 billion over the same period.,1_7,1_11,,No Relationship,No Relationship,No Relationship,No Relationship,No Relationship
Only about 1 in 11 individuals with drug use disorders received related treatment in 2022.,Developing countries witnessed substantial expansion from 155 to 293 renewable watts per capita.,1_7,1_12,,No Relationship,No Relationship,No Relationship,No Relationship,No Relationship
Only about 1 in 11 individuals with drug use disorders received related treatment in 2022.,"25
Substantial declines in labour rights plague all regions, worsening prospects for social justice",1_7,1_13,,No Relationship,No Relationship,No Relationship,No Relationship,No Relationship
"To meet national 2030 education targets, which have been scaled back compared to the original Goal 4 targets, countries must annually enrol 1.4 million children in early childhood education, admit a new child to school every two seconds until 2030 and triple annual progress in primary completion rates.","In 2022, roughly half the world’s population experienced severe water scarcity for at least part of the year. One quarter faced ‘extremely high’ levels of water stress.",1_8,1_9,,No Relationship,No Relationship,No Relationship,No Relationship,No Relationship
"To meet national 2030 education targets, which have been scaled back compared to the original Goal 4 targets, countries must annually enrol 1.4 million children in early childhood education, admit a new child to school every two seconds until 2030 and triple annual progress in primary completion rates.",High water stress can have devastating consequences for the environment and hinder or even reverse economic and social development.,1_8,1_10,,No Relationship,No Relationship,No Relationship,No Relationship,No Relationship
"To meet national 2030 education targets, which have been scaled back compared to the original Goal 4 targets, countries must annually enrol 1.4 million children in early childhood education, admit a new child to school every two seconds until 2030 and triple annual progress in primary completion rates.",The number without clean cooking fuels declined from 2.8 billion to 2.1 billion over the same period.,1_8,1_11,,No Relationship,No Relationship,No Relationship,No Relationship,No Relationship
"To meet national 2030 education targets, which have been scaled back compared to the original Goal 4 targets, countries must annually enrol 1.4 million children in early childhood education, admit a new child to school every two seconds until 2030 and triple annual progress in primary completion rates.",Developing countries witnessed substantial expansion from 155 to 293 renewable watts per capita.,1_8,1_12,,No Relationship,No Relationship,No Relationship,No Relationship,No Relationship
"To meet national 2030 education targets, which have been scaled back compared to the original Goal 4 targets, countries must annually enrol 1.4 million children in early childhood education, admit a new child to school every two seconds until 2030 and triple annual progress in primary completion rates.","25
Substantial declines in labour rights plague all regions, worsening prospects for social justice",1_8,1_13,,No Relationship,No Relationship,No Relationship,No Relationship,No Relationship
"In 2022, roughly half the world’s population experienced severe water scarcity for at least part of the year. One quarter faced ‘extremely high’ levels of water stress.",High water stress can have devastating consequences for the environment and hinder or even reverse economic and social development.,1_9,1_10,,Support,Support,No Relationship,No Relationship,Support
"In 2022, roughly half the world’s population experienced severe water scarcity for at least part of the year. One quarter faced ‘extremely high’ levels of water stress.",The number without clean cooking fuels declined from 2.8 billion to 2.1 billion over the same period.,1_9,1_11,,No Relationship,No Relationship,No Relationship,No Relationship,No Relationship
"In 2022, roughly half the world’s population experienced severe water scarcity for at least part of the year. One quarter faced ‘extremely high’ levels of water stress.",Developing countries witnessed substantial expansion from 155 to 293 renewable watts per capita.,1_9,1_12,,No Relationship,Support,No Relationship,No Relationship,No Relationship
"In 2022, roughly half the world’s population experienced severe water scarcity for at least part of the year. One quarter faced ‘extremely high’ levels of water stress.","25
Substantial declines in labour rights plague all regions, worsening prospects for social justice",1_9,1_13,,No Relationship,No Relationship,No Relationship,No Relationship,No Relationship
High water stress can have devastating consequences for the environment and hinder or even reverse economic and social development.,The number without clean cooking fuels declined from 2.8 billion to 2.1 billion over the same period.,1_10,1_11,,No Relationship,No Relationship,No Relationship,No Relationship,No Relationship
High water stress can have devastating consequences for the environment and hinder or even reverse economic and social development.,Developing countries witnessed substantial expansion from 155 to 293 renewable watts per capita.,1_10,1_12,,No Relationship,No Relationship,No Relationship,No Relationship,Attack
High water stress can have devastating consequences for the environment and hinder or even reverse economic and social development.,"25
Substantial declines in labour rights plague all regions, worsening prospects for social justice",1_10,1_13,,No Relationship,Support,No Relationship,No Relationship,Attack
The number without clean cooking fuels declined from 2.8 billion to 2.1 billion over the same period.,Developing countries witnessed substantial expansion from 155 to 293 renewable watts per capita.,1_11,1_12,,No Relationship,Support,No Relationship,No Relationship,Support
The number without clean cooking fuels declined from 2.8 billion to 2.1 billion over the same period.,"25
Substantial declines in labour rights plague all regions, worsening prospects for social justice",1_11,1_13,,No Relationship,No Relationship,No Relationship,No Relationship,No Relationship
Developing countries witnessed substantial expansion from 155 to 293 renewable watts per capita.,"25
Substantial declines in labour rights plague all regions, worsening prospects for social justice",1_12,1_13,,No Relationship,No Relationship,Attack,Attack,No Relationship
One in three of these countries are poorer than before the pandemic.,"An alarming 19 per cent of all food at the retail or consumption stage was wasted in 2022, totalling 1.05 billion metric tons of all food available to consumers.",2_0,2_1,,No Relationship,No Relationship,No Relationship,No Relationship,No Relationship
One in three of these countries are poorer than before the pandemic.,"In 2022, almost 60 per cent of countries worldwide faced moderately to abnormally high food prices due to the spillover effects of conflicts, such as disrupted supply chains.",2_0,2_2,,No Relationship,Rephrase,No Relationship,No Relationship,Support
One in three of these countries are poorer than before the pandemic.,Nearly 60 per cent of countries faced moderately to abnormally high food prices in 2022,2_0,2_3,,No Relationship,Rephrase,No Relationship,No Relationship,Support
"An alarming 19 per cent of all food at the retail or consumption stage was wasted in 2022, totalling 1.05 billion metric tons of all food available to consumers.","In 2022, almost 60 per cent of countries worldwide faced moderately to abnormally high food prices due to the spillover effects of conflicts, such as disrupted supply chains.",2_1,2_2,,No Relationship,Support,No Relationship,No Relationship,Support
"An alarming 19 per cent of all food at the retail or consumption stage was wasted in 2022, totalling 1.05 billion metric tons of all food available to consumers.",Nearly 60 per cent of countries faced moderately to abnormally high food prices in 2022,2_1,2_3,,No Relationship,Support,No Relationship,No Relationship,Support
"In 2022, almost 60 per cent of countries worldwide faced moderately to abnormally high food prices due to the spillover effects of conflicts, such as disrupted supply chains.",Nearly 60 per cent of countries faced moderately to abnormally high food prices in 2022,2_2,2_3,,Support,Rephrase,No Relationship,No Relationship,Rephrase
"The strong statistical foundation draws on both traditional and innovative data sources. Traditional data sources include censuses, surveys and administrative data.","Overfishing, pollution, climate change and poor management drive continued declines in fish stocks",3_0,3_1,,No Relationship,No Relationship,No Relationship,No Relationship,No Relationship
"The strong statistical foundation draws on both traditional and innovative data sources. Traditional data sources include censuses, surveys and administrative data.","Globally, small-scale farming caused 68 per cent of agriculture-driven deforestation, while large-scale farming contributed to 32 per cent.",3_0,3_2,,No Relationship,No Relationship,No Relationship,No Relationship,No Relationship
"The strong statistical foundation draws on both traditional and innovative data sources. Traditional data sources include censuses, surveys and administrative data.","In 2023, about 733 million people faced hunger, and 2.33 billion people experienced moderate to severe food insecurity.",3_0,3_3,,No Relationship,No Relationship,No Relationship,No Relationship,No Relationship
"The strong statistical foundation draws on both traditional and innovative data sources. Traditional data sources include censuses, surveys and administrative data.","In 95 per cent of countries with available data, the average annual income of small-scale producers is less than half that of larger-scale producers.",3_0,3_4,,Support,Support,No Relationship,No Relationship,No Relationship
"The strong statistical foundation draws on both traditional and innovative data sources. Traditional data sources include censuses, surveys and administrative data.",The maternal mortality ratio is largely stuck at a level more than three times the 2030 target.,3_0,3_5,,No Relationship,No Relationship,No Relationship,No Relationship,No Relationship
"The strong statistical foundation draws on both traditional and innovative data sources. Traditional data sources include censuses, surveys and administrative data.","Under-5 deaths reached an historic low in 2022, but progress has slowed. Without accelerated declines, 35 million children will not live to see their fifth birthday by 2030.",3_0,3_6,,No Relationship,No Relationship,No Relationship,No Relationship,No Relationship
"The strong statistical foundation draws on both traditional and innovative data sources. Traditional data sources include censuses, surveys and administrative data.","Declines in maternal mortality have stalled, with wide disparities by region and income. Between 2015 and 2020, the global maternal mortality ratio declined only marginally from 227 to 223 maternal deaths per 100,000 live births, over three times higher than the 2030 target of 70.",3_0,3_7,,Support,No Relationship,No Relationship,No Relationship,No Relationship
"The strong statistical foundation draws on both traditional and innovative data sources. Traditional data sources include censuses, surveys and administrative data.","In sub-Saharan Africa, only 73 per cent of births were attended by skilled personnel in 2023, the lowest rate worldwide. In contrast, Eastern and South-Eastern Asia achieved a rate of 96 per cent.",3_0,3_8,,No Relationship,No Relationship,No Relationship,No Relationship,No Relationship
"The strong statistical foundation draws on both traditional and innovative data sources. Traditional data sources include censuses, surveys and administrative data.","The adolescent birth rate for women aged 15–19 years declined to 41.3 births per 1,000 women in 2023, from 47.2 in 2015 and 64.5 in 2000. For girls aged 10–14 years, the rate fell from 3.3 births per 1,000 girls in 2000 to 1.8 in 2015 and 1.5 in 2023.",3_0,3_9,,No Relationship,Support,No Relationship,No Relationship,No Relationship
"The strong statistical foundation draws on both traditional and innovative data sources. Traditional data sources include censuses, surveys and administrative data.","Global under-5 deaths reached a historic low of 4.9 million in 2022, down from 9.9 million in 2000 and 6.0 million in 2015. Nearly half these deaths (2.3 million) occurred during the neonatal period.",3_0,3_10,,Support,No Relationship,No Relationship,No Relationship,No Relationship
"The strong statistical foundation draws on both traditional and innovative data sources. Traditional data sources include censuses, surveys and administrative data.","HIV/AIDS: The world has made significant strides in combating HIV. In 2022, an estimated 1.3 million new infections represented a 27 per cent decrease since 2015 and a 38 per cent reduction since 2010.",3_0,3_11,,Support,No Relationship,No Relationship,No Relationship,No Relationship
"The strong statistical foundation draws on both traditional and innovative data sources. Traditional data sources include censuses, surveys and administrative data.",Twenty-one million children missed out on life- saving vaccines in 2022,3_0,3_12,,No Relationship,No Relationship,No Relationship,No Relationship,No Relationship
"The strong statistical foundation draws on both traditional and innovative data sources. Traditional data sources include censuses, surveys and administrative data.","Coverage of two doses of the measles vaccine and three doses of the pneumococcal conjugate vaccine increased in 2022, reaching 74 per cent and 60 per cent, respectively, following stagnation in 2020–2021.",3_0,3_13,,No Relationship,No Relationship,No Relationship,No Relationship,No Relationship
"The strong statistical foundation draws on both traditional and innovative data sources. Traditional data sources include censuses, surveys and administrative data.",Child marriage and female genital mutilation violate the rights of girls and have lifelong consequences.,3_0,3_14,,No Relationship,No Relationship,No Relationship,No Relationship,No Relationship
"The strong statistical foundation draws on both traditional and innovative data sources. Traditional data sources include censuses, surveys and administrative data.","Some countries have made strides towards ending female genital mutilation, but new estimates show an increase of 30 million cases compared to eight years ago.",3_0,3_15,,No Relationship,No Relationship,No Relationship,No Relationship,No Relationship
"The strong statistical foundation draws on both traditional and innovative data sources. Traditional data sources include censuses, surveys and administrative data.","Women’s empowerment in sexual and reproductive health decisions remains restricted globally, although positive strides are evident in some places.",3_0,3_16,,No Relationship,No Relationship,No Relationship,No Relationship,No Relationship
"Overfishing, pollution, climate change and poor management drive continued declines in fish stocks","Globally, small-scale farming caused 68 per cent of agriculture-driven deforestation, while large-scale farming contributed to 32 per cent.",3_1,3_2,,No Relationship,Support,No Relationship,No Relationship,No Relationship
"Overfishing, pollution, climate change and poor management drive continued declines in fish stocks","In 2023, about 733 million people faced hunger, and 2.33 billion people experienced moderate to severe food insecurity.",3_1,3_3,,No Relationship,Support,No Relationship,No Relationship,Attack
"Overfishing, pollution, climate change and poor management drive continued declines in fish stocks","In 95 per cent of countries with available data, the average annual income of small-scale producers is less than half that of larger-scale producers.",3_1,3_4,,No Relationship,No Relationship,No Relationship,No Relationship,No Relationship
"Overfishing, pollution, climate change and poor management drive continued declines in fish stocks",The maternal mortality ratio is largely stuck at a level more than three times the 2030 target.,3_1,3_5,,No Relationship,Support,No Relationship,No Relationship,No Relationship
"Overfishing, pollution, climate change and poor management drive continued declines in fish stocks","Under-5 deaths reached an historic low in 2022, but progress has slowed. Without accelerated declines, 35 million children will not live to see their fifth birthday by 2030.",3_1,3_6,,No Relationship,Support,No Relationship,No Relationship,No Relationship
"Overfishing, pollution, climate change and poor management drive continued declines in fish stocks","Declines in maternal mortality have stalled, with wide disparities by region and income. Between 2015 and 2020, the global maternal mortality ratio declined only marginally from 227 to 223 maternal deaths per 100,000 live births, over three times higher than the 2030 target of 70.",3_1,3_7,,No Relationship,No Relationship,No Relationship,No Relationship,No Relationship
"Overfishing, pollution, climate change and poor management drive continued declines in fish stocks","In sub-Saharan Africa, only 73 per cent of births were attended by skilled personnel in 2023, the lowest rate worldwide. In contrast, Eastern and South-Eastern Asia achieved a rate of 96 per cent.",3_1,3_8,,No Relationship,No Relationship,No Relationship,No Relationship,No Relationship
"Overfishing, pollution, climate change and poor management drive continued declines in fish stocks","The adolescent birth rate for women aged 15–19 years declined to 41.3 births per 1,000 women in 2023, from 47.2 in 2015 and 64.5 in 2000. For girls aged 10–14 years, the rate fell from 3.3 births per 1,000 girls in 2000 to 1.8 in 2015 and 1.5 in 2023.",3_1,3_9,,No Relationship,No Relationship,No Relationship,No Relationship,No Relationship
"Overfishing, pollution, climate change and poor management drive continued declines in fish stocks","Global under-5 deaths reached a historic low of 4.9 million in 2022, down from 9.9 million in 2000 and 6.0 million in 2015. Nearly half these deaths (2.3 million) occurred during the neonatal period.",3_1,3_10,,No Relationship,No Relationship,No Relationship,No Relationship,No Relationship
"Overfishing, pollution, climate change and poor management drive continued declines in fish stocks","HIV/AIDS: The world has made significant strides in combating HIV. In 2022, an estimated 1.3 million new infections represented a 27 per cent decrease since 2015 and a 38 per cent reduction since 2010.",3_1,3_11,,Support,No Relationship,No Relationship,No Relationship,No Relationship
"Overfishing, pollution, climate change and poor management drive continued declines in fish stocks",Twenty-one million children missed out on life- saving vaccines in 2022,3_1,3_12,,No Relationship,No Relationship,No Relationship,No Relationship,No Relationship
"Overfishing, pollution, climate change and poor management drive continued declines in fish stocks","Coverage of two doses of the measles vaccine and three doses of the pneumococcal conjugate vaccine increased in 2022, reaching 74 per cent and 60 per cent, respectively, following stagnation in 2020–2021.",3_1,3_13,,No Relationship,No Relationship,No Relationship,No Relationship,No Relationship
"Overfishing, pollution, climate change and poor management drive continued declines in fish stocks",Child marriage and female genital mutilation violate the rights of girls and have lifelong consequences.,3_1,3_14,,No Relationship,No Relationship,No Relationship,No Relationship,No Relationship
"Overfishing, pollution, climate change and poor management drive continued declines in fish stocks","Some countries have made strides towards ending female genital mutilation, but new estimates show an increase of 30 million cases compared to eight years ago.",3_1,3_15,,No Relationship,No Relationship,No Relationship,No Relationship,No Relationship
"Overfishing, pollution, climate change and poor management drive continued declines in fish stocks","Women’s empowerment in sexual and reproductive health decisions remains restricted globally, although positive strides are evident in some places.",3_1,3_16,,No Relationship,No Relationship,No Relationship,No Relationship,No Relationship
"Globally, small-scale farming caused 68 per cent of agriculture-driven deforestation, while large-scale farming contributed to 32 per cent.","In 2023, about 733 million people faced hunger, and 2.33 billion people experienced moderate to severe food insecurity.",3_2,3_3,,No Relationship,No Relationship,No Relationship,No Relationship,No Relationship
"Globally, small-scale farming caused 68 per cent of agriculture-driven deforestation, while large-scale farming contributed to 32 per cent.","In 95 per cent of countries with available data, the average annual income of small-scale producers is less than half that of larger-scale producers.",3_2,3_4,,No Relationship,Support,No Relationship,No Relationship,Support
"Globally, small-scale farming caused 68 per cent of agriculture-driven deforestation, while large-scale farming contributed to 32 per cent.",The maternal mortality ratio is largely stuck at a level more than three times the 2030 target.,3_2,3_5,,No Relationship,No Relationship,No Relationship,No Relationship,No Relationship
"Globally, small-scale farming caused 68 per cent of agriculture-driven deforestation, while large-scale farming contributed to 32 per cent.","Under-5 deaths reached an historic low in 2022, but progress has slowed. Without accelerated declines, 35 million children will not live to see their fifth birthday by 2030.",3_2,3_6,,No Relationship,No Relationship,No Relationship,No Relationship,No Relationship
"Globally, small-scale farming caused 68 per cent of agriculture-driven deforestation, while large-scale farming contributed to 32 per cent.","Declines in maternal mortality have stalled, with wide disparities by region and income. Between 2015 and 2020, the global maternal mortality ratio declined only marginally from 227 to 223 maternal deaths per 100,000 live births, over three times higher than the 2030 target of 70.",3_2,3_7,,No Relationship,Support,No Relationship,No Relationship,No Relationship
"Globally, small-scale farming caused 68 per cent of agriculture-driven deforestation, while large-scale farming contributed to 32 per cent.","In sub-Saharan Africa, only 73 per cent of births were attended by skilled personnel in 2023, the lowest rate worldwide. In contrast, Eastern and South-Eastern Asia achieved a rate of 96 per cent.",3_2,3_8,,No Relationship,No Relationship,No Relationship,No Relationship,No Relationship
"Globally, small-scale farming caused 68 per cent of agriculture-driven deforestation, while large-scale farming contributed to 32 per cent.","The adolescent birth rate for women aged 15–19 years declined to 41.3 births per 1,000 women in 2023, from 47.2 in 2015 and 64.5 in 2000. For girls aged 10–14 years, the rate fell from 3.3 births per 1,000 girls in 2000 to 1.8 in 2015 and 1.5 in 2023.",3_2,3_9,,No Relationship,No Relationship,No Relationship,No Relationship,No Relationship
"Globally, small-scale farming caused 68 per cent of agriculture-driven deforestation, while large-scale farming contributed to 32 per cent.","Global under-5 deaths reached a historic low of 4.9 million in 2022, down from 9.9 million in 2000 and 6.0 million in 2015. Nearly half these deaths (2.3 million) occurred during the neonatal period.",3_2,3_10,,No Relationship,No Relationship,No Relationship,No Relationship,No Relationship
"Globally, small-scale farming caused 68 per cent of agriculture-driven deforestation, while large-scale farming contributed to 32 per cent.","HIV/AIDS: The world has made significant strides in combating HIV. In 2022, an estimated 1.3 million new infections represented a 27 per cent decrease since 2015 and a 38 per cent reduction since 2010.",3_2,3_11,,No Relationship,No Relationship,No Relationship,No Relationship,No Relationship
"Globally, small-scale farming caused 68 per cent of agriculture-driven deforestation, while large-scale farming contributed to 32 per cent.",Twenty-one million children missed out on life- saving vaccines in 2022,3_2,3_12,,No Relationship,No Relationship,No Relationship,No Relationship,No Relationship
"Globally, small-scale farming caused 68 per cent of agriculture-driven deforestation, while large-scale farming contributed to 32 per cent.","Coverage of two doses of the measles vaccine and three doses of the pneumococcal conjugate vaccine increased in 2022, reaching 74 per cent and 60 per cent, respectively, following stagnation in 2020–2021.",3_2,3_13,,No Relationship,No Relationship,No Relationship,No Relationship,No Relationship
"Globally, small-scale farming caused 68 per cent of agriculture-driven deforestation, while large-scale farming contributed to 32 per cent.",Child marriage and female genital mutilation violate the rights of girls and have lifelong consequences.,3_2,3_14,,No Relationship,No Relationship,No Relationship,No Relationship,No Relationship
"Globally, small-scale farming caused 68 per cent of agriculture-driven deforestation, while large-scale farming contributed to 32 per cent.","Some countries have made strides towards ending female genital mutilation, but new estimates show an increase of 30 million cases compared to eight years ago.",3_2,3_15,,No Relationship,No Relationship,No Relationship,No Relationship,No Relationship
"Globally, small-scale farming caused 68 per cent of agriculture-driven deforestation, while large-scale farming contributed to 32 per cent.","Women’s empowerment in sexual and reproductive health decisions remains restricted globally, although positive strides are evident in some places.",3_2,3_16,,No Relationship,No Relationship,No Relationship,No Relationship,No Relationship
"In 2023, about 733 million people faced hunger, and 2.33 billion people experienced moderate to severe food insecurity.","In 95 per cent of countries with available data, the average annual income of small-scale producers is less than half that of larger-scale producers.",3_3,3_4,,No Relationship,Support,No Relationship,No Relationship,Attack
"In 2023, about 733 million people faced hunger, and 2.33 billion people experienced moderate to severe food insecurity.",The maternal mortality ratio is largely stuck at a level more than three times the 2030 target.,3_3,3_5,,No Relationship,Support,No Relationship,No Relationship,No Relationship
"In 2023, about 733 million people faced hunger, and 2.33 billion people experienced moderate to severe food insecurity.","Under-5 deaths reached an historic low in 2022, but progress has slowed. Without accelerated declines, 35 million children will not live to see their fifth birthday by 2030.",3_3,3_6,,No Relationship,Support,No Relationship,No Relationship,No Relationship
"In 2023, about 733 million people faced hunger, and 2.33 billion people experienced moderate to severe food insecurity.","Declines in maternal mortality have stalled, with wide disparities by region and income. Between 2015 and 2020, the global maternal mortality ratio declined only marginally from 227 to 223 maternal deaths per 100,000 live births, over three times higher than the 2030 target of 70.",3_3,3_7,,No Relationship,Support,No Relationship,No Relationship,No Relationship
"In 2023, about 733 million people faced hunger, and 2.33 billion people experienced moderate to severe food insecurity.","In sub-Saharan Africa, only 73 per cent of births were attended by skilled personnel in 2023, the lowest rate worldwide. In contrast, Eastern and South-Eastern Asia achieved a rate of 96 per cent.",3_3,3_8,,No Relationship,Support,No Relationship,No Relationship,No Relationship
"In 2023, about 733 million people faced hunger, and 2.33 billion people experienced moderate to severe food insecurity.","The adolescent birth rate for women aged 15–19 years declined to 41.3 births per 1,000 women in 2023, from 47.2 in 2015 and 64.5 in 2000. For girls aged 10–14 years, the rate fell from 3.3 births per 1,000 girls in 2000 to 1.8 in 2015 and 1.5 in 2023.",3_3,3_9,,No Relationship,Support,No Relationship,No Relationship,No Relationship
"In 2023, about 733 million people faced hunger, and 2.33 billion people experienced moderate to severe food insecurity.","Global under-5 deaths reached a historic low of 4.9 million in 2022, down from 9.9 million in 2000 and 6.0 million in 2015. Nearly half these deaths (2.3 million) occurred during the neonatal period.",3_3,3_10,,No Relationship,Support,No Relationship,No Relationship,No Relationship
"In 2023, about 733 million people faced hunger, and 2.33 billion people experienced moderate to severe food insecurity.","HIV/AIDS: The world has made significant strides in combating HIV. In 2022, an estimated 1.3 million new infections represented a 27 per cent decrease since 2015 and a 38 per cent reduction since 2010.",3_3,3_11,,No Relationship,Support,No Relationship,No Relationship,No Relationship
"In 2023, about 733 million people faced hunger, and 2.33 billion people experienced moderate to severe food insecurity.",Twenty-one million children missed out on life- saving vaccines in 2022,3_3,3_12,,No Relationship,Support,No Relationship,No Relationship,No Relationship
"In 2023, about 733 million people faced hunger, and 2.33 billion people experienced moderate to severe food insecurity.","Coverage of two doses of the measles vaccine and three doses of the pneumococcal conjugate vaccine increased in 2022, reaching 74 per cent and 60 per cent, respectively, following stagnation in 2020–2021.",3_3,3_13,,No Relationship,No Relationship,No Relationship,No Relationship,No Relationship
"In 2023, about 733 million people faced hunger, and 2.33 billion people experienced moderate to severe food insecurity.",Child marriage and female genital mutilation violate the rights of girls and have lifelong consequences.,3_3,3_14,,No Relationship,No Relationship,No Relationship,No Relationship,No Relationship
"In 2023, about 733 million people faced hunger, and 2.33 billion people experienced moderate to severe food insecurity.","Some countries have made strides towards ending female genital mutilation, but new estimates show an increase of 30 million cases compared to eight years ago.",3_3,3_15,,No Relationship,No Relationship,No Relationship,No Relationship,No Relationship
"In 2023, about 733 million people faced hunger, and 2.33 billion people experienced moderate to severe food insecurity.","Women’s empowerment in sexual and reproductive health decisions remains restricted globally, although positive strides are evident in some places.",3_3,3_16,,No Relationship,No Relationship,No Relationship,No Relationship,No Relationship
"In 95 per cent of countries with available data, the average annual income of small-scale producers is less than half that of larger-scale producers.",The maternal mortality ratio is largely stuck at a level more than three times the 2030 target.,3_4,3_5,,No Relationship,No Relationship,No Relationship,No Relationship,No Relationship
"In 95 per cent of countries with available data, the average annual income of small-scale producers is less than half that of larger-scale producers.","Under-5 deaths reached an historic low in 2022, but progress has slowed. Without accelerated declines, 35 million children will not live to see their fifth birthday by 2030.",3_4,3_6,,No Relationship,No Relationship,No Relationship,No Relationship,No Relationship
"In 95 per cent of countries with available data, the average annual income of small-scale producers is less than half that of larger-scale producers.","Declines in maternal mortality have stalled, with wide disparities by region and income. Between 2015 and 2020, the global maternal mortality ratio declined only marginally from 227 to 223 maternal deaths per 100,000 live births, over three times higher than the 2030 target of 70.",3_4,3_7,,No Relationship,Support,No Relationship,No Relationship,No Relationship
"In 95 per cent of countries with available data, the average annual income of small-scale producers is less than half that of larger-scale producers.","In sub-Saharan Africa, only 73 per cent of births were attended by skilled personnel in 2023, the lowest rate worldwide. In contrast, Eastern and South-Eastern Asia achieved a rate of 96 per cent.",3_4,3_8,,No Relationship,No Relationship,No Relationship,No Relationship,No Relationship
"In 95 per cent of countries with available data, the average annual income of small-scale producers is less than half that of larger-scale producers.","The adolescent birth rate for women aged 15–19 years declined to 41.3 births per 1,000 women in 2023, from 47.2 in 2015 and 64.5 in 2000. For girls aged 10–14 years, the rate fell from 3.3 births per 1,000 girls in 2000 to 1.8 in 2015 and 1.5 in 2023.",3_4,3_9,,No Relationship,No Relationship,No Relationship,No Relationship,No Relationship
"In 95 per cent of countries with available data, the average annual income of small-scale producers is less than half that of larger-scale producers.","Global under-5 deaths reached a historic low of 4.9 million in 2022, down from 9.9 million in 2000 and 6.0 million in 2015. Nearly half these deaths (2.3 million) occurred during the neonatal period.",3_4,3_10,,No Relationship,No Relationship,No Relationship,No Relationship,No Relationship
"In 95 per cent of countries with available data, the average annual income of small-scale producers is less than half that of larger-scale producers.","HIV/AIDS: The world has made significant strides in combating HIV. In 2022, an estimated 1.3 million new infections represented a 27 per cent decrease since 2015 and a 38 per cent reduction since 2010.",3_4,3_11,,No Relationship,No Relationship,No Relationship,No Relationship,No Relationship
"In 95 per cent of countries with available data, the average annual income of small-scale producers is less than half that of larger-scale producers.",Twenty-one million children missed out on life- saving vaccines in 2022,3_4,3_12,,No Relationship,No Relationship,No Relationship,No Relationship,No Relationship
"In 95 per cent of countries with available data, the average annual income of small-scale producers is less than half that of larger-scale producers.","Coverage of two doses of the measles vaccine and three doses of the pneumococcal conjugate vaccine increased in 2022, reaching 74 per cent and 60 per cent, respectively, following stagnation in 2020–2021.",3_4,3_13,,No Relationship,No Relationship,No Relationship,No Relationship,No Relationship
"In 95 per cent of countries with available data, the average annual income of small-scale producers is less than half that of larger-scale producers.",Child marriage and female genital mutilation violate the rights of girls and have lifelong consequences.,3_4,3_14,,No Relationship,No Relationship,No Relationship,No Relationship,No Relationship
"In 95 per cent of countries with available data, the average annual income of small-scale producers is less than half that of larger-scale producers.","Some countries have made strides towards ending female genital mutilation, but new estimates show an increase of 30 million cases compared to eight years ago.",3_4,3_15,,No Relationship,No Relationship,No Relationship,No Relationship,No Relationship
"In 95 per cent of countries with available data, the average annual income of small-scale producers is less than half that of larger-scale producers.","Women’s empowerment in sexual and reproductive health decisions remains restricted globally, although positive strides are evident in some places.",3_4,3_16,,No Relationship,No Relationship,No Relationship,No Relationship,No Relationship
The maternal mortality ratio is largely stuck at a level more than three times the 2030 target.,"Under-5 deaths reached an historic low in 2022, but progress has slowed. Without accelerated declines, 35 million children will not live to see their fifth birthday by 2030.",3_5,3_6,,No Relationship,Rephrase,No Relationship,No Relationship,No Relationship
The maternal mortality ratio is largely stuck at a level more than three times the 2030 target.,"Declines in maternal mortality have stalled, with wide disparities by region and income. Between 2015 and 2020, the global maternal mortality ratio declined only marginally from 227 to 223 maternal deaths per 100,000 live births, over three times higher than the 2030 target of 70.",3_5,3_7,,Support,Rephrase,No Relationship,No Relationship,Support
The maternal mortality ratio is largely stuck at a level more than three times the 2030 target.,"In sub-Saharan Africa, only 73 per cent of births were attended by skilled personnel in 2023, the lowest rate worldwide. In contrast, Eastern and South-Eastern Asia achieved a rate of 96 per cent.",3_5,3_8,,No Relationship,Support,No Relationship,No Relationship,Support
The maternal mortality ratio is largely stuck at a level more than three times the 2030 target.,"The adolescent birth rate for women aged 15–19 years declined to 41.3 births per 1,000 women in 2023, from 47.2 in 2015 and 64.5 in 2000. For girls aged 10–14 years, the rate fell from 3.3 births per 1,000 girls in 2000 to 1.8 in 2015 and 1.5 in 2023.",3_5,3_9,,No Relationship,Attack,No Relationship,No Relationship,No Relationship
The maternal mortality ratio is largely stuck at a level more than three times the 2030 target.,"Global under-5 deaths reached a historic low of 4.9 million in 2022, down from 9.9 million in 2000 and 6.0 million in 2015. Nearly half these deaths (2.3 million) occurred during the neonatal period.",3_5,3_10,,No Relationship,Attack,No Relationship,No Relationship,Attack
The maternal mortality ratio is largely stuck at a level more than three times the 2030 target.,"HIV/AIDS: The world has made significant strides in combating HIV. In 2022, an estimated 1.3 million new infections represented a 27 per cent decrease since 2015 and a 38 per cent reduction since 2010.",3_5,3_11,,No Relationship,Attack,No Relationship,No Relationship,No Relationship
The maternal mortality ratio is largely stuck at a level more than three times the 2030 target.,Twenty-one million children missed out on life- saving vaccines in 2022,3_5,3_12,,No Relationship,Support,No Relationship,No Relationship,No Relationship
The maternal mortality ratio is largely stuck at a level more than three times the 2030 target.,"Coverage of two doses of the measles vaccine and three doses of the pneumococcal conjugate vaccine increased in 2022, reaching 74 per cent and 60 per cent, respectively, following stagnation in 2020–2021.",3_5,3_13,,No Relationship,No Relationship,No Relationship,No Relationship,No Relationship
The maternal mortality ratio is largely stuck at a level more than three times the 2030 target.,Child marriage and female genital mutilation violate the rights of girls and have lifelong consequences.,3_5,3_14,,Support,No Relationship,No Relationship,No Relationship,No Relationship
The maternal mortality ratio is largely stuck at a level more than three times the 2030 target.,"Some countries have made strides towards ending female genital mutilation, but new estimates show an increase of 30 million cases compared to eight years ago.",3_5,3_15,,No Relationship,Support,No Relationship,No Relationship,No Relationship
The maternal mortality ratio is largely stuck at a level more than three times the 2030 target.,"Women’s empowerment in sexual and reproductive health decisions remains restricted globally, although positive strides are evident in some places.",3_5,3_16,,No Relationship,Support,No Relationship,No Relationship,Support
"Under-5 deaths reached an historic low in 2022, but progress has slowed. Without accelerated declines, 35 million children will not live to see their fifth birthday by 2030.","Declines in maternal mortality have stalled, with wide disparities by region and income. Between 2015 and 2020, the global maternal mortality ratio declined only marginally from 227 to 223 maternal deaths per 100,000 live births, over three times higher than the 2030 target of 70.",3_6,3_7,,Support,Rephrase,No Relationship,No Relationship,Attack
"Under-5 deaths reached an historic low in 2022, but progress has slowed. Without accelerated declines, 35 million children will not live to see their fifth birthday by 2030.","In sub-Saharan Africa, only 73 per cent of births were attended by skilled personnel in 2023, the lowest rate worldwide. In contrast, Eastern and South-Eastern Asia achieved a rate of 96 per cent.",3_6,3_8,,No Relationship,Support,No Relationship,No Relationship,Support
"Under-5 deaths reached an historic low in 2022, but progress has slowed. Without accelerated declines, 35 million children will not live to see their fifth birthday by 2030.","The adolescent birth rate for women aged 15–19 years declined to 41.3 births per 1,000 women in 2023, from 47.2 in 2015 and 64.5 in 2000. For girls aged 10–14 years, the rate fell from 3.3 births per 1,000 girls in 2000 to 1.8 in 2015 and 1.5 in 2023.",3_6,3_9,,No Relationship,Support,No Relationship,No Relationship,No Relationship
"Under-5 deaths reached an historic low in 2022, but progress has slowed. Without accelerated declines, 35 million children will not live to see their fifth birthday by 2030.","Global under-5 deaths reached a historic low of 4.9 million in 2022, down from 9.9 million in 2000 and 6.0 million in 2015. Nearly half these deaths (2.3 million) occurred during the neonatal period.",3_6,3_10,,Support,Rephrase,No Relationship,No Relationship,Support
"Under-5 deaths reached an historic low in 2022, but progress has slowed. Without accelerated declines, 35 million children will not live to see their fifth birthday by 2030.","HIV/AIDS: The world has made significant strides in combating HIV. In 2022, an estimated 1.3 million new infections represented a 27 per cent decrease since 2015 and a 38 per cent reduction since 2010.",3_6,3_11,,Support,Rephrase,No Relationship,No Relationship,No Relationship
"Under-5 deaths reached an historic low in 2022, but progress has slowed. Without accelerated declines, 35 million children will not live to see their fifth birthday by 2030.",Twenty-one million children missed out on life- saving vaccines in 2022,3_6,3_12,,No Relationship,Support,No Relationship,No Relationship,Attack
"Under-5 deaths reached an historic low in 2022, but progress has slowed. Without accelerated declines, 35 million children will not live to see their fifth birthday by 2030.","Coverage of two doses of the measles vaccine and three doses of the pneumococcal conjugate vaccine increased in 2022, reaching 74 per cent and 60 per cent, respectively, following stagnation in 2020–2021.",3_6,3_13,,No Relationship,Rephrase,No Relationship,No Relationship,Support
"Under-5 deaths reached an historic low in 2022, but progress has slowed. Without accelerated declines, 35 million children will not live to see their fifth birthday by 2030.",Child marriage and female genital mutilation violate the rights of girls and have lifelong consequences.,3_6,3_14,,Support,Support,No Relationship,No Relationship,No Relationship
"Under-5 deaths reached an historic low in 2022, but progress has slowed. Without accelerated declines, 35 million children will not live to see their fifth birthday by 2030.","Some countries have made strides towards ending female genital mutilation, but new estimates show an increase of 30 million cases compared to eight years ago.",3_6,3_15,,No Relationship,Rephrase,No Relationship,No Relationship,No Relationship
"Under-5 deaths reached an historic low in 2022, but progress has slowed. Without accelerated declines, 35 million children will not live to see their fifth birthday by 2030.","Women’s empowerment in sexual and reproductive health decisions remains restricted globally, although positive strides are evident in some places.",3_6,3_16,,No Relationship,No Relationship,No Relationship,No Relationship,Attack
"Declines in maternal mortality have stalled, with wide disparities by region and income. Between 2015 and 2020, the global maternal mortality ratio declined only marginally from 227 to 223 maternal deaths per 100,000 live births, over three times higher than the 2030 target of 70.","In sub-Saharan Africa, only 73 per cent of births were attended by skilled personnel in 2023, the lowest rate worldwide. In contrast, Eastern and South-Eastern Asia achieved a rate of 96 per cent.",3_7,3_8,,No Relationship,Support,No Relationship,No Relationship,Support
"Declines in maternal mortality have stalled, with wide disparities by region and income. Between 2015 and 2020, the global maternal mortality ratio declined only marginally from 227 to 223 maternal deaths per 100,000 live births, over three times higher than the 2030 target of 70.","The adolescent birth rate for women aged 15–19 years declined to 41.3 births per 1,000 women in 2023, from 47.2 in 2015 and 64.5 in 2000. For girls aged 10–14 years, the rate fell from 3.3 births per 1,000 girls in 2000 to 1.8 in 2015 and 1.5 in 2023.",3_7,3_9,,No Relationship,Rephrase,No Relationship,No Relationship,No Relationship
"Declines in maternal mortality have stalled, with wide disparities by region and income. Between 2015 and 2020, the global maternal mortality ratio declined only marginally from 227 to 223 maternal deaths per 100,000 live births, over three times higher than the 2030 target of 70.","Global under-5 deaths reached a historic low of 4.9 million in 2022, down from 9.9 million in 2000 and 6.0 million in 2015. Nearly half these deaths (2.3 million) occurred during the neonatal period.",3_7,3_10,,No Relationship,Attack,No Relationship,No Relationship,No Relationship
"Declines in maternal mortality have stalled, with wide disparities by region and income. Between 2015 and 2020, the global maternal mortality ratio declined only marginally from 227 to 223 maternal deaths per 100,000 live births, over three times higher than the 2030 target of 70.","HIV/AIDS: The world has made significant strides in combating HIV. In 2022, an estimated 1.3 million new infections represented a 27 per cent decrease since 2015 and a 38 per cent reduction since 2010.",3_7,3_11,,No Relationship,Attack,No Relationship,No Relationship,No Relationship
"Declines in maternal mortality have stalled, with wide disparities by region and income. Between 2015 and 2020, the global maternal mortality ratio declined only marginally from 227 to 223 maternal deaths per 100,000 live births, over three times higher than the 2030 target of 70.",Twenty-one million children missed out on life- saving vaccines in 2022,3_7,3_12,,No Relationship,Support,No Relationship,No Relationship,No Relationship
"Declines in maternal mortality have stalled, with wide disparities by region and income. Between 2015 and 2020, the global maternal mortality ratio declined only marginally from 227 to 223 maternal deaths per 100,000 live births, over three times higher than the 2030 target of 70.","Coverage of two doses of the measles vaccine and three doses of the pneumococcal conjugate vaccine increased in 2022, reaching 74 per cent and 60 per cent, respectively, following stagnation in 2020–2021.",3_7,3_13,,No Relationship,Support,No Relationship,No Relationship,No Relationship
"Declines in maternal mortality have stalled, with wide disparities by region and income. Between 2015 and 2020, the global maternal mortality ratio declined only marginally from 227 to 223 maternal deaths per 100,000 live births, over three times higher than the 2030 target of 70.",Child marriage and female genital mutilation violate the rights of girls and have lifelong consequences.,3_7,3_14,,Support,No Relationship,No Relationship,No Relationship,No Relationship
"Declines in maternal mortality have stalled, with wide disparities by region and income. Between 2015 and 2020, the global maternal mortality ratio declined only marginally from 227 to 223 maternal deaths per 100,000 live births, over three times higher than the 2030 target of 70.","Some countries have made strides towards ending female genital mutilation, but new estimates show an increase of 30 million cases compared to eight years ago.",3_7,3_15,,No Relationship,Support,No Relationship,No Relationship,No Relationship
"Declines in maternal mortality have stalled, with wide disparities by region and income. Between 2015 and 2020, the global maternal mortality ratio declined only marginally from 227 to 223 maternal deaths per 100,000 live births, over three times higher than the 2030 target of 70.","Women’s empowerment in sexual and reproductive health decisions remains restricted globally, although positive strides are evident in some places.",3_7,3_16,,No Relationship,Support,No Relationship,No Relationship,Support
"In sub-Saharan Africa, only 73 per cent of births were attended by skilled personnel in 2023, the lowest rate worldwide. In contrast, Eastern and South-Eastern Asia achieved a rate of 96 per cent.","The adolescent birth rate for women aged 15–19 years declined to 41.3 births per 1,000 women in 2023, from 47.2 in 2015 and 64.5 in 2000. For girls aged 10–14 years, the rate fell from 3.3 births per 1,000 girls in 2000 to 1.8 in 2015 and 1.5 in 2023.",3_8,3_9,,No Relationship,Support,No Relationship,No Relationship,No Relationship
"In sub-Saharan Africa, only 73 per cent of births were attended by skilled personnel in 2023, the lowest rate worldwide. In contrast, Eastern and South-Eastern Asia achieved a rate of 96 per cent.","Global under-5 deaths reached a historic low of 4.9 million in 2022, down from 9.9 million in 2000 and 6.0 million in 2015. Nearly half these deaths (2.3 million) occurred during the neonatal period.",3_8,3_10,,No Relationship,Support,No Relationship,No Relationship,Attack
"In sub-Saharan Africa, only 73 per cent of births were attended by skilled personnel in 2023, the lowest rate worldwide. In contrast, Eastern and South-Eastern Asia achieved a rate of 96 per cent.","HIV/AIDS: The world has made significant strides in combating HIV. In 2022, an estimated 1.3 million new infections represented a 27 per cent decrease since 2015 and a 38 per cent reduction since 2010.",3_8,3_11,,No Relationship,Support,No Relationship,No Relationship,No Relationship
"In sub-Saharan Africa, only 73 per cent of births were attended by skilled personnel in 2023, the lowest rate worldwide. In contrast, Eastern and South-Eastern Asia achieved a rate of 96 per cent.",Twenty-one million children missed out on life- saving vaccines in 2022,3_8,3_12,,No Relationship,No Relationship,No Relationship,No Relationship,No Relationship
"In sub-Saharan Africa, only 73 per cent of births were attended by skilled personnel in 2023, the lowest rate worldwide. In contrast, Eastern and South-Eastern Asia achieved a rate of 96 per cent.","Coverage of two doses of the measles vaccine and three doses of the pneumococcal conjugate vaccine increased in 2022, reaching 74 per cent and 60 per cent, respectively, following stagnation in 2020–2021.",3_8,3_13,,No Relationship,Support,No Relationship,No Relationship,No Relationship
"In sub-Saharan Africa, only 73 per cent of births were attended by skilled personnel in 2023, the lowest rate worldwide. In contrast, Eastern and South-Eastern Asia achieved a rate of 96 per cent.",Child marriage and female genital mutilation violate the rights of girls and have lifelong consequences.,3_8,3_14,,Attack,No Relationship,No Relationship,No Relationship,No Relationship
"In sub-Saharan Africa, only 73 per cent of births were attended by skilled personnel in 2023, the lowest rate worldwide. In contrast, Eastern and South-Eastern Asia achieved a rate of 96 per cent.","Some countries have made strides towards ending female genital mutilation, but new estimates show an increase of 30 million cases compared to eight years ago.",3_8,3_15,,No Relationship,No Relationship,No Relationship,No Relationship,No Relationship
"In sub-Saharan Africa, only 73 per cent of births were attended by skilled personnel in 2023, the lowest rate worldwide. In contrast, Eastern and South-Eastern Asia achieved a rate of 96 per cent.","Women’s empowerment in sexual and reproductive health decisions remains restricted globally, although positive strides are evident in some places.",3_8,3_16,,No Relationship,Support,No Relationship,No Relationship,Support
"The adolescent birth rate for women aged 15–19 years declined to 41.3 births per 1,000 women in 2023, from 47.2 in 2015 and 64.5 in 2000. For girls aged 10–14 years, the rate fell from 3.3 births per 1,000 girls in 2000 to 1.8 in 2015 and 1.5 in 2023.","Global under-5 deaths reached a historic low of 4.9 million in 2022, down from 9.9 million in 2000 and 6.0 million in 2015. Nearly half these deaths (2.3 million) occurred during the neonatal period.",3_9,3_10,,No Relationship,Support,No Relationship,No Relationship,No Relationship
"The adolescent birth rate for women aged 15–19 years declined to 41.3 births per 1,000 women in 2023, from 47.2 in 2015 and 64.5 in 2000. For girls aged 10–14 years, the rate fell from 3.3 births per 1,000 girls in 2000 to 1.8 in 2015 and 1.5 in 2023.","HIV/AIDS: The world has made significant strides in combating HIV. In 2022, an estimated 1.3 million new infections represented a 27 per cent decrease since 2015 and a 38 per cent reduction since 2010.",3_9,3_11,,No Relationship,Support,No Relationship,No Relationship,No Relationship
"The adolescent birth rate for women aged 15–19 years declined to 41.3 births per 1,000 women in 2023, from 47.2 in 2015 and 64.5 in 2000. For girls aged 10–14 years, the rate fell from 3.3 births per 1,000 girls in 2000 to 1.8 in 2015 and 1.5 in 2023.",Twenty-one million children missed out on life- saving vaccines in 2022,3_9,3_12,,No Relationship,Support,No Relationship,No Relationship,No Relationship
"The adolescent birth rate for women aged 15–19 years declined to 41.3 births per 1,000 women in 2023, from 47.2 in 2015 and 64.5 in 2000. For girls aged 10–14 years, the rate fell from 3.3 births per 1,000 girls in 2000 to 1.8 in 2015 and 1.5 in 2023.","Coverage of two doses of the measles vaccine and three doses of the pneumococcal conjugate vaccine increased in 2022, reaching 74 per cent and 60 per cent, respectively, following stagnation in 2020–2021.",3_9,3_13,,No Relationship,Support,No Relationship,No Relationship,No Relationship
"The adolescent birth rate for women aged 15–19 years declined to 41.3 births per 1,000 women in 2023, from 47.2 in 2015 and 64.5 in 2000. For girls aged 10–14 years, the rate fell from 3.3 births per 1,000 girls in 2000 to 1.8 in 2015 and 1.5 in 2023.",Child marriage and female genital mutilation violate the rights of girls and have lifelong consequences.,3_9,3_14,,Support,Support,No Relationship,No Relationship,Attack
"The adolescent birth rate for women aged 15–19 years declined to 41.3 births per 1,000 women in 2023, from 47.2 in 2015 and 64.5 in 2000. For girls aged 10–14 years, the rate fell from 3.3 births per 1,000 girls in 2000 to 1.8 in 2015 and 1.5 in 2023.","Some countries have made strides towards ending female genital mutilation, but new estimates show an increase of 30 million cases compared to eight years ago.",3_9,3_15,,No Relationship,Support,No Relationship,No Relationship,No Relationship
"The adolescent birth rate for women aged 15–19 years declined to 41.3 births per 1,000 women in 2023, from 47.2 in 2015 and 64.5 in 2000. For girls aged 10–14 years, the rate fell from 3.3 births per 1,000 girls in 2000 to 1.8 in 2015 and 1.5 in 2023.","Women’s empowerment in sexual and reproductive health decisions remains restricted globally, although positive strides are evident in some places.",3_9,3_16,,No Relationship,Support,No Relationship,No Relationship,Attack
"Global under-5 deaths reached a historic low of 4.9 million in 2022, down from 9.9 million in 2000 and 6.0 million in 2015. Nearly half these deaths (2.3 million) occurred during the neonatal period.","HIV/AIDS: The world has made significant strides in combating HIV. In 2022, an estimated 1.3 million new infections represented a 27 per cent decrease since 2015 and a 38 per cent reduction since 2010.",3_10,3_11,,Support,Support,No Relationship,No Relationship,Support
"Global under-5 deaths reached a historic low of 4.9 million in 2022, down from 9.9 million in 2000 and 6.0 million in 2015. Nearly half these deaths (2.3 million) occurred during the neonatal period.",Twenty-one million children missed out on life- saving vaccines in 2022,3_10,3_12,,No Relationship,Attack,No Relationship,No Relationship,Attack
"Global under-5 deaths reached a historic low of 4.9 million in 2022, down from 9.9 million in 2000 and 6.0 million in 2015. Nearly half these deaths (2.3 million) occurred during the neonatal period.","Coverage of two doses of the measles vaccine and three doses of the pneumococcal conjugate vaccine increased in 2022, reaching 74 per cent and 60 per cent, respectively, following stagnation in 2020–2021.",3_10,3_13,,No Relationship,Support,No Relationship,No Relationship,Support
"Global under-5 deaths reached a historic low of 4.9 million in 2022, down from 9.9 million in 2000 and 6.0 million in 2015. Nearly half these deaths (2.3 million) occurred during the neonatal period.",Child marriage and female genital mutilation violate the rights of girls and have lifelong consequences.,3_10,3_14,,No Relationship,No Relationship,No Relationship,No Relationship,No Relationship
"Global under-5 deaths reached a historic low of 4.9 million in 2022, down from 9.9 million in 2000 and 6.0 million in 2015. Nearly half these deaths (2.3 million) occurred during the neonatal period.","Some countries have made strides towards ending female genital mutilation, but new estimates show an increase of 30 million cases compared to eight years ago.",3_10,3_15,,No Relationship,Support,No Relationship,No Relationship,No Relationship
"Global under-5 deaths reached a historic low of 4.9 million in 2022, down from 9.9 million in 2000 and 6.0 million in 2015. Nearly half these deaths (2.3 million) occurred during the neonatal period.","Women’s empowerment in sexual and reproductive health decisions remains restricted globally, although positive strides are evident in some places.",3_10,3_16,,No Relationship,No Relationship,No Relationship,No Relationship,Attack
"HIV/AIDS: The world has made significant strides in combating HIV. In 2022, an estimated 1.3 million new infections represented a 27 per cent decrease since 2015 and a 38 per cent reduction since 2010.",Twenty-one million children missed out on life- saving vaccines in 2022,3_11,3_12,,No Relationship,Attack,No Relationship,No Relationship,No Relationship
"HIV/AIDS: The world has made significant strides in combating HIV. In 2022, an estimated 1.3 million new infections represented a 27 per cent decrease since 2015 and a 38 per cent reduction since 2010.","Coverage of two doses of the measles vaccine and three doses of the pneumococcal conjugate vaccine increased in 2022, reaching 74 per cent and 60 per cent, respectively, following stagnation in 2020–2021.",3_11,3_13,,No Relationship,Support,No Relationship,No Relationship,No Relationship
"HIV/AIDS: The world has made significant strides in combating HIV. In 2022, an estimated 1.3 million new infections represented a 27 per cent decrease since 2015 and a 38 per cent reduction since 2010.",Child marriage and female genital mutilation violate the rights of girls and have lifelong consequences.,3_11,3_14,,Attack,No Relationship,No Relationship,No Relationship,No Relationship
"HIV/AIDS: The world has made significant strides in combating HIV. In 2022, an estimated 1.3 million new infections represented a 27 per cent decrease since 2015 and a 38 per cent reduction since 2010.","Some countries have made strides towards ending female genital mutilation, but new estimates show an increase of 30 million cases compared to eight years ago.",3_11,3_15,,No Relationship,Attack,No Relationship,Attack,No Relationship
"HIV/AIDS: The world has made significant strides in combating HIV. In 2022, an estimated 1.3 million new infections represented a 27 per cent decrease since 2015 and a 38 per cent reduction since 2010.","Women’s empowerment in sexual and reproductive health decisions remains restricted globally, although positive strides are evident in some places.",3_11,3_16,,No Relationship,Support,No Relationship,No Relationship,Attack
Twenty-one million children missed out on life- saving vaccines in 2022,"Coverage of two doses of the measles vaccine and three doses of the pneumococcal conjugate vaccine increased in 2022, reaching 74 per cent and 60 per cent, respectively, following stagnation in 2020–2021.",3_12,3_13,,No Relationship,Attack,No Relationship,Attack,Attack
Twenty-one million children missed out on life- saving vaccines in 2022,Child marriage and female genital mutilation violate the rights of girls and have lifelong consequences.,3_12,3_14,,No Relationship,No Relationship,No Relationship,No Relationship,No Relationship
Twenty-one million children missed out on life- saving vaccines in 2022,"Some countries have made strides towards ending female genital mutilation, but new estimates show an increase of 30 million cases compared to eight years ago.",3_12,3_15,,No Relationship,Support,No Relationship,No Relationship,No Relationship
Twenty-one million children missed out on life- saving vaccines in 2022,"Women’s empowerment in sexual and reproductive health decisions remains restricted globally, although positive strides are evident in some places.",3_12,3_16,,No Relationship,No Relationship,No Relationship,No Relationship,No Relationship
"Coverage of two doses of the measles vaccine and three doses of the pneumococcal conjugate vaccine increased in 2022, reaching 74 per cent and 60 per cent, respectively, following stagnation in 2020–2021.",Child marriage and female genital mutilation violate the rights of girls and have lifelong consequences.,3_13,3_14,,No Relationship,No Relationship,No Relationship,No Relationship,No Relationship
"Coverage of two doses of the measles vaccine and three doses of the pneumococcal conjugate vaccine increased in 2022, reaching 74 per cent and 60 per cent, respectively, following stagnation in 2020–2021.","Some countries have made strides towards ending female genital mutilation, but new estimates show an increase of 30 million cases compared to eight years ago.",3_13,3_15,,No Relationship,No Relationship,No Relationship,No Relationship,No Relationship
"Coverage of two doses of the measles vaccine and three doses of the pneumococcal conjugate vaccine increased in 2022, reaching 74 per cent and 60 per cent, respectively, following stagnation in 2020–2021.","Women’s empowerment in sexual and reproductive health decisions remains restricted globally, although positive strides are evident in some places.",3_13,3_16,,No Relationship,No Relationship,No Relationship,No Relationship,No Relationship
Child marriage and female genital mutilation violate the rights of girls and have lifelong consequences.,"Some countries have made strides towards ending female genital mutilation, but new estimates show an increase of 30 million cases compared to eight years ago.",3_14,3_15,,No Relationship,Support,No Relationship,No Relationship,Attack
Child marriage and female genital mutilation violate the rights of girls and have lifelong consequences.,"Women’s empowerment in sexual and reproductive health decisions remains restricted globally, although positive strides are evident in some places.",3_14,3_16,,No Relationship,Support,No Relationship,No Relationship,Support
"Some countries have made strides towards ending female genital mutilation, but new estimates show an increase of 30 million cases compared to eight years ago.","Women’s empowerment in sexual and reproductive health decisions remains restricted globally, although positive strides are evident in some places.",3_15,3_16,,No Relationship,Support,No Relationship,No Relationship,Support
"To meet national 2030 education targets, which have been scaled back compared to the original Goal 4 targets, countries must annually enrol 1.4 million children in early childhood education, admit a new child to school every two seconds until 2030 and triple annual progress in primary completion rates.","Seven out of 10 children globally attended organized learning one year before the official primary entry age in 2022, a rate unchanged since 2015. In sub-Saharan Africa and Northern Africa and Western Asia, less than half of children attended pre-primary school, despite previous progress.",4_0,4_1,,No Relationship,Rephrase,No Relationship,No Relationship,Attack
"To meet national 2030 education targets, which have been scaled back compared to the original Goal 4 targets, countries must annually enrol 1.4 million children in early childhood education, admit a new child to school every two seconds until 2030 and triple annual progress in primary completion rates.",One in five girls was married before 18 today compared to one in four 25 years ago; 68 million child marriages were averted in this period.,4_0,4_2,,No Relationship,No Relationship,No Relationship,No Relationship,No Relationship
"Seven out of 10 children globally attended organized learning one year before the official primary entry age in 2022, a rate unchanged since 2015. In sub-Saharan Africa and Northern Africa and Western Asia, less than half of children attended pre-primary school, despite previous progress.",One in five girls was married before 18 today compared to one in four 25 years ago; 68 million child marriages were averted in this period.,4_1,4_2,,No Relationship,Support,Attack,No Relationship,No Relationship
"The adolescent birth rate for women aged 15–19 years declined to 41.3 births per 1,000 women in 2023, from 47.2 in 2015 and 64.5 in 2000. For girls aged 10–14 years, the rate fell from 3.3 births per 1,000 girls in 2000 to 1.8 in 2015 and 1.5 in 2023.",One in five girls still marry before age 18.,5_0,5_1,,No Relationship,Attack,No Relationship,No Relationship,Attack
"The adolescent birth rate for women aged 15–19 years declined to 41.3 births per 1,000 women in 2023, from 47.2 in 2015 and 64.5 in 2000. For girls aged 10–14 years, the rate fell from 3.3 births per 1,000 girls in 2000 to 1.8 in 2015 and 1.5 in 2023.",A staggering 230 million girls and women have been subjected to female genital mutilation.,5_0,5_2,,No Relationship,Support,No Relationship,No Relationship,No Relationship
"The adolescent birth rate for women aged 15–19 years declined to 41.3 births per 1,000 women in 2023, from 47.2 in 2015 and 64.5 in 2000. For girls aged 10–14 years, the rate fell from 3.3 births per 1,000 girls in 2000 to 1.8 in 2015 and 1.5 in 2023.",Harmful practices are declining but not at rates keeping up with population growth,5_0,5_3,,No Relationship,Support,No Relationship,No Relationship,Support
"The adolescent birth rate for women aged 15–19 years declined to 41.3 births per 1,000 women in 2023, from 47.2 in 2015 and 64.5 in 2000. For girls aged 10–14 years, the rate fell from 3.3 births per 1,000 girls in 2000 to 1.8 in 2015 and 1.5 in 2023.",Child marriage and female genital mutilation violate the rights of girls and have lifelong consequences.,5_0,5_4,,Support,Support,No Relationship,No Relationship,Attack
"The adolescent birth rate for women aged 15–19 years declined to 41.3 births per 1,000 women in 2023, from 47.2 in 2015 and 64.5 in 2000. For girls aged 10–14 years, the rate fell from 3.3 births per 1,000 girls in 2000 to 1.8 in 2015 and 1.5 in 2023.","An estimated 640 million girls and women were married in childhood globally, with one third in India alone.",5_0,5_5,,No Relationship,Support,No Relationship,No Relationship,No Relationship
"The adolescent birth rate for women aged 15–19 years declined to 41.3 births per 1,000 women in 2023, from 47.2 in 2015 and 64.5 in 2000. For girls aged 10–14 years, the rate fell from 3.3 births per 1,000 girls in 2000 to 1.8 in 2015 and 1.5 in 2023.",Some countries have made strides towards ending [female genital mutilation] but new estimates show an increase of 30 million cases compared to eight years ago.,5_0,5_6,,No Relationship,Support,No Relationship,No Relationship,No Relationship
"The adolescent birth rate for women aged 15–19 years declined to 41.3 births per 1,000 women in 2023, from 47.2 in 2015 and 64.5 in 2000. For girls aged 10–14 years, the rate fell from 3.3 births per 1,000 girls in 2000 to 1.8 in 2015 and 1.5 in 2023.","In some regions, [women] hold 40 per cent of global employment, they only occupied 27.5 per cent of managerial positions in 2022, the same share as in 2016.",5_0,5_7,,No Relationship,Support,No Relationship,No Relationship,No Relationship
One in five girls still marry before age 18.,A staggering 230 million girls and women have been subjected to female genital mutilation.,5_1,5_2,,No Relationship,Support,No Relationship,No Relationship,No Relationship
One in five girls still marry before age 18.,Harmful practices are declining but not at rates keeping up with population growth,5_1,5_3,,No Relationship,No Relationship,No Relationship,No Relationship,Support
One in five girls still marry before age 18.,Child marriage and female genital mutilation violate the rights of girls and have lifelong consequences.,5_1,5_4,,Support,Support,No Relationship,No Relationship,Support
One in five girls still marry before age 18.,"An estimated 640 million girls and women were married in childhood globally, with one third in India alone.",5_1,5_5,,No Relationship,Rephrase,No Relationship,No Relationship,Support
One in five girls still marry before age 18.,Some countries have made strides towards ending [female genital mutilation] but new estimates show an increase of 30 million cases compared to eight years ago.,5_1,5_6,,No Relationship,Support,No Relationship,No Relationship,No Relationship
One in five girls still marry before age 18.,"In some regions, [women] hold 40 per cent of global employment, they only occupied 27.5 per cent of managerial positions in 2022, the same share as in 2016.",5_1,5_7,,No Relationship,No Relationship,No Relationship,No Relationship,No Relationship
A staggering 230 million girls and women have been subjected to female genital mutilation.,Harmful practices are declining but not at rates keeping up with population growth,5_2,5_3,,No Relationship,Support,No Relationship,No Relationship,Support
A staggering 230 million girls and women have been subjected to female genital mutilation.,Child marriage and female genital mutilation violate the rights of girls and have lifelong consequences.,5_2,5_4,,Support,Support,No Relationship,No Relationship,Support
A staggering 230 million girls and women have been subjected to female genital mutilation.,"An estimated 640 million girls and women were married in childhood globally, with one third in India alone.",5_2,5_5,,No Relationship,Rephrase,No Relationship,No Relationship,No Relationship
A staggering 230 million girls and women have been subjected to female genital mutilation.,Some countries have made strides towards ending [female genital mutilation] but new estimates show an increase of 30 million cases compared to eight years ago.,5_2,5_6,,No Relationship,Rephrase,No Relationship,No Relationship,Attack
A staggering 230 million girls and women have been subjected to female genital mutilation.,"In some regions, [women] hold 40 per cent of global employment, they only occupied 27.5 per cent of managerial positions in 2022, the same share as in 2016.",5_2,5_7,,No Relationship,No Relationship,No Relationship,No Relationship,No Relationship
Harmful practices are declining but not at rates keeping up with population growth,Child marriage and female genital mutilation violate the rights of girls and have lifelong consequences.,5_3,5_4,,Support,Support,No Relationship,No Relationship,Support
Harmful practices are declining but not at rates keeping up with population growth,"An estimated 640 million girls and women were married in childhood globally, with one third in India alone.",5_3,5_5,,No Relationship,Support,No Relationship,No Relationship,Attack
Harmful practices are declining but not at rates keeping up with population growth,Some countries have made strides towards ending [female genital mutilation] but new estimates show an increase of 30 million cases compared to eight years ago.,5_3,5_6,,Support,Rephrase,No Relationship,No Relationship,Support
Harmful practices are declining but not at rates keeping up with population growth,"In some regions, [women] hold 40 per cent of global employment, they only occupied 27.5 per cent of managerial positions in 2022, the same share as in 2016.",5_3,5_7,,No Relationship,No Relationship,No Relationship,No Relationship,Attack
Child marriage and female genital mutilation violate the rights of girls and have lifelong consequences.,"An estimated 640 million girls and women were married in childhood globally, with one third in India alone.",5_4,5_5,,No Relationship,Support,No Relationship,No Relationship,Support
Child marriage and female genital mutilation violate the rights of girls and have lifelong consequences.,Some countries have made strides towards ending [female genital mutilation] but new estimates show an increase of 30 million cases compared to eight years ago.,5_4,5_6,,No Relationship,Support,No Relationship,No Relationship,Attack
Child marriage and female genital mutilation violate the rights of girls and have lifelong consequences.,"In some regions, [women] hold 40 per cent of global employment, they only occupied 27.5 per cent of managerial positions in 2022, the same share as in 2016.",5_4,5_7,,No Relationship,No Relationship,No Relationship,No Relationship,No Relationship
"An estimated 640 million girls and women were married in childhood globally, with one third in India alone.",Some countries have made strides towards ending [female genital mutilation] but new estimates show an increase of 30 million cases compared to eight years ago.,5_5,5_6,,No Relationship,Support,No Relationship,No Relationship,No Relationship
"An estimated 640 million girls and women were married in childhood globally, with one third in India alone.","In some regions, [women] hold 40 per cent of global employment, they only occupied 27.5 per cent of managerial positions in 2022, the same share as in 2016.",5_5,5_7,,No Relationship,Support,No Relationship,No Relationship,No Relationship
Some countries have made strides towards ending [female genital mutilation] but new estimates show an increase of 30 million cases compared to eight years ago.,"In some regions, [women] hold 40 per cent of global employment, they only occupied 27.5 per cent of managerial positions in 2022, the same share as in 2016.",5_6,5_7,,No Relationship,Support,No Relationship,No Relationship,No Relationship
"In 2022, roughly half the world’s population experienced severe water scarcity for at least part of the year. One quarter faced “extremely high” levels of water stress.","Sustainable management of water resources underpins prosperity and peace for all. It demands increased funding; more data-driven decision-making; skilled workforce development; innovative technology, including artificial intelligence (AI); and robust cross-sector collaboration.",6_0,6_1,,Support,Support,No Relationship,No Relationship,Support
"In 2022, roughly half the world’s population experienced severe water scarcity for at least part of the year. One quarter faced “extremely high” levels of water stress.","Integrated water management boosts resilience to multiple crises, including climate change",6_0,6_2,,Support,Support,No Relationship,No Relationship,Support
"Sustainable management of water resources underpins prosperity and peace for all. It demands increased funding; more data-driven decision-making; skilled workforce development; innovative technology, including artificial intelligence (AI); and robust cross-sector collaboration.","Integrated water management boosts resilience to multiple crises, including climate change",6_1,6_2,,Support,Support,No Relationship,No Relationship,Support
"Despite the economic disruptions of the pandemic, the global share of people living on less than half the median income has been declining due to social assistance programmes. However, workers’ wages have not kept pace with productivity, and labour’s share of GDP has resumed its long-term decline.","Achieving zero hunger requires intensified efforts to transform food systems so they are sustainable, resilient and equitable.",8_0,8_1,,Support,Support,No Relationship,No Relationship,No Relationship
"Despite the economic disruptions of the pandemic, the global share of people living on less than half the median income has been declining due to social assistance programmes. However, workers’ wages have not kept pace with productivity, and labour’s share of GDP has resumed its long-term decline.","Over 2 billion people were in informal employment in 2023, comprising 58.0 per cent of the global workforce.",8_0,8_2,,No Relationship,Support,No Relationship,No Relationship,No Relationship
"Despite the economic disruptions of the pandemic, the global share of people living on less than half the median income has been declining due to social assistance programmes. However, workers’ wages have not kept pace with productivity, and labour’s share of GDP has resumed its long-term decline.","In 2022, manufacturing growth plateaued at around 2.7 per cent and is anticipated to remain stagnant in 2024.",8_0,8_3,,No Relationship,Support,No Relationship,No Relationship,Attack
"Despite the economic disruptions of the pandemic, the global share of people living on less than half the median income has been declining due to social assistance programmes. However, workers’ wages have not kept pace with productivity, and labour’s share of GDP has resumed its long-term decline.","Inclusive industrial policies are imperative for fostering the growth, competitiveness and resilience of small enterprises.",8_0,8_4,,Support,No Relationship,No Relationship,No Relationship,Support
"Achieving zero hunger requires intensified efforts to transform food systems so they are sustainable, resilient and equitable.","Over 2 billion people were in informal employment in 2023, comprising 58.0 per cent of the global workforce.",8_1,8_2,,No Relationship,No Relationship,No Relationship,No Relationship,No Relationship
"Achieving zero hunger requires intensified efforts to transform food systems so they are sustainable, resilient and equitable.","In 2022, manufacturing growth plateaued at around 2.7 per cent and is anticipated to remain stagnant in 2024.",8_1,8_3,,No Relationship,No Relationship,No Relationship,No Relationship,No Relationship
"Achieving zero hunger requires intensified efforts to transform food systems so they are sustainable, resilient and equitable.","Inclusive industrial policies are imperative for fostering the growth, competitiveness and resilience of small enterprises.",8_1,8_4,,Support,No Relationship,No Relationship,No Relationship,Support
"Over 2 billion people were in informal employment in 2023, comprising 58.0 per cent of the global workforce.","In 2022, manufacturing growth plateaued at around 2.7 per cent and is anticipated to remain stagnant in 2024.",8_2,8_3,,No Relationship,Support,No Relationship,No Relationship,No Relationship
"Over 2 billion people were in informal employment in 2023, comprising 58.0 per cent of the global workforce.","Inclusive industrial policies are imperative for fostering the growth, competitiveness and resilience of small enterprises.",8_2,8_4,,Support,Support,No Relationship,No Relationship,Support
"In 2022, manufacturing growth plateaued at around 2.7 per cent and is anticipated to remain stagnant in 2024.","Inclusive industrial policies are imperative for fostering the growth, competitiveness and resilience of small enterprises.",8_3,8_4,,Support,Support,No Relationship,No Relationship,Attack
"To accelerate progress towards Goal 9, a concerted effort is needed to promote inclusive and sustainable industrialization, foster innovation through increased investment in research and development, prioritize and accelerate the green transition, and facilitate access to information and communications technology.","Inclusive industrial policies are imperative for fostering the growth, competitiveness and resilience of small enterprises.",9_0,9_1,,Support,Support,No Relationship,No Relationship,Support
"Involving citizens in data production signifies a shift towards a more collaborative and participatory model of governance, marking a new chapter in the social contract between State institutions and citizens.","Despite the economic disruptions of the pandemic, the global share of people living on less than half the median income has been declining due to social assistance programmes. However, workers’ wages have not kept pace with productivity, and labour’s share of GDP has resumed its long-term decline.",10_0,10_1,,No Relationship,No Relationship,No Relationship,No Relationship,No Relationship
"Involving citizens in data production signifies a shift towards a more collaborative and participatory model of governance, marking a new chapter in the social contract between State institutions and citizens.",Half of the most vulnerable countries face a widening income gap with the wealthiest economies,10_0,10_2,,No Relationship,No Relationship,No Relationship,No Relationship,No Relationship
"Involving citizens in data production signifies a shift towards a more collaborative and participatory model of governance, marking a new chapter in the social contract between State institutions and citizens.",High rates of consumption and insufficient reuse or recycling are producing vast piles of e-waste,10_0,10_3,,No Relationship,No Relationship,No Relationship,No Relationship,No Relationship
"Involving citizens in data production signifies a shift towards a more collaborative and participatory model of governance, marking a new chapter in the social contract between State institutions and citizens.","In 2023, civilian casualties in armed conflicts surged by a staggering 72 per cent, the steepest rise since 2015.",10_0,10_4,,No Relationship,No Relationship,No Relationship,No Relationship,No Relationship
"Involving citizens in data production signifies a shift towards a more collaborative and participatory model of governance, marking a new chapter in the social contract between State institutions and citizens.","While technology has expanded educational opportunities, it has also widened inequalities, leaving millions of people, especially in marginalized and low-income communities, without access to education.",10_0,10_5,,No Relationship,No Relationship,No Relationship,No Relationship,No Relationship
"Involving citizens in data production signifies a shift towards a more collaborative and participatory model of governance, marking a new chapter in the social contract between State institutions and citizens.",One in five girls still marry before age 18.,10_0,10_6,,No Relationship,No Relationship,No Relationship,No Relationship,No Relationship
"Despite the economic disruptions of the pandemic, the global share of people living on less than half the median income has been declining due to social assistance programmes. However, workers’ wages have not kept pace with productivity, and labour’s share of GDP has resumed its long-term decline.",Half of the most vulnerable countries face a widening income gap with the wealthiest economies,10_1,10_2,,No Relationship,Support,No Relationship,No Relationship,Attack
"Despite the economic disruptions of the pandemic, the global share of people living on less than half the median income has been declining due to social assistance programmes. However, workers’ wages have not kept pace with productivity, and labour’s share of GDP has resumed its long-term decline.",High rates of consumption and insufficient reuse or recycling are producing vast piles of e-waste,10_1,10_3,,No Relationship,No Relationship,No Relationship,No Relationship,No Relationship
"Despite the economic disruptions of the pandemic, the global share of people living on less than half the median income has been declining due to social assistance programmes. However, workers’ wages have not kept pace with productivity, and labour’s share of GDP has resumed its long-term decline.","In 2023, civilian casualties in armed conflicts surged by a staggering 72 per cent, the steepest rise since 2015.",10_1,10_4,,No Relationship,No Relationship,No Relationship,No Relationship,No Relationship
"Despite the economic disruptions of the pandemic, the global share of people living on less than half the median income has been declining due to social assistance programmes. However, workers’ wages have not kept pace with productivity, and labour’s share of GDP has resumed its long-term decline.","While technology has expanded educational opportunities, it has also widened inequalities, leaving millions of people, especially in marginalized and low-income communities, without access to education.",10_1,10_5,,No Relationship,Support,No Relationship,No Relationship,No Relationship
"Despite the economic disruptions of the pandemic, the global share of people living on less than half the median income has been declining due to social assistance programmes. However, workers’ wages have not kept pace with productivity, and labour’s share of GDP has resumed its long-term decline.",One in five girls still marry before age 18.,10_1,10_6,,No Relationship,No Relationship,No Relationship,No Relationship,No Relationship
Half of the most vulnerable countries face a widening income gap with the wealthiest economies,High rates of consumption and insufficient reuse or recycling are producing vast piles of e-waste,10_2,10_3,,No Relationship,No Relationship,No Relationship,No Relationship,No Relationship
Half of the most vulnerable countries face a widening income gap with the wealthiest economies,"In 2023, civilian casualties in armed conflicts surged by a staggering 72 per cent, the steepest rise since 2015.",10_2,10_4,,No Relationship,No Relationship,No Relationship,No Relationship,No Relationship
Half of the most vulnerable countries face a widening income gap with the wealthiest economies,"While technology has expanded educational opportunities, it has also widened inequalities, leaving millions of people, especially in marginalized and low-income communities, without access to education.",10_2,10_5,,Support,Rephrase,No Relationship,No Relationship,Support
Half of the most vulnerable countries face a widening income gap with the wealthiest economies,One in five girls still marry before age 18.,10_2,10_6,,No Relationship,No Relationship,No Relationship,No Relationship,No Relationship
High rates of consumption and insufficient reuse or recycling are producing vast piles of e-waste,"In 2023, civilian casualties in armed conflicts surged by a staggering 72 per cent, the steepest rise since 2015.",10_3,10_4,,No Relationship,No Relationship,No Relationship,No Relationship,No Relationship
High rates of consumption and insufficient reuse or recycling are producing vast piles of e-waste,"While technology has expanded educational opportunities, it has also widened inequalities, leaving millions of people, especially in marginalized and low-income communities, without access to education.",10_3,10_5,,Attack,No Relationship,No Relationship,No Relationship,No Relationship
High rates of consumption and insufficient reuse or recycling are producing vast piles of e-waste,One in five girls still marry before age 18.,10_3,10_6,,No Relationship,No Relationship,No Relationship,No Relationship,No Relationship
"In 2023, civilian casualties in armed conflicts surged by a staggering 72 per cent, the steepest rise since 2015.","While technology has expanded educational opportunities, it has also widened inequalities, leaving millions of people, especially in marginalized and low-income communities, without access to education.",10_4,10_5,,No Relationship,No Relationship,No Relationship,No Relationship,No Relationship
"In 2023, civilian casualties in armed conflicts surged by a staggering 72 per cent, the steepest rise since 2015.",One in five girls still marry before age 18.,10_4,10_6,,No Relationship,No Relationship,No Relationship,No Relationship,No Relationship
"While technology has expanded educational opportunities, it has also widened inequalities, leaving millions of people, especially in marginalized and low-income communities, without access to education.",One in five girls still marry before age 18.,10_5,10_6,,No Relationship,Support,No Relationship,No Relationship,No Relationship
"While air pollution levels have declined in most regions, they are still significantly higher than the recommended air quality guidelines for public health protection.","Only 6 in 10 urban residents have convenient access to public transit, based on data collected in 2023 from 2,039 cities in 188 countries.",11_0,11_1,,No Relationship,No Relationship,No Relationship,No Relationship,No Relationship
"In 2022, global food waste reached 1.05 billion metric tons, yet only 9 of 193 countries included food waste in their nationally determined contributions (NDCs) on climate change actions.","Achieving zero hunger requires intensified efforts to transform food systems so they are sustainable, resilient and equitable.",12_0,12_1,,No Relationship,Support,No Relationship,No Relationship,Support
"The global community faces a critical juncture. All countries must urgently speed up economy-wide, low-carbon transformations to avoid escalating economic and social costs.","Fossil fuel subsidies reached a record high of $1.53 trillion in 2022, driven by rising energy prices post-pandemic and the impact of the Russian Federation’s invasion of Ukraine, which disrupted global energy markets.",13_0,13_1,,No Relationship,Support,No Relationship,No Relationship,Attack
"The global community faces a critical juncture. All countries must urgently speed up economy-wide, low-carbon transformations to avoid escalating economic and social costs.","Overfishing, pollution, climate change and poor management drive continued declines in fish stocks",13_0,13_2,,Support,No Relationship,No Relationship,No Relationship,Support
"The global community faces a critical juncture. All countries must urgently speed up economy-wide, low-carbon transformations to avoid escalating economic and social costs.","Urgent action is imperative. Addressing pressing environmental challenges and their underlying drivers and interconnections – including climate change, biodiversity loss, pollution, desertification and deforestation – demands intensified, accelerated efforts, and a comprehensive and integrated approach at local, national and global levels.",13_0,13_3,,Support,Support,No Relationship,No Relationship,Support
"The global community faces a critical juncture. All countries must urgently speed up economy-wide, low-carbon transformations to avoid escalating economic and social costs.","Climate change is hindering poverty reduction, and disasters result in millions of households becoming poor or remaining trapped in poverty.",13_0,13_4,,Support,Support,No Relationship,No Relationship,Support
"The global community faces a critical juncture. All countries must urgently speed up economy-wide, low-carbon transformations to avoid escalating economic and social costs.","Proportion of countries by region affected by moderately to abnormally high food prices, 2015–2019 average, 2020 and 2022 (percentage)",13_0,13_5,,No Relationship,Support,No Relationship,No Relationship,Support
"The global community faces a critical juncture. All countries must urgently speed up economy-wide, low-carbon transformations to avoid escalating economic and social costs.","Yet increases in renewable energy use remain constrained in the heating and transport sectors, which account for four fifths of total final energy consumption.",13_0,13_6,,No Relationship,Support,No Relationship,No Relationship,Attack
"The global community faces a critical juncture. All countries must urgently speed up economy-wide, low-carbon transformations to avoid escalating economic and social costs.","Inclusive industrial policies are imperative for fostering the growth, competitiveness and resilience of small enterprises.",13_0,13_7,,Support,No Relationship,No Relationship,No Relationship,Support
"Fossil fuel subsidies reached a record high of $1.53 trillion in 2022, driven by rising energy prices post-pandemic and the impact of the Russian Federation’s invasion of Ukraine, which disrupted global energy markets.","Overfishing, pollution, climate change and poor management drive continued declines in fish stocks",13_1,13_2,,No Relationship,No Relationship,No Relationship,No Relationship,No Relationship
"Fossil fuel subsidies reached a record high of $1.53 trillion in 2022, driven by rising energy prices post-pandemic and the impact of the Russian Federation’s invasion of Ukraine, which disrupted global energy markets.","Urgent action is imperative. Addressing pressing environmental challenges and their underlying drivers and interconnections – including climate change, biodiversity loss, pollution, desertification and deforestation – demands intensified, accelerated efforts, and a comprehensive and integrated approach at local, national and global levels.",13_1,13_3,,Support,No Relationship,No Relationship,No Relationship,Support
"Fossil fuel subsidies reached a record high of $1.53 trillion in 2022, driven by rising energy prices post-pandemic and the impact of the Russian Federation’s invasion of Ukraine, which disrupted global energy markets.","Climate change is hindering poverty reduction, and disasters result in millions of households becoming poor or remaining trapped in poverty.",13_1,13_4,,No Relationship,No Relationship,No Relationship,No Relationship,Attack
"Fossil fuel subsidies reached a record high of $1.53 trillion in 2022, driven by rising energy prices post-pandemic and the impact of the Russian Federation’s invasion of Ukraine, which disrupted global energy markets.","Proportion of countries by region affected by moderately to abnormally high food prices, 2015–2019 average, 2020 and 2022 (percentage)",13_1,13_5,,No Relationship,Rephrase,No Relationship,No Relationship,No Relationship
"Fossil fuel subsidies reached a record high of $1.53 trillion in 2022, driven by rising energy prices post-pandemic and the impact of the Russian Federation’s invasion of Ukraine, which disrupted global energy markets.","Yet increases in renewable energy use remain constrained in the heating and transport sectors, which account for four fifths of total final energy consumption.",13_1,13_6,,No Relationship,Support,No Relationship,No Relationship,Attack
"Fossil fuel subsidies reached a record high of $1.53 trillion in 2022, driven by rising energy prices post-pandemic and the impact of the Russian Federation’s invasion of Ukraine, which disrupted global energy markets.","Inclusive industrial policies are imperative for fostering the growth, competitiveness and resilience of small enterprises.",13_1,13_7,,No Relationship,No Relationship,No Relationship,No Relationship,No Relationship
"Overfishing, pollution, climate change and poor management drive continued declines in fish stocks","Urgent action is imperative. Addressing pressing environmental challenges and their underlying drivers and interconnections – including climate change, biodiversity loss, pollution, desertification and deforestation – demands intensified, accelerated efforts, and a comprehensive and integrated approach at local, national and global levels.",13_2,13_3,,Support,Support,No Relationship,No Relationship,Support
"Overfishing, pollution, climate change and poor management drive continued declines in fish stocks","Climate change is hindering poverty reduction, and disasters result in millions of households becoming poor or remaining trapped in poverty.",13_2,13_4,,No Relationship,Support,No Relationship,No Relationship,No Relationship
"Overfishing, pollution, climate change and poor management drive continued declines in fish stocks","Proportion of countries by region affected by moderately to abnormally high food prices, 2015–2019 average, 2020 and 2022 (percentage)",13_2,13_5,,No Relationship,Support,No Relationship,No Relationship,No Relationship
"Overfishing, pollution, climate change and poor management drive continued declines in fish stocks","Yet increases in renewable energy use remain constrained in the heating and transport sectors, which account for four fifths of total final energy consumption.",13_2,13_6,,No Relationship,No Relationship,No Relationship,No Relationship,No Relationship
"Overfishing, pollution, climate change and poor management drive continued declines in fish stocks","Inclusive industrial policies are imperative for fostering the growth, competitiveness and resilience of small enterprises.",13_2,13_7,,No Relationship,No Relationship,No Relationship,No Relationship,No Relationship
"Urgent action is imperative. Addressing pressing environmental challenges and their underlying drivers and interconnections – including climate change, biodiversity loss, pollution, desertification and deforestation – demands intensified, accelerated efforts, and a comprehensive and integrated approach at local, national and global levels.","Climate change is hindering poverty reduction, and disasters result in millions of households becoming poor or remaining trapped in poverty.",13_3,13_4,,Support,Support,No Relationship,No Relationship,Support
"Urgent action is imperative. Addressing pressing environmental challenges and their underlying drivers and interconnections – including climate change, biodiversity loss, pollution, desertification and deforestation – demands intensified, accelerated efforts, and a comprehensive and integrated approach at local, national and global levels.","Proportion of countries by region affected by moderately to abnormally high food prices, 2015–2019 average, 2020 and 2022 (percentage)",13_3,13_5,,No Relationship,No Relationship,No Relationship,No Relationship,Support
"Urgent action is imperative. Addressing pressing environmental challenges and their underlying drivers and interconnections – including climate change, biodiversity loss, pollution, desertification and deforestation – demands intensified, accelerated efforts, and a comprehensive and integrated approach at local, national and global levels.","Yet increases in renewable energy use remain constrained in the heating and transport sectors, which account for four fifths of total final energy consumption.",13_3,13_6,,No Relationship,Support,No Relationship,No Relationship,Attack
"Urgent action is imperative. Addressing pressing environmental challenges and their underlying drivers and interconnections – including climate change, biodiversity loss, pollution, desertification and deforestation – demands intensified, accelerated efforts, and a comprehensive and integrated approach at local, national and global levels.","Inclusive industrial policies are imperative for fostering the growth, competitiveness and resilience of small enterprises.",13_3,13_7,,Support,No Relationship,No Relationship,No Relationship,No Relationship
"Climate change is hindering poverty reduction, and disasters result in millions of households becoming poor or remaining trapped in poverty.","Proportion of countries by region affected by moderately to abnormally high food prices, 2015–2019 average, 2020 and 2022 (percentage)",13_4,13_5,,No Relationship,Rephrase,No Relationship,No Relationship,Support
"Climate change is hindering poverty reduction, and disasters result in millions of households becoming poor or remaining trapped in poverty.","Yet increases in renewable energy use remain constrained in the heating and transport sectors, which account for four fifths of total final energy consumption.",13_4,13_6,,No Relationship,Support,No Relationship,No Relationship,Attack
"Climate change is hindering poverty reduction, and disasters result in millions of households becoming poor or remaining trapped in poverty.","Inclusive industrial policies are imperative for fostering the growth, competitiveness and resilience of small enterprises.",13_4,13_7,,Support,No Relationship,No Relationship,No Relationship,No Relationship
"Proportion of countries by region affected by moderately to abnormally high food prices, 2015–2019 average, 2020 and 2022 (percentage)","Yet increases in renewable energy use remain constrained in the heating and transport sectors, which account for four fifths of total final energy consumption.",13_5,13_6,,No Relationship,No Relationship,No Relationship,No Relationship,No Relationship
"Proportion of countries by region affected by moderately to abnormally high food prices, 2015–2019 average, 2020 and 2022 (percentage)","Inclusive industrial policies are imperative for fostering the growth, competitiveness and resilience of small enterprises.",13_5,13_7,,No Relationship,No Relationship,No Relationship,No Relationship,No Relationship
"Yet increases in renewable energy use remain constrained in the heating and transport sectors, which account for four fifths of total final energy consumption.","Inclusive industrial policies are imperative for fostering the growth, competitiveness and resilience of small enterprises.",13_6,13_7,,Support,No Relationship,No Relationship,No Relationship,No Relationship
Sustainable fisheries' contribution to GDP dropped worldwide yet several regions saw positive trends,"The value added of fisheries and aquaculture rose by 10 per cent from 2019 to 2021. The contribution of sustainable fisheries to GDP declined 5.4 per cent in 2021, however, mainly due to the expansion of other economic sectors and the declining sustainability of several fish stocks in some regions",14_0,14_1,,No Relationship,Rephrase,No Relationship,No Relationship,Support
Sustainable fisheries' contribution to GDP dropped worldwide yet several regions saw positive trends,"In sub-Saharan Africa, the contribution of sustainable fisheries to GDP climbed from 0.38 per cent in 2019 to 0.42 per cent in 2021",14_0,14_2,,No Relationship,Rephrase,No Relationship,No Relationship,Support
Sustainable fisheries' contribution to GDP dropped worldwide yet several regions saw positive trends,"The Kunming-Montreal Global Biodiversity Framework commits to establishing protected areas to safeguard areas of particular importance for biodiversity, adding up to cover 30 per cent of oceans by 2030",14_0,14_3,,No Relationship,No Relationship,No Relationship,No Relationship,No Relationship
Sustainable fisheries' contribution to GDP dropped worldwide yet several regions saw positive trends,Adequate management of such protected areas will be crucial to realize conservation benefits,14_0,14_4,,Support,No Relationship,No Relationship,No Relationship,No Relationship
Sustainable fisheries' contribution to GDP dropped worldwide yet several regions saw positive trends,"As oceans continue to warm amid rising global temperatures, the frequency and severity of coral bleaching will likely increase",14_0,14_5,,No Relationship,No Relationship,No Relationship,No Relationship,No Relationship
"The value added of fisheries and aquaculture rose by 10 per cent from 2019 to 2021. The contribution of sustainable fisheries to GDP declined 5.4 per cent in 2021, however, mainly due to the expansion of other economic sectors and the declining sustainability of several fish stocks in some regions","In sub-Saharan Africa, the contribution of sustainable fisheries to GDP climbed from 0.38 per cent in 2019 to 0.42 per cent in 2021",14_1,14_2,,No Relationship,Attack,No Relationship,No Relationship,Attack
"The value added of fisheries and aquaculture rose by 10 per cent from 2019 to 2021. The contribution of sustainable fisheries to GDP declined 5.4 per cent in 2021, however, mainly due to the expansion of other economic sectors and the declining sustainability of several fish stocks in some regions","The Kunming-Montreal Global Biodiversity Framework commits to establishing protected areas to safeguard areas of particular importance for biodiversity, adding up to cover 30 per cent of oceans by 2030",14_1,14_3,,Support,Support,No Relationship,No Relationship,No Relationship
"The value added of fisheries and aquaculture rose by 10 per cent from 2019 to 2021. The contribution of sustainable fisheries to GDP declined 5.4 per cent in 2021, however, mainly due to the expansion of other economic sectors and the declining sustainability of several fish stocks in some regions",Adequate management of such protected areas will be crucial to realize conservation benefits,14_1,14_4,,Support,Support,No Relationship,No Relationship,No Relationship
"The value added of fisheries and aquaculture rose by 10 per cent from 2019 to 2021. The contribution of sustainable fisheries to GDP declined 5.4 per cent in 2021, however, mainly due to the expansion of other economic sectors and the declining sustainability of several fish stocks in some regions","As oceans continue to warm amid rising global temperatures, the frequency and severity of coral bleaching will likely increase",14_1,14_5,,No Relationship,Support,No Relationship,No Relationship,Attack
"In sub-Saharan Africa, the contribution of sustainable fisheries to GDP climbed from 0.38 per cent in 2019 to 0.42 per cent in 2021","The Kunming-Montreal Global Biodiversity Framework commits to establishing protected areas to safeguard areas of particular importance for biodiversity, adding up to cover 30 per cent of oceans by 2030",14_2,14_3,,No Relationship,No Relationship,No Relationship,No Relationship,No Relationship
"In sub-Saharan Africa, the contribution of sustainable fisheries to GDP climbed from 0.38 per cent in 2019 to 0.42 per cent in 2021",Adequate management of such protected areas will be crucial to realize conservation benefits,14_2,14_4,,Support,No Relationship,No Relationship,No Relationship,No Relationship
"In sub-Saharan Africa, the contribution of sustainable fisheries to GDP climbed from 0.38 per cent in 2019 to 0.42 per cent in 2021","As oceans continue to warm amid rising global temperatures, the frequency and severity of coral bleaching will likely increase",14_2,14_5,,No Relationship,No Relationship,No Relationship,No Relationship,No Relationship
"The Kunming-Montreal Global Biodiversity Framework commits to establishing protected areas to safeguard areas of particular importance for biodiversity, adding up to cover 30 per cent of oceans by 2030",Adequate management of such protected areas will be crucial to realize conservation benefits,14_3,14_4,,Support,Support,No Relationship,No Relationship,Support
"The Kunming-Montreal Global Biodiversity Framework commits to establishing protected areas to safeguard areas of particular importance for biodiversity, adding up to cover 30 per cent of oceans by 2030","As oceans continue to warm amid rising global temperatures, the frequency and severity of coral bleaching will likely increase",14_3,14_5,,No Relationship,Support,No Relationship,No Relationship,Attack
Adequate management of such protected areas will be crucial to realize conservation benefits,"As oceans continue to warm amid rising global temperatures, the frequency and severity of coral bleaching will likely increase",14_4,14_5,,Support,No Relationship,No Relationship,No Relationship,No Relationship
"Global forest area continues to decline, primarily due to agricultural expansion, despite notable progress in sustainable forest management.","Illegal wildlife trade persists worldwide despite two decades of concerted action at international and national levels and poses a significant threat to global biodiversity, endangering a wide range of terrestrial and marine species.",15_0,15_1,,Support,Support,No Relationship,No Relationship,No Relationship
Ensuring that no one is left behind calls for more than just data disaggregation. Uncovering the intersectional disadvantages faced by the most marginalized groups demands additional efforts.,"The prisoner-to-population rate decreased from 150 prisoners per 100,000 population in 2015 to 144 per 100,000 in 2022.",16_0,16_1,,No Relationship,No Relationship,No Relationship,No Relationship,No Relationship
Building partnerships with diverse stakeholders makes SDG monitoring more inclusive and incorporates different perspectives and needs.,"In a landscape of declining international cooperation and rising geopolitical tensions, strengthened global partnerships and enhanced cooperation are urgently needed to address widening financing gaps, reinforce post-pandemic recovery and promote sustainable development, particularly in the LDCs and other vulnerable countries.",17_0,17_1,,Support,Support,No Relationship,No Relationship,Support
