SDGarg1,SDGarg2,id_arg1,id_arg2,rel,rel_llama,rel_flanT5,rel_robertaL,rel_deberta,rel_bart
"At their core, the SDGs are an investment agenda: it is critical that UN Member States adopt and implement the SDG Stimulus and support a comprehensive reform of the global financial architecture.","According to major international studies, few teenagers can differentiate between a fact and an opinion.",0_0,0_1,,No Relationship,No Relationship,No Relationship,No Relationship,No Relationship
"At their core, the SDGs are an investment agenda: it is critical that UN Member States adopt and implement the SDG Stimulus and support a comprehensive reform of the global financial architecture.","As the world’s nations prepare to meet in September to review the progress the world has made so far towards achieving the SDGs, at the midpoint of the 2030 Agenda, SDSN emphasizes six areas for immediate action.",0_0,0_2,,Support,Support,Support,No Relationship,No Relationship
"At their core, the SDGs are an investment agenda: it is critical that UN Member States adopt and implement the SDG Stimulus and support a comprehensive reform of the global financial architecture.","All UN Member States should adopt long-term sustainable development pathways that provide a stepwise and medium- to long-term approach to guide their sustainable development policies, not only to 2030 but to 2050, with particular focus on gender equality, social inclusion, and the principal of 'leave no one behind'.",0_0,0_3,,Support,Support,Support,No Relationship,No Relationship
"At their core, the SDGs are an investment agenda: it is critical that UN Member States adopt and implement the SDG Stimulus and support a comprehensive reform of the global financial architecture.","The SDGs are not only a public policy framework; they are an ethical imperative. They are grounded in the Universal Declaration of Human Rights, which celebrates its 75th anniversary this year.",0_0,0_4,,Rephrase,Support,Support,No Relationship,Attack
"At their core, the SDGs are an investment agenda: it is critical that UN Member States adopt and implement the SDG Stimulus and support a comprehensive reform of the global financial architecture.","The current loss of species rate is 1,000–10,000 times more than the natural extinction rate.",0_0,0_5,,No Relationship,No Relationship,No Relationship,No Relationship,No Relationship
"At their core, the SDGs are an investment agenda: it is critical that UN Member States adopt and implement the SDG Stimulus and support a comprehensive reform of the global financial architecture.","Investing in the SDGs is an investment agenda. In the most basic terms, the world must devote an increased portion of current output to building up sustainable capital assets for the future, and must deploy such assets effectively.",0_0,0_6,,Rephrase,Support,Rephrase,No Relationship,No Relationship
"At their core, the SDGs are an investment agenda: it is critical that UN Member States adopt and implement the SDG Stimulus and support a comprehensive reform of the global financial architecture.","In 2022, the United Nations Secretary-General appointed a High-Level Advisory Board on Effective Multilateralism, with a mandate to develop a list of concrete, actionable recommendations to improve international cooperation and advance the 2030 Agenda for Sustainable Development.",0_0,0_7,,Support,Support,Support,No Relationship,No Relationship
"At their core, the SDGs are an investment agenda: it is critical that UN Member States adopt and implement the SDG Stimulus and support a comprehensive reform of the global financial architecture.",The greatest responsibility for achieving the SDGs and safeguarding the planetary boundaries lies with the G20 members.,0_0,0_8,,Support,No Relationship,Support,Attack,No Relationship
"At their core, the SDGs are an investment agenda: it is critical that UN Member States adopt and implement the SDG Stimulus and support a comprehensive reform of the global financial architecture.",Achieving the SDGs will require a transformative global approach.,0_0,0_9,,Support,Support,Support,No Relationship,No Relationship
"At their core, the SDGs are an investment agenda: it is critical that UN Member States adopt and implement the SDG Stimulus and support a comprehensive reform of the global financial architecture.",The “global financial architecture” (GFA) refers to the complex system of public and private finance that channels the world’s saving to the world’s investment.,0_0,0_10,,Rephrase,Support,Support,No Relationship,No Relationship
"At their core, the SDGs are an investment agenda: it is critical that UN Member States adopt and implement the SDG Stimulus and support a comprehensive reform of the global financial architecture.",The SDGs are not yet properly incorporated into global governance.,0_0,0_11,,Attack,No Relationship,Support,No Relationship,No Relationship
"At their core, the SDGs are an investment agenda: it is critical that UN Member States adopt and implement the SDG Stimulus and support a comprehensive reform of the global financial architecture.","SDSN calls for, and is actively supporting, the development of similar regional-based sustainability plans with associated financing.",0_0,0_12,,Support,Support,Support,No Relationship,No Relationship
"At their core, the SDGs are an investment agenda: it is critical that UN Member States adopt and implement the SDG Stimulus and support a comprehensive reform of the global financial architecture.","The continuing efforts of the SDSN is a testament to the vital role of peaceful and inclusive societies, as recognized by SDG 16, which underscores the need for global outreach and cooperation. ",0_0,0_13,,Support,Support,Support,No Relationship,No Relationship
"At their core, the SDGs are an investment agenda: it is critical that UN Member States adopt and implement the SDG Stimulus and support a comprehensive reform of the global financial architecture.","For these reasons, we end our message with two urgent and timely calls for action:",0_0,0_14,,No Relationship,Support,Support,No Relationship,No Relationship
"At their core, the SDGs are an investment agenda: it is critical that UN Member States adopt and implement the SDG Stimulus and support a comprehensive reform of the global financial architecture.","Although on average the world has made some progress in strengthening access to key infrastructure, covered notably under SDG6 (Clean Water and Sanitation), SDG7 (Affordable and Clean Energy) and SDG9 (Industry, Innovation and Infrastructure), this varies extensively across countries, and the world average remains too slow to achieve these SDGs globally by 2030.",0_0,0_15,,Support,Support,Support,No Relationship,No Relationship
"At their core, the SDGs are an investment agenda: it is critical that UN Member States adopt and implement the SDG Stimulus and support a comprehensive reform of the global financial architecture.",There is significant variation in progress by regions and income groups.,0_0,0_16,,No Relationship,No Relationship,No Relationship,No Relationship,No Relationship
"At their core, the SDGs are an investment agenda: it is critical that UN Member States adopt and implement the SDG Stimulus and support a comprehensive reform of the global financial architecture.",The SDGs require long-term directed change and global cooperation. Long-term investment plans are essential for national success in meeting the goals.,0_0,0_17,,Support,Support,Support,No Relationship,No Relationship
"At their core, the SDGs are an investment agenda: it is critical that UN Member States adopt and implement the SDG Stimulus and support a comprehensive reform of the global financial architecture.","Official high-level speeches and the preparation of VNRs (as the official government-led process to report on SDG progress, gaps, and policy efforts) provide relevant proxies to gauge political commitment to the SDGs.",0_0,0_18,,Support,Support,Support,No Relationship,No Relationship
"At their core, the SDGs are an investment agenda: it is critical that UN Member States adopt and implement the SDG Stimulus and support a comprehensive reform of the global financial architecture.","47 countries have submitted a VNR this year: one will be presenting a VNR for the first time, 36 for the second time, and one for the third time.",0_0,0_19,,No Relationship,Support,No Relationship,No Relationship,No Relationship
"At their core, the SDGs are an investment agenda: it is critical that UN Member States adopt and implement the SDG Stimulus and support a comprehensive reform of the global financial architecture.","SDG target 4.1 calls for universal access to 12 years of free primary and secondary education, with at least 9 years compulsory.",0_0,0_20,,No Relationship,Support,Support,No Relationship,No Relationship
"At their core, the SDGs are an investment agenda: it is critical that UN Member States adopt and implement the SDG Stimulus and support a comprehensive reform of the global financial architecture.","By design, Transformation 5 calls for regional and local policy trackers. These would notably track efforts at the regional and city level to curb urban pollution, increase housing affordability, and strengthen mobility and access to public transport.",0_0,0_21,,Support,Support,No Relationship,No Relationship,No Relationship
"At their core, the SDGs are an investment agenda: it is critical that UN Member States adopt and implement the SDG Stimulus and support a comprehensive reform of the global financial architecture.",Achieving the SDGs requires global cooperation under the UN Charter.,0_0,0_22,,Support,Support,Support,No Relationship,No Relationship
"At their core, the SDGs are an investment agenda: it is critical that UN Member States adopt and implement the SDG Stimulus and support a comprehensive reform of the global financial architecture.","SDG Integration into Sectoral Policies and Pathways is weighted 40% of the total score, SDG integration into sectoral policies and pathways is weighted 40%",0_0,0_23,,No Relationship,Support,Rephrase,No Relationship,No Relationship
"At their core, the SDGs are an investment agenda: it is critical that UN Member States adopt and implement the SDG Stimulus and support a comprehensive reform of the global financial architecture.","At the midpoint of the 2030 Agenda, we draw five major conclusions from this comprehensive assessment of policy efforts and commitment to the SDGs (Table 3.6). First, government efforts and commitment to the SDGs remains far too low. The average score of the 74 countries assessed is 56 percent, with none even close to obtaining a perfect score.",0_0,0_24,,Attack,Attack,Support,No Relationship,No Relationship
"At their core, the SDGs are an investment agenda: it is critical that UN Member States adopt and implement the SDG Stimulus and support a comprehensive reform of the global financial architecture.","The Resolution adopted by the UN General Assembly on 25 September 2015, Transforming Our World: The 2030 Agenda for Sustainable Development, recognized from the start the importance of closely monitoring progress on the Goals.",0_0,0_25,,Support,Support,Support,No Relationship,No Relationship
"At their core, the SDGs are an investment agenda: it is critical that UN Member States adopt and implement the SDG Stimulus and support a comprehensive reform of the global financial architecture.","It is argued since 2017 that a combination of composite SDG metrics and dashboards is needed at the global, regional, and subnational levels to inform policies towards achieving complex integrated goals.",0_0,0_26,,Support,Support,Support,No Relationship,No Relationship
"At their core, the SDGs are an investment agenda: it is critical that UN Member States adopt and implement the SDG Stimulus and support a comprehensive reform of the global financial architecture.","In the 2030 Agenda for Sustainable Development and the associated New Urban Agenda, countries agreed to take action to provide cities with more accessible, well-connected infrastructure that would bring people into public spaces, and to enhance walkability through pedestrian accessibility.",0_0,0_27,,Support,Support,No Relationship,No Relationship,Attack
"At their core, the SDGs are an investment agenda: it is critical that UN Member States adopt and implement the SDG Stimulus and support a comprehensive reform of the global financial architecture.",The SDG Index serves as a conversation opener within the research and policy community.,0_0,0_28,,No Relationship,Support,Support,No Relationship,No Relationship
"At their core, the SDGs are an investment agenda: it is critical that UN Member States adopt and implement the SDG Stimulus and support a comprehensive reform of the global financial architecture.","Rich European countries top the overall SDG Index. This reflects the nature of the SDGs, as European countries, particularly the Nordic economies, perform strongly on socioeconomic goals, relatively strongly on some local environmental priorities (for example, wastewater treatment, air pollution, or deforestation), and strongly on public institutions and the rule of law.",0_0,0_29,,No Relationship,Support,Support,No Relationship,No Relationship
"At their core, the SDGs are an investment agenda: it is critical that UN Member States adopt and implement the SDG Stimulus and support a comprehensive reform of the global financial architecture.","In response to feedback, since 2018 we have supplemented the SDG Index with other qualitative instruments to gauge government efforts and commitment to the SDGs, in cooperation with SDSN’s global network.",0_0,0_30,,No Relationship,Support,Support,No Relationship,No Relationship
"At their core, the SDGs are an investment agenda: it is critical that UN Member States adopt and implement the SDG Stimulus and support a comprehensive reform of the global financial architecture.","Building on the past ten years of work, including the SDG Index, TReNDS, and a number of SDSN’s initiatives, we draw five major lessons, which can serve as priorities to inform SDG policies and financing.",0_0,0_31,,Support,Support,Support,No Relationship,No Relationship
"According to major international studies, few teenagers can differentiate between a fact and an opinion.","As the world’s nations prepare to meet in September to review the progress the world has made so far towards achieving the SDGs, at the midpoint of the 2030 Agenda, SDSN emphasizes six areas for immediate action.",0_1,0_2,,No Relationship,No Relationship,No Relationship,No Relationship,No Relationship
"According to major international studies, few teenagers can differentiate between a fact and an opinion.","All UN Member States should adopt long-term sustainable development pathways that provide a stepwise and medium- to long-term approach to guide their sustainable development policies, not only to 2030 but to 2050, with particular focus on gender equality, social inclusion, and the principal of 'leave no one behind'.",0_1,0_3,,No Relationship,Support,No Relationship,No Relationship,No Relationship
"According to major international studies, few teenagers can differentiate between a fact and an opinion.","The SDGs are not only a public policy framework; they are an ethical imperative. They are grounded in the Universal Declaration of Human Rights, which celebrates its 75th anniversary this year.",0_1,0_4,,No Relationship,Support,No Relationship,No Relationship,No Relationship
"According to major international studies, few teenagers can differentiate between a fact and an opinion.","The current loss of species rate is 1,000–10,000 times more than the natural extinction rate.",0_1,0_5,,No Relationship,No Relationship,No Relationship,No Relationship,No Relationship
"According to major international studies, few teenagers can differentiate between a fact and an opinion.","Investing in the SDGs is an investment agenda. In the most basic terms, the world must devote an increased portion of current output to building up sustainable capital assets for the future, and must deploy such assets effectively.",0_1,0_6,,No Relationship,Support,No Relationship,No Relationship,No Relationship
"According to major international studies, few teenagers can differentiate between a fact and an opinion.","In 2022, the United Nations Secretary-General appointed a High-Level Advisory Board on Effective Multilateralism, with a mandate to develop a list of concrete, actionable recommendations to improve international cooperation and advance the 2030 Agenda for Sustainable Development.",0_1,0_7,,No Relationship,No Relationship,No Relationship,No Relationship,No Relationship
"According to major international studies, few teenagers can differentiate between a fact and an opinion.",The greatest responsibility for achieving the SDGs and safeguarding the planetary boundaries lies with the G20 members.,0_1,0_8,,No Relationship,No Relationship,No Relationship,No Relationship,No Relationship
"According to major international studies, few teenagers can differentiate between a fact and an opinion.",Achieving the SDGs will require a transformative global approach.,0_1,0_9,,No Relationship,No Relationship,No Relationship,No Relationship,No Relationship
"According to major international studies, few teenagers can differentiate between a fact and an opinion.",The “global financial architecture” (GFA) refers to the complex system of public and private finance that channels the world’s saving to the world’s investment.,0_1,0_10,,No Relationship,No Relationship,No Relationship,No Relationship,No Relationship
"According to major international studies, few teenagers can differentiate between a fact and an opinion.",The SDGs are not yet properly incorporated into global governance.,0_1,0_11,,No Relationship,No Relationship,No Relationship,No Relationship,No Relationship
"According to major international studies, few teenagers can differentiate between a fact and an opinion.","SDSN calls for, and is actively supporting, the development of similar regional-based sustainability plans with associated financing.",0_1,0_12,,No Relationship,Support,No Relationship,No Relationship,No Relationship
"According to major international studies, few teenagers can differentiate between a fact and an opinion.","The continuing efforts of the SDSN is a testament to the vital role of peaceful and inclusive societies, as recognized by SDG 16, which underscores the need for global outreach and cooperation. ",0_1,0_13,,No Relationship,Support,No Relationship,No Relationship,Attack
"According to major international studies, few teenagers can differentiate between a fact and an opinion.","For these reasons, we end our message with two urgent and timely calls for action:",0_1,0_14,,Attack,Support,Support,No Relationship,No Relationship
"According to major international studies, few teenagers can differentiate between a fact and an opinion.","Although on average the world has made some progress in strengthening access to key infrastructure, covered notably under SDG6 (Clean Water and Sanitation), SDG7 (Affordable and Clean Energy) and SDG9 (Industry, Innovation and Infrastructure), this varies extensively across countries, and the world average remains too slow to achieve these SDGs globally by 2030.",0_1,0_15,,No Relationship,No Relationship,No Relationship,No Relationship,No Relationship
"According to major international studies, few teenagers can differentiate between a fact and an opinion.",There is significant variation in progress by regions and income groups.,0_1,0_16,,No Relationship,No Relationship,No Relationship,No Relationship,No Relationship
"According to major international studies, few teenagers can differentiate between a fact and an opinion.",The SDGs require long-term directed change and global cooperation. Long-term investment plans are essential for national success in meeting the goals.,0_1,0_17,,No Relationship,Support,No Relationship,No Relationship,No Relationship
"According to major international studies, few teenagers can differentiate between a fact and an opinion.","Official high-level speeches and the preparation of VNRs (as the official government-led process to report on SDG progress, gaps, and policy efforts) provide relevant proxies to gauge political commitment to the SDGs.",0_1,0_18,,No Relationship,Support,No Relationship,No Relationship,No Relationship
"According to major international studies, few teenagers can differentiate between a fact and an opinion.","47 countries have submitted a VNR this year: one will be presenting a VNR for the first time, 36 for the second time, and one for the third time.",0_1,0_19,,No Relationship,No Relationship,No Relationship,No Relationship,No Relationship
"According to major international studies, few teenagers can differentiate between a fact and an opinion.","SDG target 4.1 calls for universal access to 12 years of free primary and secondary education, with at least 9 years compulsory.",0_1,0_20,,No Relationship,Support,No Relationship,No Relationship,No Relationship
"According to major international studies, few teenagers can differentiate between a fact and an opinion.","By design, Transformation 5 calls for regional and local policy trackers. These would notably track efforts at the regional and city level to curb urban pollution, increase housing affordability, and strengthen mobility and access to public transport.",0_1,0_21,,No Relationship,Support,No Relationship,No Relationship,No Relationship
"According to major international studies, few teenagers can differentiate between a fact and an opinion.",Achieving the SDGs requires global cooperation under the UN Charter.,0_1,0_22,,No Relationship,No Relationship,No Relationship,No Relationship,No Relationship
"According to major international studies, few teenagers can differentiate between a fact and an opinion.","SDG Integration into Sectoral Policies and Pathways is weighted 40% of the total score, SDG integration into sectoral policies and pathways is weighted 40%",0_1,0_23,,No Relationship,No Relationship,No Relationship,No Relationship,No Relationship
"According to major international studies, few teenagers can differentiate between a fact and an opinion.","At the midpoint of the 2030 Agenda, we draw five major conclusions from this comprehensive assessment of policy efforts and commitment to the SDGs (Table 3.6). First, government efforts and commitment to the SDGs remains far too low. The average score of the 74 countries assessed is 56 percent, with none even close to obtaining a perfect score.",0_1,0_24,,No Relationship,No Relationship,No Relationship,No Relationship,No Relationship
"According to major international studies, few teenagers can differentiate between a fact and an opinion.","The Resolution adopted by the UN General Assembly on 25 September 2015, Transforming Our World: The 2030 Agenda for Sustainable Development, recognized from the start the importance of closely monitoring progress on the Goals.",0_1,0_25,,No Relationship,Support,No Relationship,No Relationship,No Relationship
"According to major international studies, few teenagers can differentiate between a fact and an opinion.","It is argued since 2017 that a combination of composite SDG metrics and dashboards is needed at the global, regional, and subnational levels to inform policies towards achieving complex integrated goals.",0_1,0_26,,No Relationship,Support,No Relationship,No Relationship,No Relationship
"According to major international studies, few teenagers can differentiate between a fact and an opinion.","In the 2030 Agenda for Sustainable Development and the associated New Urban Agenda, countries agreed to take action to provide cities with more accessible, well-connected infrastructure that would bring people into public spaces, and to enhance walkability through pedestrian accessibility.",0_1,0_27,,No Relationship,Support,No Relationship,No Relationship,No Relationship
"According to major international studies, few teenagers can differentiate between a fact and an opinion.",The SDG Index serves as a conversation opener within the research and policy community.,0_1,0_28,,No Relationship,No Relationship,No Relationship,No Relationship,No Relationship
"According to major international studies, few teenagers can differentiate between a fact and an opinion.","Rich European countries top the overall SDG Index. This reflects the nature of the SDGs, as European countries, particularly the Nordic economies, perform strongly on socioeconomic goals, relatively strongly on some local environmental priorities (for example, wastewater treatment, air pollution, or deforestation), and strongly on public institutions and the rule of law.",0_1,0_29,,No Relationship,No Relationship,No Relationship,No Relationship,No Relationship
"According to major international studies, few teenagers can differentiate between a fact and an opinion.","In response to feedback, since 2018 we have supplemented the SDG Index with other qualitative instruments to gauge government efforts and commitment to the SDGs, in cooperation with SDSN’s global network.",0_1,0_30,,No Relationship,Support,No Relationship,No Relationship,No Relationship
"According to major international studies, few teenagers can differentiate between a fact and an opinion.","Building on the past ten years of work, including the SDG Index, TReNDS, and a number of SDSN’s initiatives, we draw five major lessons, which can serve as priorities to inform SDG policies and financing.",0_1,0_31,,No Relationship,Support,No Relationship,No Relationship,No Relationship
"As the world’s nations prepare to meet in September to review the progress the world has made so far towards achieving the SDGs, at the midpoint of the 2030 Agenda, SDSN emphasizes six areas for immediate action.","All UN Member States should adopt long-term sustainable development pathways that provide a stepwise and medium- to long-term approach to guide their sustainable development policies, not only to 2030 but to 2050, with particular focus on gender equality, social inclusion, and the principal of 'leave no one behind'.",0_2,0_3,,Support,Support,Support,No Relationship,Attack
"As the world’s nations prepare to meet in September to review the progress the world has made so far towards achieving the SDGs, at the midpoint of the 2030 Agenda, SDSN emphasizes six areas for immediate action.","The SDGs are not only a public policy framework; they are an ethical imperative. They are grounded in the Universal Declaration of Human Rights, which celebrates its 75th anniversary this year.",0_2,0_4,,Support,Support,Support,No Relationship,No Relationship
"As the world’s nations prepare to meet in September to review the progress the world has made so far towards achieving the SDGs, at the midpoint of the 2030 Agenda, SDSN emphasizes six areas for immediate action.","The current loss of species rate is 1,000–10,000 times more than the natural extinction rate.",0_2,0_5,,No Relationship,No Relationship,No Relationship,No Relationship,No Relationship
"As the world’s nations prepare to meet in September to review the progress the world has made so far towards achieving the SDGs, at the midpoint of the 2030 Agenda, SDSN emphasizes six areas for immediate action.","Investing in the SDGs is an investment agenda. In the most basic terms, the world must devote an increased portion of current output to building up sustainable capital assets for the future, and must deploy such assets effectively.",0_2,0_6,,Support,Support,Support,No Relationship,No Relationship
"As the world’s nations prepare to meet in September to review the progress the world has made so far towards achieving the SDGs, at the midpoint of the 2030 Agenda, SDSN emphasizes six areas for immediate action.","In 2022, the United Nations Secretary-General appointed a High-Level Advisory Board on Effective Multilateralism, with a mandate to develop a list of concrete, actionable recommendations to improve international cooperation and advance the 2030 Agenda for Sustainable Development.",0_2,0_7,,Support,Support,Support,No Relationship,No Relationship
"As the world’s nations prepare to meet in September to review the progress the world has made so far towards achieving the SDGs, at the midpoint of the 2030 Agenda, SDSN emphasizes six areas for immediate action.",The greatest responsibility for achieving the SDGs and safeguarding the planetary boundaries lies with the G20 members.,0_2,0_8,,Support,No Relationship,Support,No Relationship,No Relationship
"As the world’s nations prepare to meet in September to review the progress the world has made so far towards achieving the SDGs, at the midpoint of the 2030 Agenda, SDSN emphasizes six areas for immediate action.",Achieving the SDGs will require a transformative global approach.,0_2,0_9,,Support,Support,Support,No Relationship,No Relationship
"As the world’s nations prepare to meet in September to review the progress the world has made so far towards achieving the SDGs, at the midpoint of the 2030 Agenda, SDSN emphasizes six areas for immediate action.",The “global financial architecture” (GFA) refers to the complex system of public and private finance that channels the world’s saving to the world’s investment.,0_2,0_10,,No Relationship,No Relationship,No Relationship,No Relationship,No Relationship
"As the world’s nations prepare to meet in September to review the progress the world has made so far towards achieving the SDGs, at the midpoint of the 2030 Agenda, SDSN emphasizes six areas for immediate action.",The SDGs are not yet properly incorporated into global governance.,0_2,0_11,,Attack,No Relationship,Support,No Relationship,No Relationship
"As the world’s nations prepare to meet in September to review the progress the world has made so far towards achieving the SDGs, at the midpoint of the 2030 Agenda, SDSN emphasizes six areas for immediate action.","SDSN calls for, and is actively supporting, the development of similar regional-based sustainability plans with associated financing.",0_2,0_12,,Support,Support,Support,No Relationship,No Relationship
"As the world’s nations prepare to meet in September to review the progress the world has made so far towards achieving the SDGs, at the midpoint of the 2030 Agenda, SDSN emphasizes six areas for immediate action.","The continuing efforts of the SDSN is a testament to the vital role of peaceful and inclusive societies, as recognized by SDG 16, which underscores the need for global outreach and cooperation. ",0_2,0_13,,Support,Support,Support,No Relationship,No Relationship
"As the world’s nations prepare to meet in September to review the progress the world has made so far towards achieving the SDGs, at the midpoint of the 2030 Agenda, SDSN emphasizes six areas for immediate action.","For these reasons, we end our message with two urgent and timely calls for action:",0_2,0_14,,Support,Support,Support,No Relationship,No Relationship
"As the world’s nations prepare to meet in September to review the progress the world has made so far towards achieving the SDGs, at the midpoint of the 2030 Agenda, SDSN emphasizes six areas for immediate action.","Although on average the world has made some progress in strengthening access to key infrastructure, covered notably under SDG6 (Clean Water and Sanitation), SDG7 (Affordable and Clean Energy) and SDG9 (Industry, Innovation and Infrastructure), this varies extensively across countries, and the world average remains too slow to achieve these SDGs globally by 2030.",0_2,0_15,,Support,No Relationship,Support,No Relationship,No Relationship
"As the world’s nations prepare to meet in September to review the progress the world has made so far towards achieving the SDGs, at the midpoint of the 2030 Agenda, SDSN emphasizes six areas for immediate action.",There is significant variation in progress by regions and income groups.,0_2,0_16,,Support,No Relationship,Support,No Relationship,No Relationship
"As the world’s nations prepare to meet in September to review the progress the world has made so far towards achieving the SDGs, at the midpoint of the 2030 Agenda, SDSN emphasizes six areas for immediate action.",The SDGs require long-term directed change and global cooperation. Long-term investment plans are essential for national success in meeting the goals.,0_2,0_17,,Support,Support,Support,No Relationship,No Relationship
"As the world’s nations prepare to meet in September to review the progress the world has made so far towards achieving the SDGs, at the midpoint of the 2030 Agenda, SDSN emphasizes six areas for immediate action.","Official high-level speeches and the preparation of VNRs (as the official government-led process to report on SDG progress, gaps, and policy efforts) provide relevant proxies to gauge political commitment to the SDGs.",0_2,0_18,,Support,Support,Support,No Relationship,No Relationship
"As the world’s nations prepare to meet in September to review the progress the world has made so far towards achieving the SDGs, at the midpoint of the 2030 Agenda, SDSN emphasizes six areas for immediate action.","47 countries have submitted a VNR this year: one will be presenting a VNR for the first time, 36 for the second time, and one for the third time.",0_2,0_19,,No Relationship,No Relationship,No Relationship,No Relationship,No Relationship
"As the world’s nations prepare to meet in September to review the progress the world has made so far towards achieving the SDGs, at the midpoint of the 2030 Agenda, SDSN emphasizes six areas for immediate action.","SDG target 4.1 calls for universal access to 12 years of free primary and secondary education, with at least 9 years compulsory.",0_2,0_20,,No Relationship,Support,Support,No Relationship,No Relationship
"As the world’s nations prepare to meet in September to review the progress the world has made so far towards achieving the SDGs, at the midpoint of the 2030 Agenda, SDSN emphasizes six areas for immediate action.","By design, Transformation 5 calls for regional and local policy trackers. These would notably track efforts at the regional and city level to curb urban pollution, increase housing affordability, and strengthen mobility and access to public transport.",0_2,0_21,,Support,Support,No Relationship,No Relationship,No Relationship
"As the world’s nations prepare to meet in September to review the progress the world has made so far towards achieving the SDGs, at the midpoint of the 2030 Agenda, SDSN emphasizes six areas for immediate action.",Achieving the SDGs requires global cooperation under the UN Charter.,0_2,0_22,,Support,Support,Support,No Relationship,No Relationship
"As the world’s nations prepare to meet in September to review the progress the world has made so far towards achieving the SDGs, at the midpoint of the 2030 Agenda, SDSN emphasizes six areas for immediate action.","SDG Integration into Sectoral Policies and Pathways is weighted 40% of the total score, SDG integration into sectoral policies and pathways is weighted 40%",0_2,0_23,,No Relationship,Support,Rephrase,No Relationship,No Relationship
"As the world’s nations prepare to meet in September to review the progress the world has made so far towards achieving the SDGs, at the midpoint of the 2030 Agenda, SDSN emphasizes six areas for immediate action.","At the midpoint of the 2030 Agenda, we draw five major conclusions from this comprehensive assessment of policy efforts and commitment to the SDGs (Table 3.6). First, government efforts and commitment to the SDGs remains far too low. The average score of the 74 countries assessed is 56 percent, with none even close to obtaining a perfect score.",0_2,0_24,,Support,No Relationship,Support,No Relationship,No Relationship
"As the world’s nations prepare to meet in September to review the progress the world has made so far towards achieving the SDGs, at the midpoint of the 2030 Agenda, SDSN emphasizes six areas for immediate action.","The Resolution adopted by the UN General Assembly on 25 September 2015, Transforming Our World: The 2030 Agenda for Sustainable Development, recognized from the start the importance of closely monitoring progress on the Goals.",0_2,0_25,,Support,Support,Support,No Relationship,No Relationship
"As the world’s nations prepare to meet in September to review the progress the world has made so far towards achieving the SDGs, at the midpoint of the 2030 Agenda, SDSN emphasizes six areas for immediate action.","It is argued since 2017 that a combination of composite SDG metrics and dashboards is needed at the global, regional, and subnational levels to inform policies towards achieving complex integrated goals.",0_2,0_26,,Support,Support,Support,No Relationship,No Relationship
"As the world’s nations prepare to meet in September to review the progress the world has made so far towards achieving the SDGs, at the midpoint of the 2030 Agenda, SDSN emphasizes six areas for immediate action.","In the 2030 Agenda for Sustainable Development and the associated New Urban Agenda, countries agreed to take action to provide cities with more accessible, well-connected infrastructure that would bring people into public spaces, and to enhance walkability through pedestrian accessibility.",0_2,0_27,,Support,Support,Support,No Relationship,No Relationship
"As the world’s nations prepare to meet in September to review the progress the world has made so far towards achieving the SDGs, at the midpoint of the 2030 Agenda, SDSN emphasizes six areas for immediate action.",The SDG Index serves as a conversation opener within the research and policy community.,0_2,0_28,,No Relationship,Support,Support,No Relationship,No Relationship
"As the world’s nations prepare to meet in September to review the progress the world has made so far towards achieving the SDGs, at the midpoint of the 2030 Agenda, SDSN emphasizes six areas for immediate action.","Rich European countries top the overall SDG Index. This reflects the nature of the SDGs, as European countries, particularly the Nordic economies, perform strongly on socioeconomic goals, relatively strongly on some local environmental priorities (for example, wastewater treatment, air pollution, or deforestation), and strongly on public institutions and the rule of law.",0_2,0_29,,No Relationship,Support,Support,No Relationship,No Relationship
"As the world’s nations prepare to meet in September to review the progress the world has made so far towards achieving the SDGs, at the midpoint of the 2030 Agenda, SDSN emphasizes six areas for immediate action.","In response to feedback, since 2018 we have supplemented the SDG Index with other qualitative instruments to gauge government efforts and commitment to the SDGs, in cooperation with SDSN’s global network.",0_2,0_30,,No Relationship,Support,Support,No Relationship,No Relationship
"As the world’s nations prepare to meet in September to review the progress the world has made so far towards achieving the SDGs, at the midpoint of the 2030 Agenda, SDSN emphasizes six areas for immediate action.","Building on the past ten years of work, including the SDG Index, TReNDS, and a number of SDSN’s initiatives, we draw five major lessons, which can serve as priorities to inform SDG policies and financing.",0_2,0_31,,Support,Support,Support,No Relationship,No Relationship
"All UN Member States should adopt long-term sustainable development pathways that provide a stepwise and medium- to long-term approach to guide their sustainable development policies, not only to 2030 but to 2050, with particular focus on gender equality, social inclusion, and the principal of 'leave no one behind'.","The SDGs are not only a public policy framework; they are an ethical imperative. They are grounded in the Universal Declaration of Human Rights, which celebrates its 75th anniversary this year.",0_3,0_4,,Support,Support,Support,No Relationship,No Relationship
"All UN Member States should adopt long-term sustainable development pathways that provide a stepwise and medium- to long-term approach to guide their sustainable development policies, not only to 2030 but to 2050, with particular focus on gender equality, social inclusion, and the principal of 'leave no one behind'.","The current loss of species rate is 1,000–10,000 times more than the natural extinction rate.",0_3,0_5,,No Relationship,No Relationship,No Relationship,No Relationship,No Relationship
"All UN Member States should adopt long-term sustainable development pathways that provide a stepwise and medium- to long-term approach to guide their sustainable development policies, not only to 2030 but to 2050, with particular focus on gender equality, social inclusion, and the principal of 'leave no one behind'.","Investing in the SDGs is an investment agenda. In the most basic terms, the world must devote an increased portion of current output to building up sustainable capital assets for the future, and must deploy such assets effectively.",0_3,0_6,,Support,Support,Support,No Relationship,No Relationship
"All UN Member States should adopt long-term sustainable development pathways that provide a stepwise and medium- to long-term approach to guide their sustainable development policies, not only to 2030 but to 2050, with particular focus on gender equality, social inclusion, and the principal of 'leave no one behind'.","In 2022, the United Nations Secretary-General appointed a High-Level Advisory Board on Effective Multilateralism, with a mandate to develop a list of concrete, actionable recommendations to improve international cooperation and advance the 2030 Agenda for Sustainable Development.",0_3,0_7,,Support,Support,Support,No Relationship,No Relationship
"All UN Member States should adopt long-term sustainable development pathways that provide a stepwise and medium- to long-term approach to guide their sustainable development policies, not only to 2030 but to 2050, with particular focus on gender equality, social inclusion, and the principal of 'leave no one behind'.",The greatest responsibility for achieving the SDGs and safeguarding the planetary boundaries lies with the G20 members.,0_3,0_8,,Attack,Support,Support,Attack,No Relationship
"All UN Member States should adopt long-term sustainable development pathways that provide a stepwise and medium- to long-term approach to guide their sustainable development policies, not only to 2030 but to 2050, with particular focus on gender equality, social inclusion, and the principal of 'leave no one behind'.",Achieving the SDGs will require a transformative global approach.,0_3,0_9,,Support,Support,Support,No Relationship,No Relationship
"All UN Member States should adopt long-term sustainable development pathways that provide a stepwise and medium- to long-term approach to guide their sustainable development policies, not only to 2030 but to 2050, with particular focus on gender equality, social inclusion, and the principal of 'leave no one behind'.",The “global financial architecture” (GFA) refers to the complex system of public and private finance that channels the world’s saving to the world’s investment.,0_3,0_10,,No Relationship,No Relationship,No Relationship,No Relationship,No Relationship
"All UN Member States should adopt long-term sustainable development pathways that provide a stepwise and medium- to long-term approach to guide their sustainable development policies, not only to 2030 but to 2050, with particular focus on gender equality, social inclusion, and the principal of 'leave no one behind'.",The SDGs are not yet properly incorporated into global governance.,0_3,0_11,,Attack,No Relationship,Support,No Relationship,No Relationship
"All UN Member States should adopt long-term sustainable development pathways that provide a stepwise and medium- to long-term approach to guide their sustainable development policies, not only to 2030 but to 2050, with particular focus on gender equality, social inclusion, and the principal of 'leave no one behind'.","SDSN calls for, and is actively supporting, the development of similar regional-based sustainability plans with associated financing.",0_3,0_12,,Support,Support,Support,No Relationship,No Relationship
"All UN Member States should adopt long-term sustainable development pathways that provide a stepwise and medium- to long-term approach to guide their sustainable development policies, not only to 2030 but to 2050, with particular focus on gender equality, social inclusion, and the principal of 'leave no one behind'.","The continuing efforts of the SDSN is a testament to the vital role of peaceful and inclusive societies, as recognized by SDG 16, which underscores the need for global outreach and cooperation. ",0_3,0_13,,Support,Support,Support,No Relationship,No Relationship
"All UN Member States should adopt long-term sustainable development pathways that provide a stepwise and medium- to long-term approach to guide their sustainable development policies, not only to 2030 but to 2050, with particular focus on gender equality, social inclusion, and the principal of 'leave no one behind'.","For these reasons, we end our message with two urgent and timely calls for action:",0_3,0_14,,No Relationship,Support,Support,No Relationship,No Relationship
"All UN Member States should adopt long-term sustainable development pathways that provide a stepwise and medium- to long-term approach to guide their sustainable development policies, not only to 2030 but to 2050, with particular focus on gender equality, social inclusion, and the principal of 'leave no one behind'.","Although on average the world has made some progress in strengthening access to key infrastructure, covered notably under SDG6 (Clean Water and Sanitation), SDG7 (Affordable and Clean Energy) and SDG9 (Industry, Innovation and Infrastructure), this varies extensively across countries, and the world average remains too slow to achieve these SDGs globally by 2030.",0_3,0_15,,Support,Support,Support,No Relationship,No Relationship
"All UN Member States should adopt long-term sustainable development pathways that provide a stepwise and medium- to long-term approach to guide their sustainable development policies, not only to 2030 but to 2050, with particular focus on gender equality, social inclusion, and the principal of 'leave no one behind'.",There is significant variation in progress by regions and income groups.,0_3,0_16,,Attack,No Relationship,Support,No Relationship,No Relationship
"All UN Member States should adopt long-term sustainable development pathways that provide a stepwise and medium- to long-term approach to guide their sustainable development policies, not only to 2030 but to 2050, with particular focus on gender equality, social inclusion, and the principal of 'leave no one behind'.",The SDGs require long-term directed change and global cooperation. Long-term investment plans are essential for national success in meeting the goals.,0_3,0_17,,Support,Support,Support,No Relationship,No Relationship
"All UN Member States should adopt long-term sustainable development pathways that provide a stepwise and medium- to long-term approach to guide their sustainable development policies, not only to 2030 but to 2050, with particular focus on gender equality, social inclusion, and the principal of 'leave no one behind'.","Official high-level speeches and the preparation of VNRs (as the official government-led process to report on SDG progress, gaps, and policy efforts) provide relevant proxies to gauge political commitment to the SDGs.",0_3,0_18,,Support,Support,Support,No Relationship,No Relationship
"All UN Member States should adopt long-term sustainable development pathways that provide a stepwise and medium- to long-term approach to guide their sustainable development policies, not only to 2030 but to 2050, with particular focus on gender equality, social inclusion, and the principal of 'leave no one behind'.","47 countries have submitted a VNR this year: one will be presenting a VNR for the first time, 36 for the second time, and one for the third time.",0_3,0_19,,No Relationship,No Relationship,No Relationship,No Relationship,No Relationship
"All UN Member States should adopt long-term sustainable development pathways that provide a stepwise and medium- to long-term approach to guide their sustainable development policies, not only to 2030 but to 2050, with particular focus on gender equality, social inclusion, and the principal of 'leave no one behind'.","SDG target 4.1 calls for universal access to 12 years of free primary and secondary education, with at least 9 years compulsory.",0_3,0_20,,Support,Support,Support,No Relationship,No Relationship
"All UN Member States should adopt long-term sustainable development pathways that provide a stepwise and medium- to long-term approach to guide their sustainable development policies, not only to 2030 but to 2050, with particular focus on gender equality, social inclusion, and the principal of 'leave no one behind'.","By design, Transformation 5 calls for regional and local policy trackers. These would notably track efforts at the regional and city level to curb urban pollution, increase housing affordability, and strengthen mobility and access to public transport.",0_3,0_21,,Support,Support,No Relationship,No Relationship,No Relationship
"All UN Member States should adopt long-term sustainable development pathways that provide a stepwise and medium- to long-term approach to guide their sustainable development policies, not only to 2030 but to 2050, with particular focus on gender equality, social inclusion, and the principal of 'leave no one behind'.",Achieving the SDGs requires global cooperation under the UN Charter.,0_3,0_22,,Support,Support,Support,No Relationship,No Relationship
"All UN Member States should adopt long-term sustainable development pathways that provide a stepwise and medium- to long-term approach to guide their sustainable development policies, not only to 2030 but to 2050, with particular focus on gender equality, social inclusion, and the principal of 'leave no one behind'.","SDG Integration into Sectoral Policies and Pathways is weighted 40% of the total score, SDG integration into sectoral policies and pathways is weighted 40%",0_3,0_23,,No Relationship,Support,Rephrase,No Relationship,No Relationship
"All UN Member States should adopt long-term sustainable development pathways that provide a stepwise and medium- to long-term approach to guide their sustainable development policies, not only to 2030 but to 2050, with particular focus on gender equality, social inclusion, and the principal of 'leave no one behind'.","At the midpoint of the 2030 Agenda, we draw five major conclusions from this comprehensive assessment of policy efforts and commitment to the SDGs (Table 3.6). First, government efforts and commitment to the SDGs remains far too low. The average score of the 74 countries assessed is 56 percent, with none even close to obtaining a perfect score.",0_3,0_24,,Attack,No Relationship,Support,No Relationship,No Relationship
"All UN Member States should adopt long-term sustainable development pathways that provide a stepwise and medium- to long-term approach to guide their sustainable development policies, not only to 2030 but to 2050, with particular focus on gender equality, social inclusion, and the principal of 'leave no one behind'.","The Resolution adopted by the UN General Assembly on 25 September 2015, Transforming Our World: The 2030 Agenda for Sustainable Development, recognized from the start the importance of closely monitoring progress on the Goals.",0_3,0_25,,Support,Support,Support,No Relationship,No Relationship
"All UN Member States should adopt long-term sustainable development pathways that provide a stepwise and medium- to long-term approach to guide their sustainable development policies, not only to 2030 but to 2050, with particular focus on gender equality, social inclusion, and the principal of 'leave no one behind'.","It is argued since 2017 that a combination of composite SDG metrics and dashboards is needed at the global, regional, and subnational levels to inform policies towards achieving complex integrated goals.",0_3,0_26,,Support,Support,Support,No Relationship,No Relationship
"All UN Member States should adopt long-term sustainable development pathways that provide a stepwise and medium- to long-term approach to guide their sustainable development policies, not only to 2030 but to 2050, with particular focus on gender equality, social inclusion, and the principal of 'leave no one behind'.","In the 2030 Agenda for Sustainable Development and the associated New Urban Agenda, countries agreed to take action to provide cities with more accessible, well-connected infrastructure that would bring people into public spaces, and to enhance walkability through pedestrian accessibility.",0_3,0_27,,Support,Support,Support,No Relationship,Attack
"All UN Member States should adopt long-term sustainable development pathways that provide a stepwise and medium- to long-term approach to guide their sustainable development policies, not only to 2030 but to 2050, with particular focus on gender equality, social inclusion, and the principal of 'leave no one behind'.",The SDG Index serves as a conversation opener within the research and policy community.,0_3,0_28,,No Relationship,No Relationship,Support,No Relationship,No Relationship
"All UN Member States should adopt long-term sustainable development pathways that provide a stepwise and medium- to long-term approach to guide their sustainable development policies, not only to 2030 but to 2050, with particular focus on gender equality, social inclusion, and the principal of 'leave no one behind'.","Rich European countries top the overall SDG Index. This reflects the nature of the SDGs, as European countries, particularly the Nordic economies, perform strongly on socioeconomic goals, relatively strongly on some local environmental priorities (for example, wastewater treatment, air pollution, or deforestation), and strongly on public institutions and the rule of law.",0_3,0_29,,No Relationship,Support,Support,No Relationship,No Relationship
"All UN Member States should adopt long-term sustainable development pathways that provide a stepwise and medium- to long-term approach to guide their sustainable development policies, not only to 2030 but to 2050, with particular focus on gender equality, social inclusion, and the principal of 'leave no one behind'.","In response to feedback, since 2018 we have supplemented the SDG Index with other qualitative instruments to gauge government efforts and commitment to the SDGs, in cooperation with SDSN’s global network.",0_3,0_30,,No Relationship,Support,Support,No Relationship,No Relationship
"All UN Member States should adopt long-term sustainable development pathways that provide a stepwise and medium- to long-term approach to guide their sustainable development policies, not only to 2030 but to 2050, with particular focus on gender equality, social inclusion, and the principal of 'leave no one behind'.","Building on the past ten years of work, including the SDG Index, TReNDS, and a number of SDSN’s initiatives, we draw five major lessons, which can serve as priorities to inform SDG policies and financing.",0_3,0_31,,Support,Support,Support,No Relationship,No Relationship
"The SDGs are not only a public policy framework; they are an ethical imperative. They are grounded in the Universal Declaration of Human Rights, which celebrates its 75th anniversary this year.","The current loss of species rate is 1,000–10,000 times more than the natural extinction rate.",0_4,0_5,,No Relationship,No Relationship,No Relationship,No Relationship,No Relationship
"The SDGs are not only a public policy framework; they are an ethical imperative. They are grounded in the Universal Declaration of Human Rights, which celebrates its 75th anniversary this year.","Investing in the SDGs is an investment agenda. In the most basic terms, the world must devote an increased portion of current output to building up sustainable capital assets for the future, and must deploy such assets effectively.",0_4,0_6,,Support,Support,Support,No Relationship,No Relationship
"The SDGs are not only a public policy framework; they are an ethical imperative. They are grounded in the Universal Declaration of Human Rights, which celebrates its 75th anniversary this year.","In 2022, the United Nations Secretary-General appointed a High-Level Advisory Board on Effective Multilateralism, with a mandate to develop a list of concrete, actionable recommendations to improve international cooperation and advance the 2030 Agenda for Sustainable Development.",0_4,0_7,,Support,Support,Support,No Relationship,No Relationship
"The SDGs are not only a public policy framework; they are an ethical imperative. They are grounded in the Universal Declaration of Human Rights, which celebrates its 75th anniversary this year.",The greatest responsibility for achieving the SDGs and safeguarding the planetary boundaries lies with the G20 members.,0_4,0_8,,Support,Support,Support,No Relationship,No Relationship
"The SDGs are not only a public policy framework; they are an ethical imperative. They are grounded in the Universal Declaration of Human Rights, which celebrates its 75th anniversary this year.",Achieving the SDGs will require a transformative global approach.,0_4,0_9,,Support,Support,Support,No Relationship,No Relationship
"The SDGs are not only a public policy framework; they are an ethical imperative. They are grounded in the Universal Declaration of Human Rights, which celebrates its 75th anniversary this year.",The “global financial architecture” (GFA) refers to the complex system of public and private finance that channels the world’s saving to the world’s investment.,0_4,0_10,,No Relationship,No Relationship,No Relationship,No Relationship,Attack
"The SDGs are not only a public policy framework; they are an ethical imperative. They are grounded in the Universal Declaration of Human Rights, which celebrates its 75th anniversary this year.",The SDGs are not yet properly incorporated into global governance.,0_4,0_11,,Attack,No Relationship,Support,No Relationship,No Relationship
"The SDGs are not only a public policy framework; they are an ethical imperative. They are grounded in the Universal Declaration of Human Rights, which celebrates its 75th anniversary this year.","SDSN calls for, and is actively supporting, the development of similar regional-based sustainability plans with associated financing.",0_4,0_12,,No Relationship,Support,Support,No Relationship,No Relationship
"The SDGs are not only a public policy framework; they are an ethical imperative. They are grounded in the Universal Declaration of Human Rights, which celebrates its 75th anniversary this year.","The continuing efforts of the SDSN is a testament to the vital role of peaceful and inclusive societies, as recognized by SDG 16, which underscores the need for global outreach and cooperation. ",0_4,0_13,,Support,Support,Support,No Relationship,No Relationship
"The SDGs are not only a public policy framework; they are an ethical imperative. They are grounded in the Universal Declaration of Human Rights, which celebrates its 75th anniversary this year.","For these reasons, we end our message with two urgent and timely calls for action:",0_4,0_14,,No Relationship,Support,Support,No Relationship,No Relationship
"The SDGs are not only a public policy framework; they are an ethical imperative. They are grounded in the Universal Declaration of Human Rights, which celebrates its 75th anniversary this year.","Although on average the world has made some progress in strengthening access to key infrastructure, covered notably under SDG6 (Clean Water and Sanitation), SDG7 (Affordable and Clean Energy) and SDG9 (Industry, Innovation and Infrastructure), this varies extensively across countries, and the world average remains too slow to achieve these SDGs globally by 2030.",0_4,0_15,,Support,No Relationship,Support,No Relationship,No Relationship
"The SDGs are not only a public policy framework; they are an ethical imperative. They are grounded in the Universal Declaration of Human Rights, which celebrates its 75th anniversary this year.",There is significant variation in progress by regions and income groups.,0_4,0_16,,No Relationship,No Relationship,No Relationship,No Relationship,No Relationship
"The SDGs are not only a public policy framework; they are an ethical imperative. They are grounded in the Universal Declaration of Human Rights, which celebrates its 75th anniversary this year.",The SDGs require long-term directed change and global cooperation. Long-term investment plans are essential for national success in meeting the goals.,0_4,0_17,,Support,Support,Support,No Relationship,No Relationship
"The SDGs are not only a public policy framework; they are an ethical imperative. They are grounded in the Universal Declaration of Human Rights, which celebrates its 75th anniversary this year.","Official high-level speeches and the preparation of VNRs (as the official government-led process to report on SDG progress, gaps, and policy efforts) provide relevant proxies to gauge political commitment to the SDGs.",0_4,0_18,,Support,Support,Support,No Relationship,No Relationship
"The SDGs are not only a public policy framework; they are an ethical imperative. They are grounded in the Universal Declaration of Human Rights, which celebrates its 75th anniversary this year.","47 countries have submitted a VNR this year: one will be presenting a VNR for the first time, 36 for the second time, and one for the third time.",0_4,0_19,,No Relationship,Support,No Relationship,No Relationship,No Relationship
"The SDGs are not only a public policy framework; they are an ethical imperative. They are grounded in the Universal Declaration of Human Rights, which celebrates its 75th anniversary this year.","SDG target 4.1 calls for universal access to 12 years of free primary and secondary education, with at least 9 years compulsory.",0_4,0_20,,Support,Support,Support,No Relationship,No Relationship
"The SDGs are not only a public policy framework; they are an ethical imperative. They are grounded in the Universal Declaration of Human Rights, which celebrates its 75th anniversary this year.","By design, Transformation 5 calls for regional and local policy trackers. These would notably track efforts at the regional and city level to curb urban pollution, increase housing affordability, and strengthen mobility and access to public transport.",0_4,0_21,,No Relationship,Support,Support,No Relationship,No Relationship
"The SDGs are not only a public policy framework; they are an ethical imperative. They are grounded in the Universal Declaration of Human Rights, which celebrates its 75th anniversary this year.",Achieving the SDGs requires global cooperation under the UN Charter.,0_4,0_22,,Support,Support,Support,No Relationship,No Relationship
"The SDGs are not only a public policy framework; they are an ethical imperative. They are grounded in the Universal Declaration of Human Rights, which celebrates its 75th anniversary this year.","SDG Integration into Sectoral Policies and Pathways is weighted 40% of the total score, SDG integration into sectoral policies and pathways is weighted 40%",0_4,0_23,,No Relationship,Support,Rephrase,No Relationship,No Relationship
"The SDGs are not only a public policy framework; they are an ethical imperative. They are grounded in the Universal Declaration of Human Rights, which celebrates its 75th anniversary this year.","At the midpoint of the 2030 Agenda, we draw five major conclusions from this comprehensive assessment of policy efforts and commitment to the SDGs (Table 3.6). First, government efforts and commitment to the SDGs remains far too low. The average score of the 74 countries assessed is 56 percent, with none even close to obtaining a perfect score.",0_4,0_24,,Attack,No Relationship,Support,No Relationship,No Relationship
"The SDGs are not only a public policy framework; they are an ethical imperative. They are grounded in the Universal Declaration of Human Rights, which celebrates its 75th anniversary this year.","The Resolution adopted by the UN General Assembly on 25 September 2015, Transforming Our World: The 2030 Agenda for Sustainable Development, recognized from the start the importance of closely monitoring progress on the Goals.",0_4,0_25,,Support,Support,Support,No Relationship,No Relationship
"The SDGs are not only a public policy framework; they are an ethical imperative. They are grounded in the Universal Declaration of Human Rights, which celebrates its 75th anniversary this year.","It is argued since 2017 that a combination of composite SDG metrics and dashboards is needed at the global, regional, and subnational levels to inform policies towards achieving complex integrated goals.",0_4,0_26,,Support,Support,Support,No Relationship,No Relationship
"The SDGs are not only a public policy framework; they are an ethical imperative. They are grounded in the Universal Declaration of Human Rights, which celebrates its 75th anniversary this year.","In the 2030 Agenda for Sustainable Development and the associated New Urban Agenda, countries agreed to take action to provide cities with more accessible, well-connected infrastructure that would bring people into public spaces, and to enhance walkability through pedestrian accessibility.",0_4,0_27,,Support,Support,Support,No Relationship,No Relationship
"The SDGs are not only a public policy framework; they are an ethical imperative. They are grounded in the Universal Declaration of Human Rights, which celebrates its 75th anniversary this year.",The SDG Index serves as a conversation opener within the research and policy community.,0_4,0_28,,No Relationship,Support,Support,No Relationship,No Relationship
"The SDGs are not only a public policy framework; they are an ethical imperative. They are grounded in the Universal Declaration of Human Rights, which celebrates its 75th anniversary this year.","Rich European countries top the overall SDG Index. This reflects the nature of the SDGs, as European countries, particularly the Nordic economies, perform strongly on socioeconomic goals, relatively strongly on some local environmental priorities (for example, wastewater treatment, air pollution, or deforestation), and strongly on public institutions and the rule of law.",0_4,0_29,,No Relationship,Support,Support,No Relationship,No Relationship
"The SDGs are not only a public policy framework; they are an ethical imperative. They are grounded in the Universal Declaration of Human Rights, which celebrates its 75th anniversary this year.","In response to feedback, since 2018 we have supplemented the SDG Index with other qualitative instruments to gauge government efforts and commitment to the SDGs, in cooperation with SDSN’s global network.",0_4,0_30,,No Relationship,Support,Support,No Relationship,No Relationship
"The SDGs are not only a public policy framework; they are an ethical imperative. They are grounded in the Universal Declaration of Human Rights, which celebrates its 75th anniversary this year.","Building on the past ten years of work, including the SDG Index, TReNDS, and a number of SDSN’s initiatives, we draw five major lessons, which can serve as priorities to inform SDG policies and financing.",0_4,0_31,,Support,Support,Support,No Relationship,No Relationship
"The current loss of species rate is 1,000–10,000 times more than the natural extinction rate.","Investing in the SDGs is an investment agenda. In the most basic terms, the world must devote an increased portion of current output to building up sustainable capital assets for the future, and must deploy such assets effectively.",0_5,0_6,,No Relationship,No Relationship,No Relationship,No Relationship,No Relationship
"The current loss of species rate is 1,000–10,000 times more than the natural extinction rate.","In 2022, the United Nations Secretary-General appointed a High-Level Advisory Board on Effective Multilateralism, with a mandate to develop a list of concrete, actionable recommendations to improve international cooperation and advance the 2030 Agenda for Sustainable Development.",0_5,0_7,,No Relationship,No Relationship,No Relationship,No Relationship,No Relationship
"The current loss of species rate is 1,000–10,000 times more than the natural extinction rate.",The greatest responsibility for achieving the SDGs and safeguarding the planetary boundaries lies with the G20 members.,0_5,0_8,,No Relationship,No Relationship,Support,No Relationship,No Relationship
"The current loss of species rate is 1,000–10,000 times more than the natural extinction rate.",Achieving the SDGs will require a transformative global approach.,0_5,0_9,,No Relationship,No Relationship,Support,No Relationship,No Relationship
"The current loss of species rate is 1,000–10,000 times more than the natural extinction rate.",The “global financial architecture” (GFA) refers to the complex system of public and private finance that channels the world’s saving to the world’s investment.,0_5,0_10,,No Relationship,No Relationship,No Relationship,No Relationship,No Relationship
"The current loss of species rate is 1,000–10,000 times more than the natural extinction rate.",The SDGs are not yet properly incorporated into global governance.,0_5,0_11,,No Relationship,No Relationship,No Relationship,No Relationship,No Relationship
"The current loss of species rate is 1,000–10,000 times more than the natural extinction rate.","SDSN calls for, and is actively supporting, the development of similar regional-based sustainability plans with associated financing.",0_5,0_12,,No Relationship,Support,No Relationship,No Relationship,No Relationship
"The current loss of species rate is 1,000–10,000 times more than the natural extinction rate.","The continuing efforts of the SDSN is a testament to the vital role of peaceful and inclusive societies, as recognized by SDG 16, which underscores the need for global outreach and cooperation. ",0_5,0_13,,No Relationship,Support,No Relationship,No Relationship,No Relationship
"The current loss of species rate is 1,000–10,000 times more than the natural extinction rate.","For these reasons, we end our message with two urgent and timely calls for action:",0_5,0_14,,Attack,Support,Support,No Relationship,No Relationship
"The current loss of species rate is 1,000–10,000 times more than the natural extinction rate.","Although on average the world has made some progress in strengthening access to key infrastructure, covered notably under SDG6 (Clean Water and Sanitation), SDG7 (Affordable and Clean Energy) and SDG9 (Industry, Innovation and Infrastructure), this varies extensively across countries, and the world average remains too slow to achieve these SDGs globally by 2030.",0_5,0_15,,No Relationship,No Relationship,No Relationship,No Relationship,No Relationship
"The current loss of species rate is 1,000–10,000 times more than the natural extinction rate.",There is significant variation in progress by regions and income groups.,0_5,0_16,,No Relationship,No Relationship,No Relationship,No Relationship,No Relationship
"The current loss of species rate is 1,000–10,000 times more than the natural extinction rate.",The SDGs require long-term directed change and global cooperation. Long-term investment plans are essential for national success in meeting the goals.,0_5,0_17,,No Relationship,Support,No Relationship,No Relationship,No Relationship
"The current loss of species rate is 1,000–10,000 times more than the natural extinction rate.","Official high-level speeches and the preparation of VNRs (as the official government-led process to report on SDG progress, gaps, and policy efforts) provide relevant proxies to gauge political commitment to the SDGs.",0_5,0_18,,No Relationship,Support,No Relationship,No Relationship,No Relationship
"The current loss of species rate is 1,000–10,000 times more than the natural extinction rate.","47 countries have submitted a VNR this year: one will be presenting a VNR for the first time, 36 for the second time, and one for the third time.",0_5,0_19,,No Relationship,No Relationship,No Relationship,No Relationship,No Relationship
"The current loss of species rate is 1,000–10,000 times more than the natural extinction rate.","SDG target 4.1 calls for universal access to 12 years of free primary and secondary education, with at least 9 years compulsory.",0_5,0_20,,No Relationship,No Relationship,No Relationship,No Relationship,No Relationship
"The current loss of species rate is 1,000–10,000 times more than the natural extinction rate.","By design, Transformation 5 calls for regional and local policy trackers. These would notably track efforts at the regional and city level to curb urban pollution, increase housing affordability, and strengthen mobility and access to public transport.",0_5,0_21,,No Relationship,Support,No Relationship,No Relationship,No Relationship
"The current loss of species rate is 1,000–10,000 times more than the natural extinction rate.",Achieving the SDGs requires global cooperation under the UN Charter.,0_5,0_22,,No Relationship,No Relationship,Support,No Relationship,No Relationship
"The current loss of species rate is 1,000–10,000 times more than the natural extinction rate.","SDG Integration into Sectoral Policies and Pathways is weighted 40% of the total score, SDG integration into sectoral policies and pathways is weighted 40%",0_5,0_23,,No Relationship,No Relationship,No Relationship,No Relationship,No Relationship
"The current loss of species rate is 1,000–10,000 times more than the natural extinction rate.","At the midpoint of the 2030 Agenda, we draw five major conclusions from this comprehensive assessment of policy efforts and commitment to the SDGs (Table 3.6). First, government efforts and commitment to the SDGs remains far too low. The average score of the 74 countries assessed is 56 percent, with none even close to obtaining a perfect score.",0_5,0_24,,No Relationship,No Relationship,No Relationship,No Relationship,No Relationship
"The current loss of species rate is 1,000–10,000 times more than the natural extinction rate.","The Resolution adopted by the UN General Assembly on 25 September 2015, Transforming Our World: The 2030 Agenda for Sustainable Development, recognized from the start the importance of closely monitoring progress on the Goals.",0_5,0_25,,No Relationship,Support,No Relationship,No Relationship,No Relationship
"The current loss of species rate is 1,000–10,000 times more than the natural extinction rate.","It is argued since 2017 that a combination of composite SDG metrics and dashboards is needed at the global, regional, and subnational levels to inform policies towards achieving complex integrated goals.",0_5,0_26,,No Relationship,Support,No Relationship,No Relationship,No Relationship
"The current loss of species rate is 1,000–10,000 times more than the natural extinction rate.","In the 2030 Agenda for Sustainable Development and the associated New Urban Agenda, countries agreed to take action to provide cities with more accessible, well-connected infrastructure that would bring people into public spaces, and to enhance walkability through pedestrian accessibility.",0_5,0_27,,No Relationship,Support,No Relationship,No Relationship,No Relationship
"The current loss of species rate is 1,000–10,000 times more than the natural extinction rate.",The SDG Index serves as a conversation opener within the research and policy community.,0_5,0_28,,No Relationship,No Relationship,No Relationship,No Relationship,No Relationship
"The current loss of species rate is 1,000–10,000 times more than the natural extinction rate.","Rich European countries top the overall SDG Index. This reflects the nature of the SDGs, as European countries, particularly the Nordic economies, perform strongly on socioeconomic goals, relatively strongly on some local environmental priorities (for example, wastewater treatment, air pollution, or deforestation), and strongly on public institutions and the rule of law.",0_5,0_29,,No Relationship,No Relationship,No Relationship,No Relationship,No Relationship
"The current loss of species rate is 1,000–10,000 times more than the natural extinction rate.","In response to feedback, since 2018 we have supplemented the SDG Index with other qualitative instruments to gauge government efforts and commitment to the SDGs, in cooperation with SDSN’s global network.",0_5,0_30,,No Relationship,Support,No Relationship,No Relationship,No Relationship
"The current loss of species rate is 1,000–10,000 times more than the natural extinction rate.","Building on the past ten years of work, including the SDG Index, TReNDS, and a number of SDSN’s initiatives, we draw five major lessons, which can serve as priorities to inform SDG policies and financing.",0_5,0_31,,No Relationship,Support,No Relationship,No Relationship,No Relationship
"Investing in the SDGs is an investment agenda. In the most basic terms, the world must devote an increased portion of current output to building up sustainable capital assets for the future, and must deploy such assets effectively.","In 2022, the United Nations Secretary-General appointed a High-Level Advisory Board on Effective Multilateralism, with a mandate to develop a list of concrete, actionable recommendations to improve international cooperation and advance the 2030 Agenda for Sustainable Development.",0_6,0_7,,Support,Support,Support,No Relationship,No Relationship
"Investing in the SDGs is an investment agenda. In the most basic terms, the world must devote an increased portion of current output to building up sustainable capital assets for the future, and must deploy such assets effectively.",The greatest responsibility for achieving the SDGs and safeguarding the planetary boundaries lies with the G20 members.,0_6,0_8,,Support,No Relationship,Support,No Relationship,No Relationship
"Investing in the SDGs is an investment agenda. In the most basic terms, the world must devote an increased portion of current output to building up sustainable capital assets for the future, and must deploy such assets effectively.",Achieving the SDGs will require a transformative global approach.,0_6,0_9,,Support,Support,Support,No Relationship,No Relationship
"Investing in the SDGs is an investment agenda. In the most basic terms, the world must devote an increased portion of current output to building up sustainable capital assets for the future, and must deploy such assets effectively.",The “global financial architecture” (GFA) refers to the complex system of public and private finance that channels the world’s saving to the world’s investment.,0_6,0_10,,Support,Support,Support,No Relationship,No Relationship
"Investing in the SDGs is an investment agenda. In the most basic terms, the world must devote an increased portion of current output to building up sustainable capital assets for the future, and must deploy such assets effectively.",The SDGs are not yet properly incorporated into global governance.,0_6,0_11,,Attack,No Relationship,Attack,No Relationship,No Relationship
"Investing in the SDGs is an investment agenda. In the most basic terms, the world must devote an increased portion of current output to building up sustainable capital assets for the future, and must deploy such assets effectively.","SDSN calls for, and is actively supporting, the development of similar regional-based sustainability plans with associated financing.",0_6,0_12,,Support,Support,Support,No Relationship,No Relationship
"Investing in the SDGs is an investment agenda. In the most basic terms, the world must devote an increased portion of current output to building up sustainable capital assets for the future, and must deploy such assets effectively.","The continuing efforts of the SDSN is a testament to the vital role of peaceful and inclusive societies, as recognized by SDG 16, which underscores the need for global outreach and cooperation. ",0_6,0_13,,Support,Support,Support,No Relationship,No Relationship
"Investing in the SDGs is an investment agenda. In the most basic terms, the world must devote an increased portion of current output to building up sustainable capital assets for the future, and must deploy such assets effectively.","For these reasons, we end our message with two urgent and timely calls for action:",0_6,0_14,,No Relationship,Support,Support,No Relationship,No Relationship
"Investing in the SDGs is an investment agenda. In the most basic terms, the world must devote an increased portion of current output to building up sustainable capital assets for the future, and must deploy such assets effectively.","Although on average the world has made some progress in strengthening access to key infrastructure, covered notably under SDG6 (Clean Water and Sanitation), SDG7 (Affordable and Clean Energy) and SDG9 (Industry, Innovation and Infrastructure), this varies extensively across countries, and the world average remains too slow to achieve these SDGs globally by 2030.",0_6,0_15,,Support,Support,Support,No Relationship,No Relationship
"Investing in the SDGs is an investment agenda. In the most basic terms, the world must devote an increased portion of current output to building up sustainable capital assets for the future, and must deploy such assets effectively.",There is significant variation in progress by regions and income groups.,0_6,0_16,,No Relationship,No Relationship,No Relationship,No Relationship,No Relationship
"Investing in the SDGs is an investment agenda. In the most basic terms, the world must devote an increased portion of current output to building up sustainable capital assets for the future, and must deploy such assets effectively.",The SDGs require long-term directed change and global cooperation. Long-term investment plans are essential for national success in meeting the goals.,0_6,0_17,,Support,Support,Support,No Relationship,No Relationship
"Investing in the SDGs is an investment agenda. In the most basic terms, the world must devote an increased portion of current output to building up sustainable capital assets for the future, and must deploy such assets effectively.","Official high-level speeches and the preparation of VNRs (as the official government-led process to report on SDG progress, gaps, and policy efforts) provide relevant proxies to gauge political commitment to the SDGs.",0_6,0_18,,No Relationship,Support,Support,No Relationship,No Relationship
"Investing in the SDGs is an investment agenda. In the most basic terms, the world must devote an increased portion of current output to building up sustainable capital assets for the future, and must deploy such assets effectively.","47 countries have submitted a VNR this year: one will be presenting a VNR for the first time, 36 for the second time, and one for the third time.",0_6,0_19,,No Relationship,No Relationship,No Relationship,No Relationship,No Relationship
"Investing in the SDGs is an investment agenda. In the most basic terms, the world must devote an increased portion of current output to building up sustainable capital assets for the future, and must deploy such assets effectively.","SDG target 4.1 calls for universal access to 12 years of free primary and secondary education, with at least 9 years compulsory.",0_6,0_20,,Support,Support,Support,No Relationship,No Relationship
"Investing in the SDGs is an investment agenda. In the most basic terms, the world must devote an increased portion of current output to building up sustainable capital assets for the future, and must deploy such assets effectively.","By design, Transformation 5 calls for regional and local policy trackers. These would notably track efforts at the regional and city level to curb urban pollution, increase housing affordability, and strengthen mobility and access to public transport.",0_6,0_21,,Support,Support,No Relationship,No Relationship,No Relationship
"Investing in the SDGs is an investment agenda. In the most basic terms, the world must devote an increased portion of current output to building up sustainable capital assets for the future, and must deploy such assets effectively.",Achieving the SDGs requires global cooperation under the UN Charter.,0_6,0_22,,Support,Support,Support,No Relationship,No Relationship
"Investing in the SDGs is an investment agenda. In the most basic terms, the world must devote an increased portion of current output to building up sustainable capital assets for the future, and must deploy such assets effectively.","SDG Integration into Sectoral Policies and Pathways is weighted 40% of the total score, SDG integration into sectoral policies and pathways is weighted 40%",0_6,0_23,,No Relationship,Support,Rephrase,No Relationship,No Relationship
"Investing in the SDGs is an investment agenda. In the most basic terms, the world must devote an increased portion of current output to building up sustainable capital assets for the future, and must deploy such assets effectively.","At the midpoint of the 2030 Agenda, we draw five major conclusions from this comprehensive assessment of policy efforts and commitment to the SDGs (Table 3.6). First, government efforts and commitment to the SDGs remains far too low. The average score of the 74 countries assessed is 56 percent, with none even close to obtaining a perfect score.",0_6,0_24,,Attack,No Relationship,Support,No Relationship,No Relationship
"Investing in the SDGs is an investment agenda. In the most basic terms, the world must devote an increased portion of current output to building up sustainable capital assets for the future, and must deploy such assets effectively.","The Resolution adopted by the UN General Assembly on 25 September 2015, Transforming Our World: The 2030 Agenda for Sustainable Development, recognized from the start the importance of closely monitoring progress on the Goals.",0_6,0_25,,Support,Support,Support,No Relationship,No Relationship
"Investing in the SDGs is an investment agenda. In the most basic terms, the world must devote an increased portion of current output to building up sustainable capital assets for the future, and must deploy such assets effectively.","It is argued since 2017 that a combination of composite SDG metrics and dashboards is needed at the global, regional, and subnational levels to inform policies towards achieving complex integrated goals.",0_6,0_26,,Support,Support,Support,No Relationship,No Relationship
"Investing in the SDGs is an investment agenda. In the most basic terms, the world must devote an increased portion of current output to building up sustainable capital assets for the future, and must deploy such assets effectively.","In the 2030 Agenda for Sustainable Development and the associated New Urban Agenda, countries agreed to take action to provide cities with more accessible, well-connected infrastructure that would bring people into public spaces, and to enhance walkability through pedestrian accessibility.",0_6,0_27,,Support,Support,Support,No Relationship,No Relationship
"Investing in the SDGs is an investment agenda. In the most basic terms, the world must devote an increased portion of current output to building up sustainable capital assets for the future, and must deploy such assets effectively.",The SDG Index serves as a conversation opener within the research and policy community.,0_6,0_28,,No Relationship,Support,Support,No Relationship,No Relationship
"Investing in the SDGs is an investment agenda. In the most basic terms, the world must devote an increased portion of current output to building up sustainable capital assets for the future, and must deploy such assets effectively.","Rich European countries top the overall SDG Index. This reflects the nature of the SDGs, as European countries, particularly the Nordic economies, perform strongly on socioeconomic goals, relatively strongly on some local environmental priorities (for example, wastewater treatment, air pollution, or deforestation), and strongly on public institutions and the rule of law.",0_6,0_29,,No Relationship,Support,Support,No Relationship,No Relationship
"Investing in the SDGs is an investment agenda. In the most basic terms, the world must devote an increased portion of current output to building up sustainable capital assets for the future, and must deploy such assets effectively.","In response to feedback, since 2018 we have supplemented the SDG Index with other qualitative instruments to gauge government efforts and commitment to the SDGs, in cooperation with SDSN’s global network.",0_6,0_30,,No Relationship,Support,Support,No Relationship,No Relationship
"Investing in the SDGs is an investment agenda. In the most basic terms, the world must devote an increased portion of current output to building up sustainable capital assets for the future, and must deploy such assets effectively.","Building on the past ten years of work, including the SDG Index, TReNDS, and a number of SDSN’s initiatives, we draw five major lessons, which can serve as priorities to inform SDG policies and financing.",0_6,0_31,,Support,Support,Support,No Relationship,No Relationship
"In 2022, the United Nations Secretary-General appointed a High-Level Advisory Board on Effective Multilateralism, with a mandate to develop a list of concrete, actionable recommendations to improve international cooperation and advance the 2030 Agenda for Sustainable Development.",The greatest responsibility for achieving the SDGs and safeguarding the planetary boundaries lies with the G20 members.,0_7,0_8,,Support,No Relationship,Support,No Relationship,No Relationship
"In 2022, the United Nations Secretary-General appointed a High-Level Advisory Board on Effective Multilateralism, with a mandate to develop a list of concrete, actionable recommendations to improve international cooperation and advance the 2030 Agenda for Sustainable Development.",Achieving the SDGs will require a transformative global approach.,0_7,0_9,,Support,Support,Support,No Relationship,No Relationship
"In 2022, the United Nations Secretary-General appointed a High-Level Advisory Board on Effective Multilateralism, with a mandate to develop a list of concrete, actionable recommendations to improve international cooperation and advance the 2030 Agenda for Sustainable Development.",The “global financial architecture” (GFA) refers to the complex system of public and private finance that channels the world’s saving to the world’s investment.,0_7,0_10,,No Relationship,No Relationship,Support,No Relationship,No Relationship
"In 2022, the United Nations Secretary-General appointed a High-Level Advisory Board on Effective Multilateralism, with a mandate to develop a list of concrete, actionable recommendations to improve international cooperation and advance the 2030 Agenda for Sustainable Development.",The SDGs are not yet properly incorporated into global governance.,0_7,0_11,,Attack,No Relationship,Support,No Relationship,No Relationship
"In 2022, the United Nations Secretary-General appointed a High-Level Advisory Board on Effective Multilateralism, with a mandate to develop a list of concrete, actionable recommendations to improve international cooperation and advance the 2030 Agenda for Sustainable Development.","SDSN calls for, and is actively supporting, the development of similar regional-based sustainability plans with associated financing.",0_7,0_12,,Support,Support,Support,No Relationship,No Relationship
"In 2022, the United Nations Secretary-General appointed a High-Level Advisory Board on Effective Multilateralism, with a mandate to develop a list of concrete, actionable recommendations to improve international cooperation and advance the 2030 Agenda for Sustainable Development.","The continuing efforts of the SDSN is a testament to the vital role of peaceful and inclusive societies, as recognized by SDG 16, which underscores the need for global outreach and cooperation. ",0_7,0_13,,Support,Support,Support,No Relationship,No Relationship
"In 2022, the United Nations Secretary-General appointed a High-Level Advisory Board on Effective Multilateralism, with a mandate to develop a list of concrete, actionable recommendations to improve international cooperation and advance the 2030 Agenda for Sustainable Development.","For these reasons, we end our message with two urgent and timely calls for action:",0_7,0_14,,No Relationship,Support,Support,No Relationship,No Relationship
"In 2022, the United Nations Secretary-General appointed a High-Level Advisory Board on Effective Multilateralism, with a mandate to develop a list of concrete, actionable recommendations to improve international cooperation and advance the 2030 Agenda for Sustainable Development.","Although on average the world has made some progress in strengthening access to key infrastructure, covered notably under SDG6 (Clean Water and Sanitation), SDG7 (Affordable and Clean Energy) and SDG9 (Industry, Innovation and Infrastructure), this varies extensively across countries, and the world average remains too slow to achieve these SDGs globally by 2030.",0_7,0_15,,Support,No Relationship,Support,No Relationship,No Relationship
"In 2022, the United Nations Secretary-General appointed a High-Level Advisory Board on Effective Multilateralism, with a mandate to develop a list of concrete, actionable recommendations to improve international cooperation and advance the 2030 Agenda for Sustainable Development.",There is significant variation in progress by regions and income groups.,0_7,0_16,,No Relationship,No Relationship,No Relationship,No Relationship,No Relationship
"In 2022, the United Nations Secretary-General appointed a High-Level Advisory Board on Effective Multilateralism, with a mandate to develop a list of concrete, actionable recommendations to improve international cooperation and advance the 2030 Agenda for Sustainable Development.",The SDGs require long-term directed change and global cooperation. Long-term investment plans are essential for national success in meeting the goals.,0_7,0_17,,Support,Support,Support,No Relationship,No Relationship
"In 2022, the United Nations Secretary-General appointed a High-Level Advisory Board on Effective Multilateralism, with a mandate to develop a list of concrete, actionable recommendations to improve international cooperation and advance the 2030 Agenda for Sustainable Development.","Official high-level speeches and the preparation of VNRs (as the official government-led process to report on SDG progress, gaps, and policy efforts) provide relevant proxies to gauge political commitment to the SDGs.",0_7,0_18,,Support,Support,Support,No Relationship,No Relationship
"In 2022, the United Nations Secretary-General appointed a High-Level Advisory Board on Effective Multilateralism, with a mandate to develop a list of concrete, actionable recommendations to improve international cooperation and advance the 2030 Agenda for Sustainable Development.","47 countries have submitted a VNR this year: one will be presenting a VNR for the first time, 36 for the second time, and one for the third time.",0_7,0_19,,No Relationship,No Relationship,Support,No Relationship,No Relationship
"In 2022, the United Nations Secretary-General appointed a High-Level Advisory Board on Effective Multilateralism, with a mandate to develop a list of concrete, actionable recommendations to improve international cooperation and advance the 2030 Agenda for Sustainable Development.","SDG target 4.1 calls for universal access to 12 years of free primary and secondary education, with at least 9 years compulsory.",0_7,0_20,,No Relationship,Support,Support,No Relationship,No Relationship
"In 2022, the United Nations Secretary-General appointed a High-Level Advisory Board on Effective Multilateralism, with a mandate to develop a list of concrete, actionable recommendations to improve international cooperation and advance the 2030 Agenda for Sustainable Development.","By design, Transformation 5 calls for regional and local policy trackers. These would notably track efforts at the regional and city level to curb urban pollution, increase housing affordability, and strengthen mobility and access to public transport.",0_7,0_21,,No Relationship,Support,No Relationship,No Relationship,No Relationship
"In 2022, the United Nations Secretary-General appointed a High-Level Advisory Board on Effective Multilateralism, with a mandate to develop a list of concrete, actionable recommendations to improve international cooperation and advance the 2030 Agenda for Sustainable Development.",Achieving the SDGs requires global cooperation under the UN Charter.,0_7,0_22,,Support,Support,Support,No Relationship,No Relationship
"In 2022, the United Nations Secretary-General appointed a High-Level Advisory Board on Effective Multilateralism, with a mandate to develop a list of concrete, actionable recommendations to improve international cooperation and advance the 2030 Agenda for Sustainable Development.","SDG Integration into Sectoral Policies and Pathways is weighted 40% of the total score, SDG integration into sectoral policies and pathways is weighted 40%",0_7,0_23,,No Relationship,Support,Rephrase,No Relationship,No Relationship
"In 2022, the United Nations Secretary-General appointed a High-Level Advisory Board on Effective Multilateralism, with a mandate to develop a list of concrete, actionable recommendations to improve international cooperation and advance the 2030 Agenda for Sustainable Development.","At the midpoint of the 2030 Agenda, we draw five major conclusions from this comprehensive assessment of policy efforts and commitment to the SDGs (Table 3.6). First, government efforts and commitment to the SDGs remains far too low. The average score of the 74 countries assessed is 56 percent, with none even close to obtaining a perfect score.",0_7,0_24,,Support,No Relationship,Support,No Relationship,No Relationship
"In 2022, the United Nations Secretary-General appointed a High-Level Advisory Board on Effective Multilateralism, with a mandate to develop a list of concrete, actionable recommendations to improve international cooperation and advance the 2030 Agenda for Sustainable Development.","The Resolution adopted by the UN General Assembly on 25 September 2015, Transforming Our World: The 2030 Agenda for Sustainable Development, recognized from the start the importance of closely monitoring progress on the Goals.",0_7,0_25,,Support,Support,Support,No Relationship,No Relationship
"In 2022, the United Nations Secretary-General appointed a High-Level Advisory Board on Effective Multilateralism, with a mandate to develop a list of concrete, actionable recommendations to improve international cooperation and advance the 2030 Agenda for Sustainable Development.","It is argued since 2017 that a combination of composite SDG metrics and dashboards is needed at the global, regional, and subnational levels to inform policies towards achieving complex integrated goals.",0_7,0_26,,Support,Support,Support,No Relationship,No Relationship
"In 2022, the United Nations Secretary-General appointed a High-Level Advisory Board on Effective Multilateralism, with a mandate to develop a list of concrete, actionable recommendations to improve international cooperation and advance the 2030 Agenda for Sustainable Development.","In the 2030 Agenda for Sustainable Development and the associated New Urban Agenda, countries agreed to take action to provide cities with more accessible, well-connected infrastructure that would bring people into public spaces, and to enhance walkability through pedestrian accessibility.",0_7,0_27,,Support,Support,Support,No Relationship,No Relationship
"In 2022, the United Nations Secretary-General appointed a High-Level Advisory Board on Effective Multilateralism, with a mandate to develop a list of concrete, actionable recommendations to improve international cooperation and advance the 2030 Agenda for Sustainable Development.",The SDG Index serves as a conversation opener within the research and policy community.,0_7,0_28,,No Relationship,No Relationship,Support,No Relationship,No Relationship
"In 2022, the United Nations Secretary-General appointed a High-Level Advisory Board on Effective Multilateralism, with a mandate to develop a list of concrete, actionable recommendations to improve international cooperation and advance the 2030 Agenda for Sustainable Development.","Rich European countries top the overall SDG Index. This reflects the nature of the SDGs, as European countries, particularly the Nordic economies, perform strongly on socioeconomic goals, relatively strongly on some local environmental priorities (for example, wastewater treatment, air pollution, or deforestation), and strongly on public institutions and the rule of law.",0_7,0_29,,No Relationship,Support,Support,No Relationship,No Relationship
"In 2022, the United Nations Secretary-General appointed a High-Level Advisory Board on Effective Multilateralism, with a mandate to develop a list of concrete, actionable recommendations to improve international cooperation and advance the 2030 Agenda for Sustainable Development.","In response to feedback, since 2018 we have supplemented the SDG Index with other qualitative instruments to gauge government efforts and commitment to the SDGs, in cooperation with SDSN’s global network.",0_7,0_30,,No Relationship,Support,Support,No Relationship,No Relationship
"In 2022, the United Nations Secretary-General appointed a High-Level Advisory Board on Effective Multilateralism, with a mandate to develop a list of concrete, actionable recommendations to improve international cooperation and advance the 2030 Agenda for Sustainable Development.","Building on the past ten years of work, including the SDG Index, TReNDS, and a number of SDSN’s initiatives, we draw five major lessons, which can serve as priorities to inform SDG policies and financing.",0_7,0_31,,Support,Support,Support,No Relationship,No Relationship
The greatest responsibility for achieving the SDGs and safeguarding the planetary boundaries lies with the G20 members.,Achieving the SDGs will require a transformative global approach.,0_8,0_9,,Support,Support,Support,No Relationship,No Relationship
The greatest responsibility for achieving the SDGs and safeguarding the planetary boundaries lies with the G20 members.,The “global financial architecture” (GFA) refers to the complex system of public and private finance that channels the world’s saving to the world’s investment.,0_8,0_10,,No Relationship,No Relationship,Support,No Relationship,No Relationship
The greatest responsibility for achieving the SDGs and safeguarding the planetary boundaries lies with the G20 members.,The SDGs are not yet properly incorporated into global governance.,0_8,0_11,,Attack,No Relationship,Attack,No Relationship,No Relationship
The greatest responsibility for achieving the SDGs and safeguarding the planetary boundaries lies with the G20 members.,"SDSN calls for, and is actively supporting, the development of similar regional-based sustainability plans with associated financing.",0_8,0_12,,Support,Support,Support,No Relationship,No Relationship
The greatest responsibility for achieving the SDGs and safeguarding the planetary boundaries lies with the G20 members.,"The continuing efforts of the SDSN is a testament to the vital role of peaceful and inclusive societies, as recognized by SDG 16, which underscores the need for global outreach and cooperation. ",0_8,0_13,,Support,Support,Support,No Relationship,Attack
The greatest responsibility for achieving the SDGs and safeguarding the planetary boundaries lies with the G20 members.,"For these reasons, we end our message with two urgent and timely calls for action:",0_8,0_14,,No Relationship,Support,Support,No Relationship,No Relationship
The greatest responsibility for achieving the SDGs and safeguarding the planetary boundaries lies with the G20 members.,"Although on average the world has made some progress in strengthening access to key infrastructure, covered notably under SDG6 (Clean Water and Sanitation), SDG7 (Affordable and Clean Energy) and SDG9 (Industry, Innovation and Infrastructure), this varies extensively across countries, and the world average remains too slow to achieve these SDGs globally by 2030.",0_8,0_15,,Support,No Relationship,Support,No Relationship,No Relationship
The greatest responsibility for achieving the SDGs and safeguarding the planetary boundaries lies with the G20 members.,There is significant variation in progress by regions and income groups.,0_8,0_16,,No Relationship,No Relationship,No Relationship,No Relationship,No Relationship
The greatest responsibility for achieving the SDGs and safeguarding the planetary boundaries lies with the G20 members.,The SDGs require long-term directed change and global cooperation. Long-term investment plans are essential for national success in meeting the goals.,0_8,0_17,,Support,Support,Support,No Relationship,No Relationship
The greatest responsibility for achieving the SDGs and safeguarding the planetary boundaries lies with the G20 members.,"Official high-level speeches and the preparation of VNRs (as the official government-led process to report on SDG progress, gaps, and policy efforts) provide relevant proxies to gauge political commitment to the SDGs.",0_8,0_18,,Support,Support,Support,No Relationship,No Relationship
The greatest responsibility for achieving the SDGs and safeguarding the planetary boundaries lies with the G20 members.,"47 countries have submitted a VNR this year: one will be presenting a VNR for the first time, 36 for the second time, and one for the third time.",0_8,0_19,,No Relationship,No Relationship,No Relationship,No Relationship,No Relationship
The greatest responsibility for achieving the SDGs and safeguarding the planetary boundaries lies with the G20 members.,"SDG target 4.1 calls for universal access to 12 years of free primary and secondary education, with at least 9 years compulsory.",0_8,0_20,,No Relationship,Support,Support,No Relationship,No Relationship
The greatest responsibility for achieving the SDGs and safeguarding the planetary boundaries lies with the G20 members.,"By design, Transformation 5 calls for regional and local policy trackers. These would notably track efforts at the regional and city level to curb urban pollution, increase housing affordability, and strengthen mobility and access to public transport.",0_8,0_21,,No Relationship,Support,No Relationship,No Relationship,No Relationship
The greatest responsibility for achieving the SDGs and safeguarding the planetary boundaries lies with the G20 members.,Achieving the SDGs requires global cooperation under the UN Charter.,0_8,0_22,,Support,Support,Support,No Relationship,No Relationship
The greatest responsibility for achieving the SDGs and safeguarding the planetary boundaries lies with the G20 members.,"SDG Integration into Sectoral Policies and Pathways is weighted 40% of the total score, SDG integration into sectoral policies and pathways is weighted 40%",0_8,0_23,,No Relationship,Support,Support,No Relationship,No Relationship
The greatest responsibility for achieving the SDGs and safeguarding the planetary boundaries lies with the G20 members.,"At the midpoint of the 2030 Agenda, we draw five major conclusions from this comprehensive assessment of policy efforts and commitment to the SDGs (Table 3.6). First, government efforts and commitment to the SDGs remains far too low. The average score of the 74 countries assessed is 56 percent, with none even close to obtaining a perfect score.",0_8,0_24,,Attack,No Relationship,Support,No Relationship,No Relationship
The greatest responsibility for achieving the SDGs and safeguarding the planetary boundaries lies with the G20 members.,"The Resolution adopted by the UN General Assembly on 25 September 2015, Transforming Our World: The 2030 Agenda for Sustainable Development, recognized from the start the importance of closely monitoring progress on the Goals.",0_8,0_25,,No Relationship,Support,Support,No Relationship,No Relationship
The greatest responsibility for achieving the SDGs and safeguarding the planetary boundaries lies with the G20 members.,"It is argued since 2017 that a combination of composite SDG metrics and dashboards is needed at the global, regional, and subnational levels to inform policies towards achieving complex integrated goals.",0_8,0_26,,Support,Support,Support,No Relationship,No Relationship
The greatest responsibility for achieving the SDGs and safeguarding the planetary boundaries lies with the G20 members.,"In the 2030 Agenda for Sustainable Development and the associated New Urban Agenda, countries agreed to take action to provide cities with more accessible, well-connected infrastructure that would bring people into public spaces, and to enhance walkability through pedestrian accessibility.",0_8,0_27,,No Relationship,Support,Support,No Relationship,No Relationship
The greatest responsibility for achieving the SDGs and safeguarding the planetary boundaries lies with the G20 members.,The SDG Index serves as a conversation opener within the research and policy community.,0_8,0_28,,No Relationship,No Relationship,Support,No Relationship,No Relationship
The greatest responsibility for achieving the SDGs and safeguarding the planetary boundaries lies with the G20 members.,"Rich European countries top the overall SDG Index. This reflects the nature of the SDGs, as European countries, particularly the Nordic economies, perform strongly on socioeconomic goals, relatively strongly on some local environmental priorities (for example, wastewater treatment, air pollution, or deforestation), and strongly on public institutions and the rule of law.",0_8,0_29,,Attack,Support,Support,No Relationship,No Relationship
The greatest responsibility for achieving the SDGs and safeguarding the planetary boundaries lies with the G20 members.,"In response to feedback, since 2018 we have supplemented the SDG Index with other qualitative instruments to gauge government efforts and commitment to the SDGs, in cooperation with SDSN’s global network.",0_8,0_30,,No Relationship,Support,Support,No Relationship,No Relationship
The greatest responsibility for achieving the SDGs and safeguarding the planetary boundaries lies with the G20 members.,"Building on the past ten years of work, including the SDG Index, TReNDS, and a number of SDSN’s initiatives, we draw five major lessons, which can serve as priorities to inform SDG policies and financing.",0_8,0_31,,No Relationship,Support,Support,No Relationship,No Relationship
Achieving the SDGs will require a transformative global approach.,The “global financial architecture” (GFA) refers to the complex system of public and private finance that channels the world’s saving to the world’s investment.,0_9,0_10,,No Relationship,Support,Support,No Relationship,No Relationship
Achieving the SDGs will require a transformative global approach.,The SDGs are not yet properly incorporated into global governance.,0_9,0_11,,Attack,No Relationship,Support,No Relationship,No Relationship
Achieving the SDGs will require a transformative global approach.,"SDSN calls for, and is actively supporting, the development of similar regional-based sustainability plans with associated financing.",0_9,0_12,,Support,Support,Support,Attack,No Relationship
Achieving the SDGs will require a transformative global approach.,"The continuing efforts of the SDSN is a testament to the vital role of peaceful and inclusive societies, as recognized by SDG 16, which underscores the need for global outreach and cooperation. ",0_9,0_13,,Support,Support,Support,No Relationship,No Relationship
Achieving the SDGs will require a transformative global approach.,"For these reasons, we end our message with two urgent and timely calls for action:",0_9,0_14,,Support,Support,Support,No Relationship,No Relationship
Achieving the SDGs will require a transformative global approach.,"Although on average the world has made some progress in strengthening access to key infrastructure, covered notably under SDG6 (Clean Water and Sanitation), SDG7 (Affordable and Clean Energy) and SDG9 (Industry, Innovation and Infrastructure), this varies extensively across countries, and the world average remains too slow to achieve these SDGs globally by 2030.",0_9,0_15,,Support,Support,Support,No Relationship,No Relationship
Achieving the SDGs will require a transformative global approach.,There is significant variation in progress by regions and income groups.,0_9,0_16,,Attack,No Relationship,No Relationship,No Relationship,No Relationship
Achieving the SDGs will require a transformative global approach.,The SDGs require long-term directed change and global cooperation. Long-term investment plans are essential for national success in meeting the goals.,0_9,0_17,,Support,Support,Support,No Relationship,No Relationship
Achieving the SDGs will require a transformative global approach.,"Official high-level speeches and the preparation of VNRs (as the official government-led process to report on SDG progress, gaps, and policy efforts) provide relevant proxies to gauge political commitment to the SDGs.",0_9,0_18,,Support,Support,Support,No Relationship,No Relationship
Achieving the SDGs will require a transformative global approach.,"47 countries have submitted a VNR this year: one will be presenting a VNR for the first time, 36 for the second time, and one for the third time.",0_9,0_19,,Support,No Relationship,No Relationship,No Relationship,No Relationship
Achieving the SDGs will require a transformative global approach.,"SDG target 4.1 calls for universal access to 12 years of free primary and secondary education, with at least 9 years compulsory.",0_9,0_20,,Support,Support,Support,No Relationship,No Relationship
Achieving the SDGs will require a transformative global approach.,"By design, Transformation 5 calls for regional and local policy trackers. These would notably track efforts at the regional and city level to curb urban pollution, increase housing affordability, and strengthen mobility and access to public transport.",0_9,0_21,,Support,Support,Support,No Relationship,No Relationship
Achieving the SDGs will require a transformative global approach.,Achieving the SDGs requires global cooperation under the UN Charter.,0_9,0_22,,Support,Support,Rephrase,No Relationship,No Relationship
Achieving the SDGs will require a transformative global approach.,"SDG Integration into Sectoral Policies and Pathways is weighted 40% of the total score, SDG integration into sectoral policies and pathways is weighted 40%",0_9,0_23,,Support,Support,Support,No Relationship,No Relationship
Achieving the SDGs will require a transformative global approach.,"At the midpoint of the 2030 Agenda, we draw five major conclusions from this comprehensive assessment of policy efforts and commitment to the SDGs (Table 3.6). First, government efforts and commitment to the SDGs remains far too low. The average score of the 74 countries assessed is 56 percent, with none even close to obtaining a perfect score.",0_9,0_24,,Attack,No Relationship,Support,No Relationship,No Relationship
Achieving the SDGs will require a transformative global approach.,"The Resolution adopted by the UN General Assembly on 25 September 2015, Transforming Our World: The 2030 Agenda for Sustainable Development, recognized from the start the importance of closely monitoring progress on the Goals.",0_9,0_25,,Support,Support,Support,No Relationship,No Relationship
Achieving the SDGs will require a transformative global approach.,"It is argued since 2017 that a combination of composite SDG metrics and dashboards is needed at the global, regional, and subnational levels to inform policies towards achieving complex integrated goals.",0_9,0_26,,Support,Support,Support,No Relationship,No Relationship
Achieving the SDGs will require a transformative global approach.,"In the 2030 Agenda for Sustainable Development and the associated New Urban Agenda, countries agreed to take action to provide cities with more accessible, well-connected infrastructure that would bring people into public spaces, and to enhance walkability through pedestrian accessibility.",0_9,0_27,,Support,Support,Support,No Relationship,No Relationship
Achieving the SDGs will require a transformative global approach.,The SDG Index serves as a conversation opener within the research and policy community.,0_9,0_28,,Support,Support,Support,No Relationship,No Relationship
Achieving the SDGs will require a transformative global approach.,"Rich European countries top the overall SDG Index. This reflects the nature of the SDGs, as European countries, particularly the Nordic economies, perform strongly on socioeconomic goals, relatively strongly on some local environmental priorities (for example, wastewater treatment, air pollution, or deforestation), and strongly on public institutions and the rule of law.",0_9,0_29,,Attack,Support,Support,No Relationship,No Relationship
Achieving the SDGs will require a transformative global approach.,"In response to feedback, since 2018 we have supplemented the SDG Index with other qualitative instruments to gauge government efforts and commitment to the SDGs, in cooperation with SDSN’s global network.",0_9,0_30,,Support,Support,Support,No Relationship,No Relationship
Achieving the SDGs will require a transformative global approach.,"Building on the past ten years of work, including the SDG Index, TReNDS, and a number of SDSN’s initiatives, we draw five major lessons, which can serve as priorities to inform SDG policies and financing.",0_9,0_31,,Support,Support,Support,No Relationship,No Relationship
The “global financial architecture” (GFA) refers to the complex system of public and private finance that channels the world’s saving to the world’s investment.,The SDGs are not yet properly incorporated into global governance.,0_10,0_11,,No Relationship,No Relationship,Support,No Relationship,No Relationship
The “global financial architecture” (GFA) refers to the complex system of public and private finance that channels the world’s saving to the world’s investment.,"SDSN calls for, and is actively supporting, the development of similar regional-based sustainability plans with associated financing.",0_10,0_12,,No Relationship,Support,Support,No Relationship,No Relationship
The “global financial architecture” (GFA) refers to the complex system of public and private finance that channels the world’s saving to the world’s investment.,"The continuing efforts of the SDSN is a testament to the vital role of peaceful and inclusive societies, as recognized by SDG 16, which underscores the need for global outreach and cooperation. ",0_10,0_13,,No Relationship,Support,No Relationship,No Relationship,No Relationship
The “global financial architecture” (GFA) refers to the complex system of public and private finance that channels the world’s saving to the world’s investment.,"For these reasons, we end our message with two urgent and timely calls for action:",0_10,0_14,,No Relationship,Support,Support,No Relationship,No Relationship
The “global financial architecture” (GFA) refers to the complex system of public and private finance that channels the world’s saving to the world’s investment.,"Although on average the world has made some progress in strengthening access to key infrastructure, covered notably under SDG6 (Clean Water and Sanitation), SDG7 (Affordable and Clean Energy) and SDG9 (Industry, Innovation and Infrastructure), this varies extensively across countries, and the world average remains too slow to achieve these SDGs globally by 2030.",0_10,0_15,,No Relationship,No Relationship,No Relationship,No Relationship,No Relationship
The “global financial architecture” (GFA) refers to the complex system of public and private finance that channels the world’s saving to the world’s investment.,There is significant variation in progress by regions and income groups.,0_10,0_16,,No Relationship,No Relationship,No Relationship,No Relationship,No Relationship
The “global financial architecture” (GFA) refers to the complex system of public and private finance that channels the world’s saving to the world’s investment.,The SDGs require long-term directed change and global cooperation. Long-term investment plans are essential for national success in meeting the goals.,0_10,0_17,,Support,Support,Support,No Relationship,No Relationship
The “global financial architecture” (GFA) refers to the complex system of public and private finance that channels the world’s saving to the world’s investment.,"Official high-level speeches and the preparation of VNRs (as the official government-led process to report on SDG progress, gaps, and policy efforts) provide relevant proxies to gauge political commitment to the SDGs.",0_10,0_18,,No Relationship,Support,No Relationship,No Relationship,No Relationship
The “global financial architecture” (GFA) refers to the complex system of public and private finance that channels the world’s saving to the world’s investment.,"47 countries have submitted a VNR this year: one will be presenting a VNR for the first time, 36 for the second time, and one for the third time.",0_10,0_19,,No Relationship,No Relationship,No Relationship,No Relationship,No Relationship
The “global financial architecture” (GFA) refers to the complex system of public and private finance that channels the world’s saving to the world’s investment.,"SDG target 4.1 calls for universal access to 12 years of free primary and secondary education, with at least 9 years compulsory.",0_10,0_20,,No Relationship,Support,No Relationship,No Relationship,No Relationship
The “global financial architecture” (GFA) refers to the complex system of public and private finance that channels the world’s saving to the world’s investment.,"By design, Transformation 5 calls for regional and local policy trackers. These would notably track efforts at the regional and city level to curb urban pollution, increase housing affordability, and strengthen mobility and access to public transport.",0_10,0_21,,No Relationship,Support,No Relationship,No Relationship,No Relationship
The “global financial architecture” (GFA) refers to the complex system of public and private finance that channels the world’s saving to the world’s investment.,Achieving the SDGs requires global cooperation under the UN Charter.,0_10,0_22,,No Relationship,No Relationship,Support,No Relationship,No Relationship
The “global financial architecture” (GFA) refers to the complex system of public and private finance that channels the world’s saving to the world’s investment.,"SDG Integration into Sectoral Policies and Pathways is weighted 40% of the total score, SDG integration into sectoral policies and pathways is weighted 40%",0_10,0_23,,No Relationship,Support,No Relationship,Support,No Relationship
The “global financial architecture” (GFA) refers to the complex system of public and private finance that channels the world’s saving to the world’s investment.,"At the midpoint of the 2030 Agenda, we draw five major conclusions from this comprehensive assessment of policy efforts and commitment to the SDGs (Table 3.6). First, government efforts and commitment to the SDGs remains far too low. The average score of the 74 countries assessed is 56 percent, with none even close to obtaining a perfect score.",0_10,0_24,,No Relationship,No Relationship,No Relationship,No Relationship,No Relationship
The “global financial architecture” (GFA) refers to the complex system of public and private finance that channels the world’s saving to the world’s investment.,"The Resolution adopted by the UN General Assembly on 25 September 2015, Transforming Our World: The 2030 Agenda for Sustainable Development, recognized from the start the importance of closely monitoring progress on the Goals.",0_10,0_25,,No Relationship,Support,Support,No Relationship,No Relationship
The “global financial architecture” (GFA) refers to the complex system of public and private finance that channels the world’s saving to the world’s investment.,"It is argued since 2017 that a combination of composite SDG metrics and dashboards is needed at the global, regional, and subnational levels to inform policies towards achieving complex integrated goals.",0_10,0_26,,No Relationship,Support,Support,No Relationship,No Relationship
The “global financial architecture” (GFA) refers to the complex system of public and private finance that channels the world’s saving to the world’s investment.,"In the 2030 Agenda for Sustainable Development and the associated New Urban Agenda, countries agreed to take action to provide cities with more accessible, well-connected infrastructure that would bring people into public spaces, and to enhance walkability through pedestrian accessibility.",0_10,0_27,,No Relationship,Support,No Relationship,No Relationship,No Relationship
The “global financial architecture” (GFA) refers to the complex system of public and private finance that channels the world’s saving to the world’s investment.,The SDG Index serves as a conversation opener within the research and policy community.,0_10,0_28,,No Relationship,No Relationship,No Relationship,No Relationship,No Relationship
The “global financial architecture” (GFA) refers to the complex system of public and private finance that channels the world’s saving to the world’s investment.,"Rich European countries top the overall SDG Index. This reflects the nature of the SDGs, as European countries, particularly the Nordic economies, perform strongly on socioeconomic goals, relatively strongly on some local environmental priorities (for example, wastewater treatment, air pollution, or deforestation), and strongly on public institutions and the rule of law.",0_10,0_29,,No Relationship,Support,No Relationship,No Relationship,No Relationship
The “global financial architecture” (GFA) refers to the complex system of public and private finance that channels the world’s saving to the world’s investment.,"In response to feedback, since 2018 we have supplemented the SDG Index with other qualitative instruments to gauge government efforts and commitment to the SDGs, in cooperation with SDSN’s global network.",0_10,0_30,,No Relationship,Support,No Relationship,No Relationship,No Relationship
The “global financial architecture” (GFA) refers to the complex system of public and private finance that channels the world’s saving to the world’s investment.,"Building on the past ten years of work, including the SDG Index, TReNDS, and a number of SDSN’s initiatives, we draw five major lessons, which can serve as priorities to inform SDG policies and financing.",0_10,0_31,,No Relationship,Support,No Relationship,No Relationship,No Relationship
The SDGs are not yet properly incorporated into global governance.,"SDSN calls for, and is actively supporting, the development of similar regional-based sustainability plans with associated financing.",0_11,0_12,,Support,Support,Support,No Relationship,No Relationship
The SDGs are not yet properly incorporated into global governance.,"The continuing efforts of the SDSN is a testament to the vital role of peaceful and inclusive societies, as recognized by SDG 16, which underscores the need for global outreach and cooperation. ",0_11,0_13,,Support,Support,Attack,No Relationship,Attack
The SDGs are not yet properly incorporated into global governance.,"For these reasons, we end our message with two urgent and timely calls for action:",0_11,0_14,,Attack,Support,Support,No Relationship,No Relationship
The SDGs are not yet properly incorporated into global governance.,"Although on average the world has made some progress in strengthening access to key infrastructure, covered notably under SDG6 (Clean Water and Sanitation), SDG7 (Affordable and Clean Energy) and SDG9 (Industry, Innovation and Infrastructure), this varies extensively across countries, and the world average remains too slow to achieve these SDGs globally by 2030.",0_11,0_15,,Support,Support,Support,No Relationship,No Relationship
The SDGs are not yet properly incorporated into global governance.,There is significant variation in progress by regions and income groups.,0_11,0_16,,Support,No Relationship,Support,No Relationship,No Relationship
The SDGs are not yet properly incorporated into global governance.,The SDGs require long-term directed change and global cooperation. Long-term investment plans are essential for national success in meeting the goals.,0_11,0_17,,Support,Support,Attack,No Relationship,No Relationship
The SDGs are not yet properly incorporated into global governance.,"Official high-level speeches and the preparation of VNRs (as the official government-led process to report on SDG progress, gaps, and policy efforts) provide relevant proxies to gauge political commitment to the SDGs.",0_11,0_18,,Support,Support,Attack,No Relationship,No Relationship
The SDGs are not yet properly incorporated into global governance.,"47 countries have submitted a VNR this year: one will be presenting a VNR for the first time, 36 for the second time, and one for the third time.",0_11,0_19,,Support,No Relationship,No Relationship,No Relationship,No Relationship
The SDGs are not yet properly incorporated into global governance.,"SDG target 4.1 calls for universal access to 12 years of free primary and secondary education, with at least 9 years compulsory.",0_11,0_20,,No Relationship,Support,Attack,No Relationship,No Relationship
The SDGs are not yet properly incorporated into global governance.,"By design, Transformation 5 calls for regional and local policy trackers. These would notably track efforts at the regional and city level to curb urban pollution, increase housing affordability, and strengthen mobility and access to public transport.",0_11,0_21,,Support,Support,Support,No Relationship,No Relationship
The SDGs are not yet properly incorporated into global governance.,Achieving the SDGs requires global cooperation under the UN Charter.,0_11,0_22,,Support,Support,Attack,No Relationship,No Relationship
The SDGs are not yet properly incorporated into global governance.,"SDG Integration into Sectoral Policies and Pathways is weighted 40% of the total score, SDG integration into sectoral policies and pathways is weighted 40%",0_11,0_23,,Support,No Relationship,Rephrase,No Relationship,No Relationship
The SDGs are not yet properly incorporated into global governance.,"At the midpoint of the 2030 Agenda, we draw five major conclusions from this comprehensive assessment of policy efforts and commitment to the SDGs (Table 3.6). First, government efforts and commitment to the SDGs remains far too low. The average score of the 74 countries assessed is 56 percent, with none even close to obtaining a perfect score.",0_11,0_24,,Support,Support,Support,No Relationship,No Relationship
The SDGs are not yet properly incorporated into global governance.,"The Resolution adopted by the UN General Assembly on 25 September 2015, Transforming Our World: The 2030 Agenda for Sustainable Development, recognized from the start the importance of closely monitoring progress on the Goals.",0_11,0_25,,Attack,No Relationship,Attack,No Relationship,Attack
The SDGs are not yet properly incorporated into global governance.,"It is argued since 2017 that a combination of composite SDG metrics and dashboards is needed at the global, regional, and subnational levels to inform policies towards achieving complex integrated goals.",0_11,0_26,,Support,Support,Support,No Relationship,No Relationship
The SDGs are not yet properly incorporated into global governance.,"In the 2030 Agenda for Sustainable Development and the associated New Urban Agenda, countries agreed to take action to provide cities with more accessible, well-connected infrastructure that would bring people into public spaces, and to enhance walkability through pedestrian accessibility.",0_11,0_27,,Attack,Support,Attack,No Relationship,Attack
The SDGs are not yet properly incorporated into global governance.,The SDG Index serves as a conversation opener within the research and policy community.,0_11,0_28,,Support,No Relationship,Support,No Relationship,No Relationship
The SDGs are not yet properly incorporated into global governance.,"Rich European countries top the overall SDG Index. This reflects the nature of the SDGs, as European countries, particularly the Nordic economies, perform strongly on socioeconomic goals, relatively strongly on some local environmental priorities (for example, wastewater treatment, air pollution, or deforestation), and strongly on public institutions and the rule of law.",0_11,0_29,,Attack,Support,Attack,No Relationship,No Relationship
The SDGs are not yet properly incorporated into global governance.,"In response to feedback, since 2018 we have supplemented the SDG Index with other qualitative instruments to gauge government efforts and commitment to the SDGs, in cooperation with SDSN’s global network.",0_11,0_30,,Support,Support,Support,No Relationship,No Relationship
The SDGs are not yet properly incorporated into global governance.,"Building on the past ten years of work, including the SDG Index, TReNDS, and a number of SDSN’s initiatives, we draw five major lessons, which can serve as priorities to inform SDG policies and financing.",0_11,0_31,,Support,Support,Support,No Relationship,No Relationship
"SDSN calls for, and is actively supporting, the development of similar regional-based sustainability plans with associated financing.","The continuing efforts of the SDSN is a testament to the vital role of peaceful and inclusive societies, as recognized by SDG 16, which underscores the need for global outreach and cooperation. ",0_12,0_13,,Support,Support,Support,No Relationship,No Relationship
"SDSN calls for, and is actively supporting, the development of similar regional-based sustainability plans with associated financing.","For these reasons, we end our message with two urgent and timely calls for action:",0_12,0_14,,No Relationship,Support,Support,No Relationship,No Relationship
"SDSN calls for, and is actively supporting, the development of similar regional-based sustainability plans with associated financing.","Although on average the world has made some progress in strengthening access to key infrastructure, covered notably under SDG6 (Clean Water and Sanitation), SDG7 (Affordable and Clean Energy) and SDG9 (Industry, Innovation and Infrastructure), this varies extensively across countries, and the world average remains too slow to achieve these SDGs globally by 2030.",0_12,0_15,,No Relationship,No Relationship,No Relationship,No Relationship,No Relationship
"SDSN calls for, and is actively supporting, the development of similar regional-based sustainability plans with associated financing.",There is significant variation in progress by regions and income groups.,0_12,0_16,,Attack,No Relationship,Support,No Relationship,No Relationship
"SDSN calls for, and is actively supporting, the development of similar regional-based sustainability plans with associated financing.",The SDGs require long-term directed change and global cooperation. Long-term investment plans are essential for national success in meeting the goals.,0_12,0_17,,Support,Support,Support,No Relationship,No Relationship
"SDSN calls for, and is actively supporting, the development of similar regional-based sustainability plans with associated financing.","Official high-level speeches and the preparation of VNRs (as the official government-led process to report on SDG progress, gaps, and policy efforts) provide relevant proxies to gauge political commitment to the SDGs.",0_12,0_18,,No Relationship,Support,No Relationship,No Relationship,No Relationship
"SDSN calls for, and is actively supporting, the development of similar regional-based sustainability plans with associated financing.","47 countries have submitted a VNR this year: one will be presenting a VNR for the first time, 36 for the second time, and one for the third time.",0_12,0_19,,No Relationship,Support,No Relationship,No Relationship,No Relationship
"SDSN calls for, and is actively supporting, the development of similar regional-based sustainability plans with associated financing.","SDG target 4.1 calls for universal access to 12 years of free primary and secondary education, with at least 9 years compulsory.",0_12,0_20,,No Relationship,Support,No Relationship,No Relationship,No Relationship
"SDSN calls for, and is actively supporting, the development of similar regional-based sustainability plans with associated financing.","By design, Transformation 5 calls for regional and local policy trackers. These would notably track efforts at the regional and city level to curb urban pollution, increase housing affordability, and strengthen mobility and access to public transport.",0_12,0_21,,Support,Support,Support,No Relationship,No Relationship
"SDSN calls for, and is actively supporting, the development of similar regional-based sustainability plans with associated financing.",Achieving the SDGs requires global cooperation under the UN Charter.,0_12,0_22,,Support,Support,Support,No Relationship,No Relationship
"SDSN calls for, and is actively supporting, the development of similar regional-based sustainability plans with associated financing.","SDG Integration into Sectoral Policies and Pathways is weighted 40% of the total score, SDG integration into sectoral policies and pathways is weighted 40%",0_12,0_23,,No Relationship,Support,No Relationship,No Relationship,No Relationship
"SDSN calls for, and is actively supporting, the development of similar regional-based sustainability plans with associated financing.","At the midpoint of the 2030 Agenda, we draw five major conclusions from this comprehensive assessment of policy efforts and commitment to the SDGs (Table 3.6). First, government efforts and commitment to the SDGs remains far too low. The average score of the 74 countries assessed is 56 percent, with none even close to obtaining a perfect score.",0_12,0_24,,Attack,No Relationship,No Relationship,No Relationship,No Relationship
"SDSN calls for, and is actively supporting, the development of similar regional-based sustainability plans with associated financing.","The Resolution adopted by the UN General Assembly on 25 September 2015, Transforming Our World: The 2030 Agenda for Sustainable Development, recognized from the start the importance of closely monitoring progress on the Goals.",0_12,0_25,,No Relationship,Support,No Relationship,No Relationship,No Relationship
"SDSN calls for, and is actively supporting, the development of similar regional-based sustainability plans with associated financing.","It is argued since 2017 that a combination of composite SDG metrics and dashboards is needed at the global, regional, and subnational levels to inform policies towards achieving complex integrated goals.",0_12,0_26,,Support,Support,Support,No Relationship,No Relationship
"SDSN calls for, and is actively supporting, the development of similar regional-based sustainability plans with associated financing.","In the 2030 Agenda for Sustainable Development and the associated New Urban Agenda, countries agreed to take action to provide cities with more accessible, well-connected infrastructure that would bring people into public spaces, and to enhance walkability through pedestrian accessibility.",0_12,0_27,,Support,Support,No Relationship,No Relationship,No Relationship
"SDSN calls for, and is actively supporting, the development of similar regional-based sustainability plans with associated financing.",The SDG Index serves as a conversation opener within the research and policy community.,0_12,0_28,,No Relationship,No Relationship,Support,No Relationship,No Relationship
"SDSN calls for, and is actively supporting, the development of similar regional-based sustainability plans with associated financing.","Rich European countries top the overall SDG Index. This reflects the nature of the SDGs, as European countries, particularly the Nordic economies, perform strongly on socioeconomic goals, relatively strongly on some local environmental priorities (for example, wastewater treatment, air pollution, or deforestation), and strongly on public institutions and the rule of law.",0_12,0_29,,No Relationship,Support,No Relationship,No Relationship,No Relationship
"SDSN calls for, and is actively supporting, the development of similar regional-based sustainability plans with associated financing.","In response to feedback, since 2018 we have supplemented the SDG Index with other qualitative instruments to gauge government efforts and commitment to the SDGs, in cooperation with SDSN’s global network.",0_12,0_30,,No Relationship,Support,Support,No Relationship,No Relationship
"SDSN calls for, and is actively supporting, the development of similar regional-based sustainability plans with associated financing.","Building on the past ten years of work, including the SDG Index, TReNDS, and a number of SDSN’s initiatives, we draw five major lessons, which can serve as priorities to inform SDG policies and financing.",0_12,0_31,,Support,Support,Support,No Relationship,No Relationship
"The continuing efforts of the SDSN is a testament to the vital role of peaceful and inclusive societies, as recognized by SDG 16, which underscores the need for global outreach and cooperation. ","For these reasons, we end our message with two urgent and timely calls for action:",0_13,0_14,,No Relationship,Support,Support,No Relationship,No Relationship
"The continuing efforts of the SDSN is a testament to the vital role of peaceful and inclusive societies, as recognized by SDG 16, which underscores the need for global outreach and cooperation. ","Although on average the world has made some progress in strengthening access to key infrastructure, covered notably under SDG6 (Clean Water and Sanitation), SDG7 (Affordable and Clean Energy) and SDG9 (Industry, Innovation and Infrastructure), this varies extensively across countries, and the world average remains too slow to achieve these SDGs globally by 2030.",0_13,0_15,,No Relationship,No Relationship,Support,No Relationship,No Relationship
"The continuing efforts of the SDSN is a testament to the vital role of peaceful and inclusive societies, as recognized by SDG 16, which underscores the need for global outreach and cooperation. ",There is significant variation in progress by regions and income groups.,0_13,0_16,,No Relationship,No Relationship,No Relationship,No Relationship,No Relationship
"The continuing efforts of the SDSN is a testament to the vital role of peaceful and inclusive societies, as recognized by SDG 16, which underscores the need for global outreach and cooperation. ",The SDGs require long-term directed change and global cooperation. Long-term investment plans are essential for national success in meeting the goals.,0_13,0_17,,Support,Support,Rephrase,No Relationship,No Relationship
"The continuing efforts of the SDSN is a testament to the vital role of peaceful and inclusive societies, as recognized by SDG 16, which underscores the need for global outreach and cooperation. ","Official high-level speeches and the preparation of VNRs (as the official government-led process to report on SDG progress, gaps, and policy efforts) provide relevant proxies to gauge political commitment to the SDGs.",0_13,0_18,,Support,Support,Support,No Relationship,No Relationship
"The continuing efforts of the SDSN is a testament to the vital role of peaceful and inclusive societies, as recognized by SDG 16, which underscores the need for global outreach and cooperation. ","47 countries have submitted a VNR this year: one will be presenting a VNR for the first time, 36 for the second time, and one for the third time.",0_13,0_19,,Support,Support,No Relationship,No Relationship,No Relationship
"The continuing efforts of the SDSN is a testament to the vital role of peaceful and inclusive societies, as recognized by SDG 16, which underscores the need for global outreach and cooperation. ","SDG target 4.1 calls for universal access to 12 years of free primary and secondary education, with at least 9 years compulsory.",0_13,0_20,,No Relationship,Support,Support,No Relationship,No Relationship
"The continuing efforts of the SDSN is a testament to the vital role of peaceful and inclusive societies, as recognized by SDG 16, which underscores the need for global outreach and cooperation. ","By design, Transformation 5 calls for regional and local policy trackers. These would notably track efforts at the regional and city level to curb urban pollution, increase housing affordability, and strengthen mobility and access to public transport.",0_13,0_21,,Support,Support,No Relationship,No Relationship,No Relationship
"The continuing efforts of the SDSN is a testament to the vital role of peaceful and inclusive societies, as recognized by SDG 16, which underscores the need for global outreach and cooperation. ",Achieving the SDGs requires global cooperation under the UN Charter.,0_13,0_22,,Support,Support,Rephrase,No Relationship,No Relationship
"The continuing efforts of the SDSN is a testament to the vital role of peaceful and inclusive societies, as recognized by SDG 16, which underscores the need for global outreach and cooperation. ","SDG Integration into Sectoral Policies and Pathways is weighted 40% of the total score, SDG integration into sectoral policies and pathways is weighted 40%",0_13,0_23,,No Relationship,Support,Rephrase,No Relationship,No Relationship
"The continuing efforts of the SDSN is a testament to the vital role of peaceful and inclusive societies, as recognized by SDG 16, which underscores the need for global outreach and cooperation. ","At the midpoint of the 2030 Agenda, we draw five major conclusions from this comprehensive assessment of policy efforts and commitment to the SDGs (Table 3.6). First, government efforts and commitment to the SDGs remains far too low. The average score of the 74 countries assessed is 56 percent, with none even close to obtaining a perfect score.",0_13,0_24,,Attack,No Relationship,Support,No Relationship,No Relationship
"The continuing efforts of the SDSN is a testament to the vital role of peaceful and inclusive societies, as recognized by SDG 16, which underscores the need for global outreach and cooperation. ","The Resolution adopted by the UN General Assembly on 25 September 2015, Transforming Our World: The 2030 Agenda for Sustainable Development, recognized from the start the importance of closely monitoring progress on the Goals.",0_13,0_25,,Support,Support,Support,No Relationship,No Relationship
"The continuing efforts of the SDSN is a testament to the vital role of peaceful and inclusive societies, as recognized by SDG 16, which underscores the need for global outreach and cooperation. ","It is argued since 2017 that a combination of composite SDG metrics and dashboards is needed at the global, regional, and subnational levels to inform policies towards achieving complex integrated goals.",0_13,0_26,,Support,Support,Support,No Relationship,No Relationship
"The continuing efforts of the SDSN is a testament to the vital role of peaceful and inclusive societies, as recognized by SDG 16, which underscores the need for global outreach and cooperation. ","In the 2030 Agenda for Sustainable Development and the associated New Urban Agenda, countries agreed to take action to provide cities with more accessible, well-connected infrastructure that would bring people into public spaces, and to enhance walkability through pedestrian accessibility.",0_13,0_27,,Support,Support,No Relationship,No Relationship,No Relationship
"The continuing efforts of the SDSN is a testament to the vital role of peaceful and inclusive societies, as recognized by SDG 16, which underscores the need for global outreach and cooperation. ",The SDG Index serves as a conversation opener within the research and policy community.,0_13,0_28,,No Relationship,Support,Support,No Relationship,No Relationship
"The continuing efforts of the SDSN is a testament to the vital role of peaceful and inclusive societies, as recognized by SDG 16, which underscores the need for global outreach and cooperation. ","Rich European countries top the overall SDG Index. This reflects the nature of the SDGs, as European countries, particularly the Nordic economies, perform strongly on socioeconomic goals, relatively strongly on some local environmental priorities (for example, wastewater treatment, air pollution, or deforestation), and strongly on public institutions and the rule of law.",0_13,0_29,,No Relationship,Support,Support,No Relationship,No Relationship
"The continuing efforts of the SDSN is a testament to the vital role of peaceful and inclusive societies, as recognized by SDG 16, which underscores the need for global outreach and cooperation. ","In response to feedback, since 2018 we have supplemented the SDG Index with other qualitative instruments to gauge government efforts and commitment to the SDGs, in cooperation with SDSN’s global network.",0_13,0_30,,Support,Support,Support,No Relationship,No Relationship
"The continuing efforts of the SDSN is a testament to the vital role of peaceful and inclusive societies, as recognized by SDG 16, which underscores the need for global outreach and cooperation. ","Building on the past ten years of work, including the SDG Index, TReNDS, and a number of SDSN’s initiatives, we draw five major lessons, which can serve as priorities to inform SDG policies and financing.",0_13,0_31,,Support,Support,Support,No Relationship,No Relationship
"For these reasons, we end our message with two urgent and timely calls for action:","Although on average the world has made some progress in strengthening access to key infrastructure, covered notably under SDG6 (Clean Water and Sanitation), SDG7 (Affordable and Clean Energy) and SDG9 (Industry, Innovation and Infrastructure), this varies extensively across countries, and the world average remains too slow to achieve these SDGs globally by 2030.",0_14,0_15,,Support,Support,Support,No Relationship,No Relationship
"For these reasons, we end our message with two urgent and timely calls for action:",There is significant variation in progress by regions and income groups.,0_14,0_16,,No Relationship,No Relationship,No Relationship,No Relationship,No Relationship
"For these reasons, we end our message with two urgent and timely calls for action:",The SDGs require long-term directed change and global cooperation. Long-term investment plans are essential for national success in meeting the goals.,0_14,0_17,,Support,Support,Support,No Relationship,No Relationship
"For these reasons, we end our message with two urgent and timely calls for action:","Official high-level speeches and the preparation of VNRs (as the official government-led process to report on SDG progress, gaps, and policy efforts) provide relevant proxies to gauge political commitment to the SDGs.",0_14,0_18,,No Relationship,Support,No Relationship,No Relationship,No Relationship
"For these reasons, we end our message with two urgent and timely calls for action:","47 countries have submitted a VNR this year: one will be presenting a VNR for the first time, 36 for the second time, and one for the third time.",0_14,0_19,,No Relationship,Support,No Relationship,No Relationship,No Relationship
"For these reasons, we end our message with two urgent and timely calls for action:","SDG target 4.1 calls for universal access to 12 years of free primary and secondary education, with at least 9 years compulsory.",0_14,0_20,,Support,Support,Support,No Relationship,No Relationship
"For these reasons, we end our message with two urgent and timely calls for action:","By design, Transformation 5 calls for regional and local policy trackers. These would notably track efforts at the regional and city level to curb urban pollution, increase housing affordability, and strengthen mobility and access to public transport.",0_14,0_21,,Support,Support,No Relationship,No Relationship,No Relationship
"For these reasons, we end our message with two urgent and timely calls for action:",Achieving the SDGs requires global cooperation under the UN Charter.,0_14,0_22,,Support,Support,Support,No Relationship,No Relationship
"For these reasons, we end our message with two urgent and timely calls for action:","SDG Integration into Sectoral Policies and Pathways is weighted 40% of the total score, SDG integration into sectoral policies and pathways is weighted 40%",0_14,0_23,,No Relationship,Support,No Relationship,No Relationship,No Relationship
"For these reasons, we end our message with two urgent and timely calls for action:","At the midpoint of the 2030 Agenda, we draw five major conclusions from this comprehensive assessment of policy efforts and commitment to the SDGs (Table 3.6). First, government efforts and commitment to the SDGs remains far too low. The average score of the 74 countries assessed is 56 percent, with none even close to obtaining a perfect score.",0_14,0_24,,No Relationship,Support,Support,No Relationship,No Relationship
"For these reasons, we end our message with two urgent and timely calls for action:","The Resolution adopted by the UN General Assembly on 25 September 2015, Transforming Our World: The 2030 Agenda for Sustainable Development, recognized from the start the importance of closely monitoring progress on the Goals.",0_14,0_25,,No Relationship,Support,Support,No Relationship,No Relationship
"For these reasons, we end our message with two urgent and timely calls for action:","It is argued since 2017 that a combination of composite SDG metrics and dashboards is needed at the global, regional, and subnational levels to inform policies towards achieving complex integrated goals.",0_14,0_26,,No Relationship,Support,No Relationship,No Relationship,No Relationship
"For these reasons, we end our message with two urgent and timely calls for action:","In the 2030 Agenda for Sustainable Development and the associated New Urban Agenda, countries agreed to take action to provide cities with more accessible, well-connected infrastructure that would bring people into public spaces, and to enhance walkability through pedestrian accessibility.",0_14,0_27,,Support,Support,No Relationship,No Relationship,No Relationship
"For these reasons, we end our message with two urgent and timely calls for action:",The SDG Index serves as a conversation opener within the research and policy community.,0_14,0_28,,No Relationship,Support,Support,No Relationship,No Relationship
"For these reasons, we end our message with two urgent and timely calls for action:","Rich European countries top the overall SDG Index. This reflects the nature of the SDGs, as European countries, particularly the Nordic economies, perform strongly on socioeconomic goals, relatively strongly on some local environmental priorities (for example, wastewater treatment, air pollution, or deforestation), and strongly on public institutions and the rule of law.",0_14,0_29,,No Relationship,Support,No Relationship,No Relationship,No Relationship
"For these reasons, we end our message with two urgent and timely calls for action:","In response to feedback, since 2018 we have supplemented the SDG Index with other qualitative instruments to gauge government efforts and commitment to the SDGs, in cooperation with SDSN’s global network.",0_14,0_30,,No Relationship,Support,No Relationship,No Relationship,No Relationship
"For these reasons, we end our message with two urgent and timely calls for action:","Building on the past ten years of work, including the SDG Index, TReNDS, and a number of SDSN’s initiatives, we draw five major lessons, which can serve as priorities to inform SDG policies and financing.",0_14,0_31,,No Relationship,Support,Support,No Relationship,No Relationship
"Although on average the world has made some progress in strengthening access to key infrastructure, covered notably under SDG6 (Clean Water and Sanitation), SDG7 (Affordable and Clean Energy) and SDG9 (Industry, Innovation and Infrastructure), this varies extensively across countries, and the world average remains too slow to achieve these SDGs globally by 2030.",There is significant variation in progress by regions and income groups.,0_15,0_16,,Support,No Relationship,Rephrase,No Relationship,No Relationship
"Although on average the world has made some progress in strengthening access to key infrastructure, covered notably under SDG6 (Clean Water and Sanitation), SDG7 (Affordable and Clean Energy) and SDG9 (Industry, Innovation and Infrastructure), this varies extensively across countries, and the world average remains too slow to achieve these SDGs globally by 2030.",The SDGs require long-term directed change and global cooperation. Long-term investment plans are essential for national success in meeting the goals.,0_15,0_17,,Support,Support,Support,No Relationship,No Relationship
"Although on average the world has made some progress in strengthening access to key infrastructure, covered notably under SDG6 (Clean Water and Sanitation), SDG7 (Affordable and Clean Energy) and SDG9 (Industry, Innovation and Infrastructure), this varies extensively across countries, and the world average remains too slow to achieve these SDGs globally by 2030.","Official high-level speeches and the preparation of VNRs (as the official government-led process to report on SDG progress, gaps, and policy efforts) provide relevant proxies to gauge political commitment to the SDGs.",0_15,0_18,,No Relationship,Support,Support,No Relationship,No Relationship
"Although on average the world has made some progress in strengthening access to key infrastructure, covered notably under SDG6 (Clean Water and Sanitation), SDG7 (Affordable and Clean Energy) and SDG9 (Industry, Innovation and Infrastructure), this varies extensively across countries, and the world average remains too slow to achieve these SDGs globally by 2030.","47 countries have submitted a VNR this year: one will be presenting a VNR for the first time, 36 for the second time, and one for the third time.",0_15,0_19,,No Relationship,No Relationship,No Relationship,No Relationship,No Relationship
"Although on average the world has made some progress in strengthening access to key infrastructure, covered notably under SDG6 (Clean Water and Sanitation), SDG7 (Affordable and Clean Energy) and SDG9 (Industry, Innovation and Infrastructure), this varies extensively across countries, and the world average remains too slow to achieve these SDGs globally by 2030.","SDG target 4.1 calls for universal access to 12 years of free primary and secondary education, with at least 9 years compulsory.",0_15,0_20,,No Relationship,Support,Support,No Relationship,No Relationship
"Although on average the world has made some progress in strengthening access to key infrastructure, covered notably under SDG6 (Clean Water and Sanitation), SDG7 (Affordable and Clean Energy) and SDG9 (Industry, Innovation and Infrastructure), this varies extensively across countries, and the world average remains too slow to achieve these SDGs globally by 2030.","By design, Transformation 5 calls for regional and local policy trackers. These would notably track efforts at the regional and city level to curb urban pollution, increase housing affordability, and strengthen mobility and access to public transport.",0_15,0_21,,Support,Support,Support,No Relationship,No Relationship
"Although on average the world has made some progress in strengthening access to key infrastructure, covered notably under SDG6 (Clean Water and Sanitation), SDG7 (Affordable and Clean Energy) and SDG9 (Industry, Innovation and Infrastructure), this varies extensively across countries, and the world average remains too slow to achieve these SDGs globally by 2030.",Achieving the SDGs requires global cooperation under the UN Charter.,0_15,0_22,,Support,Support,Support,No Relationship,No Relationship
"Although on average the world has made some progress in strengthening access to key infrastructure, covered notably under SDG6 (Clean Water and Sanitation), SDG7 (Affordable and Clean Energy) and SDG9 (Industry, Innovation and Infrastructure), this varies extensively across countries, and the world average remains too slow to achieve these SDGs globally by 2030.","SDG Integration into Sectoral Policies and Pathways is weighted 40% of the total score, SDG integration into sectoral policies and pathways is weighted 40%",0_15,0_23,,No Relationship,Support,Rephrase,No Relationship,No Relationship
"Although on average the world has made some progress in strengthening access to key infrastructure, covered notably under SDG6 (Clean Water and Sanitation), SDG7 (Affordable and Clean Energy) and SDG9 (Industry, Innovation and Infrastructure), this varies extensively across countries, and the world average remains too slow to achieve these SDGs globally by 2030.","At the midpoint of the 2030 Agenda, we draw five major conclusions from this comprehensive assessment of policy efforts and commitment to the SDGs (Table 3.6). First, government efforts and commitment to the SDGs remains far too low. The average score of the 74 countries assessed is 56 percent, with none even close to obtaining a perfect score.",0_15,0_24,,Support,Attack,Support,No Relationship,No Relationship
"Although on average the world has made some progress in strengthening access to key infrastructure, covered notably under SDG6 (Clean Water and Sanitation), SDG7 (Affordable and Clean Energy) and SDG9 (Industry, Innovation and Infrastructure), this varies extensively across countries, and the world average remains too slow to achieve these SDGs globally by 2030.","The Resolution adopted by the UN General Assembly on 25 September 2015, Transforming Our World: The 2030 Agenda for Sustainable Development, recognized from the start the importance of closely monitoring progress on the Goals.",0_15,0_25,,Support,Support,Support,No Relationship,No Relationship
"Although on average the world has made some progress in strengthening access to key infrastructure, covered notably under SDG6 (Clean Water and Sanitation), SDG7 (Affordable and Clean Energy) and SDG9 (Industry, Innovation and Infrastructure), this varies extensively across countries, and the world average remains too slow to achieve these SDGs globally by 2030.","It is argued since 2017 that a combination of composite SDG metrics and dashboards is needed at the global, regional, and subnational levels to inform policies towards achieving complex integrated goals.",0_15,0_26,,Support,Support,Support,No Relationship,No Relationship
"Although on average the world has made some progress in strengthening access to key infrastructure, covered notably under SDG6 (Clean Water and Sanitation), SDG7 (Affordable and Clean Energy) and SDG9 (Industry, Innovation and Infrastructure), this varies extensively across countries, and the world average remains too slow to achieve these SDGs globally by 2030.","In the 2030 Agenda for Sustainable Development and the associated New Urban Agenda, countries agreed to take action to provide cities with more accessible, well-connected infrastructure that would bring people into public spaces, and to enhance walkability through pedestrian accessibility.",0_15,0_27,,Support,Support,Support,No Relationship,No Relationship
"Although on average the world has made some progress in strengthening access to key infrastructure, covered notably under SDG6 (Clean Water and Sanitation), SDG7 (Affordable and Clean Energy) and SDG9 (Industry, Innovation and Infrastructure), this varies extensively across countries, and the world average remains too slow to achieve these SDGs globally by 2030.",The SDG Index serves as a conversation opener within the research and policy community.,0_15,0_28,,No Relationship,No Relationship,Support,No Relationship,No Relationship
"Although on average the world has made some progress in strengthening access to key infrastructure, covered notably under SDG6 (Clean Water and Sanitation), SDG7 (Affordable and Clean Energy) and SDG9 (Industry, Innovation and Infrastructure), this varies extensively across countries, and the world average remains too slow to achieve these SDGs globally by 2030.","Rich European countries top the overall SDG Index. This reflects the nature of the SDGs, as European countries, particularly the Nordic economies, perform strongly on socioeconomic goals, relatively strongly on some local environmental priorities (for example, wastewater treatment, air pollution, or deforestation), and strongly on public institutions and the rule of law.",0_15,0_29,,Support,Support,Support,No Relationship,No Relationship
"Although on average the world has made some progress in strengthening access to key infrastructure, covered notably under SDG6 (Clean Water and Sanitation), SDG7 (Affordable and Clean Energy) and SDG9 (Industry, Innovation and Infrastructure), this varies extensively across countries, and the world average remains too slow to achieve these SDGs globally by 2030.","In response to feedback, since 2018 we have supplemented the SDG Index with other qualitative instruments to gauge government efforts and commitment to the SDGs, in cooperation with SDSN’s global network.",0_15,0_30,,No Relationship,Support,Support,No Relationship,No Relationship
"Although on average the world has made some progress in strengthening access to key infrastructure, covered notably under SDG6 (Clean Water and Sanitation), SDG7 (Affordable and Clean Energy) and SDG9 (Industry, Innovation and Infrastructure), this varies extensively across countries, and the world average remains too slow to achieve these SDGs globally by 2030.","Building on the past ten years of work, including the SDG Index, TReNDS, and a number of SDSN’s initiatives, we draw five major lessons, which can serve as priorities to inform SDG policies and financing.",0_15,0_31,,No Relationship,Support,Support,No Relationship,No Relationship
There is significant variation in progress by regions and income groups.,The SDGs require long-term directed change and global cooperation. Long-term investment plans are essential for national success in meeting the goals.,0_16,0_17,,Support,Support,Support,No Relationship,No Relationship
There is significant variation in progress by regions and income groups.,"Official high-level speeches and the preparation of VNRs (as the official government-led process to report on SDG progress, gaps, and policy efforts) provide relevant proxies to gauge political commitment to the SDGs.",0_16,0_18,,No Relationship,Support,No Relationship,No Relationship,No Relationship
There is significant variation in progress by regions and income groups.,"47 countries have submitted a VNR this year: one will be presenting a VNR for the first time, 36 for the second time, and one for the third time.",0_16,0_19,,Support,No Relationship,No Relationship,No Relationship,No Relationship
There is significant variation in progress by regions and income groups.,"SDG target 4.1 calls for universal access to 12 years of free primary and secondary education, with at least 9 years compulsory.",0_16,0_20,,No Relationship,Support,Support,No Relationship,No Relationship
There is significant variation in progress by regions and income groups.,"By design, Transformation 5 calls for regional and local policy trackers. These would notably track efforts at the regional and city level to curb urban pollution, increase housing affordability, and strengthen mobility and access to public transport.",0_16,0_21,,Support,Support,Support,No Relationship,No Relationship
There is significant variation in progress by regions and income groups.,Achieving the SDGs requires global cooperation under the UN Charter.,0_16,0_22,,No Relationship,No Relationship,Support,No Relationship,No Relationship
There is significant variation in progress by regions and income groups.,"SDG Integration into Sectoral Policies and Pathways is weighted 40% of the total score, SDG integration into sectoral policies and pathways is weighted 40%",0_16,0_23,,No Relationship,No Relationship,Support,No Relationship,No Relationship
There is significant variation in progress by regions and income groups.,"At the midpoint of the 2030 Agenda, we draw five major conclusions from this comprehensive assessment of policy efforts and commitment to the SDGs (Table 3.6). First, government efforts and commitment to the SDGs remains far too low. The average score of the 74 countries assessed is 56 percent, with none even close to obtaining a perfect score.",0_16,0_24,,Support,No Relationship,Support,No Relationship,No Relationship
There is significant variation in progress by regions and income groups.,"The Resolution adopted by the UN General Assembly on 25 September 2015, Transforming Our World: The 2030 Agenda for Sustainable Development, recognized from the start the importance of closely monitoring progress on the Goals.",0_16,0_25,,No Relationship,Support,Support,No Relationship,No Relationship
There is significant variation in progress by regions and income groups.,"It is argued since 2017 that a combination of composite SDG metrics and dashboards is needed at the global, regional, and subnational levels to inform policies towards achieving complex integrated goals.",0_16,0_26,,Support,Support,Support,No Relationship,No Relationship
There is significant variation in progress by regions and income groups.,"In the 2030 Agenda for Sustainable Development and the associated New Urban Agenda, countries agreed to take action to provide cities with more accessible, well-connected infrastructure that would bring people into public spaces, and to enhance walkability through pedestrian accessibility.",0_16,0_27,,No Relationship,Support,No Relationship,No Relationship,No Relationship
There is significant variation in progress by regions and income groups.,The SDG Index serves as a conversation opener within the research and policy community.,0_16,0_28,,No Relationship,No Relationship,Support,No Relationship,No Relationship
There is significant variation in progress by regions and income groups.,"Rich European countries top the overall SDG Index. This reflects the nature of the SDGs, as European countries, particularly the Nordic economies, perform strongly on socioeconomic goals, relatively strongly on some local environmental priorities (for example, wastewater treatment, air pollution, or deforestation), and strongly on public institutions and the rule of law.",0_16,0_29,,Support,Support,Support,No Relationship,No Relationship
There is significant variation in progress by regions and income groups.,"In response to feedback, since 2018 we have supplemented the SDG Index with other qualitative instruments to gauge government efforts and commitment to the SDGs, in cooperation with SDSN’s global network.",0_16,0_30,,No Relationship,Support,Support,No Relationship,No Relationship
There is significant variation in progress by regions and income groups.,"Building on the past ten years of work, including the SDG Index, TReNDS, and a number of SDSN’s initiatives, we draw five major lessons, which can serve as priorities to inform SDG policies and financing.",0_16,0_31,,No Relationship,Support,Support,No Relationship,No Relationship
The SDGs require long-term directed change and global cooperation. Long-term investment plans are essential for national success in meeting the goals.,"Official high-level speeches and the preparation of VNRs (as the official government-led process to report on SDG progress, gaps, and policy efforts) provide relevant proxies to gauge political commitment to the SDGs.",0_17,0_18,,Support,Support,Support,No Relationship,No Relationship
The SDGs require long-term directed change and global cooperation. Long-term investment plans are essential for national success in meeting the goals.,"47 countries have submitted a VNR this year: one will be presenting a VNR for the first time, 36 for the second time, and one for the third time.",0_17,0_19,,No Relationship,No Relationship,No Relationship,No Relationship,No Relationship
The SDGs require long-term directed change and global cooperation. Long-term investment plans are essential for national success in meeting the goals.,"SDG target 4.1 calls for universal access to 12 years of free primary and secondary education, with at least 9 years compulsory.",0_17,0_20,,No Relationship,Support,Support,No Relationship,No Relationship
The SDGs require long-term directed change and global cooperation. Long-term investment plans are essential for national success in meeting the goals.,"By design, Transformation 5 calls for regional and local policy trackers. These would notably track efforts at the regional and city level to curb urban pollution, increase housing affordability, and strengthen mobility and access to public transport.",0_17,0_21,,Support,Support,Support,No Relationship,No Relationship
The SDGs require long-term directed change and global cooperation. Long-term investment plans are essential for national success in meeting the goals.,Achieving the SDGs requires global cooperation under the UN Charter.,0_17,0_22,,Support,Support,Rephrase,No Relationship,No Relationship
The SDGs require long-term directed change and global cooperation. Long-term investment plans are essential for national success in meeting the goals.,"SDG Integration into Sectoral Policies and Pathways is weighted 40% of the total score, SDG integration into sectoral policies and pathways is weighted 40%",0_17,0_23,,No Relationship,Support,Rephrase,No Relationship,No Relationship
The SDGs require long-term directed change and global cooperation. Long-term investment plans are essential for national success in meeting the goals.,"At the midpoint of the 2030 Agenda, we draw five major conclusions from this comprehensive assessment of policy efforts and commitment to the SDGs (Table 3.6). First, government efforts and commitment to the SDGs remains far too low. The average score of the 74 countries assessed is 56 percent, with none even close to obtaining a perfect score.",0_17,0_24,,Attack,No Relationship,Support,No Relationship,No Relationship
The SDGs require long-term directed change and global cooperation. Long-term investment plans are essential for national success in meeting the goals.,"The Resolution adopted by the UN General Assembly on 25 September 2015, Transforming Our World: The 2030 Agenda for Sustainable Development, recognized from the start the importance of closely monitoring progress on the Goals.",0_17,0_25,,Support,Support,Support,No Relationship,No Relationship
The SDGs require long-term directed change and global cooperation. Long-term investment plans are essential for national success in meeting the goals.,"It is argued since 2017 that a combination of composite SDG metrics and dashboards is needed at the global, regional, and subnational levels to inform policies towards achieving complex integrated goals.",0_17,0_26,,Support,Support,Support,No Relationship,No Relationship
The SDGs require long-term directed change and global cooperation. Long-term investment plans are essential for national success in meeting the goals.,"In the 2030 Agenda for Sustainable Development and the associated New Urban Agenda, countries agreed to take action to provide cities with more accessible, well-connected infrastructure that would bring people into public spaces, and to enhance walkability through pedestrian accessibility.",0_17,0_27,,Support,Support,Support,No Relationship,No Relationship
The SDGs require long-term directed change and global cooperation. Long-term investment plans are essential for national success in meeting the goals.,The SDG Index serves as a conversation opener within the research and policy community.,0_17,0_28,,No Relationship,Support,Support,No Relationship,No Relationship
The SDGs require long-term directed change and global cooperation. Long-term investment plans are essential for national success in meeting the goals.,"Rich European countries top the overall SDG Index. This reflects the nature of the SDGs, as European countries, particularly the Nordic economies, perform strongly on socioeconomic goals, relatively strongly on some local environmental priorities (for example, wastewater treatment, air pollution, or deforestation), and strongly on public institutions and the rule of law.",0_17,0_29,,No Relationship,Support,Support,No Relationship,No Relationship
The SDGs require long-term directed change and global cooperation. Long-term investment plans are essential for national success in meeting the goals.,"In response to feedback, since 2018 we have supplemented the SDG Index with other qualitative instruments to gauge government efforts and commitment to the SDGs, in cooperation with SDSN’s global network.",0_17,0_30,,Support,Support,Support,No Relationship,No Relationship
The SDGs require long-term directed change and global cooperation. Long-term investment plans are essential for national success in meeting the goals.,"Building on the past ten years of work, including the SDG Index, TReNDS, and a number of SDSN’s initiatives, we draw five major lessons, which can serve as priorities to inform SDG policies and financing.",0_17,0_31,,Support,Support,Support,No Relationship,No Relationship
"Official high-level speeches and the preparation of VNRs (as the official government-led process to report on SDG progress, gaps, and policy efforts) provide relevant proxies to gauge political commitment to the SDGs.","47 countries have submitted a VNR this year: one will be presenting a VNR for the first time, 36 for the second time, and one for the third time.",0_18,0_19,,Support,Support,Support,No Relationship,No Relationship
"Official high-level speeches and the preparation of VNRs (as the official government-led process to report on SDG progress, gaps, and policy efforts) provide relevant proxies to gauge political commitment to the SDGs.","SDG target 4.1 calls for universal access to 12 years of free primary and secondary education, with at least 9 years compulsory.",0_18,0_20,,No Relationship,Support,Support,No Relationship,No Relationship
"Official high-level speeches and the preparation of VNRs (as the official government-led process to report on SDG progress, gaps, and policy efforts) provide relevant proxies to gauge political commitment to the SDGs.","By design, Transformation 5 calls for regional and local policy trackers. These would notably track efforts at the regional and city level to curb urban pollution, increase housing affordability, and strengthen mobility and access to public transport.",0_18,0_21,,No Relationship,Support,Support,No Relationship,No Relationship
"Official high-level speeches and the preparation of VNRs (as the official government-led process to report on SDG progress, gaps, and policy efforts) provide relevant proxies to gauge political commitment to the SDGs.",Achieving the SDGs requires global cooperation under the UN Charter.,0_18,0_22,,No Relationship,Support,Support,No Relationship,No Relationship
"Official high-level speeches and the preparation of VNRs (as the official government-led process to report on SDG progress, gaps, and policy efforts) provide relevant proxies to gauge political commitment to the SDGs.","SDG Integration into Sectoral Policies and Pathways is weighted 40% of the total score, SDG integration into sectoral policies and pathways is weighted 40%",0_18,0_23,,No Relationship,Support,Support,Support,No Relationship
"Official high-level speeches and the preparation of VNRs (as the official government-led process to report on SDG progress, gaps, and policy efforts) provide relevant proxies to gauge political commitment to the SDGs.","At the midpoint of the 2030 Agenda, we draw five major conclusions from this comprehensive assessment of policy efforts and commitment to the SDGs (Table 3.6). First, government efforts and commitment to the SDGs remains far too low. The average score of the 74 countries assessed is 56 percent, with none even close to obtaining a perfect score.",0_18,0_24,,Attack,Support,Support,No Relationship,No Relationship
"Official high-level speeches and the preparation of VNRs (as the official government-led process to report on SDG progress, gaps, and policy efforts) provide relevant proxies to gauge political commitment to the SDGs.","The Resolution adopted by the UN General Assembly on 25 September 2015, Transforming Our World: The 2030 Agenda for Sustainable Development, recognized from the start the importance of closely monitoring progress on the Goals.",0_18,0_25,,Support,Support,Support,No Relationship,No Relationship
"Official high-level speeches and the preparation of VNRs (as the official government-led process to report on SDG progress, gaps, and policy efforts) provide relevant proxies to gauge political commitment to the SDGs.","It is argued since 2017 that a combination of composite SDG metrics and dashboards is needed at the global, regional, and subnational levels to inform policies towards achieving complex integrated goals.",0_18,0_26,,No Relationship,Support,Support,No Relationship,No Relationship
"Official high-level speeches and the preparation of VNRs (as the official government-led process to report on SDG progress, gaps, and policy efforts) provide relevant proxies to gauge political commitment to the SDGs.","In the 2030 Agenda for Sustainable Development and the associated New Urban Agenda, countries agreed to take action to provide cities with more accessible, well-connected infrastructure that would bring people into public spaces, and to enhance walkability through pedestrian accessibility.",0_18,0_27,,No Relationship,Support,Support,No Relationship,No Relationship
"Official high-level speeches and the preparation of VNRs (as the official government-led process to report on SDG progress, gaps, and policy efforts) provide relevant proxies to gauge political commitment to the SDGs.",The SDG Index serves as a conversation opener within the research and policy community.,0_18,0_28,,No Relationship,Support,Support,No Relationship,No Relationship
"Official high-level speeches and the preparation of VNRs (as the official government-led process to report on SDG progress, gaps, and policy efforts) provide relevant proxies to gauge political commitment to the SDGs.","Rich European countries top the overall SDG Index. This reflects the nature of the SDGs, as European countries, particularly the Nordic economies, perform strongly on socioeconomic goals, relatively strongly on some local environmental priorities (for example, wastewater treatment, air pollution, or deforestation), and strongly on public institutions and the rule of law.",0_18,0_29,,No Relationship,Support,Support,No Relationship,No Relationship
"Official high-level speeches and the preparation of VNRs (as the official government-led process to report on SDG progress, gaps, and policy efforts) provide relevant proxies to gauge political commitment to the SDGs.","In response to feedback, since 2018 we have supplemented the SDG Index with other qualitative instruments to gauge government efforts and commitment to the SDGs, in cooperation with SDSN’s global network.",0_18,0_30,,Support,Support,Support,No Relationship,No Relationship
"Official high-level speeches and the preparation of VNRs (as the official government-led process to report on SDG progress, gaps, and policy efforts) provide relevant proxies to gauge political commitment to the SDGs.","Building on the past ten years of work, including the SDG Index, TReNDS, and a number of SDSN’s initiatives, we draw five major lessons, which can serve as priorities to inform SDG policies and financing.",0_18,0_31,,No Relationship,Support,Support,No Relationship,No Relationship
"47 countries have submitted a VNR this year: one will be presenting a VNR for the first time, 36 for the second time, and one for the third time.","SDG target 4.1 calls for universal access to 12 years of free primary and secondary education, with at least 9 years compulsory.",0_19,0_20,,No Relationship,Support,No Relationship,No Relationship,No Relationship
"47 countries have submitted a VNR this year: one will be presenting a VNR for the first time, 36 for the second time, and one for the third time.","By design, Transformation 5 calls for regional and local policy trackers. These would notably track efforts at the regional and city level to curb urban pollution, increase housing affordability, and strengthen mobility and access to public transport.",0_19,0_21,,No Relationship,Support,No Relationship,No Relationship,No Relationship
"47 countries have submitted a VNR this year: one will be presenting a VNR for the first time, 36 for the second time, and one for the third time.",Achieving the SDGs requires global cooperation under the UN Charter.,0_19,0_22,,No Relationship,No Relationship,No Relationship,No Relationship,No Relationship
"47 countries have submitted a VNR this year: one will be presenting a VNR for the first time, 36 for the second time, and one for the third time.","SDG Integration into Sectoral Policies and Pathways is weighted 40% of the total score, SDG integration into sectoral policies and pathways is weighted 40%",0_19,0_23,,No Relationship,Support,No Relationship,Support,No Relationship
"47 countries have submitted a VNR this year: one will be presenting a VNR for the first time, 36 for the second time, and one for the third time.","At the midpoint of the 2030 Agenda, we draw five major conclusions from this comprehensive assessment of policy efforts and commitment to the SDGs (Table 3.6). First, government efforts and commitment to the SDGs remains far too low. The average score of the 74 countries assessed is 56 percent, with none even close to obtaining a perfect score.",0_19,0_24,,No Relationship,No Relationship,Support,No Relationship,No Relationship
"47 countries have submitted a VNR this year: one will be presenting a VNR for the first time, 36 for the second time, and one for the third time.","The Resolution adopted by the UN General Assembly on 25 September 2015, Transforming Our World: The 2030 Agenda for Sustainable Development, recognized from the start the importance of closely monitoring progress on the Goals.",0_19,0_25,,No Relationship,Support,No Relationship,No Relationship,No Relationship
"47 countries have submitted a VNR this year: one will be presenting a VNR for the first time, 36 for the second time, and one for the third time.","It is argued since 2017 that a combination of composite SDG metrics and dashboards is needed at the global, regional, and subnational levels to inform policies towards achieving complex integrated goals.",0_19,0_26,,No Relationship,Support,No Relationship,No Relationship,No Relationship
"47 countries have submitted a VNR this year: one will be presenting a VNR for the first time, 36 for the second time, and one for the third time.","In the 2030 Agenda for Sustainable Development and the associated New Urban Agenda, countries agreed to take action to provide cities with more accessible, well-connected infrastructure that would bring people into public spaces, and to enhance walkability through pedestrian accessibility.",0_19,0_27,,No Relationship,Support,No Relationship,No Relationship,No Relationship
"47 countries have submitted a VNR this year: one will be presenting a VNR for the first time, 36 for the second time, and one for the third time.",The SDG Index serves as a conversation opener within the research and policy community.,0_19,0_28,,No Relationship,No Relationship,Support,No Relationship,No Relationship
"47 countries have submitted a VNR this year: one will be presenting a VNR for the first time, 36 for the second time, and one for the third time.","Rich European countries top the overall SDG Index. This reflects the nature of the SDGs, as European countries, particularly the Nordic economies, perform strongly on socioeconomic goals, relatively strongly on some local environmental priorities (for example, wastewater treatment, air pollution, or deforestation), and strongly on public institutions and the rule of law.",0_19,0_29,,No Relationship,Support,Support,No Relationship,No Relationship
"47 countries have submitted a VNR this year: one will be presenting a VNR for the first time, 36 for the second time, and one for the third time.","In response to feedback, since 2018 we have supplemented the SDG Index with other qualitative instruments to gauge government efforts and commitment to the SDGs, in cooperation with SDSN’s global network.",0_19,0_30,,No Relationship,Support,Support,No Relationship,No Relationship
"47 countries have submitted a VNR this year: one will be presenting a VNR for the first time, 36 for the second time, and one for the third time.","Building on the past ten years of work, including the SDG Index, TReNDS, and a number of SDSN’s initiatives, we draw five major lessons, which can serve as priorities to inform SDG policies and financing.",0_19,0_31,,No Relationship,Support,No Relationship,No Relationship,No Relationship
"SDG target 4.1 calls for universal access to 12 years of free primary and secondary education, with at least 9 years compulsory.","By design, Transformation 5 calls for regional and local policy trackers. These would notably track efforts at the regional and city level to curb urban pollution, increase housing affordability, and strengthen mobility and access to public transport.",0_20,0_21,,No Relationship,Support,No Relationship,No Relationship,No Relationship
"SDG target 4.1 calls for universal access to 12 years of free primary and secondary education, with at least 9 years compulsory.",Achieving the SDGs requires global cooperation under the UN Charter.,0_20,0_22,,No Relationship,Support,Support,No Relationship,No Relationship
"SDG target 4.1 calls for universal access to 12 years of free primary and secondary education, with at least 9 years compulsory.","SDG Integration into Sectoral Policies and Pathways is weighted 40% of the total score, SDG integration into sectoral policies and pathways is weighted 40%",0_20,0_23,,No Relationship,Support,Rephrase,Support,No Relationship
"SDG target 4.1 calls for universal access to 12 years of free primary and secondary education, with at least 9 years compulsory.","At the midpoint of the 2030 Agenda, we draw five major conclusions from this comprehensive assessment of policy efforts and commitment to the SDGs (Table 3.6). First, government efforts and commitment to the SDGs remains far too low. The average score of the 74 countries assessed is 56 percent, with none even close to obtaining a perfect score.",0_20,0_24,,Attack,No Relationship,Support,No Relationship,No Relationship
"SDG target 4.1 calls for universal access to 12 years of free primary and secondary education, with at least 9 years compulsory.","The Resolution adopted by the UN General Assembly on 25 September 2015, Transforming Our World: The 2030 Agenda for Sustainable Development, recognized from the start the importance of closely monitoring progress on the Goals.",0_20,0_25,,No Relationship,Support,Support,No Relationship,No Relationship
"SDG target 4.1 calls for universal access to 12 years of free primary and secondary education, with at least 9 years compulsory.","It is argued since 2017 that a combination of composite SDG metrics and dashboards is needed at the global, regional, and subnational levels to inform policies towards achieving complex integrated goals.",0_20,0_26,,No Relationship,Support,Support,No Relationship,No Relationship
"SDG target 4.1 calls for universal access to 12 years of free primary and secondary education, with at least 9 years compulsory.","In the 2030 Agenda for Sustainable Development and the associated New Urban Agenda, countries agreed to take action to provide cities with more accessible, well-connected infrastructure that would bring people into public spaces, and to enhance walkability through pedestrian accessibility.",0_20,0_27,,No Relationship,Support,No Relationship,No Relationship,No Relationship
"SDG target 4.1 calls for universal access to 12 years of free primary and secondary education, with at least 9 years compulsory.",The SDG Index serves as a conversation opener within the research and policy community.,0_20,0_28,,No Relationship,No Relationship,Support,No Relationship,No Relationship
"SDG target 4.1 calls for universal access to 12 years of free primary and secondary education, with at least 9 years compulsory.","Rich European countries top the overall SDG Index. This reflects the nature of the SDGs, as European countries, particularly the Nordic economies, perform strongly on socioeconomic goals, relatively strongly on some local environmental priorities (for example, wastewater treatment, air pollution, or deforestation), and strongly on public institutions and the rule of law.",0_20,0_29,,No Relationship,Support,Support,No Relationship,No Relationship
"SDG target 4.1 calls for universal access to 12 years of free primary and secondary education, with at least 9 years compulsory.","In response to feedback, since 2018 we have supplemented the SDG Index with other qualitative instruments to gauge government efforts and commitment to the SDGs, in cooperation with SDSN’s global network.",0_20,0_30,,No Relationship,Support,Support,No Relationship,No Relationship
"SDG target 4.1 calls for universal access to 12 years of free primary and secondary education, with at least 9 years compulsory.","Building on the past ten years of work, including the SDG Index, TReNDS, and a number of SDSN’s initiatives, we draw five major lessons, which can serve as priorities to inform SDG policies and financing.",0_20,0_31,,No Relationship,Support,Support,No Relationship,No Relationship
"By design, Transformation 5 calls for regional and local policy trackers. These would notably track efforts at the regional and city level to curb urban pollution, increase housing affordability, and strengthen mobility and access to public transport.",Achieving the SDGs requires global cooperation under the UN Charter.,0_21,0_22,,No Relationship,No Relationship,No Relationship,No Relationship,No Relationship
"By design, Transformation 5 calls for regional and local policy trackers. These would notably track efforts at the regional and city level to curb urban pollution, increase housing affordability, and strengthen mobility and access to public transport.","SDG Integration into Sectoral Policies and Pathways is weighted 40% of the total score, SDG integration into sectoral policies and pathways is weighted 40%",0_21,0_23,,No Relationship,Support,Rephrase,No Relationship,No Relationship
"By design, Transformation 5 calls for regional and local policy trackers. These would notably track efforts at the regional and city level to curb urban pollution, increase housing affordability, and strengthen mobility and access to public transport.","At the midpoint of the 2030 Agenda, we draw five major conclusions from this comprehensive assessment of policy efforts and commitment to the SDGs (Table 3.6). First, government efforts and commitment to the SDGs remains far too low. The average score of the 74 countries assessed is 56 percent, with none even close to obtaining a perfect score.",0_21,0_24,,No Relationship,No Relationship,Support,No Relationship,No Relationship
"By design, Transformation 5 calls for regional and local policy trackers. These would notably track efforts at the regional and city level to curb urban pollution, increase housing affordability, and strengthen mobility and access to public transport.","The Resolution adopted by the UN General Assembly on 25 September 2015, Transforming Our World: The 2030 Agenda for Sustainable Development, recognized from the start the importance of closely monitoring progress on the Goals.",0_21,0_25,,Support,Support,Support,No Relationship,No Relationship
"By design, Transformation 5 calls for regional and local policy trackers. These would notably track efforts at the regional and city level to curb urban pollution, increase housing affordability, and strengthen mobility and access to public transport.","It is argued since 2017 that a combination of composite SDG metrics and dashboards is needed at the global, regional, and subnational levels to inform policies towards achieving complex integrated goals.",0_21,0_26,,Support,Support,Support,No Relationship,No Relationship
"By design, Transformation 5 calls for regional and local policy trackers. These would notably track efforts at the regional and city level to curb urban pollution, increase housing affordability, and strengthen mobility and access to public transport.","In the 2030 Agenda for Sustainable Development and the associated New Urban Agenda, countries agreed to take action to provide cities with more accessible, well-connected infrastructure that would bring people into public spaces, and to enhance walkability through pedestrian accessibility.",0_21,0_27,,Support,Support,Support,No Relationship,No Relationship
"By design, Transformation 5 calls for regional and local policy trackers. These would notably track efforts at the regional and city level to curb urban pollution, increase housing affordability, and strengthen mobility and access to public transport.",The SDG Index serves as a conversation opener within the research and policy community.,0_21,0_28,,No Relationship,No Relationship,Support,No Relationship,No Relationship
"By design, Transformation 5 calls for regional and local policy trackers. These would notably track efforts at the regional and city level to curb urban pollution, increase housing affordability, and strengthen mobility and access to public transport.","Rich European countries top the overall SDG Index. This reflects the nature of the SDGs, as European countries, particularly the Nordic economies, perform strongly on socioeconomic goals, relatively strongly on some local environmental priorities (for example, wastewater treatment, air pollution, or deforestation), and strongly on public institutions and the rule of law.",0_21,0_29,,Support,Support,No Relationship,No Relationship,No Relationship
"By design, Transformation 5 calls for regional and local policy trackers. These would notably track efforts at the regional and city level to curb urban pollution, increase housing affordability, and strengthen mobility and access to public transport.","In response to feedback, since 2018 we have supplemented the SDG Index with other qualitative instruments to gauge government efforts and commitment to the SDGs, in cooperation with SDSN’s global network.",0_21,0_30,,No Relationship,Support,Support,No Relationship,No Relationship
"By design, Transformation 5 calls for regional and local policy trackers. These would notably track efforts at the regional and city level to curb urban pollution, increase housing affordability, and strengthen mobility and access to public transport.","Building on the past ten years of work, including the SDG Index, TReNDS, and a number of SDSN’s initiatives, we draw five major lessons, which can serve as priorities to inform SDG policies and financing.",0_21,0_31,,No Relationship,Support,Support,No Relationship,No Relationship
Achieving the SDGs requires global cooperation under the UN Charter.,"SDG Integration into Sectoral Policies and Pathways is weighted 40% of the total score, SDG integration into sectoral policies and pathways is weighted 40%",0_22,0_23,,No Relationship,Support,Support,No Relationship,No Relationship
Achieving the SDGs requires global cooperation under the UN Charter.,"At the midpoint of the 2030 Agenda, we draw five major conclusions from this comprehensive assessment of policy efforts and commitment to the SDGs (Table 3.6). First, government efforts and commitment to the SDGs remains far too low. The average score of the 74 countries assessed is 56 percent, with none even close to obtaining a perfect score.",0_22,0_24,,Attack,No Relationship,Support,No Relationship,No Relationship
Achieving the SDGs requires global cooperation under the UN Charter.,"The Resolution adopted by the UN General Assembly on 25 September 2015, Transforming Our World: The 2030 Agenda for Sustainable Development, recognized from the start the importance of closely monitoring progress on the Goals.",0_22,0_25,,Support,Support,Support,No Relationship,No Relationship
Achieving the SDGs requires global cooperation under the UN Charter.,"It is argued since 2017 that a combination of composite SDG metrics and dashboards is needed at the global, regional, and subnational levels to inform policies towards achieving complex integrated goals.",0_22,0_26,,Support,Support,Support,No Relationship,No Relationship
Achieving the SDGs requires global cooperation under the UN Charter.,"In the 2030 Agenda for Sustainable Development and the associated New Urban Agenda, countries agreed to take action to provide cities with more accessible, well-connected infrastructure that would bring people into public spaces, and to enhance walkability through pedestrian accessibility.",0_22,0_27,,Support,Support,Support,No Relationship,No Relationship
Achieving the SDGs requires global cooperation under the UN Charter.,The SDG Index serves as a conversation opener within the research and policy community.,0_22,0_28,,No Relationship,No Relationship,Support,No Relationship,No Relationship
Achieving the SDGs requires global cooperation under the UN Charter.,"Rich European countries top the overall SDG Index. This reflects the nature of the SDGs, as European countries, particularly the Nordic economies, perform strongly on socioeconomic goals, relatively strongly on some local environmental priorities (for example, wastewater treatment, air pollution, or deforestation), and strongly on public institutions and the rule of law.",0_22,0_29,,No Relationship,Support,Support,No Relationship,No Relationship
Achieving the SDGs requires global cooperation under the UN Charter.,"In response to feedback, since 2018 we have supplemented the SDG Index with other qualitative instruments to gauge government efforts and commitment to the SDGs, in cooperation with SDSN’s global network.",0_22,0_30,,Support,Support,Support,No Relationship,No Relationship
Achieving the SDGs requires global cooperation under the UN Charter.,"Building on the past ten years of work, including the SDG Index, TReNDS, and a number of SDSN’s initiatives, we draw five major lessons, which can serve as priorities to inform SDG policies and financing.",0_22,0_31,,Support,Support,Support,No Relationship,No Relationship
"SDG Integration into Sectoral Policies and Pathways is weighted 40% of the total score, SDG integration into sectoral policies and pathways is weighted 40%","At the midpoint of the 2030 Agenda, we draw five major conclusions from this comprehensive assessment of policy efforts and commitment to the SDGs (Table 3.6). First, government efforts and commitment to the SDGs remains far too low. The average score of the 74 countries assessed is 56 percent, with none even close to obtaining a perfect score.",0_23,0_24,,Attack,No Relationship,Rephrase,No Relationship,No Relationship
"SDG Integration into Sectoral Policies and Pathways is weighted 40% of the total score, SDG integration into sectoral policies and pathways is weighted 40%","The Resolution adopted by the UN General Assembly on 25 September 2015, Transforming Our World: The 2030 Agenda for Sustainable Development, recognized from the start the importance of closely monitoring progress on the Goals.",0_23,0_25,,No Relationship,Support,Rephrase,No Relationship,No Relationship
"SDG Integration into Sectoral Policies and Pathways is weighted 40% of the total score, SDG integration into sectoral policies and pathways is weighted 40%","It is argued since 2017 that a combination of composite SDG metrics and dashboards is needed at the global, regional, and subnational levels to inform policies towards achieving complex integrated goals.",0_23,0_26,,Support,Support,Rephrase,No Relationship,No Relationship
"SDG Integration into Sectoral Policies and Pathways is weighted 40% of the total score, SDG integration into sectoral policies and pathways is weighted 40%","In the 2030 Agenda for Sustainable Development and the associated New Urban Agenda, countries agreed to take action to provide cities with more accessible, well-connected infrastructure that would bring people into public spaces, and to enhance walkability through pedestrian accessibility.",0_23,0_27,,No Relationship,Support,Rephrase,No Relationship,No Relationship
"SDG Integration into Sectoral Policies and Pathways is weighted 40% of the total score, SDG integration into sectoral policies and pathways is weighted 40%",The SDG Index serves as a conversation opener within the research and policy community.,0_23,0_28,,No Relationship,No Relationship,Rephrase,No Relationship,No Relationship
"SDG Integration into Sectoral Policies and Pathways is weighted 40% of the total score, SDG integration into sectoral policies and pathways is weighted 40%","Rich European countries top the overall SDG Index. This reflects the nature of the SDGs, as European countries, particularly the Nordic economies, perform strongly on socioeconomic goals, relatively strongly on some local environmental priorities (for example, wastewater treatment, air pollution, or deforestation), and strongly on public institutions and the rule of law.",0_23,0_29,,No Relationship,Support,Rephrase,No Relationship,No Relationship
"SDG Integration into Sectoral Policies and Pathways is weighted 40% of the total score, SDG integration into sectoral policies and pathways is weighted 40%","In response to feedback, since 2018 we have supplemented the SDG Index with other qualitative instruments to gauge government efforts and commitment to the SDGs, in cooperation with SDSN’s global network.",0_23,0_30,,No Relationship,Support,Rephrase,No Relationship,No Relationship
"SDG Integration into Sectoral Policies and Pathways is weighted 40% of the total score, SDG integration into sectoral policies and pathways is weighted 40%","Building on the past ten years of work, including the SDG Index, TReNDS, and a number of SDSN’s initiatives, we draw five major lessons, which can serve as priorities to inform SDG policies and financing.",0_23,0_31,,Support,Support,Rephrase,No Relationship,No Relationship
"At the midpoint of the 2030 Agenda, we draw five major conclusions from this comprehensive assessment of policy efforts and commitment to the SDGs (Table 3.6). First, government efforts and commitment to the SDGs remains far too low. The average score of the 74 countries assessed is 56 percent, with none even close to obtaining a perfect score.","The Resolution adopted by the UN General Assembly on 25 September 2015, Transforming Our World: The 2030 Agenda for Sustainable Development, recognized from the start the importance of closely monitoring progress on the Goals.",0_24,0_25,,Support,Support,Support,No Relationship,No Relationship
"At the midpoint of the 2030 Agenda, we draw five major conclusions from this comprehensive assessment of policy efforts and commitment to the SDGs (Table 3.6). First, government efforts and commitment to the SDGs remains far too low. The average score of the 74 countries assessed is 56 percent, with none even close to obtaining a perfect score.","It is argued since 2017 that a combination of composite SDG metrics and dashboards is needed at the global, regional, and subnational levels to inform policies towards achieving complex integrated goals.",0_24,0_26,,Support,Support,Support,No Relationship,No Relationship
"At the midpoint of the 2030 Agenda, we draw five major conclusions from this comprehensive assessment of policy efforts and commitment to the SDGs (Table 3.6). First, government efforts and commitment to the SDGs remains far too low. The average score of the 74 countries assessed is 56 percent, with none even close to obtaining a perfect score.","In the 2030 Agenda for Sustainable Development and the associated New Urban Agenda, countries agreed to take action to provide cities with more accessible, well-connected infrastructure that would bring people into public spaces, and to enhance walkability through pedestrian accessibility.",0_24,0_27,,No Relationship,Support,Support,No Relationship,No Relationship
"At the midpoint of the 2030 Agenda, we draw five major conclusions from this comprehensive assessment of policy efforts and commitment to the SDGs (Table 3.6). First, government efforts and commitment to the SDGs remains far too low. The average score of the 74 countries assessed is 56 percent, with none even close to obtaining a perfect score.",The SDG Index serves as a conversation opener within the research and policy community.,0_24,0_28,,No Relationship,Support,Support,No Relationship,No Relationship
"At the midpoint of the 2030 Agenda, we draw five major conclusions from this comprehensive assessment of policy efforts and commitment to the SDGs (Table 3.6). First, government efforts and commitment to the SDGs remains far too low. The average score of the 74 countries assessed is 56 percent, with none even close to obtaining a perfect score.","Rich European countries top the overall SDG Index. This reflects the nature of the SDGs, as European countries, particularly the Nordic economies, perform strongly on socioeconomic goals, relatively strongly on some local environmental priorities (for example, wastewater treatment, air pollution, or deforestation), and strongly on public institutions and the rule of law.",0_24,0_29,,Attack,Support,Support,No Relationship,No Relationship
"At the midpoint of the 2030 Agenda, we draw five major conclusions from this comprehensive assessment of policy efforts and commitment to the SDGs (Table 3.6). First, government efforts and commitment to the SDGs remains far too low. The average score of the 74 countries assessed is 56 percent, with none even close to obtaining a perfect score.","In response to feedback, since 2018 we have supplemented the SDG Index with other qualitative instruments to gauge government efforts and commitment to the SDGs, in cooperation with SDSN’s global network.",0_24,0_30,,No Relationship,Support,Support,No Relationship,No Relationship
"At the midpoint of the 2030 Agenda, we draw five major conclusions from this comprehensive assessment of policy efforts and commitment to the SDGs (Table 3.6). First, government efforts and commitment to the SDGs remains far too low. The average score of the 74 countries assessed is 56 percent, with none even close to obtaining a perfect score.","Building on the past ten years of work, including the SDG Index, TReNDS, and a number of SDSN’s initiatives, we draw five major lessons, which can serve as priorities to inform SDG policies and financing.",0_24,0_31,,Support,Support,Support,No Relationship,No Relationship
"The Resolution adopted by the UN General Assembly on 25 September 2015, Transforming Our World: The 2030 Agenda for Sustainable Development, recognized from the start the importance of closely monitoring progress on the Goals.","It is argued since 2017 that a combination of composite SDG metrics and dashboards is needed at the global, regional, and subnational levels to inform policies towards achieving complex integrated goals.",0_25,0_26,,Support,Support,Support,No Relationship,No Relationship
"The Resolution adopted by the UN General Assembly on 25 September 2015, Transforming Our World: The 2030 Agenda for Sustainable Development, recognized from the start the importance of closely monitoring progress on the Goals.","In the 2030 Agenda for Sustainable Development and the associated New Urban Agenda, countries agreed to take action to provide cities with more accessible, well-connected infrastructure that would bring people into public spaces, and to enhance walkability through pedestrian accessibility.",0_25,0_27,,Support,Support,Support,No Relationship,No Relationship
"The Resolution adopted by the UN General Assembly on 25 September 2015, Transforming Our World: The 2030 Agenda for Sustainable Development, recognized from the start the importance of closely monitoring progress on the Goals.",The SDG Index serves as a conversation opener within the research and policy community.,0_25,0_28,,No Relationship,No Relationship,Support,No Relationship,No Relationship
"The Resolution adopted by the UN General Assembly on 25 September 2015, Transforming Our World: The 2030 Agenda for Sustainable Development, recognized from the start the importance of closely monitoring progress on the Goals.","Rich European countries top the overall SDG Index. This reflects the nature of the SDGs, as European countries, particularly the Nordic economies, perform strongly on socioeconomic goals, relatively strongly on some local environmental priorities (for example, wastewater treatment, air pollution, or deforestation), and strongly on public institutions and the rule of law.",0_25,0_29,,No Relationship,Support,Support,No Relationship,No Relationship
"The Resolution adopted by the UN General Assembly on 25 September 2015, Transforming Our World: The 2030 Agenda for Sustainable Development, recognized from the start the importance of closely monitoring progress on the Goals.","In response to feedback, since 2018 we have supplemented the SDG Index with other qualitative instruments to gauge government efforts and commitment to the SDGs, in cooperation with SDSN’s global network.",0_25,0_30,,Support,Support,Support,No Relationship,No Relationship
"The Resolution adopted by the UN General Assembly on 25 September 2015, Transforming Our World: The 2030 Agenda for Sustainable Development, recognized from the start the importance of closely monitoring progress on the Goals.","Building on the past ten years of work, including the SDG Index, TReNDS, and a number of SDSN’s initiatives, we draw five major lessons, which can serve as priorities to inform SDG policies and financing.",0_25,0_31,,No Relationship,Support,Support,No Relationship,No Relationship
"It is argued since 2017 that a combination of composite SDG metrics and dashboards is needed at the global, regional, and subnational levels to inform policies towards achieving complex integrated goals.","In the 2030 Agenda for Sustainable Development and the associated New Urban Agenda, countries agreed to take action to provide cities with more accessible, well-connected infrastructure that would bring people into public spaces, and to enhance walkability through pedestrian accessibility.",0_26,0_27,,Support,Support,Support,No Relationship,No Relationship
"It is argued since 2017 that a combination of composite SDG metrics and dashboards is needed at the global, regional, and subnational levels to inform policies towards achieving complex integrated goals.",The SDG Index serves as a conversation opener within the research and policy community.,0_26,0_28,,Support,Support,Support,No Relationship,No Relationship
"It is argued since 2017 that a combination of composite SDG metrics and dashboards is needed at the global, regional, and subnational levels to inform policies towards achieving complex integrated goals.","Rich European countries top the overall SDG Index. This reflects the nature of the SDGs, as European countries, particularly the Nordic economies, perform strongly on socioeconomic goals, relatively strongly on some local environmental priorities (for example, wastewater treatment, air pollution, or deforestation), and strongly on public institutions and the rule of law.",0_26,0_29,,No Relationship,Support,Support,No Relationship,No Relationship
"It is argued since 2017 that a combination of composite SDG metrics and dashboards is needed at the global, regional, and subnational levels to inform policies towards achieving complex integrated goals.","In response to feedback, since 2018 we have supplemented the SDG Index with other qualitative instruments to gauge government efforts and commitment to the SDGs, in cooperation with SDSN’s global network.",0_26,0_30,,Support,Support,Support,No Relationship,No Relationship
"It is argued since 2017 that a combination of composite SDG metrics and dashboards is needed at the global, regional, and subnational levels to inform policies towards achieving complex integrated goals.","Building on the past ten years of work, including the SDG Index, TReNDS, and a number of SDSN’s initiatives, we draw five major lessons, which can serve as priorities to inform SDG policies and financing.",0_26,0_31,,Support,Support,Support,No Relationship,No Relationship
"In the 2030 Agenda for Sustainable Development and the associated New Urban Agenda, countries agreed to take action to provide cities with more accessible, well-connected infrastructure that would bring people into public spaces, and to enhance walkability through pedestrian accessibility.",The SDG Index serves as a conversation opener within the research and policy community.,0_27,0_28,,No Relationship,No Relationship,Support,No Relationship,No Relationship
"In the 2030 Agenda for Sustainable Development and the associated New Urban Agenda, countries agreed to take action to provide cities with more accessible, well-connected infrastructure that would bring people into public spaces, and to enhance walkability through pedestrian accessibility.","Rich European countries top the overall SDG Index. This reflects the nature of the SDGs, as European countries, particularly the Nordic economies, perform strongly on socioeconomic goals, relatively strongly on some local environmental priorities (for example, wastewater treatment, air pollution, or deforestation), and strongly on public institutions and the rule of law.",0_27,0_29,,Support,Support,Support,No Relationship,No Relationship
"In the 2030 Agenda for Sustainable Development and the associated New Urban Agenda, countries agreed to take action to provide cities with more accessible, well-connected infrastructure that would bring people into public spaces, and to enhance walkability through pedestrian accessibility.","In response to feedback, since 2018 we have supplemented the SDG Index with other qualitative instruments to gauge government efforts and commitment to the SDGs, in cooperation with SDSN’s global network.",0_27,0_30,,No Relationship,Support,Support,No Relationship,No Relationship
"In the 2030 Agenda for Sustainable Development and the associated New Urban Agenda, countries agreed to take action to provide cities with more accessible, well-connected infrastructure that would bring people into public spaces, and to enhance walkability through pedestrian accessibility.","Building on the past ten years of work, including the SDG Index, TReNDS, and a number of SDSN’s initiatives, we draw five major lessons, which can serve as priorities to inform SDG policies and financing.",0_27,0_31,,No Relationship,Support,Support,No Relationship,No Relationship
The SDG Index serves as a conversation opener within the research and policy community.,"Rich European countries top the overall SDG Index. This reflects the nature of the SDGs, as European countries, particularly the Nordic economies, perform strongly on socioeconomic goals, relatively strongly on some local environmental priorities (for example, wastewater treatment, air pollution, or deforestation), and strongly on public institutions and the rule of law.",0_28,0_29,,Support,Support,Support,No Relationship,No Relationship
The SDG Index serves as a conversation opener within the research and policy community.,"In response to feedback, since 2018 we have supplemented the SDG Index with other qualitative instruments to gauge government efforts and commitment to the SDGs, in cooperation with SDSN’s global network.",0_28,0_30,,Support,Support,Support,No Relationship,No Relationship
The SDG Index serves as a conversation opener within the research and policy community.,"Building on the past ten years of work, including the SDG Index, TReNDS, and a number of SDSN’s initiatives, we draw five major lessons, which can serve as priorities to inform SDG policies and financing.",0_28,0_31,,Support,Support,Support,No Relationship,No Relationship
"Rich European countries top the overall SDG Index. This reflects the nature of the SDGs, as European countries, particularly the Nordic economies, perform strongly on socioeconomic goals, relatively strongly on some local environmental priorities (for example, wastewater treatment, air pollution, or deforestation), and strongly on public institutions and the rule of law.","In response to feedback, since 2018 we have supplemented the SDG Index with other qualitative instruments to gauge government efforts and commitment to the SDGs, in cooperation with SDSN’s global network.",0_29,0_30,,No Relationship,Support,Support,No Relationship,No Relationship
"Rich European countries top the overall SDG Index. This reflects the nature of the SDGs, as European countries, particularly the Nordic economies, perform strongly on socioeconomic goals, relatively strongly on some local environmental priorities (for example, wastewater treatment, air pollution, or deforestation), and strongly on public institutions and the rule of law.","Building on the past ten years of work, including the SDG Index, TReNDS, and a number of SDSN’s initiatives, we draw five major lessons, which can serve as priorities to inform SDG policies and financing.",0_29,0_31,,No Relationship,Support,Support,No Relationship,No Relationship
"In response to feedback, since 2018 we have supplemented the SDG Index with other qualitative instruments to gauge government efforts and commitment to the SDGs, in cooperation with SDSN’s global network.","Building on the past ten years of work, including the SDG Index, TReNDS, and a number of SDSN’s initiatives, we draw five major lessons, which can serve as priorities to inform SDG policies and financing.",0_30,0_31,,Support,Support,Support,No Relationship,No Relationship
"only limited progress is being made on the environmental and biodiversity goals, including SDG 12 (Responsible Consumption and Production), SDG 13 (Climate Action), SDG 14 (Life Below Water), and SDG 15 (Life on Land)",And global cooperation has ebbed as geopolitical tensions have risen.,1_0,1_1,,Attack,No Relationship,Support,No Relationship,No Relationship
"only limited progress is being made on the environmental and biodiversity goals, including SDG 12 (Responsible Consumption and Production), SDG 13 (Climate Action), SDG 14 (Life Below Water), and SDG 15 (Life on Land)","The interconnected environmental, social, and health challenges can be characterized as a planetary health crisis, caused by human activities such as industrialization, urbanization, deforestation, and the burning of fossil fuels.",1_0,1_2,,Support,No Relationship,Support,No Relationship,No Relationship
"only limited progress is being made on the environmental and biodiversity goals, including SDG 12 (Responsible Consumption and Production), SDG 13 (Climate Action), SDG 14 (Life Below Water), and SDG 15 (Life on Land)","12. Sachs JD, Schmidt-Traub G., 2020. Speaking truth to power about the SDGs, Nature. https://www.nature.com/articles/d41586-020-02373-7",1_0,1_3,,Support,Support,Support,No Relationship,No Relationship
"only limited progress is being made on the environmental and biodiversity goals, including SDG 12 (Responsible Consumption and Production), SDG 13 (Climate Action), SDG 14 (Life Below Water), and SDG 15 (Life on Land)","Deep, chronic, and crippling under-investment in virtually all low-income countries (LICs) and lower-middle-income countries (LMICs). In 2022, Investment per person in the LICs averaged a meagre US$175 per person, compared with US$11,535 per person in the HICs. (Table 1.1)",1_0,1_4,,Support,Attack,Support,No Relationship,No Relationship
"only limited progress is being made on the environmental and biodiversity goals, including SDG 12 (Responsible Consumption and Production), SDG 13 (Climate Action), SDG 14 (Life Below Water), and SDG 15 (Life on Land)",Universal health access and coverage,1_0,1_5,,No Relationship,No Relationship,No Relationship,No Relationship,Attack
"only limited progress is being made on the environmental and biodiversity goals, including SDG 12 (Responsible Consumption and Production), SDG 13 (Climate Action), SDG 14 (Life Below Water), and SDG 15 (Life on Land)",For man holds in his mortal hands the power to abolish all forms of human poverty and all forms of human life.,1_0,1_6,,No Relationship,No Relationship,Support,No Relationship,No Relationship
"only limited progress is being made on the environmental and biodiversity goals, including SDG 12 (Responsible Consumption and Production), SDG 13 (Climate Action), SDG 14 (Life Below Water), and SDG 15 (Life on Land)","Governments are only now learning how to design integrated strategies that address economic, social, and environmental objectives in tandem.",1_0,1_7,,Support,No Relationship,Support,No Relationship,No Relationship
"only limited progress is being made on the environmental and biodiversity goals, including SDG 12 (Responsible Consumption and Production), SDG 13 (Climate Action), SDG 14 (Life Below Water), and SDG 15 (Life on Land)","The education dashboard focuses on access to pre-primary and primary education, as well as on lower-secondary completion rates.",1_0,1_8,,No Relationship,No Relationship,No Relationship,No Relationship,No Relationship
And global cooperation has ebbed as geopolitical tensions have risen.,"The interconnected environmental, social, and health challenges can be characterized as a planetary health crisis, caused by human activities such as industrialization, urbanization, deforestation, and the burning of fossil fuels.",1_1,1_2,,No Relationship,No Relationship,No Relationship,No Relationship,No Relationship
And global cooperation has ebbed as geopolitical tensions have risen.,"12. Sachs JD, Schmidt-Traub G., 2020. Speaking truth to power about the SDGs, Nature. https://www.nature.com/articles/d41586-020-02373-7",1_1,1_3,,Support,No Relationship,No Relationship,No Relationship,No Relationship
And global cooperation has ebbed as geopolitical tensions have risen.,"Deep, chronic, and crippling under-investment in virtually all low-income countries (LICs) and lower-middle-income countries (LMICs). In 2022, Investment per person in the LICs averaged a meagre US$175 per person, compared with US$11,535 per person in the HICs. (Table 1.1)",1_1,1_4,,No Relationship,Attack,No Relationship,No Relationship,No Relationship
And global cooperation has ebbed as geopolitical tensions have risen.,Universal health access and coverage,1_1,1_5,,No Relationship,No Relationship,No Relationship,No Relationship,Attack
And global cooperation has ebbed as geopolitical tensions have risen.,For man holds in his mortal hands the power to abolish all forms of human poverty and all forms of human life.,1_1,1_6,,No Relationship,Support,No Relationship,No Relationship,No Relationship
And global cooperation has ebbed as geopolitical tensions have risen.,"Governments are only now learning how to design integrated strategies that address economic, social, and environmental objectives in tandem.",1_1,1_7,,No Relationship,No Relationship,No Relationship,No Relationship,No Relationship
And global cooperation has ebbed as geopolitical tensions have risen.,"The education dashboard focuses on access to pre-primary and primary education, as well as on lower-secondary completion rates.",1_1,1_8,,No Relationship,No Relationship,No Relationship,No Relationship,No Relationship
"The interconnected environmental, social, and health challenges can be characterized as a planetary health crisis, caused by human activities such as industrialization, urbanization, deforestation, and the burning of fossil fuels.","12. Sachs JD, Schmidt-Traub G., 2020. Speaking truth to power about the SDGs, Nature. https://www.nature.com/articles/d41586-020-02373-7",1_2,1_3,,Support,Support,Support,No Relationship,No Relationship
"The interconnected environmental, social, and health challenges can be characterized as a planetary health crisis, caused by human activities such as industrialization, urbanization, deforestation, and the burning of fossil fuels.","Deep, chronic, and crippling under-investment in virtually all low-income countries (LICs) and lower-middle-income countries (LMICs). In 2022, Investment per person in the LICs averaged a meagre US$175 per person, compared with US$11,535 per person in the HICs. (Table 1.1)",1_2,1_4,,No Relationship,Attack,Support,No Relationship,No Relationship
"The interconnected environmental, social, and health challenges can be characterized as a planetary health crisis, caused by human activities such as industrialization, urbanization, deforestation, and the burning of fossil fuels.",Universal health access and coverage,1_2,1_5,,Support,No Relationship,No Relationship,No Relationship,No Relationship
"The interconnected environmental, social, and health challenges can be characterized as a planetary health crisis, caused by human activities such as industrialization, urbanization, deforestation, and the burning of fossil fuels.",For man holds in his mortal hands the power to abolish all forms of human poverty and all forms of human life.,1_2,1_6,,Attack,No Relationship,Support,No Relationship,No Relationship
"The interconnected environmental, social, and health challenges can be characterized as a planetary health crisis, caused by human activities such as industrialization, urbanization, deforestation, and the burning of fossil fuels.","Governments are only now learning how to design integrated strategies that address economic, social, and environmental objectives in tandem.",1_2,1_7,,Support,No Relationship,Support,No Relationship,No Relationship
"The interconnected environmental, social, and health challenges can be characterized as a planetary health crisis, caused by human activities such as industrialization, urbanization, deforestation, and the burning of fossil fuels.","The education dashboard focuses on access to pre-primary and primary education, as well as on lower-secondary completion rates.",1_2,1_8,,No Relationship,No Relationship,No Relationship,No Relationship,Attack
"12. Sachs JD, Schmidt-Traub G., 2020. Speaking truth to power about the SDGs, Nature. https://www.nature.com/articles/d41586-020-02373-7","Deep, chronic, and crippling under-investment in virtually all low-income countries (LICs) and lower-middle-income countries (LMICs). In 2022, Investment per person in the LICs averaged a meagre US$175 per person, compared with US$11,535 per person in the HICs. (Table 1.1)",1_3,1_4,,Support,Attack,No Relationship,No Relationship,No Relationship
"12. Sachs JD, Schmidt-Traub G., 2020. Speaking truth to power about the SDGs, Nature. https://www.nature.com/articles/d41586-020-02373-7",Universal health access and coverage,1_3,1_5,,Support,Support,No Relationship,Attack,Attack
"12. Sachs JD, Schmidt-Traub G., 2020. Speaking truth to power about the SDGs, Nature. https://www.nature.com/articles/d41586-020-02373-7",For man holds in his mortal hands the power to abolish all forms of human poverty and all forms of human life.,1_3,1_6,,Attack,Support,No Relationship,No Relationship,Attack
"12. Sachs JD, Schmidt-Traub G., 2020. Speaking truth to power about the SDGs, Nature. https://www.nature.com/articles/d41586-020-02373-7","Governments are only now learning how to design integrated strategies that address economic, social, and environmental objectives in tandem.",1_3,1_7,,Support,No Relationship,No Relationship,No Relationship,No Relationship
"12. Sachs JD, Schmidt-Traub G., 2020. Speaking truth to power about the SDGs, Nature. https://www.nature.com/articles/d41586-020-02373-7","The education dashboard focuses on access to pre-primary and primary education, as well as on lower-secondary completion rates.",1_3,1_8,,No Relationship,No Relationship,No Relationship,No Relationship,No Relationship
"Deep, chronic, and crippling under-investment in virtually all low-income countries (LICs) and lower-middle-income countries (LMICs). In 2022, Investment per person in the LICs averaged a meagre US$175 per person, compared with US$11,535 per person in the HICs. (Table 1.1)",Universal health access and coverage,1_4,1_5,,Support,No Relationship,No Relationship,No Relationship,No Relationship
"Deep, chronic, and crippling under-investment in virtually all low-income countries (LICs) and lower-middle-income countries (LMICs). In 2022, Investment per person in the LICs averaged a meagre US$175 per person, compared with US$11,535 per person in the HICs. (Table 1.1)",For man holds in his mortal hands the power to abolish all forms of human poverty and all forms of human life.,1_4,1_6,,Attack,Support,Support,No Relationship,No Relationship
"Deep, chronic, and crippling under-investment in virtually all low-income countries (LICs) and lower-middle-income countries (LMICs). In 2022, Investment per person in the LICs averaged a meagre US$175 per person, compared with US$11,535 per person in the HICs. (Table 1.1)","Governments are only now learning how to design integrated strategies that address economic, social, and environmental objectives in tandem.",1_4,1_7,,Support,No Relationship,Support,No Relationship,No Relationship
"Deep, chronic, and crippling under-investment in virtually all low-income countries (LICs) and lower-middle-income countries (LMICs). In 2022, Investment per person in the LICs averaged a meagre US$175 per person, compared with US$11,535 per person in the HICs. (Table 1.1)","The education dashboard focuses on access to pre-primary and primary education, as well as on lower-secondary completion rates.",1_4,1_8,,No Relationship,No Relationship,No Relationship,No Relationship,No Relationship
Universal health access and coverage,For man holds in his mortal hands the power to abolish all forms of human poverty and all forms of human life.,1_5,1_6,,Support,Support,Support,No Relationship,No Relationship
Universal health access and coverage,"Governments are only now learning how to design integrated strategies that address economic, social, and environmental objectives in tandem.",1_5,1_7,,Support,No Relationship,No Relationship,No Relationship,No Relationship
Universal health access and coverage,"The education dashboard focuses on access to pre-primary and primary education, as well as on lower-secondary completion rates.",1_5,1_8,,No Relationship,No Relationship,No Relationship,Attack,Attack
For man holds in his mortal hands the power to abolish all forms of human poverty and all forms of human life.,"Governments are only now learning how to design integrated strategies that address economic, social, and environmental objectives in tandem.",1_6,1_7,,Support,No Relationship,No Relationship,No Relationship,No Relationship
For man holds in his mortal hands the power to abolish all forms of human poverty and all forms of human life.,"The education dashboard focuses on access to pre-primary and primary education, as well as on lower-secondary completion rates.",1_6,1_8,,No Relationship,No Relationship,No Relationship,No Relationship,No Relationship
"Governments are only now learning how to design integrated strategies that address economic, social, and environmental objectives in tandem.","The education dashboard focuses on access to pre-primary and primary education, as well as on lower-secondary completion rates.",1_7,1_8,,No Relationship,No Relationship,No Relationship,No Relationship,No Relationship
"The world has made some progress in strengthening access to key infrastructure, covered notably under SDG 6 (Clean Water and Sanitation), SDG 7 (Affordable and Clean Energy) and SDG 9 (Industry, Innovation and Infrastructure), this varies extensively across countries, and the world average remains too slow to achieve these SDGs globally by 2030.",Promotion of demilitarization and global peace,2_0,2_1,,No Relationship,No Relationship,No Relationship,No Relationship,No Relationship
"Unless the SDGs are actively pursued, geophysical tipping points combined with technological disruptions could ignite disastrous social conflicts within and between nations.",Ensure healthy lives and promote well-being for all at all ages.,3_0,3_1,,Support,No Relationship,No Relationship,No Relationship,No Relationship
"Unless the SDGs are actively pursued, geophysical tipping points combined with technological disruptions could ignite disastrous social conflicts within and between nations.","The greatest responsibility for achieving the SDGs and safeguarding the planetary boundaries lies with the G20 members. These countries represent more than 80% of global GDP, around 70% of the world’s forests, more than 60% of the earth’s population, and more than 50% of its landmass.",3_0,3_2,,Support,Support,Support,No Relationship,No Relationship
"Unless the SDGs are actively pursued, geophysical tipping points combined with technological disruptions could ignite disastrous social conflicts within and between nations.","Many of them lack an adequately high SDG commitment, and almost all lack access to the necessary financial means to implement the SDGs.",3_0,3_3,,Attack,Support,Support,No Relationship,No Relationship
"Unless the SDGs are actively pursued, geophysical tipping points combined with technological disruptions could ignite disastrous social conflicts within and between nations.",Universal health access and coverage,3_0,3_4,,Support,No Relationship,No Relationship,No Relationship,No Relationship
"Unless the SDGs are actively pursued, geophysical tipping points combined with technological disruptions could ignite disastrous social conflicts within and between nations.","Provincial, metropolitan, and city governments are typically at the front line in achieving the SDGs.",3_0,3_5,,Support,No Relationship,Support,No Relationship,No Relationship
"Unless the SDGs are actively pursued, geophysical tipping points combined with technological disruptions could ignite disastrous social conflicts within and between nations.",Multiple and overlapping health and geopolitical crises have led to stagnation in SDG progress globally since 2020.,3_0,3_6,,Support,Support,Support,No Relationship,No Relationship
"Unless the SDGs are actively pursued, geophysical tipping points combined with technological disruptions could ignite disastrous social conflicts within and between nations.","By July 2023, all UN Member States will have presented a VNR except for Haiti, Myanmar, South Sudan, the United States and Yemen.",3_0,3_7,,No Relationship,No Relationship,No Relationship,No Relationship,No Relationship
"Unless the SDGs are actively pursued, geophysical tipping points combined with technological disruptions could ignite disastrous social conflicts within and between nations.","This Transformation promotes key investments in health and well-being. It aligns closely with SDG Target 3.8, achieving universal health coverage and ensuring that all people have access to the health services they need.",3_0,3_8,,Support,Support,No Relationship,No Relationship,No Relationship
"Unless the SDGs are actively pursued, geophysical tipping points combined with technological disruptions could ignite disastrous social conflicts within and between nations.",Ensure healthy lives and promote well-being for all at all ages,3_0,3_9,,Support,No Relationship,No Relationship,No Relationship,No Relationship
"Unless the SDGs are actively pursued, geophysical tipping points combined with technological disruptions could ignite disastrous social conflicts within and between nations.","The SDG Index acknowledges Bhutan’s recent progress on many socioeconomic indicators, and calls for global partnerships to promote sustainable development progress and financing globally.",3_0,3_10,,Support,Support,Support,No Relationship,No Relationship
"Unless the SDGs are actively pursued, geophysical tipping points combined with technological disruptions could ignite disastrous social conflicts within and between nations.","According to major international studies, few 15-year-old students can tell the difference between a fact and an opinion (OECD 2019b). In an information-rich and post-truth environment, citizens and decision-makers need knowledge and tools to transform data and science into evidence, actions, and long-term policies.",3_0,3_11,,Support,Support,No Relationship,No Relationship,No Relationship
Ensure healthy lives and promote well-being for all at all ages.,"The greatest responsibility for achieving the SDGs and safeguarding the planetary boundaries lies with the G20 members. These countries represent more than 80% of global GDP, around 70% of the world’s forests, more than 60% of the earth’s population, and more than 50% of its landmass.",3_1,3_2,,No Relationship,Support,Support,No Relationship,No Relationship
Ensure healthy lives and promote well-being for all at all ages.,"Many of them lack an adequately high SDG commitment, and almost all lack access to the necessary financial means to implement the SDGs.",3_1,3_3,,Attack,No Relationship,No Relationship,No Relationship,No Relationship
Ensure healthy lives and promote well-being for all at all ages.,Universal health access and coverage,3_1,3_4,,Support,Support,Support,No Relationship,No Relationship
Ensure healthy lives and promote well-being for all at all ages.,"Provincial, metropolitan, and city governments are typically at the front line in achieving the SDGs.",3_1,3_5,,Support,Support,Support,No Relationship,No Relationship
Ensure healthy lives and promote well-being for all at all ages.,Multiple and overlapping health and geopolitical crises have led to stagnation in SDG progress globally since 2020.,3_1,3_6,,Attack,No Relationship,Support,No Relationship,No Relationship
Ensure healthy lives and promote well-being for all at all ages.,"By July 2023, all UN Member States will have presented a VNR except for Haiti, Myanmar, South Sudan, the United States and Yemen.",3_1,3_7,,No Relationship,No Relationship,No Relationship,No Relationship,No Relationship
Ensure healthy lives and promote well-being for all at all ages.,"This Transformation promotes key investments in health and well-being. It aligns closely with SDG Target 3.8, achieving universal health coverage and ensuring that all people have access to the health services they need.",3_1,3_8,,Support,Support,Rephrase,No Relationship,No Relationship
Ensure healthy lives and promote well-being for all at all ages.,Ensure healthy lives and promote well-being for all at all ages,3_1,3_9,,Rephrase,Support,Rephrase,Rephrase,Rephrase
Ensure healthy lives and promote well-being for all at all ages.,"The SDG Index acknowledges Bhutan’s recent progress on many socioeconomic indicators, and calls for global partnerships to promote sustainable development progress and financing globally.",3_1,3_10,,Support,Support,No Relationship,No Relationship,No Relationship
Ensure healthy lives and promote well-being for all at all ages.,"According to major international studies, few 15-year-old students can tell the difference between a fact and an opinion (OECD 2019b). In an information-rich and post-truth environment, citizens and decision-makers need knowledge and tools to transform data and science into evidence, actions, and long-term policies.",3_1,3_11,,Support,Support,No Relationship,No Relationship,No Relationship
"The greatest responsibility for achieving the SDGs and safeguarding the planetary boundaries lies with the G20 members. These countries represent more than 80% of global GDP, around 70% of the world’s forests, more than 60% of the earth’s population, and more than 50% of its landmass.","Many of them lack an adequately high SDG commitment, and almost all lack access to the necessary financial means to implement the SDGs.",3_2,3_3,,Attack,No Relationship,Support,No Relationship,No Relationship
"The greatest responsibility for achieving the SDGs and safeguarding the planetary boundaries lies with the G20 members. These countries represent more than 80% of global GDP, around 70% of the world’s forests, more than 60% of the earth’s population, and more than 50% of its landmass.",Universal health access and coverage,3_2,3_4,,No Relationship,No Relationship,No Relationship,No Relationship,No Relationship
"The greatest responsibility for achieving the SDGs and safeguarding the planetary boundaries lies with the G20 members. These countries represent more than 80% of global GDP, around 70% of the world’s forests, more than 60% of the earth’s population, and more than 50% of its landmass.","Provincial, metropolitan, and city governments are typically at the front line in achieving the SDGs.",3_2,3_5,,Attack,Support,Support,No Relationship,Attack
"The greatest responsibility for achieving the SDGs and safeguarding the planetary boundaries lies with the G20 members. These countries represent more than 80% of global GDP, around 70% of the world’s forests, more than 60% of the earth’s population, and more than 50% of its landmass.",Multiple and overlapping health and geopolitical crises have led to stagnation in SDG progress globally since 2020.,3_2,3_6,,No Relationship,No Relationship,Support,No Relationship,No Relationship
"The greatest responsibility for achieving the SDGs and safeguarding the planetary boundaries lies with the G20 members. These countries represent more than 80% of global GDP, around 70% of the world’s forests, more than 60% of the earth’s population, and more than 50% of its landmass.","By July 2023, all UN Member States will have presented a VNR except for Haiti, Myanmar, South Sudan, the United States and Yemen.",3_2,3_7,,No Relationship,No Relationship,No Relationship,No Relationship,No Relationship
"The greatest responsibility for achieving the SDGs and safeguarding the planetary boundaries lies with the G20 members. These countries represent more than 80% of global GDP, around 70% of the world’s forests, more than 60% of the earth’s population, and more than 50% of its landmass.","This Transformation promotes key investments in health and well-being. It aligns closely with SDG Target 3.8, achieving universal health coverage and ensuring that all people have access to the health services they need.",3_2,3_8,,No Relationship,Support,No Relationship,No Relationship,No Relationship
"The greatest responsibility for achieving the SDGs and safeguarding the planetary boundaries lies with the G20 members. These countries represent more than 80% of global GDP, around 70% of the world’s forests, more than 60% of the earth’s population, and more than 50% of its landmass.",Ensure healthy lives and promote well-being for all at all ages,3_2,3_9,,No Relationship,Support,No Relationship,No Relationship,No Relationship
"The greatest responsibility for achieving the SDGs and safeguarding the planetary boundaries lies with the G20 members. These countries represent more than 80% of global GDP, around 70% of the world’s forests, more than 60% of the earth’s population, and more than 50% of its landmass.","The SDG Index acknowledges Bhutan’s recent progress on many socioeconomic indicators, and calls for global partnerships to promote sustainable development progress and financing globally.",3_2,3_10,,No Relationship,Support,Support,No Relationship,No Relationship
"The greatest responsibility for achieving the SDGs and safeguarding the planetary boundaries lies with the G20 members. These countries represent more than 80% of global GDP, around 70% of the world’s forests, more than 60% of the earth’s population, and more than 50% of its landmass.","According to major international studies, few 15-year-old students can tell the difference between a fact and an opinion (OECD 2019b). In an information-rich and post-truth environment, citizens and decision-makers need knowledge and tools to transform data and science into evidence, actions, and long-term policies.",3_2,3_11,,No Relationship,No Relationship,No Relationship,No Relationship,No Relationship
"Many of them lack an adequately high SDG commitment, and almost all lack access to the necessary financial means to implement the SDGs.",Universal health access and coverage,3_3,3_4,,No Relationship,No Relationship,No Relationship,No Relationship,No Relationship
"Many of them lack an adequately high SDG commitment, and almost all lack access to the necessary financial means to implement the SDGs.","Provincial, metropolitan, and city governments are typically at the front line in achieving the SDGs.",3_3,3_5,,Support,No Relationship,Attack,No Relationship,No Relationship
"Many of them lack an adequately high SDG commitment, and almost all lack access to the necessary financial means to implement the SDGs.",Multiple and overlapping health and geopolitical crises have led to stagnation in SDG progress globally since 2020.,3_3,3_6,,Attack,Support,Support,No Relationship,No Relationship
"Many of them lack an adequately high SDG commitment, and almost all lack access to the necessary financial means to implement the SDGs.","By July 2023, all UN Member States will have presented a VNR except for Haiti, Myanmar, South Sudan, the United States and Yemen.",3_3,3_7,,No Relationship,No Relationship,Support,No Relationship,No Relationship
"Many of them lack an adequately high SDG commitment, and almost all lack access to the necessary financial means to implement the SDGs.","This Transformation promotes key investments in health and well-being. It aligns closely with SDG Target 3.8, achieving universal health coverage and ensuring that all people have access to the health services they need.",3_3,3_8,,Attack,Support,Support,No Relationship,No Relationship
"Many of them lack an adequately high SDG commitment, and almost all lack access to the necessary financial means to implement the SDGs.",Ensure healthy lives and promote well-being for all at all ages,3_3,3_9,,No Relationship,Support,No Relationship,No Relationship,No Relationship
"Many of them lack an adequately high SDG commitment, and almost all lack access to the necessary financial means to implement the SDGs.","The SDG Index acknowledges Bhutan’s recent progress on many socioeconomic indicators, and calls for global partnerships to promote sustainable development progress and financing globally.",3_3,3_10,,Support,Support,Support,No Relationship,No Relationship
"Many of them lack an adequately high SDG commitment, and almost all lack access to the necessary financial means to implement the SDGs.","According to major international studies, few 15-year-old students can tell the difference between a fact and an opinion (OECD 2019b). In an information-rich and post-truth environment, citizens and decision-makers need knowledge and tools to transform data and science into evidence, actions, and long-term policies.",3_3,3_11,,No Relationship,Support,No Relationship,No Relationship,No Relationship
Universal health access and coverage,"Provincial, metropolitan, and city governments are typically at the front line in achieving the SDGs.",3_4,3_5,,Support,Support,No Relationship,No Relationship,No Relationship
Universal health access and coverage,Multiple and overlapping health and geopolitical crises have led to stagnation in SDG progress globally since 2020.,3_4,3_6,,Attack,No Relationship,Support,No Relationship,Attack
Universal health access and coverage,"By July 2023, all UN Member States will have presented a VNR except for Haiti, Myanmar, South Sudan, the United States and Yemen.",3_4,3_7,,No Relationship,Support,No Relationship,No Relationship,No Relationship
Universal health access and coverage,"This Transformation promotes key investments in health and well-being. It aligns closely with SDG Target 3.8, achieving universal health coverage and ensuring that all people have access to the health services they need.",3_4,3_8,,Support,Support,Rephrase,No Relationship,No Relationship
Universal health access and coverage,Ensure healthy lives and promote well-being for all at all ages,3_4,3_9,,Support,Support,Support,No Relationship,No Relationship
Universal health access and coverage,"The SDG Index acknowledges Bhutan’s recent progress on many socioeconomic indicators, and calls for global partnerships to promote sustainable development progress and financing globally.",3_4,3_10,,Support,Support,No Relationship,No Relationship,No Relationship
Universal health access and coverage,"According to major international studies, few 15-year-old students can tell the difference between a fact and an opinion (OECD 2019b). In an information-rich and post-truth environment, citizens and decision-makers need knowledge and tools to transform data and science into evidence, actions, and long-term policies.",3_4,3_11,,No Relationship,Support,No Relationship,No Relationship,No Relationship
"Provincial, metropolitan, and city governments are typically at the front line in achieving the SDGs.",Multiple and overlapping health and geopolitical crises have led to stagnation in SDG progress globally since 2020.,3_5,3_6,,No Relationship,No Relationship,Attack,No Relationship,No Relationship
"Provincial, metropolitan, and city governments are typically at the front line in achieving the SDGs.","By July 2023, all UN Member States will have presented a VNR except for Haiti, Myanmar, South Sudan, the United States and Yemen.",3_5,3_7,,No Relationship,No Relationship,No Relationship,No Relationship,No Relationship
"Provincial, metropolitan, and city governments are typically at the front line in achieving the SDGs.","This Transformation promotes key investments in health and well-being. It aligns closely with SDG Target 3.8, achieving universal health coverage and ensuring that all people have access to the health services they need.",3_5,3_8,,No Relationship,Support,Support,No Relationship,No Relationship
"Provincial, metropolitan, and city governments are typically at the front line in achieving the SDGs.",Ensure healthy lives and promote well-being for all at all ages,3_5,3_9,,No Relationship,Support,No Relationship,No Relationship,No Relationship
"Provincial, metropolitan, and city governments are typically at the front line in achieving the SDGs.","The SDG Index acknowledges Bhutan’s recent progress on many socioeconomic indicators, and calls for global partnerships to promote sustainable development progress and financing globally.",3_5,3_10,,No Relationship,Support,Support,No Relationship,No Relationship
"Provincial, metropolitan, and city governments are typically at the front line in achieving the SDGs.","According to major international studies, few 15-year-old students can tell the difference between a fact and an opinion (OECD 2019b). In an information-rich and post-truth environment, citizens and decision-makers need knowledge and tools to transform data and science into evidence, actions, and long-term policies.",3_5,3_11,,No Relationship,No Relationship,No Relationship,No Relationship,No Relationship
Multiple and overlapping health and geopolitical crises have led to stagnation in SDG progress globally since 2020.,"By July 2023, all UN Member States will have presented a VNR except for Haiti, Myanmar, South Sudan, the United States and Yemen.",3_6,3_7,,No Relationship,No Relationship,Support,No Relationship,No Relationship
Multiple and overlapping health and geopolitical crises have led to stagnation in SDG progress globally since 2020.,"This Transformation promotes key investments in health and well-being. It aligns closely with SDG Target 3.8, achieving universal health coverage and ensuring that all people have access to the health services they need.",3_6,3_8,,Support,Support,Support,No Relationship,No Relationship
Multiple and overlapping health and geopolitical crises have led to stagnation in SDG progress globally since 2020.,Ensure healthy lives and promote well-being for all at all ages,3_6,3_9,,Rephrase,No Relationship,Support,No Relationship,No Relationship
Multiple and overlapping health and geopolitical crises have led to stagnation in SDG progress globally since 2020.,"The SDG Index acknowledges Bhutan’s recent progress on many socioeconomic indicators, and calls for global partnerships to promote sustainable development progress and financing globally.",3_6,3_10,,No Relationship,Support,Support,No Relationship,Attack
Multiple and overlapping health and geopolitical crises have led to stagnation in SDG progress globally since 2020.,"According to major international studies, few 15-year-old students can tell the difference between a fact and an opinion (OECD 2019b). In an information-rich and post-truth environment, citizens and decision-makers need knowledge and tools to transform data and science into evidence, actions, and long-term policies.",3_6,3_11,,Attack,No Relationship,No Relationship,No Relationship,No Relationship
"By July 2023, all UN Member States will have presented a VNR except for Haiti, Myanmar, South Sudan, the United States and Yemen.","This Transformation promotes key investments in health and well-being. It aligns closely with SDG Target 3.8, achieving universal health coverage and ensuring that all people have access to the health services they need.",3_7,3_8,,No Relationship,Support,No Relationship,No Relationship,No Relationship
"By July 2023, all UN Member States will have presented a VNR except for Haiti, Myanmar, South Sudan, the United States and Yemen.",Ensure healthy lives and promote well-being for all at all ages,3_7,3_9,,No Relationship,Support,No Relationship,No Relationship,No Relationship
"By July 2023, all UN Member States will have presented a VNR except for Haiti, Myanmar, South Sudan, the United States and Yemen.","The SDG Index acknowledges Bhutan’s recent progress on many socioeconomic indicators, and calls for global partnerships to promote sustainable development progress and financing globally.",3_7,3_10,,No Relationship,Support,No Relationship,No Relationship,No Relationship
"By July 2023, all UN Member States will have presented a VNR except for Haiti, Myanmar, South Sudan, the United States and Yemen.","According to major international studies, few 15-year-old students can tell the difference between a fact and an opinion (OECD 2019b). In an information-rich and post-truth environment, citizens and decision-makers need knowledge and tools to transform data and science into evidence, actions, and long-term policies.",3_7,3_11,,No Relationship,No Relationship,No Relationship,No Relationship,No Relationship
"This Transformation promotes key investments in health and well-being. It aligns closely with SDG Target 3.8, achieving universal health coverage and ensuring that all people have access to the health services they need.",Ensure healthy lives and promote well-being for all at all ages,3_8,3_9,,Rephrase,Support,Rephrase,No Relationship,No Relationship
"This Transformation promotes key investments in health and well-being. It aligns closely with SDG Target 3.8, achieving universal health coverage and ensuring that all people have access to the health services they need.","The SDG Index acknowledges Bhutan’s recent progress on many socioeconomic indicators, and calls for global partnerships to promote sustainable development progress and financing globally.",3_8,3_10,,No Relationship,Support,Support,No Relationship,No Relationship
"This Transformation promotes key investments in health and well-being. It aligns closely with SDG Target 3.8, achieving universal health coverage and ensuring that all people have access to the health services they need.","According to major international studies, few 15-year-old students can tell the difference between a fact and an opinion (OECD 2019b). In an information-rich and post-truth environment, citizens and decision-makers need knowledge and tools to transform data and science into evidence, actions, and long-term policies.",3_8,3_11,,No Relationship,Support,No Relationship,No Relationship,No Relationship
Ensure healthy lives and promote well-being for all at all ages,"The SDG Index acknowledges Bhutan’s recent progress on many socioeconomic indicators, and calls for global partnerships to promote sustainable development progress and financing globally.",3_9,3_10,,Support,Support,No Relationship,No Relationship,No Relationship
Ensure healthy lives and promote well-being for all at all ages,"According to major international studies, few 15-year-old students can tell the difference between a fact and an opinion (OECD 2019b). In an information-rich and post-truth environment, citizens and decision-makers need knowledge and tools to transform data and science into evidence, actions, and long-term policies.",3_9,3_11,,Support,Support,No Relationship,No Relationship,No Relationship
"The SDG Index acknowledges Bhutan’s recent progress on many socioeconomic indicators, and calls for global partnerships to promote sustainable development progress and financing globally.","According to major international studies, few 15-year-old students can tell the difference between a fact and an opinion (OECD 2019b). In an information-rich and post-truth environment, citizens and decision-makers need knowledge and tools to transform data and science into evidence, actions, and long-term policies.",3_10,3_11,,No Relationship,No Relationship,No Relationship,No Relationship,No Relationship
"We firmly believe that international cooperation together with the achievement of the SDGs is the best preventative to this dire and growing risk, and represent an opportunity to create positive social tipping points: for example, through equal access to high-quality education (SDG 4), and by fighting all forms of inequalities, including income and wealth inequalities (SDG 10).",The disastrous war in Ukraine has further destabilized and divided the world’s nations.,4_0,4_1,,Attack,No Relationship,No Relationship,No Relationship,No Relationship
"We firmly believe that international cooperation together with the achievement of the SDGs is the best preventative to this dire and growing risk, and represent an opportunity to create positive social tipping points: for example, through equal access to high-quality education (SDG 4), and by fighting all forms of inequalities, including income and wealth inequalities (SDG 10).","SDSN’s strategy to achieve the SDGs includes a great emphasis on long-term national planning, to coordinate public investments, regulations, and incentive structures over a time horizon of 20-30 years.",4_0,4_2,,Support,Support,Support,No Relationship,No Relationship
"We firmly believe that international cooperation together with the achievement of the SDGs is the best preventative to this dire and growing risk, and represent an opportunity to create positive social tipping points: for example, through equal access to high-quality education (SDG 4), and by fighting all forms of inequalities, including income and wealth inequalities (SDG 10).","The SDSN is now a global network of more than 1,900 member organizations, mainly universities, organized in 53 national and regional chapters.",4_0,4_3,,No Relationship,Support,No Relationship,No Relationship,No Relationship
"We firmly believe that international cooperation together with the achievement of the SDGs is the best preventative to this dire and growing risk, and represent an opportunity to create positive social tipping points: for example, through equal access to high-quality education (SDG 4), and by fighting all forms of inequalities, including income and wealth inequalities (SDG 10).","The education dashboard focuses on access to pre-primary and primary education, as well as on lower-secondary completion rates.",4_0,4_4,,Rephrase,No Relationship,Support,No Relationship,No Relationship
The disastrous war in Ukraine has further destabilized and divided the world’s nations.,"SDSN’s strategy to achieve the SDGs includes a great emphasis on long-term national planning, to coordinate public investments, regulations, and incentive structures over a time horizon of 20-30 years.",4_1,4_2,,No Relationship,No Relationship,No Relationship,No Relationship,No Relationship
The disastrous war in Ukraine has further destabilized and divided the world’s nations.,"The SDSN is now a global network of more than 1,900 member organizations, mainly universities, organized in 53 national and regional chapters.",4_1,4_3,,No Relationship,No Relationship,No Relationship,No Relationship,No Relationship
The disastrous war in Ukraine has further destabilized and divided the world’s nations.,"The education dashboard focuses on access to pre-primary and primary education, as well as on lower-secondary completion rates.",4_1,4_4,,No Relationship,No Relationship,No Relationship,No Relationship,No Relationship
"SDSN’s strategy to achieve the SDGs includes a great emphasis on long-term national planning, to coordinate public investments, regulations, and incentive structures over a time horizon of 20-30 years.","The SDSN is now a global network of more than 1,900 member organizations, mainly universities, organized in 53 national and regional chapters.",4_2,4_3,,No Relationship,Support,Support,No Relationship,No Relationship
"SDSN’s strategy to achieve the SDGs includes a great emphasis on long-term national planning, to coordinate public investments, regulations, and incentive structures over a time horizon of 20-30 years.","The education dashboard focuses on access to pre-primary and primary education, as well as on lower-secondary completion rates.",4_2,4_4,,No Relationship,No Relationship,No Relationship,No Relationship,No Relationship
"The SDSN is now a global network of more than 1,900 member organizations, mainly universities, organized in 53 national and regional chapters.","The education dashboard focuses on access to pre-primary and primary education, as well as on lower-secondary completion rates.",4_3,4_4,,No Relationship,No Relationship,No Relationship,No Relationship,No Relationship
"Most of the low-income and lower-middle income countries, home to more than the half of humanity, face major challenges in achieving most of the SDGs by 2030.","For the SDG Transformation scorecards, however, we consider UHC an enabler (input) for greater health outcomes.",5_0,5_1,,No Relationship,No Relationship,Support,No Relationship,No Relationship
Water scarcity affects more than 40% of the world’s population.,"Investing in the SDGs 
12. Sachs JD, Schmidt-Traub G, Lafortune G., 2020. Speaking truth to power about the SDGs, Nature. https://www.nature.com/articles/d41586-020-02373-7",6_0,6_1,,Support,Support,No Relationship,No Relationship,No Relationship
Water scarcity affects more than 40% of the world’s population.,"Many of them lack an adequately high SDG commitment, and almost all lack access to the necessary financial means to implement the SDGs.",6_0,6_2,,Attack,Support,Support,No Relationship,No Relationship
Water scarcity affects more than 40% of the world’s population.,Universal health access and coverage,6_0,6_3,,No Relationship,No Relationship,No Relationship,No Relationship,No Relationship
Water scarcity affects more than 40% of the world’s population.,"[Although on average the world has made some progress in strengthening access to key infrastructure, covered notably under SDG 6 (Clean Water and Sanitation), SDG 7 (Affordable and Clean Energy) and SDG 9 (Industry, Innovation and Infrastructure), this varies extensively across countries, and the world average remains too slow to achieve these SDGs globally by 2030.]",6_0,6_4,,Support,No Relationship,Support,No Relationship,No Relationship
Water scarcity affects more than 40% of the world’s population.,An average of 136 indicators are included in national frameworks for monitoring the SDGs.,6_0,6_5,,No Relationship,No Relationship,No Relationship,No Relationship,No Relationship
Water scarcity affects more than 40% of the world’s population.,Rich European countries top the overall SDG Index.,6_0,6_6,,No Relationship,No Relationship,No Relationship,No Relationship,No Relationship
"Investing in the SDGs 
12. Sachs JD, Schmidt-Traub G, Lafortune G., 2020. Speaking truth to power about the SDGs, Nature. https://www.nature.com/articles/d41586-020-02373-7","Many of them lack an adequately high SDG commitment, and almost all lack access to the necessary financial means to implement the SDGs.",6_1,6_2,,Attack,No Relationship,Attack,No Relationship,No Relationship
"Investing in the SDGs 
12. Sachs JD, Schmidt-Traub G, Lafortune G., 2020. Speaking truth to power about the SDGs, Nature. https://www.nature.com/articles/d41586-020-02373-7",Universal health access and coverage,6_1,6_3,,Support,Support,No Relationship,Attack,Attack
"Investing in the SDGs 
12. Sachs JD, Schmidt-Traub G, Lafortune G., 2020. Speaking truth to power about the SDGs, Nature. https://www.nature.com/articles/d41586-020-02373-7","[Although on average the world has made some progress in strengthening access to key infrastructure, covered notably under SDG 6 (Clean Water and Sanitation), SDG 7 (Affordable and Clean Energy) and SDG 9 (Industry, Innovation and Infrastructure), this varies extensively across countries, and the world average remains too slow to achieve these SDGs globally by 2030.]",6_1,6_4,,Support,No Relationship,Support,No Relationship,No Relationship
"Investing in the SDGs 
12. Sachs JD, Schmidt-Traub G, Lafortune G., 2020. Speaking truth to power about the SDGs, Nature. https://www.nature.com/articles/d41586-020-02373-7",An average of 136 indicators are included in national frameworks for monitoring the SDGs.,6_1,6_5,,Support,No Relationship,Support,No Relationship,No Relationship
"Investing in the SDGs 
12. Sachs JD, Schmidt-Traub G, Lafortune G., 2020. Speaking truth to power about the SDGs, Nature. https://www.nature.com/articles/d41586-020-02373-7",Rich European countries top the overall SDG Index.,6_1,6_6,,Support,No Relationship,Support,No Relationship,No Relationship
"Many of them lack an adequately high SDG commitment, and almost all lack access to the necessary financial means to implement the SDGs.",Universal health access and coverage,6_2,6_3,,No Relationship,No Relationship,No Relationship,No Relationship,No Relationship
"Many of them lack an adequately high SDG commitment, and almost all lack access to the necessary financial means to implement the SDGs.","[Although on average the world has made some progress in strengthening access to key infrastructure, covered notably under SDG 6 (Clean Water and Sanitation), SDG 7 (Affordable and Clean Energy) and SDG 9 (Industry, Innovation and Infrastructure), this varies extensively across countries, and the world average remains too slow to achieve these SDGs globally by 2030.]",6_2,6_4,,Support,Support,Support,No Relationship,No Relationship
"Many of them lack an adequately high SDG commitment, and almost all lack access to the necessary financial means to implement the SDGs.",An average of 136 indicators are included in national frameworks for monitoring the SDGs.,6_2,6_5,,No Relationship,No Relationship,Support,No Relationship,No Relationship
"Many of them lack an adequately high SDG commitment, and almost all lack access to the necessary financial means to implement the SDGs.",Rich European countries top the overall SDG Index.,6_2,6_6,,Attack,No Relationship,Attack,No Relationship,No Relationship
Universal health access and coverage,"[Although on average the world has made some progress in strengthening access to key infrastructure, covered notably under SDG 6 (Clean Water and Sanitation), SDG 7 (Affordable and Clean Energy) and SDG 9 (Industry, Innovation and Infrastructure), this varies extensively across countries, and the world average remains too slow to achieve these SDGs globally by 2030.]",6_3,6_4,,No Relationship,No Relationship,Support,No Relationship,No Relationship
Universal health access and coverage,An average of 136 indicators are included in national frameworks for monitoring the SDGs.,6_3,6_5,,No Relationship,No Relationship,Support,No Relationship,No Relationship
Universal health access and coverage,Rich European countries top the overall SDG Index.,6_3,6_6,,Support,No Relationship,Support,No Relationship,No Relationship
"[Although on average the world has made some progress in strengthening access to key infrastructure, covered notably under SDG 6 (Clean Water and Sanitation), SDG 7 (Affordable and Clean Energy) and SDG 9 (Industry, Innovation and Infrastructure), this varies extensively across countries, and the world average remains too slow to achieve these SDGs globally by 2030.]",An average of 136 indicators are included in national frameworks for monitoring the SDGs.,6_4,6_5,,No Relationship,No Relationship,Support,No Relationship,No Relationship
"[Although on average the world has made some progress in strengthening access to key infrastructure, covered notably under SDG 6 (Clean Water and Sanitation), SDG 7 (Affordable and Clean Energy) and SDG 9 (Industry, Innovation and Infrastructure), this varies extensively across countries, and the world average remains too slow to achieve these SDGs globally by 2030.]",Rich European countries top the overall SDG Index.,6_4,6_6,,Attack,No Relationship,Support,No Relationship,No Relationship
An average of 136 indicators are included in national frameworks for monitoring the SDGs.,Rich European countries top the overall SDG Index.,6_5,6_6,,No Relationship,No Relationship,Support,No Relationship,No Relationship
Zero-carbon energy systems: the transition by 2050 of energy systems to net-zero emissions;,"The European Green Deal (EGD), which is exemplary in many regards. Many EU member states demonstrate a high or moderate SDG commitment.",7_0,7_1,,Support,Support,Rephrase,No Relationship,No Relationship
Zero-carbon energy systems: the transition by 2050 of energy systems to net-zero emissions;,"At the midpoint of the 2030 Agenda, all countries, poorer and richer alike, should use the half-way momentum to self-critically review and revise their national strategies, using the principles of the 2030 Agenda (transformative, integrated, inclusive, leaving no one behind) as a yardstick.",7_0,7_2,,Support,Support,Support,No Relationship,No Relationship
Zero-carbon energy systems: the transition by 2050 of energy systems to net-zero emissions;,Zero-carbon energy systems,7_0,7_3,,Rephrase,Support,Rephrase,No Relationship,No Relationship
Zero-carbon energy systems: the transition by 2050 of energy systems to net-zero emissions;,Regional international policies and agreements should be based on available scientific knowledge.,7_0,7_4,,Support,Support,No Relationship,No Relationship,No Relationship
Zero-carbon energy systems: the transition by 2050 of energy systems to net-zero emissions;,"Governments are only now learning how to design integrated strategies that address economic, social, and environmental objectives in tandem.",7_0,7_5,,Attack,No Relationship,Support,No Relationship,No Relationship
Zero-carbon energy systems: the transition by 2050 of energy systems to net-zero emissions;,"Although on average the world has made some progress in strengthening access to key infrastructure, covered notably under SDG 6 (Clean Water and Sanitation), SDG 7 (Affordable and Clean Energy) and SDG 9 (Industry, Innovation and Infrastructure), this varies extensively across countries, and the world average remains too slow to achieve these SDGs globally by 2030.",7_0,7_6,,Support,No Relationship,Rephrase,No Relationship,No Relationship
Zero-carbon energy systems: the transition by 2050 of energy systems to net-zero emissions;,The SDGs require long-term directed change and global cooperation.,7_0,7_7,,Support,Support,Support,No Relationship,No Relationship
Zero-carbon energy systems: the transition by 2050 of energy systems to net-zero emissions;,ensure universal access to modern energy sources,7_0,7_8,,Support,Support,Support,No Relationship,No Relationship
Zero-carbon energy systems: the transition by 2050 of energy systems to net-zero emissions;,Use of unilateral coercive measures,7_0,7_9,,No Relationship,No Relationship,No Relationship,No Relationship,No Relationship
"The European Green Deal (EGD), which is exemplary in many regards. Many EU member states demonstrate a high or moderate SDG commitment.","At the midpoint of the 2030 Agenda, all countries, poorer and richer alike, should use the half-way momentum to self-critically review and revise their national strategies, using the principles of the 2030 Agenda (transformative, integrated, inclusive, leaving no one behind) as a yardstick.",7_1,7_2,,Support,Support,Support,No Relationship,No Relationship
"The European Green Deal (EGD), which is exemplary in many regards. Many EU member states demonstrate a high or moderate SDG commitment.",Zero-carbon energy systems,7_1,7_3,,Support,Support,Support,No Relationship,No Relationship
"The European Green Deal (EGD), which is exemplary in many regards. Many EU member states demonstrate a high or moderate SDG commitment.",Regional international policies and agreements should be based on available scientific knowledge.,7_1,7_4,,Support,Support,No Relationship,No Relationship,No Relationship
"The European Green Deal (EGD), which is exemplary in many regards. Many EU member states demonstrate a high or moderate SDG commitment.","Governments are only now learning how to design integrated strategies that address economic, social, and environmental objectives in tandem.",7_1,7_5,,Attack,Support,Support,No Relationship,No Relationship
"The European Green Deal (EGD), which is exemplary in many regards. Many EU member states demonstrate a high or moderate SDG commitment.","Although on average the world has made some progress in strengthening access to key infrastructure, covered notably under SDG 6 (Clean Water and Sanitation), SDG 7 (Affordable and Clean Energy) and SDG 9 (Industry, Innovation and Infrastructure), this varies extensively across countries, and the world average remains too slow to achieve these SDGs globally by 2030.",7_1,7_6,,No Relationship,Support,Support,No Relationship,No Relationship
"The European Green Deal (EGD), which is exemplary in many regards. Many EU member states demonstrate a high or moderate SDG commitment.",The SDGs require long-term directed change and global cooperation.,7_1,7_7,,Support,Support,Support,No Relationship,No Relationship
"The European Green Deal (EGD), which is exemplary in many regards. Many EU member states demonstrate a high or moderate SDG commitment.",ensure universal access to modern energy sources,7_1,7_8,,Support,Support,Support,No Relationship,No Relationship
"The European Green Deal (EGD), which is exemplary in many regards. Many EU member states demonstrate a high or moderate SDG commitment.",Use of unilateral coercive measures,7_1,7_9,,No Relationship,No Relationship,No Relationship,No Relationship,Attack
"At the midpoint of the 2030 Agenda, all countries, poorer and richer alike, should use the half-way momentum to self-critically review and revise their national strategies, using the principles of the 2030 Agenda (transformative, integrated, inclusive, leaving no one behind) as a yardstick.",Zero-carbon energy systems,7_2,7_3,,No Relationship,No Relationship,No Relationship,No Relationship,No Relationship
"At the midpoint of the 2030 Agenda, all countries, poorer and richer alike, should use the half-way momentum to self-critically review and revise their national strategies, using the principles of the 2030 Agenda (transformative, integrated, inclusive, leaving no one behind) as a yardstick.",Regional international policies and agreements should be based on available scientific knowledge.,7_2,7_4,,No Relationship,Support,No Relationship,No Relationship,No Relationship
"At the midpoint of the 2030 Agenda, all countries, poorer and richer alike, should use the half-way momentum to self-critically review and revise their national strategies, using the principles of the 2030 Agenda (transformative, integrated, inclusive, leaving no one behind) as a yardstick.","Governments are only now learning how to design integrated strategies that address economic, social, and environmental objectives in tandem.",7_2,7_5,,Support,No Relationship,Support,No Relationship,No Relationship
"At the midpoint of the 2030 Agenda, all countries, poorer and richer alike, should use the half-way momentum to self-critically review and revise their national strategies, using the principles of the 2030 Agenda (transformative, integrated, inclusive, leaving no one behind) as a yardstick.","Although on average the world has made some progress in strengthening access to key infrastructure, covered notably under SDG 6 (Clean Water and Sanitation), SDG 7 (Affordable and Clean Energy) and SDG 9 (Industry, Innovation and Infrastructure), this varies extensively across countries, and the world average remains too slow to achieve these SDGs globally by 2030.",7_2,7_6,,Support,No Relationship,Support,No Relationship,No Relationship
"At the midpoint of the 2030 Agenda, all countries, poorer and richer alike, should use the half-way momentum to self-critically review and revise their national strategies, using the principles of the 2030 Agenda (transformative, integrated, inclusive, leaving no one behind) as a yardstick.",The SDGs require long-term directed change and global cooperation.,7_2,7_7,,Support,Support,Support,No Relationship,No Relationship
"At the midpoint of the 2030 Agenda, all countries, poorer and richer alike, should use the half-way momentum to self-critically review and revise their national strategies, using the principles of the 2030 Agenda (transformative, integrated, inclusive, leaving no one behind) as a yardstick.",ensure universal access to modern energy sources,7_2,7_8,,Support,Support,No Relationship,No Relationship,No Relationship
"At the midpoint of the 2030 Agenda, all countries, poorer and richer alike, should use the half-way momentum to self-critically review and revise their national strategies, using the principles of the 2030 Agenda (transformative, integrated, inclusive, leaving no one behind) as a yardstick.",Use of unilateral coercive measures,7_2,7_9,,No Relationship,No Relationship,No Relationship,No Relationship,No Relationship
Zero-carbon energy systems,Regional international policies and agreements should be based on available scientific knowledge.,7_3,7_4,,Support,Support,No Relationship,No Relationship,No Relationship
Zero-carbon energy systems,"Governments are only now learning how to design integrated strategies that address economic, social, and environmental objectives in tandem.",7_3,7_5,,Support,No Relationship,Support,No Relationship,No Relationship
Zero-carbon energy systems,"Although on average the world has made some progress in strengthening access to key infrastructure, covered notably under SDG 6 (Clean Water and Sanitation), SDG 7 (Affordable and Clean Energy) and SDG 9 (Industry, Innovation and Infrastructure), this varies extensively across countries, and the world average remains too slow to achieve these SDGs globally by 2030.",7_3,7_6,,Support,No Relationship,Support,No Relationship,No Relationship
Zero-carbon energy systems,The SDGs require long-term directed change and global cooperation.,7_3,7_7,,Support,Support,Support,No Relationship,No Relationship
Zero-carbon energy systems,ensure universal access to modern energy sources,7_3,7_8,,Support,Support,Support,No Relationship,No Relationship
Zero-carbon energy systems,Use of unilateral coercive measures,7_3,7_9,,No Relationship,No Relationship,No Relationship,No Relationship,Attack
Regional international policies and agreements should be based on available scientific knowledge.,"Governments are only now learning how to design integrated strategies that address economic, social, and environmental objectives in tandem.",7_4,7_5,,Attack,No Relationship,No Relationship,No Relationship,No Relationship
Regional international policies and agreements should be based on available scientific knowledge.,"Although on average the world has made some progress in strengthening access to key infrastructure, covered notably under SDG 6 (Clean Water and Sanitation), SDG 7 (Affordable and Clean Energy) and SDG 9 (Industry, Innovation and Infrastructure), this varies extensively across countries, and the world average remains too slow to achieve these SDGs globally by 2030.",7_4,7_6,,No Relationship,Support,No Relationship,No Relationship,No Relationship
Regional international policies and agreements should be based on available scientific knowledge.,The SDGs require long-term directed change and global cooperation.,7_4,7_7,,No Relationship,Support,No Relationship,No Relationship,No Relationship
Regional international policies and agreements should be based on available scientific knowledge.,ensure universal access to modern energy sources,7_4,7_8,,No Relationship,Support,No Relationship,No Relationship,No Relationship
Regional international policies and agreements should be based on available scientific knowledge.,Use of unilateral coercive measures,7_4,7_9,,Attack,No Relationship,No Relationship,No Relationship,Attack
"Governments are only now learning how to design integrated strategies that address economic, social, and environmental objectives in tandem.","Although on average the world has made some progress in strengthening access to key infrastructure, covered notably under SDG 6 (Clean Water and Sanitation), SDG 7 (Affordable and Clean Energy) and SDG 9 (Industry, Innovation and Infrastructure), this varies extensively across countries, and the world average remains too slow to achieve these SDGs globally by 2030.",7_5,7_6,,Support,No Relationship,Support,No Relationship,No Relationship
"Governments are only now learning how to design integrated strategies that address economic, social, and environmental objectives in tandem.",The SDGs require long-term directed change and global cooperation.,7_5,7_7,,Support,Support,Support,No Relationship,No Relationship
"Governments are only now learning how to design integrated strategies that address economic, social, and environmental objectives in tandem.",ensure universal access to modern energy sources,7_5,7_8,,Support,Support,No Relationship,No Relationship,No Relationship
"Governments are only now learning how to design integrated strategies that address economic, social, and environmental objectives in tandem.",Use of unilateral coercive measures,7_5,7_9,,No Relationship,No Relationship,No Relationship,No Relationship,No Relationship
"Although on average the world has made some progress in strengthening access to key infrastructure, covered notably under SDG 6 (Clean Water and Sanitation), SDG 7 (Affordable and Clean Energy) and SDG 9 (Industry, Innovation and Infrastructure), this varies extensively across countries, and the world average remains too slow to achieve these SDGs globally by 2030.",The SDGs require long-term directed change and global cooperation.,7_6,7_7,,Support,Support,Support,No Relationship,No Relationship
"Although on average the world has made some progress in strengthening access to key infrastructure, covered notably under SDG 6 (Clean Water and Sanitation), SDG 7 (Affordable and Clean Energy) and SDG 9 (Industry, Innovation and Infrastructure), this varies extensively across countries, and the world average remains too slow to achieve these SDGs globally by 2030.",ensure universal access to modern energy sources,7_6,7_8,,Support,Support,Support,No Relationship,No Relationship
"Although on average the world has made some progress in strengthening access to key infrastructure, covered notably under SDG 6 (Clean Water and Sanitation), SDG 7 (Affordable and Clean Energy) and SDG 9 (Industry, Innovation and Infrastructure), this varies extensively across countries, and the world average remains too slow to achieve these SDGs globally by 2030.",Use of unilateral coercive measures,7_6,7_9,,No Relationship,No Relationship,No Relationship,No Relationship,No Relationship
The SDGs require long-term directed change and global cooperation.,ensure universal access to modern energy sources,7_7,7_8,,Support,Support,No Relationship,No Relationship,No Relationship
The SDGs require long-term directed change and global cooperation.,Use of unilateral coercive measures,7_7,7_9,,Attack,No Relationship,No Relationship,No Relationship,Attack
ensure universal access to modern energy sources,Use of unilateral coercive measures,7_8,7_9,,Attack,No Relationship,No Relationship,No Relationship,Attack
The world must both shift its current investment patterns and increase the overall investment flow in order to build the future we want.,"The United States, as the world’s biggest economy in terms of GDP at market prices and its biggest oil and gas producer, has a responsibility both to itself and to the rest of the world to immediately embark on an ambitious transformation towards the SDGs, as well as towards other global climate and biodiversity goals.",8_0,8_1,,Support,Support,Support,No Relationship,No Relationship
The world must both shift its current investment patterns and increase the overall investment flow in order to build the future we want.,"At the midpoint of the 2030 Agenda, all countries, poorer and richer alike, should use the half-way momentum to self-critically review and revise their national strategies, using the principles of the 2030 Agenda (transformative, integrated, inclusive, leaving no one behind) as a yardstick.",8_0,8_2,,Support,Support,Support,No Relationship,No Relationship
The world must both shift its current investment patterns and increase the overall investment flow in order to build the future we want.,"The GFA falls short in the following six ways: Deep, chronic, and crippling under-investment in virtually all low-income countries (LICs) and lower-middle-income countries (LMICs). Investment per person in the LICs averaged a meagre US$175 per person, compared with US$11,535 per person in the HICs. (Table 1.1)",8_0,8_3,,Support,No Relationship,Support,No Relationship,No Relationship
The world must both shift its current investment patterns and increase the overall investment flow in order to build the future we want.,"The sub-national level, including Provincial, metropolitan, and city governments are typically at the front line in achieving the SDGs.",8_0,8_4,,No Relationship,No Relationship,No Relationship,No Relationship,No Relationship
The world must both shift its current investment patterns and increase the overall investment flow in order to build the future we want.,"Governments are only now learning how to design integrated strategies that address economic, social, and environmental objectives in tandem.",8_0,8_5,,Support,No Relationship,Support,No Relationship,No Relationship
The world must both shift its current investment patterns and increase the overall investment flow in order to build the future we want.,SDG 8 (Decent Work and Economic Growth) demands the eradication of child labor and modern slavery.,8_0,8_6,,No Relationship,Support,No Relationship,No Relationship,No Relationship
The world must both shift its current investment patterns and increase the overall investment flow in order to build the future we want.,"Promote sustained, inclusive and sustainable economic growth, full and productive employment and decent work for all",8_0,8_7,,Support,Support,No Relationship,No Relationship,No Relationship
The world must both shift its current investment patterns and increase the overall investment flow in order to build the future we want.,"Since the 2022 pilot, we have added four new indicators on digitalization and five on engagement with multilateralism.",8_0,8_8,,No Relationship,No Relationship,No Relationship,No Relationship,No Relationship
"The United States, as the world’s biggest economy in terms of GDP at market prices and its biggest oil and gas producer, has a responsibility both to itself and to the rest of the world to immediately embark on an ambitious transformation towards the SDGs, as well as towards other global climate and biodiversity goals.","At the midpoint of the 2030 Agenda, all countries, poorer and richer alike, should use the half-way momentum to self-critically review and revise their national strategies, using the principles of the 2030 Agenda (transformative, integrated, inclusive, leaving no one behind) as a yardstick.",8_1,8_2,,Support,Support,Support,No Relationship,No Relationship
"The United States, as the world’s biggest economy in terms of GDP at market prices and its biggest oil and gas producer, has a responsibility both to itself and to the rest of the world to immediately embark on an ambitious transformation towards the SDGs, as well as towards other global climate and biodiversity goals.","The GFA falls short in the following six ways: Deep, chronic, and crippling under-investment in virtually all low-income countries (LICs) and lower-middle-income countries (LMICs). Investment per person in the LICs averaged a meagre US$175 per person, compared with US$11,535 per person in the HICs. (Table 1.1)",8_1,8_3,,Attack,No Relationship,No Relationship,No Relationship,No Relationship
"The United States, as the world’s biggest economy in terms of GDP at market prices and its biggest oil and gas producer, has a responsibility both to itself and to the rest of the world to immediately embark on an ambitious transformation towards the SDGs, as well as towards other global climate and biodiversity goals.","The sub-national level, including Provincial, metropolitan, and city governments are typically at the front line in achieving the SDGs.",8_1,8_4,,Support,Support,Support,No Relationship,No Relationship
"The United States, as the world’s biggest economy in terms of GDP at market prices and its biggest oil and gas producer, has a responsibility both to itself and to the rest of the world to immediately embark on an ambitious transformation towards the SDGs, as well as towards other global climate and biodiversity goals.","Governments are only now learning how to design integrated strategies that address economic, social, and environmental objectives in tandem.",8_1,8_5,,Support,No Relationship,Support,No Relationship,No Relationship
"The United States, as the world’s biggest economy in terms of GDP at market prices and its biggest oil and gas producer, has a responsibility both to itself and to the rest of the world to immediately embark on an ambitious transformation towards the SDGs, as well as towards other global climate and biodiversity goals.",SDG 8 (Decent Work and Economic Growth) demands the eradication of child labor and modern slavery.,8_1,8_6,,Support,Support,Support,No Relationship,No Relationship
"The United States, as the world’s biggest economy in terms of GDP at market prices and its biggest oil and gas producer, has a responsibility both to itself and to the rest of the world to immediately embark on an ambitious transformation towards the SDGs, as well as towards other global climate and biodiversity goals.","Promote sustained, inclusive and sustainable economic growth, full and productive employment and decent work for all",8_1,8_7,,Support,Support,No Relationship,No Relationship,No Relationship
"The United States, as the world’s biggest economy in terms of GDP at market prices and its biggest oil and gas producer, has a responsibility both to itself and to the rest of the world to immediately embark on an ambitious transformation towards the SDGs, as well as towards other global climate and biodiversity goals.","Since the 2022 pilot, we have added four new indicators on digitalization and five on engagement with multilateralism.",8_1,8_8,,No Relationship,No Relationship,No Relationship,No Relationship,No Relationship
"At the midpoint of the 2030 Agenda, all countries, poorer and richer alike, should use the half-way momentum to self-critically review and revise their national strategies, using the principles of the 2030 Agenda (transformative, integrated, inclusive, leaving no one behind) as a yardstick.","The GFA falls short in the following six ways: Deep, chronic, and crippling under-investment in virtually all low-income countries (LICs) and lower-middle-income countries (LMICs). Investment per person in the LICs averaged a meagre US$175 per person, compared with US$11,535 per person in the HICs. (Table 1.1)",8_2,8_3,,Attack,Support,Support,No Relationship,No Relationship
"At the midpoint of the 2030 Agenda, all countries, poorer and richer alike, should use the half-way momentum to self-critically review and revise their national strategies, using the principles of the 2030 Agenda (transformative, integrated, inclusive, leaving no one behind) as a yardstick.","The sub-national level, including Provincial, metropolitan, and city governments are typically at the front line in achieving the SDGs.",8_2,8_4,,Support,Support,Support,No Relationship,No Relationship
"At the midpoint of the 2030 Agenda, all countries, poorer and richer alike, should use the half-way momentum to self-critically review and revise their national strategies, using the principles of the 2030 Agenda (transformative, integrated, inclusive, leaving no one behind) as a yardstick.","Governments are only now learning how to design integrated strategies that address economic, social, and environmental objectives in tandem.",8_2,8_5,,Support,No Relationship,Support,No Relationship,No Relationship
"At the midpoint of the 2030 Agenda, all countries, poorer and richer alike, should use the half-way momentum to self-critically review and revise their national strategies, using the principles of the 2030 Agenda (transformative, integrated, inclusive, leaving no one behind) as a yardstick.",SDG 8 (Decent Work and Economic Growth) demands the eradication of child labor and modern slavery.,8_2,8_6,,Support,Support,No Relationship,No Relationship,No Relationship
"At the midpoint of the 2030 Agenda, all countries, poorer and richer alike, should use the half-way momentum to self-critically review and revise their national strategies, using the principles of the 2030 Agenda (transformative, integrated, inclusive, leaving no one behind) as a yardstick.","Promote sustained, inclusive and sustainable economic growth, full and productive employment and decent work for all",8_2,8_7,,Support,Support,Support,No Relationship,No Relationship
"At the midpoint of the 2030 Agenda, all countries, poorer and richer alike, should use the half-way momentum to self-critically review and revise their national strategies, using the principles of the 2030 Agenda (transformative, integrated, inclusive, leaving no one behind) as a yardstick.","Since the 2022 pilot, we have added four new indicators on digitalization and five on engagement with multilateralism.",8_2,8_8,,No Relationship,No Relationship,No Relationship,No Relationship,No Relationship
"The GFA falls short in the following six ways: Deep, chronic, and crippling under-investment in virtually all low-income countries (LICs) and lower-middle-income countries (LMICs). Investment per person in the LICs averaged a meagre US$175 per person, compared with US$11,535 per person in the HICs. (Table 1.1)","The sub-national level, including Provincial, metropolitan, and city governments are typically at the front line in achieving the SDGs.",8_3,8_4,,No Relationship,No Relationship,No Relationship,No Relationship,No Relationship
"The GFA falls short in the following six ways: Deep, chronic, and crippling under-investment in virtually all low-income countries (LICs) and lower-middle-income countries (LMICs). Investment per person in the LICs averaged a meagre US$175 per person, compared with US$11,535 per person in the HICs. (Table 1.1)","Governments are only now learning how to design integrated strategies that address economic, social, and environmental objectives in tandem.",8_3,8_5,,Attack,No Relationship,No Relationship,No Relationship,No Relationship
"The GFA falls short in the following six ways: Deep, chronic, and crippling under-investment in virtually all low-income countries (LICs) and lower-middle-income countries (LMICs). Investment per person in the LICs averaged a meagre US$175 per person, compared with US$11,535 per person in the HICs. (Table 1.1)",SDG 8 (Decent Work and Economic Growth) demands the eradication of child labor and modern slavery.,8_3,8_6,,No Relationship,Support,No Relationship,No Relationship,No Relationship
"The GFA falls short in the following six ways: Deep, chronic, and crippling under-investment in virtually all low-income countries (LICs) and lower-middle-income countries (LMICs). Investment per person in the LICs averaged a meagre US$175 per person, compared with US$11,535 per person in the HICs. (Table 1.1)","Promote sustained, inclusive and sustainable economic growth, full and productive employment and decent work for all",8_3,8_7,,Attack,Support,No Relationship,No Relationship,No Relationship
"The GFA falls short in the following six ways: Deep, chronic, and crippling under-investment in virtually all low-income countries (LICs) and lower-middle-income countries (LMICs). Investment per person in the LICs averaged a meagre US$175 per person, compared with US$11,535 per person in the HICs. (Table 1.1)","Since the 2022 pilot, we have added four new indicators on digitalization and five on engagement with multilateralism.",8_3,8_8,,No Relationship,No Relationship,No Relationship,No Relationship,No Relationship
"The sub-national level, including Provincial, metropolitan, and city governments are typically at the front line in achieving the SDGs.","Governments are only now learning how to design integrated strategies that address economic, social, and environmental objectives in tandem.",8_4,8_5,,Support,No Relationship,Support,No Relationship,No Relationship
"The sub-national level, including Provincial, metropolitan, and city governments are typically at the front line in achieving the SDGs.",SDG 8 (Decent Work and Economic Growth) demands the eradication of child labor and modern slavery.,8_4,8_6,,No Relationship,Support,Support,No Relationship,No Relationship
"The sub-national level, including Provincial, metropolitan, and city governments are typically at the front line in achieving the SDGs.","Promote sustained, inclusive and sustainable economic growth, full and productive employment and decent work for all",8_4,8_7,,Support,Support,Support,No Relationship,No Relationship
"The sub-national level, including Provincial, metropolitan, and city governments are typically at the front line in achieving the SDGs.","Since the 2022 pilot, we have added four new indicators on digitalization and five on engagement with multilateralism.",8_4,8_8,,No Relationship,No Relationship,No Relationship,No Relationship,No Relationship
"Governments are only now learning how to design integrated strategies that address economic, social, and environmental objectives in tandem.",SDG 8 (Decent Work and Economic Growth) demands the eradication of child labor and modern slavery.,8_5,8_6,,Support,No Relationship,No Relationship,No Relationship,No Relationship
"Governments are only now learning how to design integrated strategies that address economic, social, and environmental objectives in tandem.","Promote sustained, inclusive and sustainable economic growth, full and productive employment and decent work for all",8_5,8_7,,Support,Support,No Relationship,No Relationship,No Relationship
"Governments are only now learning how to design integrated strategies that address economic, social, and environmental objectives in tandem.","Since the 2022 pilot, we have added four new indicators on digitalization and five on engagement with multilateralism.",8_5,8_8,,No Relationship,No Relationship,No Relationship,No Relationship,No Relationship
SDG 8 (Decent Work and Economic Growth) demands the eradication of child labor and modern slavery.,"Promote sustained, inclusive and sustainable economic growth, full and productive employment and decent work for all",8_6,8_7,,Support,Support,Support,No Relationship,No Relationship
SDG 8 (Decent Work and Economic Growth) demands the eradication of child labor and modern slavery.,"Since the 2022 pilot, we have added four new indicators on digitalization and five on engagement with multilateralism.",8_6,8_8,,No Relationship,No Relationship,No Relationship,No Relationship,No Relationship
"Promote sustained, inclusive and sustainable economic growth, full and productive employment and decent work for all","Since the 2022 pilot, we have added four new indicators on digitalization and five on engagement with multilateralism.",8_7,8_8,,Support,No Relationship,Support,No Relationship,No Relationship
"Infrastructure capital and innovation capital tend to be financed roughly equally by the public and private sectors. For example, governments tend to finance power transmission grids, while the private sector tends to finance power generation.","The European Green Deal (EGD), which is exemplary in many regards. Many EU member states demonstrate a high or moderate SDG commitment.",9_0,9_1,,No Relationship,Support,Support,No Relationship,No Relationship
"Infrastructure capital and innovation capital tend to be financed roughly equally by the public and private sectors. For example, governments tend to finance power transmission grids, while the private sector tends to finance power generation.","The global financial architecture (GFA) falls short in the following six ways: deep, chronic, and crippling under-investment in virtually all low-income countries (LICs) and lower-middle-income countries (LMICs).",9_0,9_2,,Attack,No Relationship,Support,No Relationship,No Relationship
"Infrastructure capital and innovation capital tend to be financed roughly equally by the public and private sectors. For example, governments tend to finance power transmission grids, while the private sector tends to finance power generation.","The world has made some progress in strengthening access to key infrastructure, covered notably under SDG 6 (Clean Water and Sanitation), SDG 7 (Affordable and Clean Energy) and SDG 9 (Industry, Innovation and Infrastructure)",9_0,9_3,,Support,Support,Support,No Relationship,No Relationship
"The European Green Deal (EGD), which is exemplary in many regards. Many EU member states demonstrate a high or moderate SDG commitment.","The global financial architecture (GFA) falls short in the following six ways: deep, chronic, and crippling under-investment in virtually all low-income countries (LICs) and lower-middle-income countries (LMICs).",9_1,9_2,,No Relationship,No Relationship,Attack,No Relationship,No Relationship
"The European Green Deal (EGD), which is exemplary in many regards. Many EU member states demonstrate a high or moderate SDG commitment.","The world has made some progress in strengthening access to key infrastructure, covered notably under SDG 6 (Clean Water and Sanitation), SDG 7 (Affordable and Clean Energy) and SDG 9 (Industry, Innovation and Infrastructure)",9_1,9_3,,Support,Support,Rephrase,No Relationship,No Relationship
"The global financial architecture (GFA) falls short in the following six ways: deep, chronic, and crippling under-investment in virtually all low-income countries (LICs) and lower-middle-income countries (LMICs).","The world has made some progress in strengthening access to key infrastructure, covered notably under SDG 6 (Clean Water and Sanitation), SDG 7 (Affordable and Clean Energy) and SDG 9 (Industry, Innovation and Infrastructure)",9_2,9_3,,Attack,No Relationship,No Relationship,No Relationship,No Relationship
"The disruptions caused by these multiple crises has aggravated fiscal-space issues in low-income countries (LICs) and in lower-middle income countries (LMICs), leading to a reversal in progress on several goals and indicators.",And global cooperation has ebbed as geopolitical tensions have risen.,10_0,10_1,,Attack,No Relationship,Support,No Relationship,No Relationship
"The disruptions caused by these multiple crises has aggravated fiscal-space issues in low-income countries (LICs) and in lower-middle income countries (LMICs), leading to a reversal in progress on several goals and indicators.","The interconnected environmental, social, and health challenges can be characterized as a planetary health crisis, caused by human activities such as industrialization, urbanization, deforestation, and the burning of fossil fuels.",10_0,10_2,,No Relationship,No Relationship,Support,No Relationship,No Relationship
"The disruptions caused by these multiple crises has aggravated fiscal-space issues in low-income countries (LICs) and in lower-middle income countries (LMICs), leading to a reversal in progress on several goals and indicators.","The greatest responsibility for achieving the SDGs and safeguarding the planetary boundaries lies with the G20 members. These countries represent more than 80% of global GDP, around 70% of the world’s forests, more than 60% of the earth’s population, and more than 50% of its landmass.",10_0,10_3,,No Relationship,No Relationship,Support,No Relationship,No Relationship
"The disruptions caused by these multiple crises has aggravated fiscal-space issues in low-income countries (LICs) and in lower-middle income countries (LMICs), leading to a reversal in progress on several goals and indicators.","1. Greatly increase funding to national and subnational governments and private businesses in the emerging economies, especially the LICs and LMICs, to carry out the needed investments.",10_0,10_4,,Support,Support,Support,No Relationship,No Relationship
"The disruptions caused by these multiple crises has aggravated fiscal-space issues in low-income countries (LICs) and in lower-middle income countries (LMICs), leading to a reversal in progress on several goals and indicators.",The urgent need for an SDG Stimulus,10_0,10_5,,Support,No Relationship,Support,No Relationship,No Relationship
"The disruptions caused by these multiple crises has aggravated fiscal-space issues in low-income countries (LICs) and in lower-middle income countries (LMICs), leading to a reversal in progress on several goals and indicators.","The most important component of the stimulus plan is a massive expansion of loans by the multilateral development banks, backed by new rounds of paid-in capital by HIC members.",10_0,10_6,,Support,No Relationship,Support,No Relationship,No Relationship
"The disruptions caused by these multiple crises has aggravated fiscal-space issues in low-income countries (LICs) and in lower-middle income countries (LMICs), leading to a reversal in progress on several goals and indicators.","Provincial, metropolitan, and city governments are typically at the front line in achieving the SDGs.",10_0,10_7,,No Relationship,No Relationship,No Relationship,No Relationship,No Relationship
"The disruptions caused by these multiple crises has aggravated fiscal-space issues in low-income countries (LICs) and in lower-middle income countries (LMICs), leading to a reversal in progress on several goals and indicators.","Governments are only now learning how to design integrated strategies that address economic, social, and environmental objectives in tandem.",10_0,10_8,,Attack,No Relationship,Support,No Relationship,No Relationship
"The disruptions caused by these multiple crises has aggravated fiscal-space issues in low-income countries (LICs) and in lower-middle income countries (LMICs), leading to a reversal in progress on several goals and indicators.","HICs tend to generate the largest negative spillovers, due to unsustainable consumption, financial secrecy, and the presence of tax havens.",10_0,10_9,,Attack,Support,Support,No Relationship,No Relationship
"The disruptions caused by these multiple crises has aggravated fiscal-space issues in low-income countries (LICs) and in lower-middle income countries (LMICs), leading to a reversal in progress on several goals and indicators.","By July 2023, all UN Member States will have presented a VNR except for Haiti, Myanmar, South Sudan, the United States and Yemen.",10_0,10_10,,No Relationship,No Relationship,No Relationship,No Relationship,No Relationship
"The disruptions caused by these multiple crises has aggravated fiscal-space issues in low-income countries (LICs) and in lower-middle income countries (LMICs), leading to a reversal in progress on several goals and indicators.","the COVID-19 pandemic has had lasting impacts on urban mobility, land use, property values, and transport systems in developed and developing countries alike.",10_0,10_11,,Support,No Relationship,Support,No Relationship,No Relationship
"The disruptions caused by these multiple crises has aggravated fiscal-space issues in low-income countries (LICs) and in lower-middle income countries (LMICs), leading to a reversal in progress on several goals and indicators.",Promotion of demilitarization and global peace,10_0,10_12,,No Relationship,No Relationship,No Relationship,No Relationship,No Relationship
And global cooperation has ebbed as geopolitical tensions have risen.,"The interconnected environmental, social, and health challenges can be characterized as a planetary health crisis, caused by human activities such as industrialization, urbanization, deforestation, and the burning of fossil fuels.",10_1,10_2,,No Relationship,No Relationship,No Relationship,No Relationship,No Relationship
And global cooperation has ebbed as geopolitical tensions have risen.,"The greatest responsibility for achieving the SDGs and safeguarding the planetary boundaries lies with the G20 members. These countries represent more than 80% of global GDP, around 70% of the world’s forests, more than 60% of the earth’s population, and more than 50% of its landmass.",10_1,10_3,,Support,Support,No Relationship,No Relationship,No Relationship
And global cooperation has ebbed as geopolitical tensions have risen.,"1. Greatly increase funding to national and subnational governments and private businesses in the emerging economies, especially the LICs and LMICs, to carry out the needed investments.",10_1,10_4,,No Relationship,No Relationship,No Relationship,No Relationship,No Relationship
And global cooperation has ebbed as geopolitical tensions have risen.,The urgent need for an SDG Stimulus,10_1,10_5,,Support,No Relationship,No Relationship,No Relationship,No Relationship
And global cooperation has ebbed as geopolitical tensions have risen.,"The most important component of the stimulus plan is a massive expansion of loans by the multilateral development banks, backed by new rounds of paid-in capital by HIC members.",10_1,10_6,,No Relationship,No Relationship,No Relationship,No Relationship,No Relationship
And global cooperation has ebbed as geopolitical tensions have risen.,"Provincial, metropolitan, and city governments are typically at the front line in achieving the SDGs.",10_1,10_7,,No Relationship,No Relationship,No Relationship,No Relationship,No Relationship
And global cooperation has ebbed as geopolitical tensions have risen.,"Governments are only now learning how to design integrated strategies that address economic, social, and environmental objectives in tandem.",10_1,10_8,,No Relationship,No Relationship,No Relationship,No Relationship,No Relationship
And global cooperation has ebbed as geopolitical tensions have risen.,"HICs tend to generate the largest negative spillovers, due to unsustainable consumption, financial secrecy, and the presence of tax havens.",10_1,10_9,,No Relationship,No Relationship,No Relationship,No Relationship,No Relationship
And global cooperation has ebbed as geopolitical tensions have risen.,"By July 2023, all UN Member States will have presented a VNR except for Haiti, Myanmar, South Sudan, the United States and Yemen.",10_1,10_10,,No Relationship,No Relationship,No Relationship,No Relationship,No Relationship
And global cooperation has ebbed as geopolitical tensions have risen.,"the COVID-19 pandemic has had lasting impacts on urban mobility, land use, property values, and transport systems in developed and developing countries alike.",10_1,10_11,,No Relationship,No Relationship,No Relationship,No Relationship,No Relationship
And global cooperation has ebbed as geopolitical tensions have risen.,Promotion of demilitarization and global peace,10_1,10_12,,Support,Support,Support,No Relationship,No Relationship
"The interconnected environmental, social, and health challenges can be characterized as a planetary health crisis, caused by human activities such as industrialization, urbanization, deforestation, and the burning of fossil fuels.","The greatest responsibility for achieving the SDGs and safeguarding the planetary boundaries lies with the G20 members. These countries represent more than 80% of global GDP, around 70% of the world’s forests, more than 60% of the earth’s population, and more than 50% of its landmass.",10_2,10_3,,Support,Support,Support,No Relationship,No Relationship
"The interconnected environmental, social, and health challenges can be characterized as a planetary health crisis, caused by human activities such as industrialization, urbanization, deforestation, and the burning of fossil fuels.","1. Greatly increase funding to national and subnational governments and private businesses in the emerging economies, especially the LICs and LMICs, to carry out the needed investments.",10_2,10_4,,Support,Support,No Relationship,No Relationship,No Relationship
"The interconnected environmental, social, and health challenges can be characterized as a planetary health crisis, caused by human activities such as industrialization, urbanization, deforestation, and the burning of fossil fuels.",The urgent need for an SDG Stimulus,10_2,10_5,,Support,No Relationship,Support,No Relationship,No Relationship
"The interconnected environmental, social, and health challenges can be characterized as a planetary health crisis, caused by human activities such as industrialization, urbanization, deforestation, and the burning of fossil fuels.","The most important component of the stimulus plan is a massive expansion of loans by the multilateral development banks, backed by new rounds of paid-in capital by HIC members.",10_2,10_6,,No Relationship,No Relationship,No Relationship,No Relationship,No Relationship
"The interconnected environmental, social, and health challenges can be characterized as a planetary health crisis, caused by human activities such as industrialization, urbanization, deforestation, and the burning of fossil fuels.","Provincial, metropolitan, and city governments are typically at the front line in achieving the SDGs.",10_2,10_7,,No Relationship,No Relationship,No Relationship,No Relationship,No Relationship
"The interconnected environmental, social, and health challenges can be characterized as a planetary health crisis, caused by human activities such as industrialization, urbanization, deforestation, and the burning of fossil fuels.","Governments are only now learning how to design integrated strategies that address economic, social, and environmental objectives in tandem.",10_2,10_8,,Support,No Relationship,Support,No Relationship,No Relationship
"The interconnected environmental, social, and health challenges can be characterized as a planetary health crisis, caused by human activities such as industrialization, urbanization, deforestation, and the burning of fossil fuels.","HICs tend to generate the largest negative spillovers, due to unsustainable consumption, financial secrecy, and the presence of tax havens.",10_2,10_9,,Support,No Relationship,No Relationship,No Relationship,No Relationship
"The interconnected environmental, social, and health challenges can be characterized as a planetary health crisis, caused by human activities such as industrialization, urbanization, deforestation, and the burning of fossil fuels.","By July 2023, all UN Member States will have presented a VNR except for Haiti, Myanmar, South Sudan, the United States and Yemen.",10_2,10_10,,No Relationship,No Relationship,No Relationship,No Relationship,No Relationship
"The interconnected environmental, social, and health challenges can be characterized as a planetary health crisis, caused by human activities such as industrialization, urbanization, deforestation, and the burning of fossil fuels.","the COVID-19 pandemic has had lasting impacts on urban mobility, land use, property values, and transport systems in developed and developing countries alike.",10_2,10_11,,Support,Support,Support,No Relationship,No Relationship
"The interconnected environmental, social, and health challenges can be characterized as a planetary health crisis, caused by human activities such as industrialization, urbanization, deforestation, and the burning of fossil fuels.",Promotion of demilitarization and global peace,10_2,10_12,,No Relationship,No Relationship,No Relationship,No Relationship,Attack
"The greatest responsibility for achieving the SDGs and safeguarding the planetary boundaries lies with the G20 members. These countries represent more than 80% of global GDP, around 70% of the world’s forests, more than 60% of the earth’s population, and more than 50% of its landmass.","1. Greatly increase funding to national and subnational governments and private businesses in the emerging economies, especially the LICs and LMICs, to carry out the needed investments.",10_3,10_4,,Attack,Support,No Relationship,No Relationship,No Relationship
"The greatest responsibility for achieving the SDGs and safeguarding the planetary boundaries lies with the G20 members. These countries represent more than 80% of global GDP, around 70% of the world’s forests, more than 60% of the earth’s population, and more than 50% of its landmass.",The urgent need for an SDG Stimulus,10_3,10_5,,Support,Support,Support,No Relationship,No Relationship
"The greatest responsibility for achieving the SDGs and safeguarding the planetary boundaries lies with the G20 members. These countries represent more than 80% of global GDP, around 70% of the world’s forests, more than 60% of the earth’s population, and more than 50% of its landmass.","The most important component of the stimulus plan is a massive expansion of loans by the multilateral development banks, backed by new rounds of paid-in capital by HIC members.",10_3,10_6,,No Relationship,No Relationship,No Relationship,No Relationship,No Relationship
"The greatest responsibility for achieving the SDGs and safeguarding the planetary boundaries lies with the G20 members. These countries represent more than 80% of global GDP, around 70% of the world’s forests, more than 60% of the earth’s population, and more than 50% of its landmass.","Provincial, metropolitan, and city governments are typically at the front line in achieving the SDGs.",10_3,10_7,,Attack,Support,Support,No Relationship,Attack
"The greatest responsibility for achieving the SDGs and safeguarding the planetary boundaries lies with the G20 members. These countries represent more than 80% of global GDP, around 70% of the world’s forests, more than 60% of the earth’s population, and more than 50% of its landmass.","Governments are only now learning how to design integrated strategies that address economic, social, and environmental objectives in tandem.",10_3,10_8,,Attack,No Relationship,Support,No Relationship,No Relationship
"The greatest responsibility for achieving the SDGs and safeguarding the planetary boundaries lies with the G20 members. These countries represent more than 80% of global GDP, around 70% of the world’s forests, more than 60% of the earth’s population, and more than 50% of its landmass.","HICs tend to generate the largest negative spillovers, due to unsustainable consumption, financial secrecy, and the presence of tax havens.",10_3,10_9,,Support,No Relationship,No Relationship,No Relationship,No Relationship
"The greatest responsibility for achieving the SDGs and safeguarding the planetary boundaries lies with the G20 members. These countries represent more than 80% of global GDP, around 70% of the world’s forests, more than 60% of the earth’s population, and more than 50% of its landmass.","By July 2023, all UN Member States will have presented a VNR except for Haiti, Myanmar, South Sudan, the United States and Yemen.",10_3,10_10,,No Relationship,No Relationship,No Relationship,No Relationship,No Relationship
"The greatest responsibility for achieving the SDGs and safeguarding the planetary boundaries lies with the G20 members. These countries represent more than 80% of global GDP, around 70% of the world’s forests, more than 60% of the earth’s population, and more than 50% of its landmass.","the COVID-19 pandemic has had lasting impacts on urban mobility, land use, property values, and transport systems in developed and developing countries alike.",10_3,10_11,,No Relationship,No Relationship,No Relationship,No Relationship,No Relationship
"The greatest responsibility for achieving the SDGs and safeguarding the planetary boundaries lies with the G20 members. These countries represent more than 80% of global GDP, around 70% of the world’s forests, more than 60% of the earth’s population, and more than 50% of its landmass.",Promotion of demilitarization and global peace,10_3,10_12,,No Relationship,No Relationship,No Relationship,No Relationship,No Relationship
"1. Greatly increase funding to national and subnational governments and private businesses in the emerging economies, especially the LICs and LMICs, to carry out the needed investments.",The urgent need for an SDG Stimulus,10_4,10_5,,Support,Support,Support,No Relationship,No Relationship
"1. Greatly increase funding to national and subnational governments and private businesses in the emerging economies, especially the LICs and LMICs, to carry out the needed investments.","The most important component of the stimulus plan is a massive expansion of loans by the multilateral development banks, backed by new rounds of paid-in capital by HIC members.",10_4,10_6,,Support,Support,Support,No Relationship,No Relationship
"1. Greatly increase funding to national and subnational governments and private businesses in the emerging economies, especially the LICs and LMICs, to carry out the needed investments.","Provincial, metropolitan, and city governments are typically at the front line in achieving the SDGs.",10_4,10_7,,Support,Support,No Relationship,No Relationship,No Relationship
"1. Greatly increase funding to national and subnational governments and private businesses in the emerging economies, especially the LICs and LMICs, to carry out the needed investments.","Governments are only now learning how to design integrated strategies that address economic, social, and environmental objectives in tandem.",10_4,10_8,,Attack,No Relationship,No Relationship,No Relationship,No Relationship
"1. Greatly increase funding to national and subnational governments and private businesses in the emerging economies, especially the LICs and LMICs, to carry out the needed investments.","HICs tend to generate the largest negative spillovers, due to unsustainable consumption, financial secrecy, and the presence of tax havens.",10_4,10_9,,Attack,No Relationship,Support,No Relationship,No Relationship
"1. Greatly increase funding to national and subnational governments and private businesses in the emerging economies, especially the LICs and LMICs, to carry out the needed investments.","By July 2023, all UN Member States will have presented a VNR except for Haiti, Myanmar, South Sudan, the United States and Yemen.",10_4,10_10,,No Relationship,No Relationship,No Relationship,No Relationship,No Relationship
"1. Greatly increase funding to national and subnational governments and private businesses in the emerging economies, especially the LICs and LMICs, to carry out the needed investments.","the COVID-19 pandemic has had lasting impacts on urban mobility, land use, property values, and transport systems in developed and developing countries alike.",10_4,10_11,,No Relationship,No Relationship,No Relationship,No Relationship,No Relationship
"1. Greatly increase funding to national and subnational governments and private businesses in the emerging economies, especially the LICs and LMICs, to carry out the needed investments.",Promotion of demilitarization and global peace,10_4,10_12,,No Relationship,Support,No Relationship,No Relationship,No Relationship
The urgent need for an SDG Stimulus,"The most important component of the stimulus plan is a massive expansion of loans by the multilateral development banks, backed by new rounds of paid-in capital by HIC members.",10_5,10_6,,Support,Support,Support,No Relationship,No Relationship
The urgent need for an SDG Stimulus,"Provincial, metropolitan, and city governments are typically at the front line in achieving the SDGs.",10_5,10_7,,Support,Support,Support,No Relationship,No Relationship
The urgent need for an SDG Stimulus,"Governments are only now learning how to design integrated strategies that address economic, social, and environmental objectives in tandem.",10_5,10_8,,Support,No Relationship,Support,No Relationship,No Relationship
The urgent need for an SDG Stimulus,"HICs tend to generate the largest negative spillovers, due to unsustainable consumption, financial secrecy, and the presence of tax havens.",10_5,10_9,,Support,No Relationship,No Relationship,No Relationship,No Relationship
The urgent need for an SDG Stimulus,"By July 2023, all UN Member States will have presented a VNR except for Haiti, Myanmar, South Sudan, the United States and Yemen.",10_5,10_10,,No Relationship,No Relationship,No Relationship,No Relationship,No Relationship
The urgent need for an SDG Stimulus,"the COVID-19 pandemic has had lasting impacts on urban mobility, land use, property values, and transport systems in developed and developing countries alike.",10_5,10_11,,Support,No Relationship,No Relationship,No Relationship,No Relationship
The urgent need for an SDG Stimulus,Promotion of demilitarization and global peace,10_5,10_12,,Support,Support,No Relationship,No Relationship,No Relationship
"The most important component of the stimulus plan is a massive expansion of loans by the multilateral development banks, backed by new rounds of paid-in capital by HIC members.","Provincial, metropolitan, and city governments are typically at the front line in achieving the SDGs.",10_6,10_7,,No Relationship,Support,No Relationship,No Relationship,No Relationship
"The most important component of the stimulus plan is a massive expansion of loans by the multilateral development banks, backed by new rounds of paid-in capital by HIC members.","Governments are only now learning how to design integrated strategies that address economic, social, and environmental objectives in tandem.",10_6,10_8,,No Relationship,No Relationship,No Relationship,No Relationship,No Relationship
"The most important component of the stimulus plan is a massive expansion of loans by the multilateral development banks, backed by new rounds of paid-in capital by HIC members.","HICs tend to generate the largest negative spillovers, due to unsustainable consumption, financial secrecy, and the presence of tax havens.",10_6,10_9,,Attack,Attack,Support,No Relationship,Attack
"The most important component of the stimulus plan is a massive expansion of loans by the multilateral development banks, backed by new rounds of paid-in capital by HIC members.","By July 2023, all UN Member States will have presented a VNR except for Haiti, Myanmar, South Sudan, the United States and Yemen.",10_6,10_10,,No Relationship,No Relationship,No Relationship,No Relationship,No Relationship
"The most important component of the stimulus plan is a massive expansion of loans by the multilateral development banks, backed by new rounds of paid-in capital by HIC members.","the COVID-19 pandemic has had lasting impacts on urban mobility, land use, property values, and transport systems in developed and developing countries alike.",10_6,10_11,,No Relationship,No Relationship,No Relationship,No Relationship,No Relationship
"The most important component of the stimulus plan is a massive expansion of loans by the multilateral development banks, backed by new rounds of paid-in capital by HIC members.",Promotion of demilitarization and global peace,10_6,10_12,,No Relationship,No Relationship,No Relationship,No Relationship,No Relationship
"Provincial, metropolitan, and city governments are typically at the front line in achieving the SDGs.","Governments are only now learning how to design integrated strategies that address economic, social, and environmental objectives in tandem.",10_7,10_8,,Support,No Relationship,Support,No Relationship,No Relationship
"Provincial, metropolitan, and city governments are typically at the front line in achieving the SDGs.","HICs tend to generate the largest negative spillovers, due to unsustainable consumption, financial secrecy, and the presence of tax havens.",10_7,10_9,,No Relationship,No Relationship,No Relationship,No Relationship,No Relationship
"Provincial, metropolitan, and city governments are typically at the front line in achieving the SDGs.","By July 2023, all UN Member States will have presented a VNR except for Haiti, Myanmar, South Sudan, the United States and Yemen.",10_7,10_10,,No Relationship,No Relationship,No Relationship,No Relationship,No Relationship
"Provincial, metropolitan, and city governments are typically at the front line in achieving the SDGs.","the COVID-19 pandemic has had lasting impacts on urban mobility, land use, property values, and transport systems in developed and developing countries alike.",10_7,10_11,,No Relationship,No Relationship,No Relationship,No Relationship,No Relationship
"Provincial, metropolitan, and city governments are typically at the front line in achieving the SDGs.",Promotion of demilitarization and global peace,10_7,10_12,,No Relationship,Support,No Relationship,No Relationship,No Relationship
"Governments are only now learning how to design integrated strategies that address economic, social, and environmental objectives in tandem.","HICs tend to generate the largest negative spillovers, due to unsustainable consumption, financial secrecy, and the presence of tax havens.",10_8,10_9,,Attack,No Relationship,No Relationship,No Relationship,No Relationship
"Governments are only now learning how to design integrated strategies that address economic, social, and environmental objectives in tandem.","By July 2023, all UN Member States will have presented a VNR except for Haiti, Myanmar, South Sudan, the United States and Yemen.",10_8,10_10,,No Relationship,No Relationship,No Relationship,No Relationship,No Relationship
"Governments are only now learning how to design integrated strategies that address economic, social, and environmental objectives in tandem.","the COVID-19 pandemic has had lasting impacts on urban mobility, land use, property values, and transport systems in developed and developing countries alike.",10_8,10_11,,No Relationship,No Relationship,No Relationship,No Relationship,No Relationship
"Governments are only now learning how to design integrated strategies that address economic, social, and environmental objectives in tandem.",Promotion of demilitarization and global peace,10_8,10_12,,No Relationship,No Relationship,No Relationship,No Relationship,No Relationship
"HICs tend to generate the largest negative spillovers, due to unsustainable consumption, financial secrecy, and the presence of tax havens.","By July 2023, all UN Member States will have presented a VNR except for Haiti, Myanmar, South Sudan, the United States and Yemen.",10_9,10_10,,No Relationship,No Relationship,No Relationship,No Relationship,No Relationship
"HICs tend to generate the largest negative spillovers, due to unsustainable consumption, financial secrecy, and the presence of tax havens.","the COVID-19 pandemic has had lasting impacts on urban mobility, land use, property values, and transport systems in developed and developing countries alike.",10_9,10_11,,No Relationship,No Relationship,No Relationship,No Relationship,Attack
"HICs tend to generate the largest negative spillovers, due to unsustainable consumption, financial secrecy, and the presence of tax havens.",Promotion of demilitarization and global peace,10_9,10_12,,No Relationship,No Relationship,No Relationship,No Relationship,No Relationship
"By July 2023, all UN Member States will have presented a VNR except for Haiti, Myanmar, South Sudan, the United States and Yemen.","the COVID-19 pandemic has had lasting impacts on urban mobility, land use, property values, and transport systems in developed and developing countries alike.",10_10,10_11,,No Relationship,No Relationship,No Relationship,No Relationship,No Relationship
"By July 2023, all UN Member States will have presented a VNR except for Haiti, Myanmar, South Sudan, the United States and Yemen.",Promotion of demilitarization and global peace,10_10,10_12,,No Relationship,Support,No Relationship,No Relationship,No Relationship
"the COVID-19 pandemic has had lasting impacts on urban mobility, land use, property values, and transport systems in developed and developing countries alike.",Promotion of demilitarization and global peace,10_11,10_12,,No Relationship,No Relationship,No Relationship,No Relationship,Attack
"Sustainable cities: urban infrastructure and services to ensure productive, safe, inclusive, and healthful cities for a world that will be around 70 percent urbanized in 2050;",Grave dangers of social tipping points,11_0,11_1,,Attack,No Relationship,No Relationship,No Relationship,Attack
"Sustainable cities: urban infrastructure and services to ensure productive, safe, inclusive, and healthful cities for a world that will be around 70 percent urbanized in 2050;","Unless the SDGs are actively pursued, geophysical tipping points combined with technological disruptions could ignite disastrous social conflicts within and between nations.",11_0,11_2,,Support,No Relationship,Support,No Relationship,No Relationship
"Sustainable cities: urban infrastructure and services to ensure productive, safe, inclusive, and healthful cities for a world that will be around 70 percent urbanized in 2050;",The greatest responsibility for achieving the SDGs and safeguarding the planetary boundaries lies with the G20 members.,11_0,11_3,,No Relationship,No Relationship,Support,No Relationship,No Relationship
"Sustainable cities: urban infrastructure and services to ensure productive, safe, inclusive, and healthful cities for a world that will be around 70 percent urbanized in 2050;","At the midpoint of the 2030 Agenda, all countries, poorer and richer alike, should use the half-way momentum to self-critically review and revise their national strategies, using the principles of the 2030 Agenda (transformative, integrated, inclusive, leaving no one behind) as a yardstick.",11_0,11_4,,Support,Support,Support,No Relationship,No Relationship
"Sustainable cities: urban infrastructure and services to ensure productive, safe, inclusive, and healthful cities for a world that will be around 70 percent urbanized in 2050;","Provincial, metropolitan, and city governments are typically at the front line in achieving the SDGs.",11_0,11_5,,Support,Support,Support,No Relationship,No Relationship
"Sustainable cities: urban infrastructure and services to ensure productive, safe, inclusive, and healthful cities for a world that will be around 70 percent urbanized in 2050;","By design, Transformation 5 calls for regional and local policy trackers. These would notably track efforts at the regional and city level to curb urban pollution, increase housing affordability, and strengthen mobility and access to public transport.",11_0,11_6,,Support,Support,Support,No Relationship,No Relationship
"Sustainable cities: urban infrastructure and services to ensure productive, safe, inclusive, and healthful cities for a world that will be around 70 percent urbanized in 2050;",Part 3. Government Efforts and Commitments,11_0,11_7,,No Relationship,Support,Support,No Relationship,No Relationship
Grave dangers of social tipping points,"Unless the SDGs are actively pursued, geophysical tipping points combined with technological disruptions could ignite disastrous social conflicts within and between nations.",11_1,11_2,,Support,Support,Rephrase,No Relationship,No Relationship
Grave dangers of social tipping points,The greatest responsibility for achieving the SDGs and safeguarding the planetary boundaries lies with the G20 members.,11_1,11_3,,Support,No Relationship,No Relationship,No Relationship,No Relationship
Grave dangers of social tipping points,"At the midpoint of the 2030 Agenda, all countries, poorer and richer alike, should use the half-way momentum to self-critically review and revise their national strategies, using the principles of the 2030 Agenda (transformative, integrated, inclusive, leaving no one behind) as a yardstick.",11_1,11_4,,Support,Support,No Relationship,No Relationship,No Relationship
Grave dangers of social tipping points,"Provincial, metropolitan, and city governments are typically at the front line in achieving the SDGs.",11_1,11_5,,No Relationship,No Relationship,No Relationship,No Relationship,No Relationship
Grave dangers of social tipping points,"By design, Transformation 5 calls for regional and local policy trackers. These would notably track efforts at the regional and city level to curb urban pollution, increase housing affordability, and strengthen mobility and access to public transport.",11_1,11_6,,Support,No Relationship,No Relationship,No Relationship,No Relationship
Grave dangers of social tipping points,Part 3. Government Efforts and Commitments,11_1,11_7,,No Relationship,No Relationship,No Relationship,No Relationship,No Relationship
"Unless the SDGs are actively pursued, geophysical tipping points combined with technological disruptions could ignite disastrous social conflicts within and between nations.",The greatest responsibility for achieving the SDGs and safeguarding the planetary boundaries lies with the G20 members.,11_2,11_3,,Support,No Relationship,Support,No Relationship,No Relationship
"Unless the SDGs are actively pursued, geophysical tipping points combined with technological disruptions could ignite disastrous social conflicts within and between nations.","At the midpoint of the 2030 Agenda, all countries, poorer and richer alike, should use the half-way momentum to self-critically review and revise their national strategies, using the principles of the 2030 Agenda (transformative, integrated, inclusive, leaving no one behind) as a yardstick.",11_2,11_4,,Support,Support,Support,No Relationship,No Relationship
"Unless the SDGs are actively pursued, geophysical tipping points combined with technological disruptions could ignite disastrous social conflicts within and between nations.","Provincial, metropolitan, and city governments are typically at the front line in achieving the SDGs.",11_2,11_5,,Support,No Relationship,Support,No Relationship,No Relationship
"Unless the SDGs are actively pursued, geophysical tipping points combined with technological disruptions could ignite disastrous social conflicts within and between nations.","By design, Transformation 5 calls for regional and local policy trackers. These would notably track efforts at the regional and city level to curb urban pollution, increase housing affordability, and strengthen mobility and access to public transport.",11_2,11_6,,Support,Support,No Relationship,No Relationship,No Relationship
"Unless the SDGs are actively pursued, geophysical tipping points combined with technological disruptions could ignite disastrous social conflicts within and between nations.",Part 3. Government Efforts and Commitments,11_2,11_7,,No Relationship,No Relationship,No Relationship,No Relationship,No Relationship
The greatest responsibility for achieving the SDGs and safeguarding the planetary boundaries lies with the G20 members.,"At the midpoint of the 2030 Agenda, all countries, poorer and richer alike, should use the half-way momentum to self-critically review and revise their national strategies, using the principles of the 2030 Agenda (transformative, integrated, inclusive, leaving no one behind) as a yardstick.",11_3,11_4,,Support,Support,Support,No Relationship,No Relationship
The greatest responsibility for achieving the SDGs and safeguarding the planetary boundaries lies with the G20 members.,"Provincial, metropolitan, and city governments are typically at the front line in achieving the SDGs.",11_3,11_5,,Attack,Support,Support,No Relationship,Attack
The greatest responsibility for achieving the SDGs and safeguarding the planetary boundaries lies with the G20 members.,"By design, Transformation 5 calls for regional and local policy trackers. These would notably track efforts at the regional and city level to curb urban pollution, increase housing affordability, and strengthen mobility and access to public transport.",11_3,11_6,,No Relationship,Support,No Relationship,No Relationship,No Relationship
The greatest responsibility for achieving the SDGs and safeguarding the planetary boundaries lies with the G20 members.,Part 3. Government Efforts and Commitments,11_3,11_7,,No Relationship,No Relationship,No Relationship,No Relationship,No Relationship
"At the midpoint of the 2030 Agenda, all countries, poorer and richer alike, should use the half-way momentum to self-critically review and revise their national strategies, using the principles of the 2030 Agenda (transformative, integrated, inclusive, leaving no one behind) as a yardstick.","Provincial, metropolitan, and city governments are typically at the front line in achieving the SDGs.",11_4,11_5,,Support,Support,Support,No Relationship,No Relationship
"At the midpoint of the 2030 Agenda, all countries, poorer and richer alike, should use the half-way momentum to self-critically review and revise their national strategies, using the principles of the 2030 Agenda (transformative, integrated, inclusive, leaving no one behind) as a yardstick.","By design, Transformation 5 calls for regional and local policy trackers. These would notably track efforts at the regional and city level to curb urban pollution, increase housing affordability, and strengthen mobility and access to public transport.",11_4,11_6,,Support,Support,No Relationship,No Relationship,No Relationship
"At the midpoint of the 2030 Agenda, all countries, poorer and richer alike, should use the half-way momentum to self-critically review and revise their national strategies, using the principles of the 2030 Agenda (transformative, integrated, inclusive, leaving no one behind) as a yardstick.",Part 3. Government Efforts and Commitments,11_4,11_7,,No Relationship,No Relationship,No Relationship,No Relationship,No Relationship
"Provincial, metropolitan, and city governments are typically at the front line in achieving the SDGs.","By design, Transformation 5 calls for regional and local policy trackers. These would notably track efforts at the regional and city level to curb urban pollution, increase housing affordability, and strengthen mobility and access to public transport.",11_5,11_6,,Support,Support,Support,No Relationship,No Relationship
"Provincial, metropolitan, and city governments are typically at the front line in achieving the SDGs.",Part 3. Government Efforts and Commitments,11_5,11_7,,No Relationship,Support,Support,No Relationship,No Relationship
"By design, Transformation 5 calls for regional and local policy trackers. These would notably track efforts at the regional and city level to curb urban pollution, increase housing affordability, and strengthen mobility and access to public transport.",Part 3. Government Efforts and Commitments,11_6,11_7,,No Relationship,No Relationship,Support,No Relationship,No Relationship
"Only limited progress is being made on the environmental and biodiversity goals, including SDG 12 (Responsible Consumption and Production), SDG 13 (Climate Action), SDG 14 (Life Below Water), and SDG 15 (Life on Land)","The interconnected environmental, social, and health challenges can be characterized as a planetary health crisis, caused by human activities such as industrialization, urbanization, deforestation, and the burning of fossil fuels.",12_0,12_1,,Support,No Relationship,Support,No Relationship,No Relationship
"Only limited progress is being made on the environmental and biodiversity goals, including SDG 12 (Responsible Consumption and Production), SDG 13 (Climate Action), SDG 14 (Life Below Water), and SDG 15 (Life on Land)",Ensure sustainable consumption and production patterns.,12_0,12_2,,Support,No Relationship,Support,No Relationship,No Relationship
"Only limited progress is being made on the environmental and biodiversity goals, including SDG 12 (Responsible Consumption and Production), SDG 13 (Climate Action), SDG 14 (Life Below Water), and SDG 15 (Life on Land)","The greatest responsibility for achieving the SDGs and safeguarding the planetary boundaries lies with the G20 members. These countries represent more than 80% of global GDP, around 70% of the world’s forests, more than 60% of the earth’s population, and more than 50% of its landmass. The G20 countries account for 90% of global lignite and coal extraction and more than 60% of global oil and gas production.",12_0,12_3,,Support,Support,Support,No Relationship,No Relationship
"Only limited progress is being made on the environmental and biodiversity goals, including SDG 12 (Responsible Consumption and Production), SDG 13 (Climate Action), SDG 14 (Life Below Water), and SDG 15 (Life on Land)",Ensure sustainable consumption and production patterns,12_0,12_4,,Support,No Relationship,Support,No Relationship,No Relationship
"Only limited progress is being made on the environmental and biodiversity goals, including SDG 12 (Responsible Consumption and Production), SDG 13 (Climate Action), SDG 14 (Life Below Water), and SDG 15 (Life on Land)","Provincial, metropolitan, and city governments are typically at the front line in achieving the SDGs.",12_0,12_5,,No Relationship,Support,Support,No Relationship,No Relationship
"Only limited progress is being made on the environmental and biodiversity goals, including SDG 12 (Responsible Consumption and Production), SDG 13 (Climate Action), SDG 14 (Life Below Water), and SDG 15 (Life on Land)","Governments are only now learning how to design integrated strategies that address economic, social, and environmental objectives in tandem.",12_0,12_6,,Support,No Relationship,Support,No Relationship,No Relationship
"Only limited progress is being made on the environmental and biodiversity goals, including SDG 12 (Responsible Consumption and Production), SDG 13 (Climate Action), SDG 14 (Life Below Water), and SDG 15 (Life on Land)","Despite the world improving on average half a point per year on the SDG Index between 2015 and 2019 (which was already too slow), progress has stalled since the outbreak of the pandemic and the onset of other overlapping crises.",12_0,12_7,,Support,No Relationship,Rephrase,No Relationship,No Relationship
"Only limited progress is being made on the environmental and biodiversity goals, including SDG 12 (Responsible Consumption and Production), SDG 13 (Climate Action), SDG 14 (Life Below Water), and SDG 15 (Life on Land)","Today’s land-use practices and food systems have led to persistent hunger, malnutrition, and obesity. They account for a quarter of greenhouse gas emissions, over 90 percent of scarcity-weighted water use, most biodiversity loss, the overexploitation of fish populations, eutrophication through nutrient overload, and the pollution of our water and air.",12_0,12_8,,Support,No Relationship,Support,No Relationship,No Relationship
"Only limited progress is being made on the environmental and biodiversity goals, including SDG 12 (Responsible Consumption and Production), SDG 13 (Climate Action), SDG 14 (Life Below Water), and SDG 15 (Life on Land)","Yet the SDG Dashboards rate rich countries, including Nordic countries, at “red” on several SDGs – particularly those related to responsible consumption and production, climate action, and biodiversity – meaning major challenges remain (Lafortune, Sachs, and Schmidt-Traub 2020).",12_0,12_9,,Support,No Relationship,Support,No Relationship,No Relationship
"The interconnected environmental, social, and health challenges can be characterized as a planetary health crisis, caused by human activities such as industrialization, urbanization, deforestation, and the burning of fossil fuels.",Ensure sustainable consumption and production patterns.,12_1,12_2,,Support,No Relationship,Support,No Relationship,No Relationship
"The interconnected environmental, social, and health challenges can be characterized as a planetary health crisis, caused by human activities such as industrialization, urbanization, deforestation, and the burning of fossil fuels.","The greatest responsibility for achieving the SDGs and safeguarding the planetary boundaries lies with the G20 members. These countries represent more than 80% of global GDP, around 70% of the world’s forests, more than 60% of the earth’s population, and more than 50% of its landmass. The G20 countries account for 90% of global lignite and coal extraction and more than 60% of global oil and gas production.",12_1,12_3,,Support,Support,Support,No Relationship,No Relationship
"The interconnected environmental, social, and health challenges can be characterized as a planetary health crisis, caused by human activities such as industrialization, urbanization, deforestation, and the burning of fossil fuels.",Ensure sustainable consumption and production patterns,12_1,12_4,,Support,No Relationship,No Relationship,No Relationship,No Relationship
"The interconnected environmental, social, and health challenges can be characterized as a planetary health crisis, caused by human activities such as industrialization, urbanization, deforestation, and the burning of fossil fuels.","Provincial, metropolitan, and city governments are typically at the front line in achieving the SDGs.",12_1,12_5,,No Relationship,No Relationship,No Relationship,No Relationship,No Relationship
"The interconnected environmental, social, and health challenges can be characterized as a planetary health crisis, caused by human activities such as industrialization, urbanization, deforestation, and the burning of fossil fuels.","Governments are only now learning how to design integrated strategies that address economic, social, and environmental objectives in tandem.",12_1,12_6,,Support,No Relationship,Support,No Relationship,No Relationship
"The interconnected environmental, social, and health challenges can be characterized as a planetary health crisis, caused by human activities such as industrialization, urbanization, deforestation, and the burning of fossil fuels.","Despite the world improving on average half a point per year on the SDG Index between 2015 and 2019 (which was already too slow), progress has stalled since the outbreak of the pandemic and the onset of other overlapping crises.",12_1,12_7,,Support,No Relationship,Support,No Relationship,No Relationship
"The interconnected environmental, social, and health challenges can be characterized as a planetary health crisis, caused by human activities such as industrialization, urbanization, deforestation, and the burning of fossil fuels.","Today’s land-use practices and food systems have led to persistent hunger, malnutrition, and obesity. They account for a quarter of greenhouse gas emissions, over 90 percent of scarcity-weighted water use, most biodiversity loss, the overexploitation of fish populations, eutrophication through nutrient overload, and the pollution of our water and air.",12_1,12_8,,Support,No Relationship,Support,No Relationship,No Relationship
"The interconnected environmental, social, and health challenges can be characterized as a planetary health crisis, caused by human activities such as industrialization, urbanization, deforestation, and the burning of fossil fuels.","Yet the SDG Dashboards rate rich countries, including Nordic countries, at “red” on several SDGs – particularly those related to responsible consumption and production, climate action, and biodiversity – meaning major challenges remain (Lafortune, Sachs, and Schmidt-Traub 2020).",12_1,12_9,,Support,No Relationship,Support,No Relationship,No Relationship
Ensure sustainable consumption and production patterns.,"The greatest responsibility for achieving the SDGs and safeguarding the planetary boundaries lies with the G20 members. These countries represent more than 80% of global GDP, around 70% of the world’s forests, more than 60% of the earth’s population, and more than 50% of its landmass. The G20 countries account for 90% of global lignite and coal extraction and more than 60% of global oil and gas production.",12_2,12_3,,Support,Support,Support,No Relationship,No Relationship
Ensure sustainable consumption and production patterns.,Ensure sustainable consumption and production patterns,12_2,12_4,,Rephrase,Support,Rephrase,Rephrase,Rephrase
Ensure sustainable consumption and production patterns.,"Provincial, metropolitan, and city governments are typically at the front line in achieving the SDGs.",12_2,12_5,,Support,Support,Support,No Relationship,No Relationship
Ensure sustainable consumption and production patterns.,"Governments are only now learning how to design integrated strategies that address economic, social, and environmental objectives in tandem.",12_2,12_6,,Support,No Relationship,Support,No Relationship,No Relationship
Ensure sustainable consumption and production patterns.,"Despite the world improving on average half a point per year on the SDG Index between 2015 and 2019 (which was already too slow), progress has stalled since the outbreak of the pandemic and the onset of other overlapping crises.",12_2,12_7,,Attack,No Relationship,Support,No Relationship,No Relationship
Ensure sustainable consumption and production patterns.,"Today’s land-use practices and food systems have led to persistent hunger, malnutrition, and obesity. They account for a quarter of greenhouse gas emissions, over 90 percent of scarcity-weighted water use, most biodiversity loss, the overexploitation of fish populations, eutrophication through nutrient overload, and the pollution of our water and air.",12_2,12_8,,Attack,No Relationship,Support,No Relationship,No Relationship
Ensure sustainable consumption and production patterns.,"Yet the SDG Dashboards rate rich countries, including Nordic countries, at “red” on several SDGs – particularly those related to responsible consumption and production, climate action, and biodiversity – meaning major challenges remain (Lafortune, Sachs, and Schmidt-Traub 2020).",12_2,12_9,,Attack,No Relationship,Support,No Relationship,No Relationship
"The greatest responsibility for achieving the SDGs and safeguarding the planetary boundaries lies with the G20 members. These countries represent more than 80% of global GDP, around 70% of the world’s forests, more than 60% of the earth’s population, and more than 50% of its landmass. The G20 countries account for 90% of global lignite and coal extraction and more than 60% of global oil and gas production.",Ensure sustainable consumption and production patterns,12_3,12_4,,Support,No Relationship,Support,No Relationship,No Relationship
"The greatest responsibility for achieving the SDGs and safeguarding the planetary boundaries lies with the G20 members. These countries represent more than 80% of global GDP, around 70% of the world’s forests, more than 60% of the earth’s population, and more than 50% of its landmass. The G20 countries account for 90% of global lignite and coal extraction and more than 60% of global oil and gas production.","Provincial, metropolitan, and city governments are typically at the front line in achieving the SDGs.",12_3,12_5,,Attack,Support,Support,No Relationship,Attack
"The greatest responsibility for achieving the SDGs and safeguarding the planetary boundaries lies with the G20 members. These countries represent more than 80% of global GDP, around 70% of the world’s forests, more than 60% of the earth’s population, and more than 50% of its landmass. The G20 countries account for 90% of global lignite and coal extraction and more than 60% of global oil and gas production.","Governments are only now learning how to design integrated strategies that address economic, social, and environmental objectives in tandem.",12_3,12_6,,No Relationship,No Relationship,Support,No Relationship,No Relationship
"The greatest responsibility for achieving the SDGs and safeguarding the planetary boundaries lies with the G20 members. These countries represent more than 80% of global GDP, around 70% of the world’s forests, more than 60% of the earth’s population, and more than 50% of its landmass. The G20 countries account for 90% of global lignite and coal extraction and more than 60% of global oil and gas production.","Despite the world improving on average half a point per year on the SDG Index between 2015 and 2019 (which was already too slow), progress has stalled since the outbreak of the pandemic and the onset of other overlapping crises.",12_3,12_7,,No Relationship,No Relationship,Support,No Relationship,No Relationship
"The greatest responsibility for achieving the SDGs and safeguarding the planetary boundaries lies with the G20 members. These countries represent more than 80% of global GDP, around 70% of the world’s forests, more than 60% of the earth’s population, and more than 50% of its landmass. The G20 countries account for 90% of global lignite and coal extraction and more than 60% of global oil and gas production.","Today’s land-use practices and food systems have led to persistent hunger, malnutrition, and obesity. They account for a quarter of greenhouse gas emissions, over 90 percent of scarcity-weighted water use, most biodiversity loss, the overexploitation of fish populations, eutrophication through nutrient overload, and the pollution of our water and air.",12_3,12_8,,No Relationship,No Relationship,Support,No Relationship,No Relationship
"The greatest responsibility for achieving the SDGs and safeguarding the planetary boundaries lies with the G20 members. These countries represent more than 80% of global GDP, around 70% of the world’s forests, more than 60% of the earth’s population, and more than 50% of its landmass. The G20 countries account for 90% of global lignite and coal extraction and more than 60% of global oil and gas production.","Yet the SDG Dashboards rate rich countries, including Nordic countries, at “red” on several SDGs – particularly those related to responsible consumption and production, climate action, and biodiversity – meaning major challenges remain (Lafortune, Sachs, and Schmidt-Traub 2020).",12_3,12_9,,Attack,No Relationship,Support,No Relationship,No Relationship
Ensure sustainable consumption and production patterns,"Provincial, metropolitan, and city governments are typically at the front line in achieving the SDGs.",12_4,12_5,,Support,Support,Support,No Relationship,No Relationship
Ensure sustainable consumption and production patterns,"Governments are only now learning how to design integrated strategies that address economic, social, and environmental objectives in tandem.",12_4,12_6,,Support,No Relationship,Support,No Relationship,No Relationship
Ensure sustainable consumption and production patterns,"Despite the world improving on average half a point per year on the SDG Index between 2015 and 2019 (which was already too slow), progress has stalled since the outbreak of the pandemic and the onset of other overlapping crises.",12_4,12_7,,Attack,No Relationship,Support,No Relationship,No Relationship
Ensure sustainable consumption and production patterns,"Today’s land-use practices and food systems have led to persistent hunger, malnutrition, and obesity. They account for a quarter of greenhouse gas emissions, over 90 percent of scarcity-weighted water use, most biodiversity loss, the overexploitation of fish populations, eutrophication through nutrient overload, and the pollution of our water and air.",12_4,12_8,,Attack,No Relationship,Support,No Relationship,No Relationship
Ensure sustainable consumption and production patterns,"Yet the SDG Dashboards rate rich countries, including Nordic countries, at “red” on several SDGs – particularly those related to responsible consumption and production, climate action, and biodiversity – meaning major challenges remain (Lafortune, Sachs, and Schmidt-Traub 2020).",12_4,12_9,,Attack,No Relationship,Support,No Relationship,No Relationship
"Provincial, metropolitan, and city governments are typically at the front line in achieving the SDGs.","Governments are only now learning how to design integrated strategies that address economic, social, and environmental objectives in tandem.",12_5,12_6,,Support,No Relationship,Support,No Relationship,No Relationship
"Provincial, metropolitan, and city governments are typically at the front line in achieving the SDGs.","Despite the world improving on average half a point per year on the SDG Index between 2015 and 2019 (which was already too slow), progress has stalled since the outbreak of the pandemic and the onset of other overlapping crises.",12_5,12_7,,No Relationship,No Relationship,Attack,No Relationship,No Relationship
"Provincial, metropolitan, and city governments are typically at the front line in achieving the SDGs.","Today’s land-use practices and food systems have led to persistent hunger, malnutrition, and obesity. They account for a quarter of greenhouse gas emissions, over 90 percent of scarcity-weighted water use, most biodiversity loss, the overexploitation of fish populations, eutrophication through nutrient overload, and the pollution of our water and air.",12_5,12_8,,No Relationship,No Relationship,No Relationship,No Relationship,No Relationship
"Provincial, metropolitan, and city governments are typically at the front line in achieving the SDGs.","Yet the SDG Dashboards rate rich countries, including Nordic countries, at “red” on several SDGs – particularly those related to responsible consumption and production, climate action, and biodiversity – meaning major challenges remain (Lafortune, Sachs, and Schmidt-Traub 2020).",12_5,12_9,,Attack,No Relationship,Support,No Relationship,No Relationship
"Governments are only now learning how to design integrated strategies that address economic, social, and environmental objectives in tandem.","Despite the world improving on average half a point per year on the SDG Index between 2015 and 2019 (which was already too slow), progress has stalled since the outbreak of the pandemic and the onset of other overlapping crises.",12_6,12_7,,Attack,No Relationship,Support,No Relationship,No Relationship
"Governments are only now learning how to design integrated strategies that address economic, social, and environmental objectives in tandem.","Today’s land-use practices and food systems have led to persistent hunger, malnutrition, and obesity. They account for a quarter of greenhouse gas emissions, over 90 percent of scarcity-weighted water use, most biodiversity loss, the overexploitation of fish populations, eutrophication through nutrient overload, and the pollution of our water and air.",12_6,12_8,,Attack,No Relationship,No Relationship,No Relationship,No Relationship
"Governments are only now learning how to design integrated strategies that address economic, social, and environmental objectives in tandem.","Yet the SDG Dashboards rate rich countries, including Nordic countries, at “red” on several SDGs – particularly those related to responsible consumption and production, climate action, and biodiversity – meaning major challenges remain (Lafortune, Sachs, and Schmidt-Traub 2020).",12_6,12_9,,Attack,No Relationship,Support,No Relationship,No Relationship
"Despite the world improving on average half a point per year on the SDG Index between 2015 and 2019 (which was already too slow), progress has stalled since the outbreak of the pandemic and the onset of other overlapping crises.","Today’s land-use practices and food systems have led to persistent hunger, malnutrition, and obesity. They account for a quarter of greenhouse gas emissions, over 90 percent of scarcity-weighted water use, most biodiversity loss, the overexploitation of fish populations, eutrophication through nutrient overload, and the pollution of our water and air.",12_7,12_8,,No Relationship,No Relationship,Support,No Relationship,No Relationship
"Despite the world improving on average half a point per year on the SDG Index between 2015 and 2019 (which was already too slow), progress has stalled since the outbreak of the pandemic and the onset of other overlapping crises.","Yet the SDG Dashboards rate rich countries, including Nordic countries, at “red” on several SDGs – particularly those related to responsible consumption and production, climate action, and biodiversity – meaning major challenges remain (Lafortune, Sachs, and Schmidt-Traub 2020).",12_7,12_9,,Support,No Relationship,Support,No Relationship,No Relationship
"Today’s land-use practices and food systems have led to persistent hunger, malnutrition, and obesity. They account for a quarter of greenhouse gas emissions, over 90 percent of scarcity-weighted water use, most biodiversity loss, the overexploitation of fish populations, eutrophication through nutrient overload, and the pollution of our water and air.","Yet the SDG Dashboards rate rich countries, including Nordic countries, at “red” on several SDGs – particularly those related to responsible consumption and production, climate action, and biodiversity – meaning major challenges remain (Lafortune, Sachs, and Schmidt-Traub 2020).",12_8,12_9,,Support,No Relationship,Support,No Relationship,No Relationship
"Only limited progress is being made on the environmental and biodiversity goals, including SDG 12 (Responsible Consumption and Production), SDG 13 (Climate Action), SDG 14 (Life Below Water), and SDG 15 (Life on Land)",Zero-carbon energy systems: the transition by 2050 of energy systems to net-zero emissions;,13_0,13_1,,Support,No Relationship,Support,No Relationship,No Relationship
"Only limited progress is being made on the environmental and biodiversity goals, including SDG 12 (Responsible Consumption and Production), SDG 13 (Climate Action), SDG 14 (Life Below Water), and SDG 15 (Life on Land)","The world is also seriously off track to meet the Paris agreement climate targets and SDG 13 (Figure 1.3). Global warming as of 2022 stood at 1.2°C, with warming continuing at more than 0.3°C per decade.",13_0,13_2,,Support,No Relationship,Rephrase,No Relationship,No Relationship
"Only limited progress is being made on the environmental and biodiversity goals, including SDG 12 (Responsible Consumption and Production), SDG 13 (Climate Action), SDG 14 (Life Below Water), and SDG 15 (Life on Land)","The interconnected environmental, social, and health challenges can be characterized as a planetary health crisis, caused by human activities such as industrialization, urbanization, deforestation, and the burning of fossil fuels.",13_0,13_3,,Support,No Relationship,Support,No Relationship,No Relationship
"Only limited progress is being made on the environmental and biodiversity goals, including SDG 12 (Responsible Consumption and Production), SDG 13 (Climate Action), SDG 14 (Life Below Water), and SDG 15 (Life on Land)","To achieve the SDGs, the world must invest boldly, 
amply, and consistently in all eight kinds of capital. These investments must involve both governments 
and corporations.",13_0,13_4,,Support,Support,Support,No Relationship,No Relationship
"Only limited progress is being made on the environmental and biodiversity goals, including SDG 12 (Responsible Consumption and Production), SDG 13 (Climate Action), SDG 14 (Life Below Water), and SDG 15 (Life on Land)","The United States, as the world’s biggest economy in terms of GDP at market prices and its biggest oil and gas producer, has a responsibility both to itself and to the rest of the world to immediately embark on an ambitious transformation towards the SDGs, as well as towards other global climate and biodiversity goals.",13_0,13_5,,Support,Support,Support,No Relationship,No Relationship
"Only limited progress is being made on the environmental and biodiversity goals, including SDG 12 (Responsible Consumption and Production), SDG 13 (Climate Action), SDG 14 (Life Below Water), and SDG 15 (Life on Land)","At the midpoint of the 2030 Agenda, all countries, poorer and richer alike, should use the half-way momentum to self-critically review and revise their national strategies, using the principles of the 2030 Agenda (transformative, integrated, inclusive, leaving no one behind) as a yardstick.",13_0,13_6,,Support,Support,Support,No Relationship,No Relationship
"Only limited progress is being made on the environmental and biodiversity goals, including SDG 12 (Responsible Consumption and Production), SDG 13 (Climate Action), SDG 14 (Life Below Water), and SDG 15 (Life on Land)","Governments are only now learning how to design integrated strategies that address economic, social, and environmental objectives in tandem.",13_0,13_7,,Support,No Relationship,Support,No Relationship,No Relationship
"Only limited progress is being made on the environmental and biodiversity goals, including SDG 12 (Responsible Consumption and Production), SDG 13 (Climate Action), SDG 14 (Life Below Water), and SDG 15 (Life on Land)",There continues to be a major discrepancy between coun-tries’ self-declared ambitions and their tangible efforts and policies.,13_0,13_8,,Support,No Relationship,Support,No Relationship,No Relationship
Zero-carbon energy systems: the transition by 2050 of energy systems to net-zero emissions;,"The world is also seriously off track to meet the Paris agreement climate targets and SDG 13 (Figure 1.3). Global warming as of 2022 stood at 1.2°C, with warming continuing at more than 0.3°C per decade.",13_1,13_2,,Attack,No Relationship,Support,No Relationship,No Relationship
Zero-carbon energy systems: the transition by 2050 of energy systems to net-zero emissions;,"The interconnected environmental, social, and health challenges can be characterized as a planetary health crisis, caused by human activities such as industrialization, urbanization, deforestation, and the burning of fossil fuels.",13_1,13_3,,Support,Support,Rephrase,No Relationship,No Relationship
Zero-carbon energy systems: the transition by 2050 of energy systems to net-zero emissions;,"To achieve the SDGs, the world must invest boldly, 
amply, and consistently in all eight kinds of capital. These investments must involve both governments 
and corporations.",13_1,13_4,,Support,Support,Support,No Relationship,No Relationship
Zero-carbon energy systems: the transition by 2050 of energy systems to net-zero emissions;,"The United States, as the world’s biggest economy in terms of GDP at market prices and its biggest oil and gas producer, has a responsibility both to itself and to the rest of the world to immediately embark on an ambitious transformation towards the SDGs, as well as towards other global climate and biodiversity goals.",13_1,13_5,,Support,Support,Support,No Relationship,No Relationship
Zero-carbon energy systems: the transition by 2050 of energy systems to net-zero emissions;,"At the midpoint of the 2030 Agenda, all countries, poorer and richer alike, should use the half-way momentum to self-critically review and revise their national strategies, using the principles of the 2030 Agenda (transformative, integrated, inclusive, leaving no one behind) as a yardstick.",13_1,13_6,,Support,Support,Support,No Relationship,No Relationship
Zero-carbon energy systems: the transition by 2050 of energy systems to net-zero emissions;,"Governments are only now learning how to design integrated strategies that address economic, social, and environmental objectives in tandem.",13_1,13_7,,Attack,No Relationship,Support,No Relationship,No Relationship
Zero-carbon energy systems: the transition by 2050 of energy systems to net-zero emissions;,There continues to be a major discrepancy between coun-tries’ self-declared ambitions and their tangible efforts and policies.,13_1,13_8,,Attack,No Relationship,No Relationship,No Relationship,No Relationship
"The world is also seriously off track to meet the Paris agreement climate targets and SDG 13 (Figure 1.3). Global warming as of 2022 stood at 1.2°C, with warming continuing at more than 0.3°C per decade.","The interconnected environmental, social, and health challenges can be characterized as a planetary health crisis, caused by human activities such as industrialization, urbanization, deforestation, and the burning of fossil fuels.",13_2,13_3,,Support,No Relationship,Support,No Relationship,No Relationship
"The world is also seriously off track to meet the Paris agreement climate targets and SDG 13 (Figure 1.3). Global warming as of 2022 stood at 1.2°C, with warming continuing at more than 0.3°C per decade.","To achieve the SDGs, the world must invest boldly, 
amply, and consistently in all eight kinds of capital. These investments must involve both governments 
and corporations.",13_2,13_4,,Support,Support,Support,No Relationship,No Relationship
"The world is also seriously off track to meet the Paris agreement climate targets and SDG 13 (Figure 1.3). Global warming as of 2022 stood at 1.2°C, with warming continuing at more than 0.3°C per decade.","The United States, as the world’s biggest economy in terms of GDP at market prices and its biggest oil and gas producer, has a responsibility both to itself and to the rest of the world to immediately embark on an ambitious transformation towards the SDGs, as well as towards other global climate and biodiversity goals.",13_2,13_5,,Support,Support,Support,No Relationship,No Relationship
"The world is also seriously off track to meet the Paris agreement climate targets and SDG 13 (Figure 1.3). Global warming as of 2022 stood at 1.2°C, with warming continuing at more than 0.3°C per decade.","At the midpoint of the 2030 Agenda, all countries, poorer and richer alike, should use the half-way momentum to self-critically review and revise their national strategies, using the principles of the 2030 Agenda (transformative, integrated, inclusive, leaving no one behind) as a yardstick.",13_2,13_6,,Support,Support,Support,No Relationship,No Relationship
"The world is also seriously off track to meet the Paris agreement climate targets and SDG 13 (Figure 1.3). Global warming as of 2022 stood at 1.2°C, with warming continuing at more than 0.3°C per decade.","Governments are only now learning how to design integrated strategies that address economic, social, and environmental objectives in tandem.",13_2,13_7,,Support,No Relationship,Support,No Relationship,No Relationship
"The world is also seriously off track to meet the Paris agreement climate targets and SDG 13 (Figure 1.3). Global warming as of 2022 stood at 1.2°C, with warming continuing at more than 0.3°C per decade.",There continues to be a major discrepancy between coun-tries’ self-declared ambitions and their tangible efforts and policies.,13_2,13_8,,Support,No Relationship,Support,No Relationship,No Relationship
"The interconnected environmental, social, and health challenges can be characterized as a planetary health crisis, caused by human activities such as industrialization, urbanization, deforestation, and the burning of fossil fuels.","To achieve the SDGs, the world must invest boldly, 
amply, and consistently in all eight kinds of capital. These investments must involve both governments 
and corporations.",13_3,13_4,,Support,Support,Support,No Relationship,No Relationship
"The interconnected environmental, social, and health challenges can be characterized as a planetary health crisis, caused by human activities such as industrialization, urbanization, deforestation, and the burning of fossil fuels.","The United States, as the world’s biggest economy in terms of GDP at market prices and its biggest oil and gas producer, has a responsibility both to itself and to the rest of the world to immediately embark on an ambitious transformation towards the SDGs, as well as towards other global climate and biodiversity goals.",13_3,13_5,,Support,Support,Support,No Relationship,No Relationship
"The interconnected environmental, social, and health challenges can be characterized as a planetary health crisis, caused by human activities such as industrialization, urbanization, deforestation, and the burning of fossil fuels.","At the midpoint of the 2030 Agenda, all countries, poorer and richer alike, should use the half-way momentum to self-critically review and revise their national strategies, using the principles of the 2030 Agenda (transformative, integrated, inclusive, leaving no one behind) as a yardstick.",13_3,13_6,,Support,Support,Support,No Relationship,No Relationship
"The interconnected environmental, social, and health challenges can be characterized as a planetary health crisis, caused by human activities such as industrialization, urbanization, deforestation, and the burning of fossil fuels.","Governments are only now learning how to design integrated strategies that address economic, social, and environmental objectives in tandem.",13_3,13_7,,Support,No Relationship,Support,No Relationship,No Relationship
"The interconnected environmental, social, and health challenges can be characterized as a planetary health crisis, caused by human activities such as industrialization, urbanization, deforestation, and the burning of fossil fuels.",There continues to be a major discrepancy between coun-tries’ self-declared ambitions and their tangible efforts and policies.,13_3,13_8,,Attack,No Relationship,No Relationship,No Relationship,No Relationship
"To achieve the SDGs, the world must invest boldly, 
amply, and consistently in all eight kinds of capital. These investments must involve both governments 
and corporations.","The United States, as the world’s biggest economy in terms of GDP at market prices and its biggest oil and gas producer, has a responsibility both to itself and to the rest of the world to immediately embark on an ambitious transformation towards the SDGs, as well as towards other global climate and biodiversity goals.",13_4,13_5,,Support,Support,Support,No Relationship,No Relationship
"To achieve the SDGs, the world must invest boldly, 
amply, and consistently in all eight kinds of capital. These investments must involve both governments 
and corporations.","At the midpoint of the 2030 Agenda, all countries, poorer and richer alike, should use the half-way momentum to self-critically review and revise their national strategies, using the principles of the 2030 Agenda (transformative, integrated, inclusive, leaving no one behind) as a yardstick.",13_4,13_6,,Support,Support,Support,No Relationship,No Relationship
"To achieve the SDGs, the world must invest boldly, 
amply, and consistently in all eight kinds of capital. These investments must involve both governments 
and corporations.","Governments are only now learning how to design integrated strategies that address economic, social, and environmental objectives in tandem.",13_4,13_7,,Support,No Relationship,Support,No Relationship,No Relationship
"To achieve the SDGs, the world must invest boldly, 
amply, and consistently in all eight kinds of capital. These investments must involve both governments 
and corporations.",There continues to be a major discrepancy between coun-tries’ self-declared ambitions and their tangible efforts and policies.,13_4,13_8,,Attack,No Relationship,No Relationship,No Relationship,No Relationship
"The United States, as the world’s biggest economy in terms of GDP at market prices and its biggest oil and gas producer, has a responsibility both to itself and to the rest of the world to immediately embark on an ambitious transformation towards the SDGs, as well as towards other global climate and biodiversity goals.","At the midpoint of the 2030 Agenda, all countries, poorer and richer alike, should use the half-way momentum to self-critically review and revise their national strategies, using the principles of the 2030 Agenda (transformative, integrated, inclusive, leaving no one behind) as a yardstick.",13_5,13_6,,Support,Support,Support,No Relationship,No Relationship
"The United States, as the world’s biggest economy in terms of GDP at market prices and its biggest oil and gas producer, has a responsibility both to itself and to the rest of the world to immediately embark on an ambitious transformation towards the SDGs, as well as towards other global climate and biodiversity goals.","Governments are only now learning how to design integrated strategies that address economic, social, and environmental objectives in tandem.",13_5,13_7,,Support,No Relationship,Support,No Relationship,No Relationship
"The United States, as the world’s biggest economy in terms of GDP at market prices and its biggest oil and gas producer, has a responsibility both to itself and to the rest of the world to immediately embark on an ambitious transformation towards the SDGs, as well as towards other global climate and biodiversity goals.",There continues to be a major discrepancy between coun-tries’ self-declared ambitions and their tangible efforts and policies.,13_5,13_8,,Attack,No Relationship,No Relationship,No Relationship,No Relationship
"At the midpoint of the 2030 Agenda, all countries, poorer and richer alike, should use the half-way momentum to self-critically review and revise their national strategies, using the principles of the 2030 Agenda (transformative, integrated, inclusive, leaving no one behind) as a yardstick.","Governments are only now learning how to design integrated strategies that address economic, social, and environmental objectives in tandem.",13_6,13_7,,Support,No Relationship,Support,No Relationship,No Relationship
"At the midpoint of the 2030 Agenda, all countries, poorer and richer alike, should use the half-way momentum to self-critically review and revise their national strategies, using the principles of the 2030 Agenda (transformative, integrated, inclusive, leaving no one behind) as a yardstick.",There continues to be a major discrepancy between coun-tries’ self-declared ambitions and their tangible efforts and policies.,13_6,13_8,,Attack,No Relationship,Support,No Relationship,No Relationship
"Governments are only now learning how to design integrated strategies that address economic, social, and environmental objectives in tandem.",There continues to be a major discrepancy between coun-tries’ self-declared ambitions and their tangible efforts and policies.,13_7,13_8,,Attack,No Relationship,Support,No Relationship,No Relationship
"Only limited progress is being made on the environmental and biodiversity goals, including SDG 12 (Responsible Consumption and Production), SDG 13 (Climate Action), SDG 14 (Life Below Water), and SDG 15 (Life on Land), even in countries that are largely to blame for the climate and biodiversity crises.",Ocean goods and services (SDG 14 and the High Seas Treaty) are at severe risk due to full- to over-exploitation,14_0,14_1,,Support,Attack,Support,No Relationship,No Relationship
"Only limited progress is being made on the environmental and biodiversity goals, including SDG 12 (Responsible Consumption and Production), SDG 13 (Climate Action), SDG 14 (Life Below Water), and SDG 15 (Life on Land), even in countries that are largely to blame for the climate and biodiversity crises.","Moreover, regional cooperation is needed to promote technological and social innovations.",14_0,14_2,,No Relationship,Support,No Relationship,No Relationship,No Relationship
Ocean goods and services (SDG 14 and the High Seas Treaty) are at severe risk due to full- to over-exploitation,"Moreover, regional cooperation is needed to promote technological and social innovations.",14_1,14_2,,Support,Support,No Relationship,No Relationship,No Relationship
Grave dangers of social tipping points,The disastrous war in Ukraine has further destabilized and divided the world’s nations.,16_0,16_1,,Attack,No Relationship,No Relationship,No Relationship,No Relationship
Grave dangers of social tipping points,A city cannot function without water.,16_0,16_2,,Attack,No Relationship,No Relationship,No Relationship,Attack
Grave dangers of social tipping points,"The GFA includes multilateral institutions, national and local budgets, public borrowing and debts, and private equity and debt financing.",16_0,16_3,,No Relationship,No Relationship,No Relationship,No Relationship,No Relationship
Grave dangers of social tipping points,International relations scholars have powerfully described the ‘tragedy’ of great power conflict. They warn that the jostling for power – or hegemonic domination – ends in tragic wars. We cannot afford such a tragedy in our world today.,16_0,16_4,,Support,Support,Support,No Relationship,No Relationship
Grave dangers of social tipping points,The SDG Academy is building partnerships around professional training to upskill employees and make them future-ready for implementing the SDGs and Paris Agreement.,16_0,16_5,,No Relationship,No Relationship,No Relationship,No Relationship,No Relationship
Grave dangers of social tipping points,The SDGs require long-term directed change and global cooperation.,16_0,16_6,,Support,No Relationship,No Relationship,No Relationship,No Relationship
Grave dangers of social tipping points,"47 countries have committed to submitting a VNR this year: two will be presenting a VNR for the first time, 37 for the second time, and one for the third time.",16_0,16_7,,No Relationship,No Relationship,No Relationship,No Relationship,No Relationship
Grave dangers of social tipping points,"The Militarization and participation in conflicts: This indicator aims to capture countries’ efforts to promote and preserve peace. It identifies countries’ level of military build-up and access to weapons, as well as their participation in ongoing domestic and military conflicts.",16_0,16_8,,Attack,No Relationship,No Relationship,No Relationship,No Relationship
Grave dangers of social tipping points,"At this midpoint of the 2030 Agenda, all countries, richer and poorer alike, should use the half-way momentum to critically review and revise their national strategies, taking the 2030 Agenda principles as a yardstick (transformative, integrated, inclusive, leaving no one behind).",16_0,16_9,,Support,Support,No Relationship,No Relationship,No Relationship
The disastrous war in Ukraine has further destabilized and divided the world’s nations.,A city cannot function without water.,16_1,16_2,,No Relationship,No Relationship,No Relationship,No Relationship,No Relationship
The disastrous war in Ukraine has further destabilized and divided the world’s nations.,"The GFA includes multilateral institutions, national and local budgets, public borrowing and debts, and private equity and debt financing.",16_1,16_3,,No Relationship,No Relationship,No Relationship,No Relationship,No Relationship
The disastrous war in Ukraine has further destabilized and divided the world’s nations.,International relations scholars have powerfully described the ‘tragedy’ of great power conflict. They warn that the jostling for power – or hegemonic domination – ends in tragic wars. We cannot afford such a tragedy in our world today.,16_1,16_4,,Support,Support,Support,No Relationship,No Relationship
The disastrous war in Ukraine has further destabilized and divided the world’s nations.,The SDG Academy is building partnerships around professional training to upskill employees and make them future-ready for implementing the SDGs and Paris Agreement.,16_1,16_5,,No Relationship,No Relationship,No Relationship,No Relationship,No Relationship
The disastrous war in Ukraine has further destabilized and divided the world’s nations.,The SDGs require long-term directed change and global cooperation.,16_1,16_6,,Support,No Relationship,No Relationship,No Relationship,No Relationship
The disastrous war in Ukraine has further destabilized and divided the world’s nations.,"47 countries have committed to submitting a VNR this year: two will be presenting a VNR for the first time, 37 for the second time, and one for the third time.",16_1,16_7,,No Relationship,No Relationship,No Relationship,No Relationship,No Relationship
The disastrous war in Ukraine has further destabilized and divided the world’s nations.,"The Militarization and participation in conflicts: This indicator aims to capture countries’ efforts to promote and preserve peace. It identifies countries’ level of military build-up and access to weapons, as well as their participation in ongoing domestic and military conflicts.",16_1,16_8,,Attack,No Relationship,Rephrase,No Relationship,No Relationship
The disastrous war in Ukraine has further destabilized and divided the world’s nations.,"At this midpoint of the 2030 Agenda, all countries, richer and poorer alike, should use the half-way momentum to critically review and revise their national strategies, taking the 2030 Agenda principles as a yardstick (transformative, integrated, inclusive, leaving no one behind).",16_1,16_9,,Support,Support,No Relationship,No Relationship,No Relationship
A city cannot function without water.,"The GFA includes multilateral institutions, national and local budgets, public borrowing and debts, and private equity and debt financing.",16_2,16_3,,No Relationship,No Relationship,No Relationship,No Relationship,No Relationship
A city cannot function without water.,International relations scholars have powerfully described the ‘tragedy’ of great power conflict. They warn that the jostling for power – or hegemonic domination – ends in tragic wars. We cannot afford such a tragedy in our world today.,16_2,16_4,,No Relationship,Support,No Relationship,No Relationship,No Relationship
A city cannot function without water.,The SDG Academy is building partnerships around professional training to upskill employees and make them future-ready for implementing the SDGs and Paris Agreement.,16_2,16_5,,No Relationship,No Relationship,No Relationship,No Relationship,No Relationship
A city cannot function without water.,The SDGs require long-term directed change and global cooperation.,16_2,16_6,,No Relationship,No Relationship,No Relationship,No Relationship,No Relationship
A city cannot function without water.,"47 countries have committed to submitting a VNR this year: two will be presenting a VNR for the first time, 37 for the second time, and one for the third time.",16_2,16_7,,No Relationship,No Relationship,No Relationship,No Relationship,No Relationship
A city cannot function without water.,"The Militarization and participation in conflicts: This indicator aims to capture countries’ efforts to promote and preserve peace. It identifies countries’ level of military build-up and access to weapons, as well as their participation in ongoing domestic and military conflicts.",16_2,16_8,,No Relationship,No Relationship,No Relationship,No Relationship,Attack
A city cannot function without water.,"At this midpoint of the 2030 Agenda, all countries, richer and poorer alike, should use the half-way momentum to critically review and revise their national strategies, taking the 2030 Agenda principles as a yardstick (transformative, integrated, inclusive, leaving no one behind).",16_2,16_9,,No Relationship,Support,No Relationship,No Relationship,No Relationship
"The GFA includes multilateral institutions, national and local budgets, public borrowing and debts, and private equity and debt financing.",International relations scholars have powerfully described the ‘tragedy’ of great power conflict. They warn that the jostling for power – or hegemonic domination – ends in tragic wars. We cannot afford such a tragedy in our world today.,16_3,16_4,,No Relationship,Support,No Relationship,No Relationship,No Relationship
"The GFA includes multilateral institutions, national and local budgets, public borrowing and debts, and private equity and debt financing.",The SDG Academy is building partnerships around professional training to upskill employees and make them future-ready for implementing the SDGs and Paris Agreement.,16_3,16_5,,No Relationship,Support,No Relationship,No Relationship,Attack
"The GFA includes multilateral institutions, national and local budgets, public borrowing and debts, and private equity and debt financing.",The SDGs require long-term directed change and global cooperation.,16_3,16_6,,No Relationship,No Relationship,Support,No Relationship,No Relationship
"The GFA includes multilateral institutions, national and local budgets, public borrowing and debts, and private equity and debt financing.","47 countries have committed to submitting a VNR this year: two will be presenting a VNR for the first time, 37 for the second time, and one for the third time.",16_3,16_7,,No Relationship,No Relationship,No Relationship,No Relationship,No Relationship
"The GFA includes multilateral institutions, national and local budgets, public borrowing and debts, and private equity and debt financing.","The Militarization and participation in conflicts: This indicator aims to capture countries’ efforts to promote and preserve peace. It identifies countries’ level of military build-up and access to weapons, as well as their participation in ongoing domestic and military conflicts.",16_3,16_8,,No Relationship,No Relationship,No Relationship,No Relationship,No Relationship
"The GFA includes multilateral institutions, national and local budgets, public borrowing and debts, and private equity and debt financing.","At this midpoint of the 2030 Agenda, all countries, richer and poorer alike, should use the half-way momentum to critically review and revise their national strategies, taking the 2030 Agenda principles as a yardstick (transformative, integrated, inclusive, leaving no one behind).",16_3,16_9,,No Relationship,Support,Support,No Relationship,No Relationship
International relations scholars have powerfully described the ‘tragedy’ of great power conflict. They warn that the jostling for power – or hegemonic domination – ends in tragic wars. We cannot afford such a tragedy in our world today.,The SDG Academy is building partnerships around professional training to upskill employees and make them future-ready for implementing the SDGs and Paris Agreement.,16_4,16_5,,No Relationship,Support,No Relationship,No Relationship,No Relationship
International relations scholars have powerfully described the ‘tragedy’ of great power conflict. They warn that the jostling for power – or hegemonic domination – ends in tragic wars. We cannot afford such a tragedy in our world today.,The SDGs require long-term directed change and global cooperation.,16_4,16_6,,Support,No Relationship,Support,No Relationship,No Relationship
International relations scholars have powerfully described the ‘tragedy’ of great power conflict. They warn that the jostling for power – or hegemonic domination – ends in tragic wars. We cannot afford such a tragedy in our world today.,"47 countries have committed to submitting a VNR this year: two will be presenting a VNR for the first time, 37 for the second time, and one for the third time.",16_4,16_7,,No Relationship,Support,No Relationship,No Relationship,No Relationship
International relations scholars have powerfully described the ‘tragedy’ of great power conflict. They warn that the jostling for power – or hegemonic domination – ends in tragic wars. We cannot afford such a tragedy in our world today.,"The Militarization and participation in conflicts: This indicator aims to capture countries’ efforts to promote and preserve peace. It identifies countries’ level of military build-up and access to weapons, as well as their participation in ongoing domestic and military conflicts.",16_4,16_8,,Support,Support,Support,No Relationship,No Relationship
International relations scholars have powerfully described the ‘tragedy’ of great power conflict. They warn that the jostling for power – or hegemonic domination – ends in tragic wars. We cannot afford such a tragedy in our world today.,"At this midpoint of the 2030 Agenda, all countries, richer and poorer alike, should use the half-way momentum to critically review and revise their national strategies, taking the 2030 Agenda principles as a yardstick (transformative, integrated, inclusive, leaving no one behind).",16_4,16_9,,No Relationship,Support,Support,No Relationship,No Relationship
The SDG Academy is building partnerships around professional training to upskill employees and make them future-ready for implementing the SDGs and Paris Agreement.,The SDGs require long-term directed change and global cooperation.,16_5,16_6,,Support,Support,Support,No Relationship,No Relationship
The SDG Academy is building partnerships around professional training to upskill employees and make them future-ready for implementing the SDGs and Paris Agreement.,"47 countries have committed to submitting a VNR this year: two will be presenting a VNR for the first time, 37 for the second time, and one for the third time.",16_5,16_7,,No Relationship,No Relationship,No Relationship,No Relationship,No Relationship
The SDG Academy is building partnerships around professional training to upskill employees and make them future-ready for implementing the SDGs and Paris Agreement.,"The Militarization and participation in conflicts: This indicator aims to capture countries’ efforts to promote and preserve peace. It identifies countries’ level of military build-up and access to weapons, as well as their participation in ongoing domestic and military conflicts.",16_5,16_8,,No Relationship,Support,No Relationship,No Relationship,No Relationship
The SDG Academy is building partnerships around professional training to upskill employees and make them future-ready for implementing the SDGs and Paris Agreement.,"At this midpoint of the 2030 Agenda, all countries, richer and poorer alike, should use the half-way momentum to critically review and revise their national strategies, taking the 2030 Agenda principles as a yardstick (transformative, integrated, inclusive, leaving no one behind).",16_5,16_9,,Support,Support,No Relationship,No Relationship,No Relationship
The SDGs require long-term directed change and global cooperation.,"47 countries have committed to submitting a VNR this year: two will be presenting a VNR for the first time, 37 for the second time, and one for the third time.",16_6,16_7,,Support,No Relationship,No Relationship,No Relationship,No Relationship
The SDGs require long-term directed change and global cooperation.,"The Militarization and participation in conflicts: This indicator aims to capture countries’ efforts to promote and preserve peace. It identifies countries’ level of military build-up and access to weapons, as well as their participation in ongoing domestic and military conflicts.",16_6,16_8,,Support,Support,No Relationship,No Relationship,No Relationship
The SDGs require long-term directed change and global cooperation.,"At this midpoint of the 2030 Agenda, all countries, richer and poorer alike, should use the half-way momentum to critically review and revise their national strategies, taking the 2030 Agenda principles as a yardstick (transformative, integrated, inclusive, leaving no one behind).",16_6,16_9,,Support,Support,Support,No Relationship,No Relationship
"47 countries have committed to submitting a VNR this year: two will be presenting a VNR for the first time, 37 for the second time, and one for the third time.","The Militarization and participation in conflicts: This indicator aims to capture countries’ efforts to promote and preserve peace. It identifies countries’ level of military build-up and access to weapons, as well as their participation in ongoing domestic and military conflicts.",16_7,16_8,,No Relationship,Support,Rephrase,No Relationship,No Relationship
"47 countries have committed to submitting a VNR this year: two will be presenting a VNR for the first time, 37 for the second time, and one for the third time.","At this midpoint of the 2030 Agenda, all countries, richer and poorer alike, should use the half-way momentum to critically review and revise their national strategies, taking the 2030 Agenda principles as a yardstick (transformative, integrated, inclusive, leaving no one behind).",16_7,16_9,,No Relationship,Support,Support,No Relationship,No Relationship
"The Militarization and participation in conflicts: This indicator aims to capture countries’ efforts to promote and preserve peace. It identifies countries’ level of military build-up and access to weapons, as well as their participation in ongoing domestic and military conflicts.","At this midpoint of the 2030 Agenda, all countries, richer and poorer alike, should use the half-way momentum to critically review and revise their national strategies, taking the 2030 Agenda principles as a yardstick (transformative, integrated, inclusive, leaving no one behind).",16_8,16_9,,No Relationship,Support,Support,No Relationship,No Relationship
"All countries, poorer and richer alike, should use the half-way momentum to self-critically review and revise their national SDG strategies and commit to strengthening multilateralism.","UN Member States should adopt an SDG Stimulus, to close the massive financing gap faced by many developing economies.",17_0,17_1,,Support,Support,Support,No Relationship,Attack
"All countries, poorer and richer alike, should use the half-way momentum to self-critically review and revise their national SDG strategies and commit to strengthening multilateralism.","Strengthening the means of implementation and revitalizing the Global Partnership for Sustainable Development is crucial, as it ensures that resources are allocated effectively to achieve the SDGs.",17_0,17_2,,Support,Support,Support,No Relationship,No Relationship
"All countries, poorer and richer alike, should use the half-way momentum to self-critically review and revise their national SDG strategies and commit to strengthening multilateralism.","To achieve the SDGs, the world must invest boldly, 
amply, and consistently in all eight kinds of capital. These investments must involve both governments and corporations.",17_0,17_3,,Support,Support,Support,No Relationship,No Relationship
"All countries, poorer and richer alike, should use the half-way momentum to self-critically review and revise their national SDG strategies and commit to strengthening multilateralism.","The United States, as the world’s biggest economy in terms of GDP at market prices and its biggest oil and gas producer, has a responsibility both to itself and to the rest of the world to immediately embark on an ambitious transformation towards the SDGs, as well as towards other global climate and biodiversity goals.",17_0,17_4,,Support,Support,Support,No Relationship,No Relationship
"All countries, poorer and richer alike, should use the half-way momentum to self-critically review and revise their national SDG strategies and commit to strengthening multilateralism.",Achieving the SDGs will require a transformative global approach.,17_0,17_5,,Support,Support,Support,No Relationship,No Relationship
"All countries, poorer and richer alike, should use the half-way momentum to self-critically review and revise their national SDG strategies and commit to strengthening multilateralism.","Reform current institutional frameworks and develop new, innovative mechanisms to improve the quality and speed of deployment of international cooperation, and monitor progress in an open and timely manner.",17_0,17_6,,Support,Support,Support,No Relationship,No Relationship
"All countries, poorer and richer alike, should use the half-way momentum to self-critically review and revise their national SDG strategies and commit to strengthening multilateralism.","To make sure that existing financial resources and the required additional resources are used for sustainable investments, international finance institutions must fully incorporate achieving the SDGs and safeguarding the planetary boundaries into their core mandates, and monitor these regarding all countries, poorer and richer alike.",17_0,17_7,,Support,Support,Support,No Relationship,No Relationship
"All countries, poorer and richer alike, should use the half-way momentum to self-critically review and revise their national SDG strategies and commit to strengthening multilateralism.","The most important component of the stimulus plan is a massive expansion of loans by the multilateral development banks, backed by new rounds of paid-in capital by HIC members.",17_0,17_8,,Support,Support,Support,No Relationship,No Relationship
"All countries, poorer and richer alike, should use the half-way momentum to self-critically review and revise their national SDG strategies and commit to strengthening multilateralism.","Provincial, metropolitan, and city governments are typically at the front line in achieving the SDGs.",17_0,17_9,,No Relationship,Support,Support,No Relationship,No Relationship
"All countries, poorer and richer alike, should use the half-way momentum to self-critically review and revise their national SDG strategies and commit to strengthening multilateralism.","Governments are only now learning how to design integrated strategies that address economic, social, and environmental objectives in tandem.",17_0,17_10,,Support,No Relationship,Support,No Relationship,No Relationship
"All countries, poorer and richer alike, should use the half-way momentum to self-critically review and revise their national SDG strategies and commit to strengthening multilateralism.",SDG 17 (Partnerships for the Goals) calls for ‘policy coherence’ for sustainable development.,17_0,17_11,,Support,Support,Rephrase,No Relationship,No Relationship
"All countries, poorer and richer alike, should use the half-way momentum to self-critically review and revise their national SDG strategies and commit to strengthening multilateralism.","By July 2023, all UN Member States will have presented a VNR except for Haiti, Myanmar, South Sudan, the United States and Yemen.",17_0,17_12,,No Relationship,No Relationship,Support,No Relationship,No Relationship
"All countries, poorer and richer alike, should use the half-way momentum to self-critically review and revise their national SDG strategies and commit to strengthening multilateralism.","Third, of the three pillars, scores are on average lowest for the second one, related to adopting and implementing SDG policies and pathways.",17_0,17_13,,No Relationship,No Relationship,Support,No Relationship,No Relationship
"All countries, poorer and richer alike, should use the half-way momentum to self-critically review and revise their national SDG strategies and commit to strengthening multilateralism.","To achieve this feat, countries have embarked on a range of multi-disciplinary and cross-sector partnerships.",17_0,17_14,,Support,Support,Support,No Relationship,No Relationship
"UN Member States should adopt an SDG Stimulus, to close the massive financing gap faced by many developing economies.","Strengthening the means of implementation and revitalizing the Global Partnership for Sustainable Development is crucial, as it ensures that resources are allocated effectively to achieve the SDGs.",17_1,17_2,,Support,Support,Support,No Relationship,No Relationship
"UN Member States should adopt an SDG Stimulus, to close the massive financing gap faced by many developing economies.","To achieve the SDGs, the world must invest boldly, 
amply, and consistently in all eight kinds of capital. These investments must involve both governments and corporations.",17_1,17_3,,Support,Support,Support,No Relationship,No Relationship
"UN Member States should adopt an SDG Stimulus, to close the massive financing gap faced by many developing economies.","The United States, as the world’s biggest economy in terms of GDP at market prices and its biggest oil and gas producer, has a responsibility both to itself and to the rest of the world to immediately embark on an ambitious transformation towards the SDGs, as well as towards other global climate and biodiversity goals.",17_1,17_4,,Support,Support,Support,No Relationship,No Relationship
"UN Member States should adopt an SDG Stimulus, to close the massive financing gap faced by many developing economies.",Achieving the SDGs will require a transformative global approach.,17_1,17_5,,Support,Support,Support,No Relationship,No Relationship
"UN Member States should adopt an SDG Stimulus, to close the massive financing gap faced by many developing economies.","Reform current institutional frameworks and develop new, innovative mechanisms to improve the quality and speed of deployment of international cooperation, and monitor progress in an open and timely manner.",17_1,17_6,,Support,Support,No Relationship,No Relationship,No Relationship
"UN Member States should adopt an SDG Stimulus, to close the massive financing gap faced by many developing economies.","To make sure that existing financial resources and the required additional resources are used for sustainable investments, international finance institutions must fully incorporate achieving the SDGs and safeguarding the planetary boundaries into their core mandates, and monitor these regarding all countries, poorer and richer alike.",17_1,17_7,,Support,Support,Support,No Relationship,No Relationship
"UN Member States should adopt an SDG Stimulus, to close the massive financing gap faced by many developing economies.","The most important component of the stimulus plan is a massive expansion of loans by the multilateral development banks, backed by new rounds of paid-in capital by HIC members.",17_1,17_8,,Support,Support,Support,No Relationship,No Relationship
"UN Member States should adopt an SDG Stimulus, to close the massive financing gap faced by many developing economies.","Provincial, metropolitan, and city governments are typically at the front line in achieving the SDGs.",17_1,17_9,,No Relationship,Support,Support,No Relationship,No Relationship
"UN Member States should adopt an SDG Stimulus, to close the massive financing gap faced by many developing economies.","Governments are only now learning how to design integrated strategies that address economic, social, and environmental objectives in tandem.",17_1,17_10,,Support,Support,No Relationship,No Relationship,No Relationship
"UN Member States should adopt an SDG Stimulus, to close the massive financing gap faced by many developing economies.",SDG 17 (Partnerships for the Goals) calls for ‘policy coherence’ for sustainable development.,17_1,17_11,,Support,Support,Rephrase,No Relationship,No Relationship
"UN Member States should adopt an SDG Stimulus, to close the massive financing gap faced by many developing economies.","By July 2023, all UN Member States will have presented a VNR except for Haiti, Myanmar, South Sudan, the United States and Yemen.",17_1,17_12,,No Relationship,Support,Support,No Relationship,No Relationship
"UN Member States should adopt an SDG Stimulus, to close the massive financing gap faced by many developing economies.","Third, of the three pillars, scores are on average lowest for the second one, related to adopting and implementing SDG policies and pathways.",17_1,17_13,,Attack,Support,Support,No Relationship,No Relationship
"UN Member States should adopt an SDG Stimulus, to close the massive financing gap faced by many developing economies.","To achieve this feat, countries have embarked on a range of multi-disciplinary and cross-sector partnerships.",17_1,17_14,,Support,Support,No Relationship,No Relationship,No Relationship
"Strengthening the means of implementation and revitalizing the Global Partnership for Sustainable Development is crucial, as it ensures that resources are allocated effectively to achieve the SDGs.","To achieve the SDGs, the world must invest boldly, 
amply, and consistently in all eight kinds of capital. These investments must involve both governments and corporations.",17_2,17_3,,Support,Support,Support,No Relationship,No Relationship
"Strengthening the means of implementation and revitalizing the Global Partnership for Sustainable Development is crucial, as it ensures that resources are allocated effectively to achieve the SDGs.","The United States, as the world’s biggest economy in terms of GDP at market prices and its biggest oil and gas producer, has a responsibility both to itself and to the rest of the world to immediately embark on an ambitious transformation towards the SDGs, as well as towards other global climate and biodiversity goals.",17_2,17_4,,Support,Support,Support,No Relationship,No Relationship
"Strengthening the means of implementation and revitalizing the Global Partnership for Sustainable Development is crucial, as it ensures that resources are allocated effectively to achieve the SDGs.",Achieving the SDGs will require a transformative global approach.,17_2,17_5,,Support,Support,Support,No Relationship,No Relationship
"Strengthening the means of implementation and revitalizing the Global Partnership for Sustainable Development is crucial, as it ensures that resources are allocated effectively to achieve the SDGs.","Reform current institutional frameworks and develop new, innovative mechanisms to improve the quality and speed of deployment of international cooperation, and monitor progress in an open and timely manner.",17_2,17_6,,Support,Support,Support,No Relationship,No Relationship
"Strengthening the means of implementation and revitalizing the Global Partnership for Sustainable Development is crucial, as it ensures that resources are allocated effectively to achieve the SDGs.","To make sure that existing financial resources and the required additional resources are used for sustainable investments, international finance institutions must fully incorporate achieving the SDGs and safeguarding the planetary boundaries into their core mandates, and monitor these regarding all countries, poorer and richer alike.",17_2,17_7,,Support,Support,Support,No Relationship,No Relationship
"Strengthening the means of implementation and revitalizing the Global Partnership for Sustainable Development is crucial, as it ensures that resources are allocated effectively to achieve the SDGs.","The most important component of the stimulus plan is a massive expansion of loans by the multilateral development banks, backed by new rounds of paid-in capital by HIC members.",17_2,17_8,,Support,Support,Support,No Relationship,No Relationship
"Strengthening the means of implementation and revitalizing the Global Partnership for Sustainable Development is crucial, as it ensures that resources are allocated effectively to achieve the SDGs.","Provincial, metropolitan, and city governments are typically at the front line in achieving the SDGs.",17_2,17_9,,Support,Support,Support,No Relationship,No Relationship
"Strengthening the means of implementation and revitalizing the Global Partnership for Sustainable Development is crucial, as it ensures that resources are allocated effectively to achieve the SDGs.","Governments are only now learning how to design integrated strategies that address economic, social, and environmental objectives in tandem.",17_2,17_10,,Support,No Relationship,Support,No Relationship,No Relationship
"Strengthening the means of implementation and revitalizing the Global Partnership for Sustainable Development is crucial, as it ensures that resources are allocated effectively to achieve the SDGs.",SDG 17 (Partnerships for the Goals) calls for ‘policy coherence’ for sustainable development.,17_2,17_11,,Support,Support,Rephrase,No Relationship,No Relationship
"Strengthening the means of implementation and revitalizing the Global Partnership for Sustainable Development is crucial, as it ensures that resources are allocated effectively to achieve the SDGs.","By July 2023, all UN Member States will have presented a VNR except for Haiti, Myanmar, South Sudan, the United States and Yemen.",17_2,17_12,,No Relationship,No Relationship,No Relationship,No Relationship,No Relationship
"Strengthening the means of implementation and revitalizing the Global Partnership for Sustainable Development is crucial, as it ensures that resources are allocated effectively to achieve the SDGs.","Third, of the three pillars, scores are on average lowest for the second one, related to adopting and implementing SDG policies and pathways.",17_2,17_13,,Attack,No Relationship,Attack,No Relationship,No Relationship
"Strengthening the means of implementation and revitalizing the Global Partnership for Sustainable Development is crucial, as it ensures that resources are allocated effectively to achieve the SDGs.","To achieve this feat, countries have embarked on a range of multi-disciplinary and cross-sector partnerships.",17_2,17_14,,Support,Support,Support,No Relationship,No Relationship
"To achieve the SDGs, the world must invest boldly, 
amply, and consistently in all eight kinds of capital. These investments must involve both governments and corporations.","The United States, as the world’s biggest economy in terms of GDP at market prices and its biggest oil and gas producer, has a responsibility both to itself and to the rest of the world to immediately embark on an ambitious transformation towards the SDGs, as well as towards other global climate and biodiversity goals.",17_3,17_4,,Support,Support,Support,No Relationship,No Relationship
"To achieve the SDGs, the world must invest boldly, 
amply, and consistently in all eight kinds of capital. These investments must involve both governments and corporations.",Achieving the SDGs will require a transformative global approach.,17_3,17_5,,Support,Support,Support,No Relationship,No Relationship
"To achieve the SDGs, the world must invest boldly, 
amply, and consistently in all eight kinds of capital. These investments must involve both governments and corporations.","Reform current institutional frameworks and develop new, innovative mechanisms to improve the quality and speed of deployment of international cooperation, and monitor progress in an open and timely manner.",17_3,17_6,,Support,Support,Support,No Relationship,No Relationship
"To achieve the SDGs, the world must invest boldly, 
amply, and consistently in all eight kinds of capital. These investments must involve both governments and corporations.","To make sure that existing financial resources and the required additional resources are used for sustainable investments, international finance institutions must fully incorporate achieving the SDGs and safeguarding the planetary boundaries into their core mandates, and monitor these regarding all countries, poorer and richer alike.",17_3,17_7,,Support,Support,Support,No Relationship,No Relationship
"To achieve the SDGs, the world must invest boldly, 
amply, and consistently in all eight kinds of capital. These investments must involve both governments and corporations.","The most important component of the stimulus plan is a massive expansion of loans by the multilateral development banks, backed by new rounds of paid-in capital by HIC members.",17_3,17_8,,Support,Support,Support,No Relationship,No Relationship
"To achieve the SDGs, the world must invest boldly, 
amply, and consistently in all eight kinds of capital. These investments must involve both governments and corporations.","Provincial, metropolitan, and city governments are typically at the front line in achieving the SDGs.",17_3,17_9,,Support,Support,Support,No Relationship,No Relationship
"To achieve the SDGs, the world must invest boldly, 
amply, and consistently in all eight kinds of capital. These investments must involve both governments and corporations.","Governments are only now learning how to design integrated strategies that address economic, social, and environmental objectives in tandem.",17_3,17_10,,Support,No Relationship,Support,No Relationship,No Relationship
"To achieve the SDGs, the world must invest boldly, 
amply, and consistently in all eight kinds of capital. These investments must involve both governments and corporations.",SDG 17 (Partnerships for the Goals) calls for ‘policy coherence’ for sustainable development.,17_3,17_11,,Support,Support,Support,No Relationship,No Relationship
"To achieve the SDGs, the world must invest boldly, 
amply, and consistently in all eight kinds of capital. These investments must involve both governments and corporations.","By July 2023, all UN Member States will have presented a VNR except for Haiti, Myanmar, South Sudan, the United States and Yemen.",17_3,17_12,,No Relationship,No Relationship,No Relationship,No Relationship,No Relationship
"To achieve the SDGs, the world must invest boldly, 
amply, and consistently in all eight kinds of capital. These investments must involve both governments and corporations.","Third, of the three pillars, scores are on average lowest for the second one, related to adopting and implementing SDG policies and pathways.",17_3,17_13,,No Relationship,No Relationship,Support,No Relationship,No Relationship
"To achieve the SDGs, the world must invest boldly, 
amply, and consistently in all eight kinds of capital. These investments must involve both governments and corporations.","To achieve this feat, countries have embarked on a range of multi-disciplinary and cross-sector partnerships.",17_3,17_14,,Support,Support,Support,No Relationship,No Relationship
"The United States, as the world’s biggest economy in terms of GDP at market prices and its biggest oil and gas producer, has a responsibility both to itself and to the rest of the world to immediately embark on an ambitious transformation towards the SDGs, as well as towards other global climate and biodiversity goals.",Achieving the SDGs will require a transformative global approach.,17_4,17_5,,Support,Support,Support,No Relationship,No Relationship
"The United States, as the world’s biggest economy in terms of GDP at market prices and its biggest oil and gas producer, has a responsibility both to itself and to the rest of the world to immediately embark on an ambitious transformation towards the SDGs, as well as towards other global climate and biodiversity goals.","Reform current institutional frameworks and develop new, innovative mechanisms to improve the quality and speed of deployment of international cooperation, and monitor progress in an open and timely manner.",17_4,17_6,,Support,Support,No Relationship,No Relationship,No Relationship
"The United States, as the world’s biggest economy in terms of GDP at market prices and its biggest oil and gas producer, has a responsibility both to itself and to the rest of the world to immediately embark on an ambitious transformation towards the SDGs, as well as towards other global climate and biodiversity goals.","To make sure that existing financial resources and the required additional resources are used for sustainable investments, international finance institutions must fully incorporate achieving the SDGs and safeguarding the planetary boundaries into their core mandates, and monitor these regarding all countries, poorer and richer alike.",17_4,17_7,,Support,Support,Support,No Relationship,No Relationship
"The United States, as the world’s biggest economy in terms of GDP at market prices and its biggest oil and gas producer, has a responsibility both to itself and to the rest of the world to immediately embark on an ambitious transformation towards the SDGs, as well as towards other global climate and biodiversity goals.","The most important component of the stimulus plan is a massive expansion of loans by the multilateral development banks, backed by new rounds of paid-in capital by HIC members.",17_4,17_8,,No Relationship,No Relationship,No Relationship,No Relationship,No Relationship
"The United States, as the world’s biggest economy in terms of GDP at market prices and its biggest oil and gas producer, has a responsibility both to itself and to the rest of the world to immediately embark on an ambitious transformation towards the SDGs, as well as towards other global climate and biodiversity goals.","Provincial, metropolitan, and city governments are typically at the front line in achieving the SDGs.",17_4,17_9,,Support,Support,Support,No Relationship,No Relationship
"The United States, as the world’s biggest economy in terms of GDP at market prices and its biggest oil and gas producer, has a responsibility both to itself and to the rest of the world to immediately embark on an ambitious transformation towards the SDGs, as well as towards other global climate and biodiversity goals.","Governments are only now learning how to design integrated strategies that address economic, social, and environmental objectives in tandem.",17_4,17_10,,Support,No Relationship,Support,No Relationship,No Relationship
"The United States, as the world’s biggest economy in terms of GDP at market prices and its biggest oil and gas producer, has a responsibility both to itself and to the rest of the world to immediately embark on an ambitious transformation towards the SDGs, as well as towards other global climate and biodiversity goals.",SDG 17 (Partnerships for the Goals) calls for ‘policy coherence’ for sustainable development.,17_4,17_11,,Support,Support,Support,No Relationship,No Relationship
"The United States, as the world’s biggest economy in terms of GDP at market prices and its biggest oil and gas producer, has a responsibility both to itself and to the rest of the world to immediately embark on an ambitious transformation towards the SDGs, as well as towards other global climate and biodiversity goals.","By July 2023, all UN Member States will have presented a VNR except for Haiti, Myanmar, South Sudan, the United States and Yemen.",17_4,17_12,,No Relationship,No Relationship,No Relationship,No Relationship,No Relationship
"The United States, as the world’s biggest economy in terms of GDP at market prices and its biggest oil and gas producer, has a responsibility both to itself and to the rest of the world to immediately embark on an ambitious transformation towards the SDGs, as well as towards other global climate and biodiversity goals.","Third, of the three pillars, scores are on average lowest for the second one, related to adopting and implementing SDG policies and pathways.",17_4,17_13,,Support,No Relationship,Support,No Relationship,No Relationship
"The United States, as the world’s biggest economy in terms of GDP at market prices and its biggest oil and gas producer, has a responsibility both to itself and to the rest of the world to immediately embark on an ambitious transformation towards the SDGs, as well as towards other global climate and biodiversity goals.","To achieve this feat, countries have embarked on a range of multi-disciplinary and cross-sector partnerships.",17_4,17_14,,Support,Support,No Relationship,No Relationship,No Relationship
Achieving the SDGs will require a transformative global approach.,"Reform current institutional frameworks and develop new, innovative mechanisms to improve the quality and speed of deployment of international cooperation, and monitor progress in an open and timely manner.",17_5,17_6,,Support,Support,Support,No Relationship,No Relationship
Achieving the SDGs will require a transformative global approach.,"To make sure that existing financial resources and the required additional resources are used for sustainable investments, international finance institutions must fully incorporate achieving the SDGs and safeguarding the planetary boundaries into their core mandates, and monitor these regarding all countries, poorer and richer alike.",17_5,17_7,,Support,Support,Support,No Relationship,No Relationship
Achieving the SDGs will require a transformative global approach.,"The most important component of the stimulus plan is a massive expansion of loans by the multilateral development banks, backed by new rounds of paid-in capital by HIC members.",17_5,17_8,,Support,Support,No Relationship,No Relationship,No Relationship
Achieving the SDGs will require a transformative global approach.,"Provincial, metropolitan, and city governments are typically at the front line in achieving the SDGs.",17_5,17_9,,Support,Support,Support,No Relationship,No Relationship
Achieving the SDGs will require a transformative global approach.,"Governments are only now learning how to design integrated strategies that address economic, social, and environmental objectives in tandem.",17_5,17_10,,Support,No Relationship,Support,No Relationship,No Relationship
Achieving the SDGs will require a transformative global approach.,SDG 17 (Partnerships for the Goals) calls for ‘policy coherence’ for sustainable development.,17_5,17_11,,Support,Support,Rephrase,No Relationship,No Relationship
Achieving the SDGs will require a transformative global approach.,"By July 2023, all UN Member States will have presented a VNR except for Haiti, Myanmar, South Sudan, the United States and Yemen.",17_5,17_12,,No Relationship,No Relationship,No Relationship,No Relationship,No Relationship
Achieving the SDGs will require a transformative global approach.,"Third, of the three pillars, scores are on average lowest for the second one, related to adopting and implementing SDG policies and pathways.",17_5,17_13,,Attack,No Relationship,Support,No Relationship,No Relationship
Achieving the SDGs will require a transformative global approach.,"To achieve this feat, countries have embarked on a range of multi-disciplinary and cross-sector partnerships.",17_5,17_14,,Support,Support,Support,No Relationship,No Relationship
"Reform current institutional frameworks and develop new, innovative mechanisms to improve the quality and speed of deployment of international cooperation, and monitor progress in an open and timely manner.","To make sure that existing financial resources and the required additional resources are used for sustainable investments, international finance institutions must fully incorporate achieving the SDGs and safeguarding the planetary boundaries into their core mandates, and monitor these regarding all countries, poorer and richer alike.",17_6,17_7,,Support,Support,Support,No Relationship,No Relationship
"Reform current institutional frameworks and develop new, innovative mechanisms to improve the quality and speed of deployment of international cooperation, and monitor progress in an open and timely manner.","The most important component of the stimulus plan is a massive expansion of loans by the multilateral development banks, backed by new rounds of paid-in capital by HIC members.",17_6,17_8,,Support,Support,No Relationship,No Relationship,No Relationship
"Reform current institutional frameworks and develop new, innovative mechanisms to improve the quality and speed of deployment of international cooperation, and monitor progress in an open and timely manner.","Provincial, metropolitan, and city governments are typically at the front line in achieving the SDGs.",17_6,17_9,,Support,Support,No Relationship,No Relationship,No Relationship
"Reform current institutional frameworks and develop new, innovative mechanisms to improve the quality and speed of deployment of international cooperation, and monitor progress in an open and timely manner.","Governments are only now learning how to design integrated strategies that address economic, social, and environmental objectives in tandem.",17_6,17_10,,Support,No Relationship,No Relationship,No Relationship,No Relationship
"Reform current institutional frameworks and develop new, innovative mechanisms to improve the quality and speed of deployment of international cooperation, and monitor progress in an open and timely manner.",SDG 17 (Partnerships for the Goals) calls for ‘policy coherence’ for sustainable development.,17_6,17_11,,Support,Support,Rephrase,No Relationship,No Relationship
"Reform current institutional frameworks and develop new, innovative mechanisms to improve the quality and speed of deployment of international cooperation, and monitor progress in an open and timely manner.","By July 2023, all UN Member States will have presented a VNR except for Haiti, Myanmar, South Sudan, the United States and Yemen.",17_6,17_12,,No Relationship,No Relationship,No Relationship,No Relationship,No Relationship
"Reform current institutional frameworks and develop new, innovative mechanisms to improve the quality and speed of deployment of international cooperation, and monitor progress in an open and timely manner.","Third, of the three pillars, scores are on average lowest for the second one, related to adopting and implementing SDG policies and pathways.",17_6,17_13,,Attack,No Relationship,Support,No Relationship,No Relationship
"Reform current institutional frameworks and develop new, innovative mechanisms to improve the quality and speed of deployment of international cooperation, and monitor progress in an open and timely manner.","To achieve this feat, countries have embarked on a range of multi-disciplinary and cross-sector partnerships.",17_6,17_14,,Support,Support,Support,No Relationship,No Relationship
"To make sure that existing financial resources and the required additional resources are used for sustainable investments, international finance institutions must fully incorporate achieving the SDGs and safeguarding the planetary boundaries into their core mandates, and monitor these regarding all countries, poorer and richer alike.","The most important component of the stimulus plan is a massive expansion of loans by the multilateral development banks, backed by new rounds of paid-in capital by HIC members.",17_7,17_8,,Support,Support,Support,No Relationship,No Relationship
"To make sure that existing financial resources and the required additional resources are used for sustainable investments, international finance institutions must fully incorporate achieving the SDGs and safeguarding the planetary boundaries into their core mandates, and monitor these regarding all countries, poorer and richer alike.","Provincial, metropolitan, and city governments are typically at the front line in achieving the SDGs.",17_7,17_9,,Support,Support,Support,No Relationship,No Relationship
"To make sure that existing financial resources and the required additional resources are used for sustainable investments, international finance institutions must fully incorporate achieving the SDGs and safeguarding the planetary boundaries into their core mandates, and monitor these regarding all countries, poorer and richer alike.","Governments are only now learning how to design integrated strategies that address economic, social, and environmental objectives in tandem.",17_7,17_10,,Support,No Relationship,Support,No Relationship,No Relationship
"To make sure that existing financial resources and the required additional resources are used for sustainable investments, international finance institutions must fully incorporate achieving the SDGs and safeguarding the planetary boundaries into their core mandates, and monitor these regarding all countries, poorer and richer alike.",SDG 17 (Partnerships for the Goals) calls for ‘policy coherence’ for sustainable development.,17_7,17_11,,Support,Support,Rephrase,No Relationship,No Relationship
"To make sure that existing financial resources and the required additional resources are used for sustainable investments, international finance institutions must fully incorporate achieving the SDGs and safeguarding the planetary boundaries into their core mandates, and monitor these regarding all countries, poorer and richer alike.","By July 2023, all UN Member States will have presented a VNR except for Haiti, Myanmar, South Sudan, the United States and Yemen.",17_7,17_12,,No Relationship,No Relationship,No Relationship,No Relationship,No Relationship
"To make sure that existing financial resources and the required additional resources are used for sustainable investments, international finance institutions must fully incorporate achieving the SDGs and safeguarding the planetary boundaries into their core mandates, and monitor these regarding all countries, poorer and richer alike.","Third, of the three pillars, scores are on average lowest for the second one, related to adopting and implementing SDG policies and pathways.",17_7,17_13,,Support,No Relationship,Support,No Relationship,No Relationship
"To make sure that existing financial resources and the required additional resources are used for sustainable investments, international finance institutions must fully incorporate achieving the SDGs and safeguarding the planetary boundaries into their core mandates, and monitor these regarding all countries, poorer and richer alike.","To achieve this feat, countries have embarked on a range of multi-disciplinary and cross-sector partnerships.",17_7,17_14,,Support,Support,Support,No Relationship,No Relationship
"The most important component of the stimulus plan is a massive expansion of loans by the multilateral development banks, backed by new rounds of paid-in capital by HIC members.","Provincial, metropolitan, and city governments are typically at the front line in achieving the SDGs.",17_8,17_9,,No Relationship,Support,No Relationship,No Relationship,No Relationship
"The most important component of the stimulus plan is a massive expansion of loans by the multilateral development banks, backed by new rounds of paid-in capital by HIC members.","Governments are only now learning how to design integrated strategies that address economic, social, and environmental objectives in tandem.",17_8,17_10,,No Relationship,No Relationship,No Relationship,No Relationship,No Relationship
"The most important component of the stimulus plan is a massive expansion of loans by the multilateral development banks, backed by new rounds of paid-in capital by HIC members.",SDG 17 (Partnerships for the Goals) calls for ‘policy coherence’ for sustainable development.,17_8,17_11,,No Relationship,Support,No Relationship,No Relationship,No Relationship
"The most important component of the stimulus plan is a massive expansion of loans by the multilateral development banks, backed by new rounds of paid-in capital by HIC members.","By July 2023, all UN Member States will have presented a VNR except for Haiti, Myanmar, South Sudan, the United States and Yemen.",17_8,17_12,,No Relationship,No Relationship,No Relationship,No Relationship,No Relationship
"The most important component of the stimulus plan is a massive expansion of loans by the multilateral development banks, backed by new rounds of paid-in capital by HIC members.","Third, of the three pillars, scores are on average lowest for the second one, related to adopting and implementing SDG policies and pathways.",17_8,17_13,,No Relationship,No Relationship,No Relationship,No Relationship,No Relationship
"The most important component of the stimulus plan is a massive expansion of loans by the multilateral development banks, backed by new rounds of paid-in capital by HIC members.","To achieve this feat, countries have embarked on a range of multi-disciplinary and cross-sector partnerships.",17_8,17_14,,Support,Support,Support,No Relationship,No Relationship
"Provincial, metropolitan, and city governments are typically at the front line in achieving the SDGs.","Governments are only now learning how to design integrated strategies that address economic, social, and environmental objectives in tandem.",17_9,17_10,,Support,No Relationship,Support,No Relationship,No Relationship
"Provincial, metropolitan, and city governments are typically at the front line in achieving the SDGs.",SDG 17 (Partnerships for the Goals) calls for ‘policy coherence’ for sustainable development.,17_9,17_11,,No Relationship,Support,Support,No Relationship,No Relationship
"Provincial, metropolitan, and city governments are typically at the front line in achieving the SDGs.","By July 2023, all UN Member States will have presented a VNR except for Haiti, Myanmar, South Sudan, the United States and Yemen.",17_9,17_12,,No Relationship,No Relationship,No Relationship,No Relationship,No Relationship
"Provincial, metropolitan, and city governments are typically at the front line in achieving the SDGs.","Third, of the three pillars, scores are on average lowest for the second one, related to adopting and implementing SDG policies and pathways.",17_9,17_13,,No Relationship,No Relationship,Support,No Relationship,No Relationship
"Provincial, metropolitan, and city governments are typically at the front line in achieving the SDGs.","To achieve this feat, countries have embarked on a range of multi-disciplinary and cross-sector partnerships.",17_9,17_14,,Support,Support,Support,No Relationship,No Relationship
"Governments are only now learning how to design integrated strategies that address economic, social, and environmental objectives in tandem.",SDG 17 (Partnerships for the Goals) calls for ‘policy coherence’ for sustainable development.,17_10,17_11,,Support,Support,Support,No Relationship,No Relationship
"Governments are only now learning how to design integrated strategies that address economic, social, and environmental objectives in tandem.","By July 2023, all UN Member States will have presented a VNR except for Haiti, Myanmar, South Sudan, the United States and Yemen.",17_10,17_12,,No Relationship,No Relationship,No Relationship,No Relationship,No Relationship
"Governments are only now learning how to design integrated strategies that address economic, social, and environmental objectives in tandem.","Third, of the three pillars, scores are on average lowest for the second one, related to adopting and implementing SDG policies and pathways.",17_10,17_13,,Support,No Relationship,Support,No Relationship,No Relationship
"Governments are only now learning how to design integrated strategies that address economic, social, and environmental objectives in tandem.","To achieve this feat, countries have embarked on a range of multi-disciplinary and cross-sector partnerships.",17_10,17_14,,Support,Support,Support,No Relationship,No Relationship
SDG 17 (Partnerships for the Goals) calls for ‘policy coherence’ for sustainable development.,"By July 2023, all UN Member States will have presented a VNR except for Haiti, Myanmar, South Sudan, the United States and Yemen.",17_11,17_12,,No Relationship,No Relationship,No Relationship,No Relationship,No Relationship
SDG 17 (Partnerships for the Goals) calls for ‘policy coherence’ for sustainable development.,"Third, of the three pillars, scores are on average lowest for the second one, related to adopting and implementing SDG policies and pathways.",17_11,17_13,,Attack,No Relationship,Support,No Relationship,No Relationship
SDG 17 (Partnerships for the Goals) calls for ‘policy coherence’ for sustainable development.,"To achieve this feat, countries have embarked on a range of multi-disciplinary and cross-sector partnerships.",17_11,17_14,,Support,Support,Support,No Relationship,No Relationship
"By July 2023, all UN Member States will have presented a VNR except for Haiti, Myanmar, South Sudan, the United States and Yemen.","Third, of the three pillars, scores are on average lowest for the second one, related to adopting and implementing SDG policies and pathways.",17_12,17_13,,No Relationship,No Relationship,No Relationship,No Relationship,No Relationship
"By July 2023, all UN Member States will have presented a VNR except for Haiti, Myanmar, South Sudan, the United States and Yemen.","To achieve this feat, countries have embarked on a range of multi-disciplinary and cross-sector partnerships.",17_12,17_14,,Support,Support,Support,No Relationship,No Relationship
"Third, of the three pillars, scores are on average lowest for the second one, related to adopting and implementing SDG policies and pathways.","To achieve this feat, countries have embarked on a range of multi-disciplinary and cross-sector partnerships.",17_13,17_14,,No Relationship,No Relationship,No Relationship,No Relationship,No Relationship
