SDGarg1,SDGarg2,id_arg1,id_arg2,rel,g1,g2
Ensuring that no one is left behind calls for more than just data disaggregation.,Productive and sustainable agriculture is key to ensuring the attainment and continued satisfaction of human needs in present and future generations.,0_3,2_17,,0,2
Ensuring that no one is left behind calls for more than just data disaggregation.,"While these measures are expected to be short-lived, prolonged health issues and educational losses among individuals could potentially have long-term impacts on human capital.",0_3,4_2,,0,4
Ensuring that no one is left behind calls for more than just data disaggregation.,"Cooperative agreements among countries sharing transboundary water resources (rivers, lakes and aquifers) are essential for advancing sustainable development and addressing climate change.",0_3,6_18,,0,6
Ensuring that no one is left behind calls for more than just data disaggregation.,"Global GDP growth has waned and productivity is stagnant, posing risks to economic development",0_3,8_13,,0,8
Ensuring that no one is left behind calls for more than just data disaggregation.,"Addressing inequality both within and among countries necessitates equitable resource distribution, investment in education and skills, social protection measures, efforts to stop discrimination, support for marginalized groups, and international cooperation for fair trade and financial systems.",0_3,10_1,,0,10
Ensuring that no one is left behind calls for more than just data disaggregation.,"To achieve the SDG target, stakeholders could leverage digitalization to reduce costs, increase efficiency and improve remittance accessibility.",0_3,12_0,,0,12
Ensuring that no one is left behind calls for more than just data disaggregation.,"All these factors destroy habitats, diminish biodiversity and threaten coastal communities and the health of marine ecosystems, vital to over 3 billion people.",0_3,14_1,,0,14
Ensuring that no one is left behind calls for more than just data disaggregation.,"Corruption continues to divert resources from sustainable development, with one in five people reporting being asked to pay or having paid a bribe to a public official in the last 12 months.",0_3,16_3,,0,16
All SDGs depend on establishing lasting peace and preventing violent conflicts.,"In 2023, about 733 million people faced hunger, and 2.33 billion people experienced moderate to severe food insecurity.",0_6,2_7,,0,2
All SDGs depend on establishing lasting peace and preventing violent conflicts.,Yet a significant teacher qualification gap persists globally.,0_6,4_16,,0,4
All SDGs depend on establishing lasting peace and preventing violent conflicts.,"Countries with higher levels of integrated water resources management (score 0 to 100 per cent) are more resilient to climate change, biodiversity loss and pollution.",0_6,6_19,,0,6
All SDGs depend on establishing lasting peace and preventing violent conflicts.,Earnings from work are particularly important for less well-off and vulnerable people.,0_6,8_0,,0,8
All SDGs depend on establishing lasting peace and preventing violent conflicts.,"Not everyone is benefiting equally from these advancements, however.",0_6,10_17,,0,10
All SDGs depend on establishing lasting peace and preventing violent conflicts.,"If all countries boost their collection rates to 60 per cent, 54 million metric tons of e-waste would be managed in an environmentally sound manner, with 30 million metric tons of metal resources viably recovered.",0_6,12_3,,0,12
All SDGs depend on establishing lasting peace and preventing violent conflicts.,The survival of coral reefs is vital for ocean health and humanity’s well-being.,0_6,14_11,,0,14
All SDGs depend on establishing lasting peace and preventing violent conflicts.,Access to justice is a fundamental human right.,0_6,16_10,,0,16
"Urgent action is needed to combat corruption and organized crime, strengthen the rule of law and access to justice, build effective and inclusive governance institutions, and protect rights and fundamental freedoms.",Productive and sustainable agriculture is key to ensuring the attainment and continued satisfaction of human needs in present and future generations.,0_7,2_17,,0,2
"Urgent action is needed to combat corruption and organized crime, strengthen the rule of law and access to justice, build effective and inclusive governance institutions, and protect rights and fundamental freedoms.",Legal guarantees for free and compulsory pre-primary education are crucial to school readiness and equal opportunities.,0_7,4_13,,0,4
"Urgent action is needed to combat corruption and organized crime, strengthen the rule of law and access to justice, build effective and inclusive governance institutions, and protect rights and fundamental freedoms.","In 2022, roughly half the world’s population experienced severe water scarcity for at least part of the year.",0_7,6_7,,0,6
"Urgent action is needed to combat corruption and organized crime, strengthen the rule of law and access to justice, build effective and inclusive governance institutions, and protect rights and fundamental freedoms.","Annual growth in economic productivity, defined as the growth rate of real GDP per employed person, stagnated in 2022 and 2023 below 0.5 per cent, a stark contrast to the period from 2015 to 2019, when the average growth rate exceeded 1.5 per cent.",0_7,8_14,,0,8
"Urgent action is needed to combat corruption and organized crime, strengthen the rule of law and access to justice, build effective and inclusive governance institutions, and protect rights and fundamental freedoms.","These worrying trends are primarily due to a lack of preventive services for people from marginalized and key populations, punitive laws, violence, social stigma and discrimination.",0_7,10_18,,0,10
"Urgent action is needed to combat corruption and organized crime, strengthen the rule of law and access to justice, build effective and inclusive governance institutions, and protect rights and fundamental freedoms.","From 2019 to 2023, 62 Member States and the European Union reported 516 policy instruments to accelerate the transition to sustainable consumption and production patterns.",0_7,12_4,,0,12
"Urgent action is needed to combat corruption and organized crime, strengthen the rule of law and access to justice, build effective and inclusive governance institutions, and protect rights and fundamental freedoms.","Oceans face significant challenges from eutrophication, worsening acidification, declining fish stocks, rising temperatures and widespread pollution.",0_7,14_0,,0,14
"Urgent action is needed to combat corruption and organized crime, strengthen the rule of law and access to justice, build effective and inclusive governance institutions, and protect rights and fundamental freedoms.","Rising conflicts and violent organized crime persist around the world, causing immense human suffering and hampering sustainable development.",0_7,16_2,,0,16
"The COVID-19 pandemic caused extreme poverty to rise in 2020 for the first time in decades, reversing global progress by three years.",All SDGs depend on establishing lasting peace and preventing violent conflicts.,1_9,0_6,,1,0
"The COVID-19 pandemic caused extreme poverty to rise in 2020 for the first time in decades, reversing global progress by three years.",The maternal mortality ratio is largely stuck at a level more than three times the 2030 target.,1_9,3_5,,1,3
"The COVID-19 pandemic caused extreme poverty to rise in 2020 for the first time in decades, reversing global progress by three years.","Existing evidence shows that the prevalence of intimate partner violence, in all forms, is higher among women with disabilities than those without disabilities.",1_9,5_18,,1,5
"The COVID-19 pandemic caused extreme poverty to rise in 2020 for the first time in decades, reversing global progress by three years.","Key actions include switching to more efficient fuels, such as by electrifying final uses and providing universal access to clean cooking.",1_9,7_13,,1,7
"The COVID-19 pandemic caused extreme poverty to rise in 2020 for the first time in decades, reversing global progress by three years.","To accelerate progress towards Goal 9, a concerted effort is needed to promote inclusive and sustainable industrialization, foster innovation through increased investment in research and development, prioritize and accelerate the green transition, and facilitate access to information and communications technology.",1_9,9_5,,1,9
"The COVID-19 pandemic caused extreme poverty to rise in 2020 for the first time in decades, reversing global progress by three years.","This emphasizes the urgent need for a comprehensive approach to addressing the housing crisis, including through diverse housing options, while achieving equitable access to public transportation and essential services.",1_9,11_6,,1,11
"The COVID-19 pandemic caused extreme poverty to rise in 2020 for the first time in decades, reversing global progress by three years.",Climate finance is crucial in backing global mitigation and adaptation efforts.,1_9,13_4,,1,13
"The COVID-19 pandemic caused extreme poverty to rise in 2020 for the first time in decades, reversing global progress by three years.","This unregulated growth has negative impacts on the natural environment and land use, contributing to increased air pollution and the loss of open spaces, wildlife habitats and agricultural land.",1_9,15_0,,1,15
"The COVID-19 pandemic caused extreme poverty to rise in 2020 for the first time in decades, reversing global progress by three years.","In a landscape of declining international cooperation and rising geopolitical tensions, strengthened global partnerships and enhanced cooperation are urgently needed to address widening financing gaps, reinforce post-pandemic recovery and promote sustainable development, particularly in the LDCs and other vulnerable countries.",1_9,17_10,,1,17
"Tourism remains crucial for jobs, local ecosystems, peacebuilding and poverty reduction through income generation and tax revenues.",Ensuring that no one is left behind calls for more than just data disaggregation.,1_18,0_3,,1,0
"Tourism remains crucial for jobs, local ecosystems, peacebuilding and poverty reduction through income generation and tax revenues.","An estimated 1.8 million additional health workers are needed in 54 countries, primarily high-income ones, to replace retiring health professionals and maintain the current age-standardized density of health workers.",1_18,3_18,,1,3
"Tourism remains crucial for jobs, local ecosystems, peacebuilding and poverty reduction through income generation and tax revenues.","Health risks from household air pollution are particularly high among women and children, who tend to spend more time in and around cooking stoves.",1_18,5_5,,1,5
"Tourism remains crucial for jobs, local ecosystems, peacebuilding and poverty reduction through income generation and tax revenues.","Key actions include switching to more efficient fuels, such as by electrifying final uses and providing universal access to clean cooking.",1_18,7_13,,1,7
"Tourism remains crucial for jobs, local ecosystems, peacebuilding and poverty reduction through income generation and tax revenues.","Globally, one in three people are still offline, underscoring the urgency of infrastructure investments and affordable Internet access, particularly in underdeveloped regions.",1_18,9_3,,1,9
"Tourism remains crucial for jobs, local ecosystems, peacebuilding and poverty reduction through income generation and tax revenues.","A deepening global slum crisis requires urgent action on housing, transportation and services",1_18,11_3,,1,11
"Tourism remains crucial for jobs, local ecosystems, peacebuilding and poverty reduction through income generation and tax revenues.","Mountain ecosystem degradation threatens downstream water provision, through  reduced glacial coverage, as well as biodiversity and other ecosystem services, thereby undermining efforts to protect terrestrial and freshwater ecosystems.",1_18,13_24,,1,13
"Tourism remains crucial for jobs, local ecosystems, peacebuilding and poverty reduction through income generation and tax revenues.","These findings suggest that efforts to reduce deforestation must tackle production system weaknesses while addressing critical needs such as food security, income and land tenure rights for local communities.",1_18,15_4,,1,15
"Tourism remains crucial for jobs, local ecosystems, peacebuilding and poverty reduction through income generation and tax revenues.",Addressing inequality both within and among countries necessitates international cooperation for fair trade and financial systems.,1_18,17_7,,1,17
"Climate change is hindering poverty reduction, and disasters result in millions of households becoming poor or remaining trapped in poverty.","As more countries recognize the importance of adopting a “whole-of-society” approach to achieve the ambitious goals of the 2030 Agenda, increased efforts are being made to acknowledge the contributions of civil society.",1_7,0_5,,1,0
"Climate change is hindering poverty reduction, and disasters result in millions of households becoming poor or remaining trapped in poverty.",The world is not on track to achieve Goal 3.,1_7,3_10,,1,3
"Climate change is hindering poverty reduction, and disasters result in millions of households becoming poor or remaining trapped in poverty.","This disproportionate burden is amplified in lower-income households, contributing to poverty, inequality and precariousness, including by limiting labour-market participation.",1_7,5_23,,1,5
"Climate change is hindering poverty reduction, and disasters result in millions of households becoming poor or remaining trapped in poverty.",Considerable strides have been made in achieving sustainable energy targets.,1_7,7_5,,1,7
"Climate change is hindering poverty reduction, and disasters result in millions of households becoming poor or remaining trapped in poverty.","Globally, one in three people are still offline, underscoring the urgency of infrastructure investments and affordable Internet access, particularly in underdeveloped regions.",1_7,9_3,,1,9
"Climate change is hindering poverty reduction, and disasters result in millions of households becoming poor or remaining trapped in poverty.","This unregulated growth has negative impacts on the natural environment and land use, contributing to increased air pollution and the loss of open spaces, wildlife habitats and agricultural land.",1_7,11_8,,1,11
"Climate change is hindering poverty reduction, and disasters result in millions of households becoming poor or remaining trapped in poverty.",Climate finance is crucial in backing global mitigation and adaptation efforts.,1_7,13_4,,1,13
"Climate change is hindering poverty reduction, and disasters result in millions of households becoming poor or remaining trapped in poverty.","This exploitation jeopardizes the survival of species and undermines ecosystem functions, especially when compounded by other pressures, such as habitat loss and climate change.",1_7,15_9,,1,15
"Climate change is hindering poverty reduction, and disasters result in millions of households becoming poor or remaining trapped in poverty.","In a landscape of declining international cooperation and rising geopolitical tensions, strengthened global partnerships and enhanced cooperation are urgently needed to address widening financing gaps, reinforce post-pandemic recovery and promote sustainable development, particularly in the LDCs and other vulnerable countries.",1_7,17_10,,1,17
Accelerated action could bring productive and sustainable agriculture within reach globally,"Despite increasing efforts and commitments to expand social protection programmes, significant coverage gaps left 1.4 billion children uncovered in 2023.",2_16,1_6,,2,1
Accelerated action could bring productive and sustainable agriculture within reach globally,"With about 269 million young people globally not in education or work in 2023, intensified efforts are needed to reduce NEET rates, particularly among young women.",2_16,4_18,,2,4
Accelerated action could bring productive and sustainable agriculture within reach globally,More people have safe drinking water and sanitation but billions still go without.,2_16,6_10,,2,6
Accelerated action could bring productive and sustainable agriculture within reach globally,"Despite progress, nearly 241 million workers globally still lived in extreme poverty in 2023.",2_16,8_6,,2,8
Accelerated action could bring productive and sustainable agriculture within reach globally,"Overall, children from the richest households are twice as likely to attend preschool compared to those from the least affluent households.",2_16,10_20,,2,10
Accelerated action could bring productive and sustainable agriculture within reach globally,"The global material footprint, representing raw materials extracted to meet final consumption demands, increased by 71 per cent from 57.4 billion metric tons in 2000 to 98.0 billion metric tons in 2022.",2_16,12_7,,2,12
Accelerated action could bring productive and sustainable agriculture within reach globally,Reaching the 10 per cent SDG target by 2030 calls for effectively managing important sites covering an average additional 1.13 million square kilometres of ocean each year.,2_16,14_6,,2,14
Accelerated action could bring productive and sustainable agriculture within reach globally,Access to justice is a fundamental human right.,2_16,16_10,,2,16
"Achieving zero hunger requires intensified efforts to transform food systems so they are sustainable, resilient and equitable.","Despite a falling working poverty rate, more than half of workers living in extreme poverty were still in sub-Saharan Africa (145 million).",2_9,1_14,,2,1
"Achieving zero hunger requires intensified efforts to transform food systems so they are sustainable, resilient and equitable.","Many countries face challenges such as inadequate education infrastructure, teacher shortages and insufficient teacher training.",2_9,4_4,,2,4
"Achieving zero hunger requires intensified efforts to transform food systems so they are sustainable, resilient and equitable.","Climate change worsens these issues, posing significant risks to social stability.",2_9,6_8,,2,6
"Achieving zero hunger requires intensified efforts to transform food systems so they are sustainable, resilient and equitable.",Working poverty has declined but still afflicts 241 million workers,2_9,8_4,,2,8
"Achieving zero hunger requires intensified efforts to transform food systems so they are sustainable, resilient and equitable.","Ensuring equitable access to public transportation helps to reduce food insecurity, boost economies, empower women, and connect people to key health, education and financial services, especially vulnerable urban populations.",2_9,10_7,,2,10
"Achieving zero hunger requires intensified efforts to transform food systems so they are sustainable, resilient and equitable.","From 2019 to 2023, 62 Member States and the European Union reported 516 policy instruments to accelerate the transition to sustainable consumption and production patterns.",2_9,12_4,,2,12
"Achieving zero hunger requires intensified efforts to transform food systems so they are sustainable, resilient and equitable.",The survival of coral reefs is vital for ocean health and humanity’s well-being.,2_9,14_11,,2,14
"Achieving zero hunger requires intensified efforts to transform food systems so they are sustainable, resilient and equitable.","The trend must be reversed, conflicts must end, and parties to conflicts must strictly abide by international humanitarian and human rights obligations to protect civilians’ lives.",2_9,16_9,,2,16
"Ninety per cent of people facing hunger and malnutrition live in IDA countries, half of which are in debt distress or at high risk of it.",Working poverty has declined but still afflicts 241 million workers.,2_1,1_13,,2,1
"Ninety per cent of people facing hunger and malnutrition live in IDA countries, half of which are in debt distress or at high risk of it.","With about 269 million young people globally not in education or work in 2023, intensified efforts are needed to reduce NEET rates, particularly among young women.",2_1,4_18,,2,4
"Ninety per cent of people facing hunger and malnutrition live in IDA countries, half of which are in debt distress or at high risk of it.","In 2022, however, 2.2 billion people still lacked safely managed drinking water, 3.5 billion went without safely managed sanitation (including 419 million who practised open defecation) and 2 billion still had inadequate basic hygiene services (including 653 million with no facilities at all).",2_1,6_12,,2,6
"Ninety per cent of people facing hunger and malnutrition live in IDA countries, half of which are in debt distress or at high risk of it.","Informal employment poses a significant global challenge, with over 2 billion workers in informal jobs lacking social protection in 2023.",2_1,8_11,,2,8
"Ninety per cent of people facing hunger and malnutrition live in IDA countries, half of which are in debt distress or at high risk of it.","Ensuring equitable access to public transportation helps to reduce food insecurity, boost economies, empower women, and connect people to key health, education and financial services, especially vulnerable urban populations.",2_1,10_7,,2,10
"Ninety per cent of people facing hunger and malnutrition live in IDA countries, half of which are in debt distress or at high risk of it.",High rates of consumption and insufficient reuse or recycling are producing vast piles of e-waste,2_1,12_2,,2,12
"Ninety per cent of people facing hunger and malnutrition live in IDA countries, half of which are in debt distress or at high risk of it.","Additionally, the Agreement on Marine Biodiversity of Areas Beyond National Jurisdiction   aims to protect marine biodiversity in international waters and seabed.",2_1,14_8,,2,14
"Ninety per cent of people facing hunger and malnutrition live in IDA countries, half of which are in debt distress or at high risk of it.","For the second consecutive year, the number of civilians killed in conflict rose dramatically, reversing a downward trend from 2016 to 2019.",2_1,16_7,,2,16
"An estimated 1.8 million additional health workers are needed in 54 countries, primarily high-income ones, to replace retiring health professionals and maintain the current age-standardized density of health workers.",The overarching principle of the 2030 Agenda for Sustainable Development is to leave no one behind.,3_18,0_2,,3,0
"An estimated 1.8 million additional health workers are needed in 54 countries, primarily high-income ones, to replace retiring health professionals and maintain the current age-standardized density of health workers.",Productive and sustainable agriculture is key to ensuring the attainment and continued satisfaction of human needs in present and future generations.,3_18,2_17,,3,2
"An estimated 1.8 million additional health workers are needed in 54 countries, primarily high-income ones, to replace retiring health professionals and maintain the current age-standardized density of health workers.",Over 90 per cent of employed women in the LDCs and nearly 90 per cent in sub-Saharan Africa and Central and Southern Asia performed informal work.,3_18,5_33,,3,5
"An estimated 1.8 million additional health workers are needed in 54 countries, primarily high-income ones, to replace retiring health professionals and maintain the current age-standardized density of health workers.",This deceleration can be attributed to the significant surge in clean energy technologies since 2019.,3_18,7_14,,3,7
"An estimated 1.8 million additional health workers are needed in 54 countries, primarily high-income ones, to replace retiring health professionals and maintain the current age-standardized density of health workers.","This involves not only financial resources but also requires building capacity, modernizing infrastructure and adopting international statistical standards.",3_18,9_0,,3,9
"An estimated 1.8 million additional health workers are needed in 54 countries, primarily high-income ones, to replace retiring health professionals and maintain the current age-standardized density of health workers.",Public transit remains out of easy reach for 40 per cent of urban residents worldwide,3_18,11_10,,3,11
"An estimated 1.8 million additional health workers are needed in 54 countries, primarily high-income ones, to replace retiring health professionals and maintain the current age-standardized density of health workers.",Much of the increase comes from climate change and reservoir filling.,3_18,13_31,,3,13
"An estimated 1.8 million additional health workers are needed in 54 countries, primarily high-income ones, to replace retiring health professionals and maintain the current age-standardized density of health workers.","This unregulated growth has negative impacts on the natural environment and land use, contributing to increased air pollution and the loss of open spaces, wildlife habitats and agricultural land.",3_18,15_0,,3,15
"An estimated 1.8 million additional health workers are needed in 54 countries, primarily high-income ones, to replace retiring health professionals and maintain the current age-standardized density of health workers.",Strengthening partnerships is key to more inclusive data.,3_18,17_1,,3,17
"Declines in maternal mortality have stalled, with wide disparities by region and income.","As more countries recognize the importance of adopting a “whole-of-society” approach to achieve the ambitious goals of the 2030 Agenda, increased efforts are being made to acknowledge the contributions of civil society.",3_20,0_5,,3,0
"Declines in maternal mortality have stalled, with wide disparities by region and income.","Achieving zero hunger requires intensified efforts to transform food systems so they are sustainable, resilient and equitable.",3_20,2_9,,3,2
"Declines in maternal mortality have stalled, with wide disparities by region and income.","Strong and sustained commitments to changing biased social norms, eliminating harmful practices and abolishing discriminatory laws are urgently needed.",3_20,5_15,,3,5
"Declines in maternal mortality have stalled, with wide disparities by region and income.","The energy sector, responsible for 86 per cent of global CO2 emissions, remains the largest contributor, driven by the expansion of coal- and gas-fired power generation.",3_20,7_0,,3,7
"Declines in maternal mortality have stalled, with wide disparities by region and income.","Globally, one in three people are still offline, underscoring the urgency of infrastructure investments and affordable Internet access, particularly in underdeveloped regions.",3_20,9_3,,3,9
"Declines in maternal mortality have stalled, with wide disparities by region and income.","With urbanization on the rise and nearly 70 per cent of the global population projected to reside in cities by 2050, the development of critical infrastructure, affordable housing, efficient transport systems and essential social services is imperative to create resilient and sustainable cities that meet the needs of all.",3_20,11_2,,3,11
"Declines in maternal mortality have stalled, with wide disparities by region and income.",Climate records were shattered in 2023 as the climate crisis accelerated in real time.,3_20,13_5,,3,13
"Declines in maternal mortality have stalled, with wide disparities by region and income.","This degradation, driven by changes in land use and coverage, significantly contributes to biodiversity loss, including in fragile mountain ecosystems.",3_20,15_11,,3,15
"Declines in maternal mortality have stalled, with wide disparities by region and income.",Addressing inequality both within and among countries necessitates international cooperation for fair trade and financial systems.,3_20,17_7,,3,17
"Progress towards universal health coverage has slowed, leaving billions without care and subject to catastrophic costs.",Engaging citizens in data production is essential to leave no one behind.,3_12,0_1,,3,0
"Progress towards universal health coverage has slowed, leaving billions without care and subject to catastrophic costs.",Productive and sustainable agriculture is key to ensuring the attainment and continued satisfaction of human needs in present and future generations.,3_12,2_17,,3,2
"Progress towards universal health coverage has slowed, leaving billions without care and subject to catastrophic costs.","Globally, over 20 per cent of primary schools have no separate sanitation facilities for girls.",3_12,5_8,,3,5
"Progress towards universal health coverage has slowed, leaving billions without care and subject to catastrophic costs.","By artificially lowering fossil fuel prices, subsidies harm the competitiveness of cleaner energy sources and hinder the low-carbon transition.",3_12,7_2,,3,7
"Progress towards universal health coverage has slowed, leaving billions without care and subject to catastrophic costs.","The proportion of medium- and high-tech manufacturing value added in total value added rose from 46.34 per cent in 2015 to 46.88 per cent in 2019, an upward trend slightly disrupted by the COVID-19 pandemic.",3_12,9_7,,3,9
"Progress towards universal health coverage has slowed, leaving billions without care and subject to catastrophic costs.","The total slum population was 1.12 billion in 2022, 130 million more than in 2015, marking a reversal from the consistent decrease observed from 2000 to 2020.",3_12,11_5,,3,11
"Progress towards universal health coverage has slowed, leaving billions without care and subject to catastrophic costs.","Rising ocean temperatures are raising new concerns for coral reefs, which support a quarter of marine species, provide resources for hundreds of millions of people in coastal communities and generate trillions of dollars in revenue annually.",3_12,13_16,,3,13
"Progress towards universal health coverage has slowed, leaving billions without care and subject to catastrophic costs.","Illegal wildlife trade persists worldwide despite two decades of concerted action at international and national levels and poses a significant threat to global biodiversity, endangering a wide range of terrestrial and marine species.",3_12,15_8,,3,15
"Progress towards universal health coverage has slowed, leaving billions without care and subject to catastrophic costs.","Cooperative agreements among countries sharing transboundary water resources (rivers, lakes and aquifers) are essential for advancing sustainable development and addressing climate change.",3_12,17_13,,3,17
"Comprehensive support from schools, training institutions, communities and governments is essential to encourage educators to effectively transmit sustainability principles to future generations.","Tourism remains crucial for jobs, local ecosystems, peacebuilding and poverty reduction through income generation and tax revenues.",4_11,1_18,,4,1
"Comprehensive support from schools, training institutions, communities and governments is essential to encourage educators to effectively transmit sustainability principles to future generations.","Yet minimal progress after 2015 left about 4.5 billion people without coverage in 2021, especially in rural and poorer populations.",4_11,3_14,,4,3
"Comprehensive support from schools, training institutions, communities and governments is essential to encourage educators to effectively transmit sustainability principles to future generations.","This is still above the 3 per cent SDG target, however.",4_11,6_0,,4,6
"Comprehensive support from schools, training institutions, communities and governments is essential to encourage educators to effectively transmit sustainability principles to future generations.",They have become the premier source of external finance for developing countries in the post-COVID-19 period.,4_11,8_2,,4,8
"Comprehensive support from schools, training institutions, communities and governments is essential to encourage educators to effectively transmit sustainability principles to future generations.","This disproportionate burden is amplified in lower-income households, contributing to poverty, inequality and precariousness, including by limiting labour-market participation.",4_11,10_22,,4,10
"Comprehensive support from schools, training institutions, communities and governments is essential to encourage educators to effectively transmit sustainability principles to future generations.","To achieve the SDG target, stakeholders could leverage digitalization to reduce costs, increase efficiency and improve remittance accessibility.",4_11,12_0,,4,12
"Comprehensive support from schools, training institutions, communities and governments is essential to encourage educators to effectively transmit sustainability principles to future generations.","Overfishing, pollution, climate change and poor management drive continued declines in fish stocks",4_11,14_3,,4,14
"Comprehensive support from schools, training institutions, communities and governments is essential to encourage educators to effectively transmit sustainability principles to future generations.","By end 2023, a record 37.4 million refugees under the mandate of the United Nations High Commissioner for Refugees (UNHCR) remained forcibly displaced from their countries due to war, conflict, persecution, human rights violations and events seriously disturbing public order.",4_11,16_1,,4,16
"Progress towards Goal 4 has been slow since 2015, with only 58 per cent of students worldwide achieving a minimum proficiency in reading by 2019.","In 2023, remittances to low- and middle-income countries reached an estimated $669 billion, reflecting a normalization of flows following the post-pandemic robust growth.",4_3,1_1,,4,1
"Progress towards Goal 4 has been slow since 2015, with only 58 per cent of students worldwide achieving a minimum proficiency in reading by 2019.","Improved care quality could save the lives of up to 1 million newborns and 150,000 mothers annually.",4_3,3_21,,4,3
"Progress towards Goal 4 has been slow since 2015, with only 58 per cent of students worldwide achieving a minimum proficiency in reading by 2019.","As of December 2023, 50 countries, territories and areas had eliminated at least one neglected tropical disease, demonstrating the power of comprehensive interventions combining mass and individual treatment, vector control, veterinary public health and provision of safe water and sanitation.",4_3,6_2,,4,6
"Progress towards Goal 4 has been slow since 2015, with only 58 per cent of students worldwide achieving a minimum proficiency in reading by 2019.","In 2023, the global unemployment rate fell to a record low of 5.0 per cent since 2000.",4_3,8_16,,4,8
"Progress towards Goal 4 has been slow since 2015, with only 58 per cent of students worldwide achieving a minimum proficiency in reading by 2019.","Ensuring equitable access to public transportation helps to reduce food insecurity, boost economies, empower women, and connect people to key health, education and financial services, especially vulnerable urban populations.",4_3,10_7,,4,10
"Progress towards Goal 4 has been slow since 2015, with only 58 per cent of students worldwide achieving a minimum proficiency in reading by 2019.","From 2019 to 2023, 62 Member States and the European Union reported 516 policy instruments to accelerate the transition to sustainable consumption and production patterns.",4_3,12_4,,4,12
"Progress towards Goal 4 has been slow since 2015, with only 58 per cent of students worldwide achieving a minimum proficiency in reading by 2019.","Rising ocean temperatures are raising new concerns for coral reefs, which support a quarter of marine species, provide resources for hundreds of millions of people in coastal communities and generate trillions of dollars in revenue annually.",4_3,14_10,,4,14
"Progress towards Goal 4 has been slow since 2015, with only 58 per cent of students worldwide achieving a minimum proficiency in reading by 2019.","For the second consecutive year, the number of civilians killed in conflict rose dramatically, reversing a downward trend from 2016 to 2019.",4_3,16_7,,4,16
"Many countries face challenges such as inadequate education infrastructure, teacher shortages and insufficient teacher training.","Despite increasing efforts and commitments to expand social protection programmes, significant coverage gaps left 1.4 billion children uncovered in 2023.",4_4,1_6,,4,1
"Many countries face challenges such as inadequate education infrastructure, teacher shortages and insufficient teacher training.","Concerningly, 31 per cent of deaths from acute lower respiratory infections occurred in children under age 5.",4_4,3_34,,4,3
"Many countries face challenges such as inadequate education infrastructure, teacher shortages and insufficient teacher training.","A lack of handwashing facilities in 2 out of 10 schools poses health risks, especially during pandemics.",4_4,6_4,,4,6
"Many countries face challenges such as inadequate education infrastructure, teacher shortages and insufficient teacher training.","Access to credit, crucial for their survival, remains difficult.",4_4,8_23,,4,8
"Many countries face challenges such as inadequate education infrastructure, teacher shortages and insufficient teacher training.","These worrying trends are primarily due to a lack of preventive services for people from marginalized and key populations, punitive laws, violence, social stigma and discrimination.",4_4,10_18,,4,10
"Many countries face challenges such as inadequate education infrastructure, teacher shortages and insufficient teacher training.","The global material footprint, representing raw materials extracted to meet final consumption demands, increased by 71 per cent from 57.4 billion metric tons in 2000 to 98.0 billion metric tons in 2022.",4_4,12_7,,4,12
"Many countries face challenges such as inadequate education infrastructure, teacher shortages and insufficient teacher training.","Overfishing, pollution, climate change and poor management drive continued declines in fish stocks",4_4,14_3,,4,14
"Many countries face challenges such as inadequate education infrastructure, teacher shortages and insufficient teacher training.","For the second consecutive year, the number of civilians killed in conflict rose dramatically, reversing a downward trend from 2016 to 2019.",4_4,16_7,,4,16
"Although 89 per cent of women can autonomously decide to use contraception, one in four cannot make health-care decisions or say no to sex.","Despite commendable increases in data to monitor the SDGs, critical gaps persist",5_27,0_0,,5,0
"Although 89 per cent of women can autonomously decide to use contraception, one in four cannot make health-care decisions or say no to sex.",Nearly 60 per cent of countries faced moderately to abnormally high food prices in 2022.,5_27,2_20,,5,2
"Although 89 per cent of women can autonomously decide to use contraception, one in four cannot make health-care decisions or say no to sex.","On average, 15 per cent of teachers lack minimum qualifications, constraining progress across all levels of education.",5_27,4_17,,5,4
"Although 89 per cent of women can autonomously decide to use contraception, one in four cannot make health-care decisions or say no to sex.","Key actions include switching to more efficient fuels, such as by electrifying final uses and providing universal access to clean cooking.",5_27,7_13,,5,7
"Although 89 per cent of women can autonomously decide to use contraception, one in four cannot make health-care decisions or say no to sex.","This involves not only financial resources but also requires building capacity, modernizing infrastructure and adopting international statistical standards.",5_27,9_0,,5,9
"Although 89 per cent of women can autonomously decide to use contraception, one in four cannot make health-care decisions or say no to sex.","With urbanization on the rise and nearly 70 per cent of the global population projected to reside in cities by 2050, the development of critical infrastructure, affordable housing, efficient transport systems and essential social services is imperative to create resilient and sustainable cities that meet the needs of all.",5_27,11_2,,5,11
"Although 89 per cent of women can autonomously decide to use contraception, one in four cannot make health-care decisions or say no to sex.","By artificially lowering fossil fuel prices, subsidies harm the competitiveness of cleaner energy sources and hinder the low-carbon transition.",5_27,13_15,,5,13
"Although 89 per cent of women can autonomously decide to use contraception, one in four cannot make health-care decisions or say no to sex.","Addressing pressing environmental challenges and their underlying drivers and interconnections – including climate change, biodiversity loss, pollution, desertification and deforestation – demands intensified, accelerated efforts, and a comprehensive and integrated approach at local, national and global levels.",5_27,15_2,,5,15
"Although 89 per cent of women can autonomously decide to use contraception, one in four cannot make health-care decisions or say no to sex.",Strengthening their voice and participation is crucial to ensuring a more inclusive and equitable global economic system.,5_27,17_6,,5,17
"Health risks from household air pollution are particularly high among women and children, who tend to spend more time in and around cooking stoves.","Urgent action is needed to combat corruption and organized crime, strengthen the rule of law and access to justice, build effective and inclusive governance institutions, and protect rights and fundamental freedoms.",5_5,0_7,,5,0
"Health risks from household air pollution are particularly high among women and children, who tend to spend more time in and around cooking stoves.","Record-high food prices in 2022 worsened purchasing power and access to food, negatively impacting food security and nutritional outcomes.",5_5,2_15,,5,2
"Health risks from household air pollution are particularly high among women and children, who tend to spend more time in and around cooking stoves.","Prioritizing increased education funding, teacher training, and inclusive and accessible schools are essential steps, along with leveraging technology and bridging the digital divide to achieve equitable access to quality education.",5_5,4_6,,5,4
"Health risks from household air pollution are particularly high among women and children, who tend to spend more time in and around cooking stoves.","Key actions include switching to more efficient fuels, such as by electrifying final uses and providing universal access to clean cooking.",5_5,7_13,,5,7
"Health risks from household air pollution are particularly high among women and children, who tend to spend more time in and around cooking stoves.","Inclusive industrial policies are imperative for fostering the growth, competitiveness and resilience of small enterprises.",5_5,9_6,,5,9
"Health risks from household air pollution are particularly high among women and children, who tend to spend more time in and around cooking stoves.",Only 40 per cent of city dwellers can easily reach open public spaces.,5_5,11_1,,5,11
"Health risks from household air pollution are particularly high among women and children, who tend to spend more time in and around cooking stoves.",Drastic reductions in global greenhouse gas emissions must take place by 2030 and reach net zero by 2050.,5_5,13_10,,5,13
"Health risks from household air pollution are particularly high among women and children, who tend to spend more time in and around cooking stoves.","Over 44,000 species, or 28 per cent of almost 160,000 assessed species, are currently threatened.",5_5,15_6,,5,15
"Health risks from household air pollution are particularly high among women and children, who tend to spend more time in and around cooking stoves.","As countries continue to strengthen statistical foundations, embracing innovation and integrating diverse data sources and methodologies will be critical in overcoming challenges such as declining response rates as well as in fostering collaborative partnerships.",5_5,17_0,,5,17
Small-scale food producers headed by men typically generate higher incomes than those headed by women.,All SDGs depend on establishing lasting peace and preventing violent conflicts.,5_4,0_6,,5,0
Small-scale food producers headed by men typically generate higher incomes than those headed by women.,"Despite progress, 148 million children under age 5 suffered from stunting in 2022.",5_4,2_8,,5,2
Small-scale food producers headed by men typically generate higher incomes than those headed by women.,"Despite basic services in schools being essential for fair learning opportunities, progress has been slow, particularly affecting students with disabilities and girls.",5_4,4_14,,5,4
Small-scale food producers headed by men typically generate higher incomes than those headed by women.,"In 2023, the annual SDG investment gap in developing countries was estimated at about $4 trillion, with over half, or $2.2 trillion, needed for the energy transition alone.",5_4,7_4,,5,7
Small-scale food producers headed by men typically generate higher incomes than those headed by women.,"Inclusive industrial policies are imperative for fostering the growth, competitiveness and resilience of small enterprises.",5_4,9_6,,5,9
Small-scale food producers headed by men typically generate higher incomes than those headed by women.,"Without concerted efforts, the majority of urban populations will struggle to access vital amenities, particularly the most vulnerable residents.",5_4,11_15,,5,11
Small-scale food producers headed by men typically generate higher incomes than those headed by women.,The road map to halting warming at 1.5°C and avoiding the worst of climate chaos is clear but cannot afford any delays or half measures.,5_4,13_9,,5,13
Small-scale food producers headed by men typically generate higher incomes than those headed by women.,"Reducing deforestation depends on improving food security, income and land rights.",5_4,15_3,,5,15
Small-scale food producers headed by men typically generate higher incomes than those headed by women.,"As more countries recognize the importance of adopting a “whole-of-society” approach to achieve the ambitious goals of the 2030 Agenda, increased efforts are being made to acknowledge the contributions of civil society.",5_4,17_4,,5,17
"Despite some improvements, progress in water and sanitation remains insufficient.",One in three of these countries are now poorer on average than before the pandemic.,6_5,1_12,,6,1
"Despite some improvements, progress in water and sanitation remains insufficient.",The global response to infectious diseases has saved millions of lives and paved the way for healthier communities.,6_5,3_7,,6,3
"Despite some improvements, progress in water and sanitation remains insufficient.","Strong and sustained commitments to changing biased social norms, eliminating harmful practices and abolishing discriminatory laws are urgently needed.",6_5,5_15,,6,5
"Despite some improvements, progress in water and sanitation remains insufficient.","Globally, over 2 billion people were in informal employment in 2023, comprising 58.0 per cent of the global workforce, a share projected to slightly decrease to 57.8 per cent in 2024.",6_5,8_18,,6,8
"Despite some improvements, progress in water and sanitation remains insufficient.",These regional disparities underscore the need for targeted efforts to achieve equal educational opportunities for all children.,6_5,10_19,,6,10
"Despite some improvements, progress in water and sanitation remains insufficient.","To achieve the SDG target, stakeholders could leverage digitalization to reduce costs, increase efficiency and improve remittance accessibility.",6_5,12_0,,6,12
"Despite some improvements, progress in water and sanitation remains insufficient.",Marine designations should be strategically located to safeguard key biodiversity areas.,6_5,14_9,,6,14
"Despite some improvements, progress in water and sanitation remains insufficient.","By end 2023, a record 37.4 million refugees under the mandate of the United Nations High Commissioner for Refugees (UNHCR) remained forcibly displaced from their countries due to war, conflict, persecution, human rights violations and events seriously disturbing public order.",6_5,16_1,,6,16
"Globally, over 20 per cent of primary schools have no separate sanitation facilities for girls.",Working poverty has declined but still afflicts 241 million workers.,6_3,1_13,,6,1
"Globally, over 20 per cent of primary schools have no separate sanitation facilities for girls.","Data from 69 countries show that 56 per cent of married or in-union women aged 15–49 can decide on their sexual and reproductive health and rights, ranging from 38 per cent in sub-Saharan Africa to over 80 per cent in Europe.",6_3,3_37,,6,3
"Globally, over 20 per cent of primary schools have no separate sanitation facilities for girls.",Over 90 per cent of employed women in the LDCs and nearly 90 per cent in sub-Saharan Africa and Central and Southern Asia performed informal work.,6_3,5_33,,6,5
"Globally, over 20 per cent of primary schools have no separate sanitation facilities for girls.",Global unemployment hit a historic low of 5 per cent in 2023 yet persistent roadblocks remain in achieving decent work.,6_3,8_10,,6,8
"Globally, over 20 per cent of primary schools have no separate sanitation facilities for girls.","Accelerated investments are needed to extend public transit services to the most marginalized communities, both in developing regions and impoverished urban neighbourhoods in developed countries.",6_3,10_8,,6,10
"Globally, over 20 per cent of primary schools have no separate sanitation facilities for girls.","If all countries boost their collection rates to 60 per cent, 54 million metric tons of e-waste would be managed in an environmentally sound manner, with 30 million metric tons of metal resources viably recovered.",6_3,12_3,,6,12
"Globally, over 20 per cent of primary schools have no separate sanitation facilities for girls.","Rising ocean temperatures are raising new concerns for coral reefs, which support a quarter of marine species, provide resources for hundreds of millions of people in coastal communities and generate trillions of dollars in revenue annually.",6_3,14_10,,6,14
"Globally, over 20 per cent of primary schools have no separate sanitation facilities for girls.","Strong protection frameworks are needed to stem this trend, particularly in countries where violent conflict or social unrest erupts or escalates.",6_3,16_11,,6,16
"Achieving universal coverage by 2030 will require a sixfold increase in current rates of progress for safely managed drinking water, a fivefold increase for safely managed sanitation and a threefold increase for basic hygiene services.","In 2022, 712 million people (or 9 per cent of the world’s population) lived in extreme poverty, an increase of 23 million people over 2019.",6_13,1_10,,6,1
"Achieving universal coverage by 2030 will require a sixfold increase in current rates of progress for safely managed drinking water, a fivefold increase for safely managed sanitation and a threefold increase for basic hygiene services.","Financial hardship due to out-of-pocket health spending has worsened since 2015, affecting 2 billion people in 2019.",6_13,3_15,,6,3
"Achieving universal coverage by 2030 will require a sixfold increase in current rates of progress for safely managed drinking water, a fivefold increase for safely managed sanitation and a threefold increase for basic hygiene services.","Enhancing women’s roles in leadership and decision-making and adequately scaling up investments in gender equality on national, regional and global scales are top priorities.",6_13,5_16,,6,5
"Achieving universal coverage by 2030 will require a sixfold increase in current rates of progress for safely managed drinking water, a fivefold increase for safely managed sanitation and a threefold increase for basic hygiene services.","Accelerating progress demands sustainable economic policies, support for entrepreneurship and innovation, formalization of the informal economy, safeguards of workers’ rights, social justice, and inclusive employment opportunities, especially for women and youth.",6_13,8_12,,6,8
"Achieving universal coverage by 2030 will require a sixfold increase in current rates of progress for safely managed drinking water, a fivefold increase for safely managed sanitation and a threefold increase for basic hygiene services.","Developing countries make up 74 per cent of United Nations General Assembly Members but have limited voice and participation in international economic decision-making, norm-setting and governance.",6_13,10_4,,6,10
"Achieving universal coverage by 2030 will require a sixfold increase in current rates of progress for safely managed drinking water, a fivefold increase for safely managed sanitation and a threefold increase for basic hygiene services.","From 2019 to 2023, 62 Member States and the European Union reported 516 policy instruments to accelerate the transition to sustainable consumption and production patterns.",6_13,12_4,,6,12
"Achieving universal coverage by 2030 will require a sixfold increase in current rates of progress for safely managed drinking water, a fivefold increase for safely managed sanitation and a threefold increase for basic hygiene services.","The Kunming-Montreal Global Biodiversity Framework commits to establishing protected areas to safeguard areas of particular importance for biodiversity, adding up to cover 30 per cent of oceans by 2030.",6_13,14_7,,6,14
"Achieving universal coverage by 2030 will require a sixfold increase in current rates of progress for safely managed drinking water, a fivefold increase for safely managed sanitation and a threefold increase for basic hygiene services.",All SDGs depend on establishing lasting peace and preventing violent conflicts.,6_13,16_5,,6,16
"Public funds shoring up the production and consumption of oil, coal and gas more than doubled between 2021 and 2022, and more than tripled from their 2015 levels, reversing progress made between 2012 and 2020 and hindering the net-zero transition.",Engaging citizens in data production is essential to leave no one behind.,7_3,0_1,,7,0
"Public funds shoring up the production and consumption of oil, coal and gas more than doubled between 2021 and 2022, and more than tripled from their 2015 levels, reversing progress made between 2012 and 2020 and hindering the net-zero transition.","In 2023, about 733 million people faced hunger, and 2.33 billion people experienced moderate to severe food insecurity.",7_3,2_7,,7,2
"Public funds shoring up the production and consumption of oil, coal and gas more than doubled between 2021 and 2022, and more than tripled from their 2015 levels, reversing progress made between 2012 and 2020 and hindering the net-zero transition.","Comprehensive support from schools, training institutions, communities and governments is essential to encourage educators to effectively transmit sustainability principles to future generations.",7_3,4_11,,7,4
"Public funds shoring up the production and consumption of oil, coal and gas more than doubled between 2021 and 2022, and more than tripled from their 2015 levels, reversing progress made between 2012 and 2020 and hindering the net-zero transition.",Sustainable management of water resources underpins prosperity and peace for all.,7_3,6_9,,7,6
"Public funds shoring up the production and consumption of oil, coal and gas more than doubled between 2021 and 2022, and more than tripled from their 2015 levels, reversing progress made between 2012 and 2020 and hindering the net-zero transition.","Investments in infrastructure and affordable Internet access are crucial, especially in underserved regions.",7_3,9_2,,7,9
"Public funds shoring up the production and consumption of oil, coal and gas more than doubled between 2021 and 2022, and more than tripled from their 2015 levels, reversing progress made between 2012 and 2020 and hindering the net-zero transition.",Open public spaces in urban areas foster inclusive and vibrant cities.,7_3,11_14,,7,11
"Public funds shoring up the production and consumption of oil, coal and gas more than doubled between 2021 and 2022, and more than tripled from their 2015 levels, reversing progress made between 2012 and 2020 and hindering the net-zero transition.","Tackling climate change, water scarcity and other crises requires a comprehensive approach to managing water resources, across sectors and borders.",7_3,13_34,,7,13
"Public funds shoring up the production and consumption of oil, coal and gas more than doubled between 2021 and 2022, and more than tripled from their 2015 levels, reversing progress made between 2012 and 2020 and hindering the net-zero transition.","This degradation, driven by changes in land use and coverage, significantly contributes to biodiversity loss, including in fragile mountain ecosystems.",7_3,15_11,,7,15
"Public funds shoring up the production and consumption of oil, coal and gas more than doubled between 2021 and 2022, and more than tripled from their 2015 levels, reversing progress made between 2012 and 2020 and hindering the net-zero transition.","As more countries recognize the importance of adopting a “whole-of-society” approach to achieve the ambitious goals of the 2030 Agenda, increased efforts are being made to acknowledge the contributions of civil society.",7_3,17_4,,7,17
Considerable strides have been made in achieving sustainable energy targets.,"At the SDG Summit in September 2023, Heads of State and Government committed to advancing the Secretary-General’s SDG Stimulus proposal of unlocking $500 billion in additional financing and investment annually.",7_5,0_8,,7,0
Considerable strides have been made in achieving sustainable energy targets.,"In the Hangzhou declaration on accelerating progress on the Cape Town Global Action Plan for Sustainable Development Data, countries agreed on “an urgent and sustained increase in the level and scale of investments in data and statistics from domestic and international actors, from the public, private and philanthropic sectors, to strengthen statistical capacity in low-income countries and fragile states, close data gaps for vulnerable groups and enhance country resilience in the current context of economic crisis, conflict, climate change and increased food insecurity.”",7_5,2_0,,7,2
Considerable strides have been made in achieving sustainable energy targets.,"On average, 15 per cent of teachers lack minimum qualifications, constraining progress across all levels of education.",7_5,4_17,,7,4
Considerable strides have been made in achieving sustainable energy targets.,Sustainable management of water resources underpins prosperity and peace for all.,7_5,6_9,,7,6
Considerable strides have been made in achieving sustainable energy targets.,Investment in infrastructure and affordable Internet access for the remaining 2.6 billion people is crucial for inclusive development.,7_5,9_1,,7,9
Considerable strides have been made in achieving sustainable energy targets.,"In 2022, 24.8 per cent of the urban population lived in slums or informal settlements, slightly lower than 25 per cent in 2015 but higher than 24.2 per cent in 2020.",7_5,11_4,,7,11
Considerable strides have been made in achieving sustainable energy targets.,"Rising ocean temperatures are raising new concerns for coral reefs, which support a quarter of marine species, provide resources for hundreds of millions of people in coastal communities and generate trillions of dollars in revenue annually.",7_5,13_16,,7,13
Considerable strides have been made in achieving sustainable energy targets.,"Global forest area continues to decline, primarily due to agricultural expansion, despite notable progress in sustainable forest management.",7_5,15_1,,7,15
Considerable strides have been made in achieving sustainable energy targets.,Much more effort is needed to realize the full potential of transboundary water cooperation.,7_5,17_14,,7,17
"Globally, per capita installed capacity for generating electricity with renewable energy nearly doubled from 250 watts in 2015 to 424 watts in 2022.",Engaging citizens in data production is essential to leave no one behind.,7_11,0_1,,7,0
"Globally, per capita installed capacity for generating electricity with renewable energy nearly doubled from 250 watts in 2015 to 424 watts in 2022.",Productive and sustainable agriculture is key to ensuring the attainment and continued satisfaction of human needs in present and future generations.,7_11,2_17,,7,2
"Globally, per capita installed capacity for generating electricity with renewable energy nearly doubled from 250 watts in 2015 to 424 watts in 2022.","Many countries face challenges such as inadequate education infrastructure, teacher shortages and insufficient teacher training.",7_11,4_4,,7,4
"Globally, per capita installed capacity for generating electricity with renewable energy nearly doubled from 250 watts in 2015 to 424 watts in 2022.","Climate change worsens these issues, posing significant risks to social stability.",7_11,6_8,,7,6
"Globally, per capita installed capacity for generating electricity with renewable energy nearly doubled from 250 watts in 2015 to 424 watts in 2022.","Countries are adopting various strategies to enhance water use efficiency, including infrastructure modernization, more efficient irrigation and wastewater reuse.",7_11,9_4,,7,9
"Globally, per capita installed capacity for generating electricity with renewable energy nearly doubled from 250 watts in 2015 to 424 watts in 2022.","This emphasizes the urgent need for a comprehensive approach to addressing the housing crisis, including through diverse housing options, while achieving equitable access to public transportation and essential services.",7_11,11_6,,7,11
"Globally, per capita installed capacity for generating electricity with renewable energy nearly doubled from 250 watts in 2015 to 424 watts in 2022.","Addressing pressing environmental challenges and their underlying drivers and interconnections – including climate change, biodiversity loss, pollution, desertification and deforestation – demands intensified, accelerated efforts, and a comprehensive and integrated approach at local, national and global levels.",7_11,13_21,,7,13
"Globally, per capita installed capacity for generating electricity with renewable energy nearly doubled from 250 watts in 2015 to 424 watts in 2022.","Reducing deforestation depends on improving food security, income and land rights.",7_11,15_3,,7,15
"Globally, per capita installed capacity for generating electricity with renewable energy nearly doubled from 250 watts in 2015 to 424 watts in 2022.","In a landscape of declining international cooperation and rising geopolitical tensions, strengthened global partnerships and enhanced cooperation are urgently needed to address widening financing gaps, reinforce post-pandemic recovery and promote sustainable development, particularly in the LDCs and other vulnerable countries.",7_11,17_10,,7,17
"Access to credit, crucial for their survival, remains difficult.","This disproportionate burden is amplified in lower-income households, contributing to poverty, inequality and precariousness, including by limiting labour-market participation.",8_23,1_17,,8,1
"Access to credit, crucial for their survival, remains difficult.",Inappropriate management by the informal sector results in environmental pollution and health hazards for workers and communities.,8_23,3_2,,8,3
"Access to credit, crucial for their survival, remains difficult.","This disproportionate burden is amplified in lower-income households, contributing to poverty, inequality and precariousness, including by limiting labour-market participation.",8_23,5_23,,8,5
"Access to credit, crucial for their survival, remains difficult.","In 2022, 74 per cent of the global population had access to clean cooking.",8_23,7_9,,8,7
"Access to credit, crucial for their survival, remains difficult.","Not everyone is benefiting equally from these advancements, however.",8_23,10_17,,8,10
"Access to credit, crucial for their survival, remains difficult.",High rates of consumption and insufficient reuse or recycling are producing vast piles of e-waste,8_23,12_2,,8,12
"Access to credit, crucial for their survival, remains difficult.",Reaching the 10 per cent SDG target by 2030 calls for effectively managing important sites covering an average additional 1.13 million square kilometres of ocean each year.,8_23,14_6,,8,14
"Access to credit, crucial for their survival, remains difficult.","Rising conflicts and violent organized crime persist around the world, causing immense human suffering and hampering sustainable development.",8_23,16_2,,8,16
Development impacts of remittances can be augmented by reducing remittance costs and worker-paid recruitment costs.,"In 2023, remittances to low- and middle-income countries reached an estimated $669 billion, reflecting a normalization of flows following the post-pandemic robust growth.",8_3,1_1,,8,1
Development impacts of remittances can be augmented by reducing remittance costs and worker-paid recruitment costs.,"Health systems are experiencing increased strains in catering to the mounting health needs of an ageing global population, more so because the health workforce itself is ageing.",8_3,3_19,,8,3
Development impacts of remittances can be augmented by reducing remittance costs and worker-paid recruitment costs.,"This disproportionate burden is amplified in lower-income households, contributing to poverty, inequality and precariousness, including by limiting labour-market participation.",8_3,5_23,,8,5
Development impacts of remittances can be augmented by reducing remittance costs and worker-paid recruitment costs.,This deceleration can be attributed to the significant surge in clean energy technologies since 2019.,8_3,7_14,,8,7
Development impacts of remittances can be augmented by reducing remittance costs and worker-paid recruitment costs.,"Disparities are more evident for the LDCs, LLDCs and small island developing States, which in 2022 achieved 40, 103 and 101 watts per capita, respectively.",8_3,10_25,,8,10
Development impacts of remittances can be augmented by reducing remittance costs and worker-paid recruitment costs.,"To achieve the SDG target, stakeholders could leverage digitalization to reduce costs, increase efficiency and improve remittance accessibility.",8_3,12_0,,8,12
Development impacts of remittances can be augmented by reducing remittance costs and worker-paid recruitment costs.,"As of May 2024, there are 18,200 marine protected areas and 199 other effective, area-based conservation measures1 covering over 29 million square kilometres or 8.12 per cent of the ocean.",8_3,14_5,,8,14
Development impacts of remittances can be augmented by reducing remittance costs and worker-paid recruitment costs.,"Corruption continues to divert resources from sustainable development, with one in five people reporting being asked to pay or having paid a bribe to a public official in the last 12 months.",8_3,16_3,,8,16
"Progress towards Goal 8 faces headwinds from the COVID-19 aftermath, trade tensions, rising debt in developing countries, conflicts and geopolitical strains – collectively threatening global economic growth.","Climate change is hindering poverty reduction, and disasters result in millions of households becoming poor or remaining trapped in poverty.",8_9,1_7,,8,1
"Progress towards Goal 8 faces headwinds from the COVID-19 aftermath, trade tensions, rising debt in developing countries, conflicts and geopolitical strains – collectively threatening global economic growth.","Under-5 deaths reached an historic low in 2022, but progress has slowed.",8_9,3_6,,8,3
"Progress towards Goal 8 faces headwinds from the COVID-19 aftermath, trade tensions, rising debt in developing countries, conflicts and geopolitical strains – collectively threatening global economic growth.",Heavy burdens of unpaid domestic and care work trap women in poverty and inequality,8_9,5_22,,8,5
"Progress towards Goal 8 faces headwinds from the COVID-19 aftermath, trade tensions, rising debt in developing countries, conflicts and geopolitical strains – collectively threatening global economic growth.","To meet the Goal 7 energy efficiency target by 2030, annual improvements must now average around 4 per cent.",8_9,7_12,,8,7
"Progress towards Goal 8 faces headwinds from the COVID-19 aftermath, trade tensions, rising debt in developing countries, conflicts and geopolitical strains – collectively threatening global economic growth.","Not everyone is benefiting equally from these advancements, however.",8_9,10_17,,8,10
"Progress towards Goal 8 faces headwinds from the COVID-19 aftermath, trade tensions, rising debt in developing countries, conflicts and geopolitical strains – collectively threatening global economic growth.","Domestic material consumption measures materials directly used within an economy, including those that are extracted and imported but without those that are exported.",8_9,12_6,,8,12
"Progress towards Goal 8 faces headwinds from the COVID-19 aftermath, trade tensions, rising debt in developing countries, conflicts and geopolitical strains – collectively threatening global economic growth.",Marine designations should be strategically located to safeguard key biodiversity areas.,8_9,14_9,,8,14
"Progress towards Goal 8 faces headwinds from the COVID-19 aftermath, trade tensions, rising debt in developing countries, conflicts and geopolitical strains – collectively threatening global economic growth.","Strong protection frameworks are needed to stem this trend, particularly in countries where violent conflict or social unrest erupts or escalates.",8_9,16_11,,8,16
"Countries are adopting various strategies to enhance water use efficiency, including infrastructure modernization, more efficient irrigation and wastewater reuse.","As more countries recognize the importance of adopting a “whole-of-society” approach to achieve the ambitious goals of the 2030 Agenda, increased efforts are being made to acknowledge the contributions of civil society.",9_4,0_5,,9,0
"Countries are adopting various strategies to enhance water use efficiency, including infrastructure modernization, more efficient irrigation and wastewater reuse.","Based on current trends, one out of five (19.5 per cent) of children under age 5 will be affected by stunting in 2030.",9_4,2_13,,9,2
"Countries are adopting various strategies to enhance water use efficiency, including infrastructure modernization, more efficient irrigation and wastewater reuse.","However, only two in three children in sub-Saharan Africa complete primary school on time.",9_4,4_7,,9,4
"Countries are adopting various strategies to enhance water use efficiency, including infrastructure modernization, more efficient irrigation and wastewater reuse.","Climate change worsens these issues, posing significant risks to social stability.",9_4,6_8,,9,6
"Countries are adopting various strategies to enhance water use efficiency, including infrastructure modernization, more efficient irrigation and wastewater reuse.",The global working poverty rate slightly increased to 7.7 per cent in 2020 before declining to 6.9 per cent in 2023.,9_4,8_5,,9,8
"Countries are adopting various strategies to enhance water use efficiency, including infrastructure modernization, more efficient irrigation and wastewater reuse.","A deepening global slum crisis requires urgent action on housing, transportation and services",9_4,11_3,,9,11
"Countries are adopting various strategies to enhance water use efficiency, including infrastructure modernization, more efficient irrigation and wastewater reuse.","Mountain ecosystem degradation threatens downstream water provision, through  reduced glacial coverage, as well as biodiversity and other ecosystem services, thereby undermining efforts to protect terrestrial and freshwater ecosystems.",9_4,13_24,,9,13
"Countries are adopting various strategies to enhance water use efficiency, including infrastructure modernization, more efficient irrigation and wastewater reuse.","Mountain ecosystem degradation threatens downstream water provision, through  reduced glacial coverage, as well as biodiversity and other ecosystem services, thereby undermining efforts to protect terrestrial and freshwater ecosystems.",9_4,15_13,,9,15
"Countries are adopting various strategies to enhance water use efficiency, including infrastructure modernization, more efficient irrigation and wastewater reuse.","As countries continue to strengthen statistical foundations, embracing innovation and integrating diverse data sources and methodologies will be critical in overcoming challenges such as declining response rates as well as in fostering collaborative partnerships.",9_4,17_0,,9,17
Prioritizing investments in education and skills development is crucial to expedite the growth of medium- and high-tech industries by equipping the workforce to compete effectively in a dynamic global manufacturing landscape.,"Urgent action is needed to combat corruption and organized crime, strengthen the rule of law and access to justice, build effective and inclusive governance institutions, and protect rights and fundamental freedoms.",9_8,0_7,,9,0
Prioritizing investments in education and skills development is crucial to expedite the growth of medium- and high-tech industries by equipping the workforce to compete effectively in a dynamic global manufacturing landscape.,"In 2023, about 733 million people faced hunger, and 2.33 billion people experienced moderate to severe food insecurity.",9_8,2_7,,9,2
Prioritizing investments in education and skills development is crucial to expedite the growth of medium- and high-tech industries by equipping the workforce to compete effectively in a dynamic global manufacturing landscape.,"Prioritizing increased education funding, teacher training, and inclusive and accessible schools are essential steps, along with leveraging technology and bridging the digital divide to achieve equitable access to quality education.",9_8,4_6,,9,4
Prioritizing investments in education and skills development is crucial to expedite the growth of medium- and high-tech industries by equipping the workforce to compete effectively in a dynamic global manufacturing landscape.,"In 2022, based on 73 countries reporting both total wastewater generation and treatment, 76 per cent of total wastewater received some treatment.",9_8,6_14,,9,6
Prioritizing investments in education and skills development is crucial to expedite the growth of medium- and high-tech industries by equipping the workforce to compete effectively in a dynamic global manufacturing landscape.,"Informal employment poses a significant global challenge, with over 2 billion workers in informal jobs lacking social protection in 2023.",9_8,8_11,,9,8
Prioritizing investments in education and skills development is crucial to expedite the growth of medium- and high-tech industries by equipping the workforce to compete effectively in a dynamic global manufacturing landscape.,Sustainable urban development calls for mitigating the adverse impacts of urban sprawl and achieving a balanced approach to urban growth.,9_8,11_9,,9,11
Prioritizing investments in education and skills development is crucial to expedite the growth of medium- and high-tech industries by equipping the workforce to compete effectively in a dynamic global manufacturing landscape.,"Public funds shoring up the production and consumption of oil, coal and gas more than doubled between 2021 and 2022, and more than tripled from their 2015 levels, reversing progress made between 2012 and 2020 and hindering the net-zero transition.",9_8,13_14,,9,13
Prioritizing investments in education and skills development is crucial to expedite the growth of medium- and high-tech industries by equipping the workforce to compete effectively in a dynamic global manufacturing landscape.,"Reducing deforestation depends on improving food security, income and land rights.",9_8,15_3,,9,15
Prioritizing investments in education and skills development is crucial to expedite the growth of medium- and high-tech industries by equipping the workforce to compete effectively in a dynamic global manufacturing landscape.,"As countries continue to strengthen statistical foundations, embracing innovation and integrating diverse data sources and methodologies will be critical in overcoming challenges such as declining response rates as well as in fostering collaborative partnerships.",9_8,17_0,,9,17
"This involves not only financial resources but also requires building capacity, modernizing infrastructure and adopting international statistical standards.",Ensuring that no one is left behind calls for more than just data disaggregation.,9_0,0_3,,9,0
"This involves not only financial resources but also requires building capacity, modernizing infrastructure and adopting international statistical standards.","Malnutrition among children under age 5 remains a significant concern, posing heightened risks to their growth and development.",9_0,2_12,,9,2
"This involves not only financial resources but also requires building capacity, modernizing infrastructure and adopting international statistical standards.","Although 90 per cent of countries report that they mainstream sustainable development and global citizenship subjects in national education systems, evidence suggests scattered uptake.",9_0,4_10,,9,4
"This involves not only financial resources but also requires building capacity, modernizing infrastructure and adopting international statistical standards.","Climate change worsens these issues, posing significant risks to social stability.",9_0,6_8,,9,6
"This involves not only financial resources but also requires building capacity, modernizing infrastructure and adopting international statistical standards.",They have become the premier source of external finance for developing countries in the post-COVID-19 period.,9_0,8_2,,9,8
"This involves not only financial resources but also requires building capacity, modernizing infrastructure and adopting international statistical standards.","This unregulated growth has negative impacts on the natural environment and land use, contributing to increased air pollution and the loss of open spaces, wildlife habitats and agricultural land.",9_0,11_8,,9,11
"This involves not only financial resources but also requires building capacity, modernizing infrastructure and adopting international statistical standards.","This exploitation jeopardizes the survival of species and undermines ecosystem functions, especially when compounded by other pressures, such as habitat loss and climate change.",9_0,13_22,,9,13
"This involves not only financial resources but also requires building capacity, modernizing infrastructure and adopting international statistical standards.","Between 2015 and 2019, at least 100 million hectares of productive land were degraded annually, adversely impacting global food and water security.",9_0,15_10,,9,15
"This involves not only financial resources but also requires building capacity, modernizing infrastructure and adopting international statistical standards.","Developing countries make up 74 per cent of United Nations General Assembly Members but have limited voice and participation in international economic decision-making, norm-setting and governance.",9_0,17_8,,9,17
"On average, each day, women spend 2.5 times more hours on unpaid domestic and care work than men.",They have become the premier source of external finance for developing countries in the post-COVID-19 period.,10_24,1_0,,10,1
"On average, each day, women spend 2.5 times more hours on unpaid domestic and care work than men.","Health risks from household air pollution are particularly high among women and children, who tend to spend more time in and around cooking stoves.",10_24,3_33,,10,3
"On average, each day, women spend 2.5 times more hours on unpaid domestic and care work than men.","Violence against women persists, disproportionately affecting those with disabilities.",10_24,5_12,,10,5
"On average, each day, women spend 2.5 times more hours on unpaid domestic and care work than men.",Considerable strides have been made in achieving sustainable energy targets.,10_24,7_5,,10,7
"On average, each day, women spend 2.5 times more hours on unpaid domestic and care work than men.","Inclusive industrial policies are imperative for fostering the growth, competitiveness and resilience of small enterprises.",10_24,9_6,,10,9
"On average, each day, women spend 2.5 times more hours on unpaid domestic and care work than men.","These approaches can take advantage of opportunities at every stage of production to reduce resource and fossil fuel use, drive innovation, conserve energy and mitigate emissions.",10_24,12_1,,10,12
"On average, each day, women spend 2.5 times more hours on unpaid domestic and care work than men.","Rising ocean temperatures are raising new concerns for coral reefs, which support a quarter of marine species, provide resources for hundreds of millions of people in coastal communities and generate trillions of dollars in revenue annually.",10_24,14_10,,10,14
"On average, each day, women spend 2.5 times more hours on unpaid domestic and care work than men.",All SDGs depend on establishing lasting peace and preventing violent conflicts.,10_24,16_5,,10,16
"Significant regional variations were evident, and despite a near doubling of coverage from 4.5 per cent in 2015 to 8.7 per cent in 2023, low-income countries were still far from universal coverage.","According to survey data from 2006 to 2023, only 16.9 per cent of small-scale manufacturing industries in sub-Saharan Africa received loans or lines of credit, well below the global average of 31 per cent.",10_15,1_19,,10,1
"Significant regional variations were evident, and despite a near doubling of coverage from 4.5 per cent in 2015 to 8.7 per cent in 2023, low-income countries were still far from universal coverage.","Declines in maternal mortality have stalled, with wide disparities by region and income.",10_15,3_20,,10,3
"Significant regional variations were evident, and despite a near doubling of coverage from 4.5 per cent in 2015 to 8.7 per cent in 2023, low-income countries were still far from universal coverage.","Despite basic services in schools being essential for fair learning opportunities, progress has been slow, particularly affecting students with disabilities and girls.",10_15,5_7,,10,5
"Significant regional variations were evident, and despite a near doubling of coverage from 4.5 per cent in 2015 to 8.7 per cent in 2023, low-income countries were still far from universal coverage.","Globally, per capita installed capacity for generating electricity with renewable energy nearly doubled from 250 watts in 2015 to 424 watts in 2022.",10_15,7_11,,10,7
"Significant regional variations were evident, and despite a near doubling of coverage from 4.5 per cent in 2015 to 8.7 per cent in 2023, low-income countries were still far from universal coverage.","Countries are adopting various strategies to enhance water use efficiency, including infrastructure modernization, more efficient irrigation and wastewater reuse.",10_15,9_4,,10,9
"Significant regional variations were evident, and despite a near doubling of coverage from 4.5 per cent in 2015 to 8.7 per cent in 2023, low-income countries were still far from universal coverage.","From 2019 to 2023, 62 Member States and the European Union reported 516 policy instruments to accelerate the transition to sustainable consumption and production patterns.",10_15,12_4,,10,12
"Significant regional variations were evident, and despite a near doubling of coverage from 4.5 per cent in 2015 to 8.7 per cent in 2023, low-income countries were still far from universal coverage.","Rising ocean temperatures are raising new concerns for coral reefs, which support a quarter of marine species, provide resources for hundreds of millions of people in coastal communities and generate trillions of dollars in revenue annually.",10_15,14_10,,10,14
"Significant regional variations were evident, and despite a near doubling of coverage from 4.5 per cent in 2015 to 8.7 per cent in 2023, low-income countries were still far from universal coverage.","Urgent action is needed to combat corruption and organized crime, strengthen the rule of law and access to justice, build effective and inclusive governance institutions, and protect rights and fundamental freedoms.",10_15,16_6,,10,16
"Despite variations across regions and country-specific differences, women in general perform most unpaid domestic and care work.","In 2022, 712 million people (or 9 per cent of the world’s population) lived in extreme poverty, an increase of 23 million people over 2019.",10_23,1_10,,10,1
"Despite variations across regions and country-specific differences, women in general perform most unpaid domestic and care work.","In addition, the integration of HIV testing and treatment with maternal and childcare services has prevented over 3.4 million HIV infections in children since 2000.",10_23,3_25,,10,3
"Despite variations across regions and country-specific differences, women in general perform most unpaid domestic and care work.","Existing evidence shows that the prevalence of intimate partner violence, in all forms, is higher among women with disabilities than those without disabilities.",10_23,5_18,,10,5
"Despite variations across regions and country-specific differences, women in general perform most unpaid domestic and care work.","Investing in decentralized renewable energy, including stand-alone off-grid solar and mini-grids, together with electricity-as-a-service models holds significant potential to bridge the access gap.",10_23,7_8,,10,7
"Despite variations across regions and country-specific differences, women in general perform most unpaid domestic and care work.","Investments in infrastructure and affordable Internet access are crucial, especially in underserved regions.",10_23,9_2,,10,9
"Despite variations across regions and country-specific differences, women in general perform most unpaid domestic and care work.","If all countries boost their collection rates to 60 per cent, 54 million metric tons of e-waste would be managed in an environmentally sound manner, with 30 million metric tons of metal resources viably recovered.",10_23,12_3,,10,12
"Despite variations across regions and country-specific differences, women in general perform most unpaid domestic and care work.",Reaching the 10 per cent SDG target by 2030 calls for effectively managing important sites covering an average additional 1.13 million square kilometres of ocean each year.,10_23,14_6,,10,14
"Despite variations across regions and country-specific differences, women in general perform most unpaid domestic and care work.",Access to justice is a fundamental human right.,10_23,16_10,,10,16
High rates of unregulated urban sprawl pressure the environment and diminish quality of life,"Urgent action is needed to combat corruption and organized crime, strengthen the rule of law and access to justice, build effective and inclusive governance institutions, and protect rights and fundamental freedoms.",11_7,0_7,,11,0
High rates of unregulated urban sprawl pressure the environment and diminish quality of life,"To achieve Goal 2, significant efforts are needed to mitigate the impacts of climate change, conflict and economic crisis.",11_7,2_14,,11,2
High rates of unregulated urban sprawl pressure the environment and diminish quality of life,"Despite basic services in schools being essential for fair learning opportunities, progress has been slow, particularly affecting students with disabilities and girls.",11_7,4_14,,11,4
High rates of unregulated urban sprawl pressure the environment and diminish quality of life,A withdrawal rate above 75 per cent of renewable water resources represents high water stress; more than 100 per cent is critical.,11_7,6_21,,11,6
High rates of unregulated urban sprawl pressure the environment and diminish quality of life,"Despite progress, nearly 241 million workers globally still lived in extreme poverty in 2023.",11_7,8_6,,11,8
High rates of unregulated urban sprawl pressure the environment and diminish quality of life,"Financial hardship due to out-of-pocket health spending has worsened since 2015, affecting 2 billion people in 2019.",11_7,10_16,,11,10
High rates of unregulated urban sprawl pressure the environment and diminish quality of life,Coordinated global action on integrated water management to address climate change impacts as well as better management of shared waters are also key.,11_7,13_30,,11,13
High rates of unregulated urban sprawl pressure the environment and diminish quality of life,"Globally, only about a third of mountain key biodiversity areas are safeguarded by protected areas or other effective area-based conservation measures.",11_7,15_12,,11,15
High rates of unregulated urban sprawl pressure the environment and diminish quality of life,Much more effort is needed to realize the full potential of transboundary water cooperation.,11_7,17_14,,11,17
Open public spaces in urban areas foster inclusive and vibrant cities.,The overarching principle of the 2030 Agenda for Sustainable Development is to leave no one behind.,11_14,0_2,,11,0
Open public spaces in urban areas foster inclusive and vibrant cities.,The world wastes 1.05 billion metric tons of food even as hundreds of millions face hunger,11_14,2_2,,11,2
Open public spaces in urban areas foster inclusive and vibrant cities.,These regional disparities underscore the need for targeted efforts to achieve equal educational opportunities for all children.,11_14,4_9,,11,4
Open public spaces in urban areas foster inclusive and vibrant cities.,"Trends in domestic wastewater suggest that little, if any, progress is being made towards the target of halving the proportion of unsafe discharges by 2030.",11_14,6_16,,11,6
Open public spaces in urban areas foster inclusive and vibrant cities.,"In 2024, the air transport industry is expected to support 87.7 million jobs globally, with a direct and indirect economic impact of $3.5 trillion, equivalent to 4.1 per cent of world GDP.",11_14,8_21,,11,8
Open public spaces in urban areas foster inclusive and vibrant cities.,"Overall, children from the richest households are twice as likely to attend preschool compared to those from the least affluent households.",11_14,10_20,,11,10
Open public spaces in urban areas foster inclusive and vibrant cities.,"In 2023, global CO2 emissions from energy combustion and industrial processes increased by 1.1 per cent to an unprecedented 37.4 gigatons.",11_14,13_39,,11,13
Open public spaces in urban areas foster inclusive and vibrant cities.,"Stemming deforestation also demands a comprehensive approach blending regulatory measures, market incentives and stakeholder collaboration to promote sustainable land management and preserve forest ecosystems.",11_14,15_5,,11,15
Open public spaces in urban areas foster inclusive and vibrant cities.,Strengthening partnerships is key to more inclusive data.,11_14,17_1,,11,17
"The total slum population was 1.12 billion in 2022, 130 million more than in 2015, marking a reversal from the consistent decrease observed from 2000 to 2020.",Ensuring that no one is left behind calls for more than just data disaggregation.,11_5,0_3,,11,0
"The total slum population was 1.12 billion in 2022, 130 million more than in 2015, marking a reversal from the consistent decrease observed from 2000 to 2020.","Achieving zero hunger requires intensified efforts to transform food systems so they are sustainable, resilient and equitable.",11_5,2_9,,11,2
"The total slum population was 1.12 billion in 2022, 130 million more than in 2015, marking a reversal from the consistent decrease observed from 2000 to 2020.","However, only two in three children in sub-Saharan Africa complete primary school on time.",11_5,4_7,,11,4
"The total slum population was 1.12 billion in 2022, 130 million more than in 2015, marking a reversal from the consistent decrease observed from 2000 to 2020.","At the current speed, in 2030, 2 billion people will still live without safely managed drinking water, 3 billion without safely managed sanitation and 1.4 billion without basic hygiene services.",11_5,6_6,,11,6
"The total slum population was 1.12 billion in 2022, 130 million more than in 2015, marking a reversal from the consistent decrease observed from 2000 to 2020.",Working poverty has declined but still afflicts 241 million workers,11_5,8_4,,11,8
"The total slum population was 1.12 billion in 2022, 130 million more than in 2015, marking a reversal from the consistent decrease observed from 2000 to 2020.","Interestingly, high-income countries generally exhibited lower overall disaggregated data availability compared to low- and middle-income countries.",11_5,10_0,,11,10
"The total slum population was 1.12 billion in 2022, 130 million more than in 2015, marking a reversal from the consistent decrease observed from 2000 to 2020.","At the same time, as of 2022, only 9 of 193 countries had included food waste in their NDCs, revealing a significant gap in connecting this issue with climate action and the objective of halving food waste and reducing losses by 2030.",11_5,13_2,,11,13
"The total slum population was 1.12 billion in 2022, 130 million more than in 2015, marking a reversal from the consistent decrease observed from 2000 to 2020.","Reducing deforestation depends on improving food security, income and land rights.",11_5,15_3,,11,15
"The total slum population was 1.12 billion in 2022, 130 million more than in 2015, marking a reversal from the consistent decrease observed from 2000 to 2020.",Addressing inequality both within and among countries necessitates international cooperation for fair trade and financial systems.,11_5,17_7,,11,17
"To achieve the SDG target, stakeholders could leverage digitalization to reduce costs, increase efficiency and improve remittance accessibility.","Despite improvement, 7 in 10 children worldwide still lack social protection coverage.",12_0,1_15,,12,1
"To achieve the SDG target, stakeholders could leverage digitalization to reduce costs, increase efficiency and improve remittance accessibility.","In addition, the integration of HIV testing and treatment with maternal and childcare services has prevented over 3.4 million HIV infections in children since 2000.",12_0,3_25,,12,3
"To achieve the SDG target, stakeholders could leverage digitalization to reduce costs, increase efficiency and improve remittance accessibility.","Strong and sustained commitments to changing biased social norms, eliminating harmful practices and abolishing discriminatory laws are urgently needed.",12_0,5_15,,12,5
"To achieve the SDG target, stakeholders could leverage digitalization to reduce costs, increase efficiency and improve remittance accessibility.","By artificially lowering fossil fuel prices, subsidies harm the competitiveness of cleaner energy sources and hinder the low-carbon transition.",12_0,7_2,,12,7
"To achieve the SDG target, stakeholders could leverage digitalization to reduce costs, increase efficiency and improve remittance accessibility.","This involves not only financial resources but also requires building capacity, modernizing infrastructure and adopting international statistical standards.",12_0,9_0,,12,9
"To achieve the SDG target, stakeholders could leverage digitalization to reduce costs, increase efficiency and improve remittance accessibility.","A deepening global slum crisis requires urgent action on housing, transportation and services",12_0,11_3,,12,11
"To achieve the SDG target, stakeholders could leverage digitalization to reduce costs, increase efficiency and improve remittance accessibility.",Reaching the 10 per cent SDG target by 2030 calls for effectively managing important sites covering an average additional 1.13 million square kilometres of ocean each year.,12_0,14_6,,12,14
"To achieve the SDG target, stakeholders could leverage digitalization to reduce costs, increase efficiency and improve remittance accessibility.","Corruption continues to divert resources from sustainable development, with one in five people reporting being asked to pay or having paid a bribe to a public official in the last 12 months.",12_0,16_3,,12,16
New policies in 2023 integrated sustainable consumption and production patterns into high-impact sectors.,"Without a substantial acceleration in poverty reduction, fewer than 3 in 10 countries are expected to halve national poverty by 2030.",12_5,1_5,,12,1
New policies in 2023 integrated sustainable consumption and production patterns into high-impact sectors.,"Health risks from household air pollution are particularly high among women and children, who tend to spend more time in and around cooking stoves.",12_5,3_33,,12,3
New policies in 2023 integrated sustainable consumption and production patterns into high-impact sectors.,"Globally, young women are over twice as likely as young men to be NEET.",12_5,5_29,,12,5
New policies in 2023 integrated sustainable consumption and production patterns into high-impact sectors.,"The energy sector, responsible for 86 per cent of global CO2 emissions, remains the largest contributor, driven by the expansion of coal- and gas-fired power generation.",12_5,7_0,,12,7
New policies in 2023 integrated sustainable consumption and production patterns into high-impact sectors.,Prioritizing investments in education and skills development is crucial to expedite the growth of medium- and high-tech industries by equipping the workforce to compete effectively in a dynamic global manufacturing landscape.,12_5,9_8,,12,9
New policies in 2023 integrated sustainable consumption and production patterns into high-impact sectors.,High rates of unregulated urban sprawl pressure the environment and diminish quality of life,12_5,11_7,,12,11
New policies in 2023 integrated sustainable consumption and production patterns into high-impact sectors.,"All these factors destroy habitats, diminish biodiversity and threaten coastal communities and the health of marine ecosystems, vital to over 3 billion people.",12_5,14_1,,12,14
New policies in 2023 integrated sustainable consumption and production patterns into high-impact sectors.,"For the second consecutive year, the number of civilians killed in conflict rose dramatically, reversing a downward trend from 2016 to 2019.",12_5,16_7,,12,16
High rates of consumption and insufficient reuse or recycling are producing vast piles of e-waste,"The global extreme poverty rate increased in 2020 for the first time in decades, setting back progress by three years.",12_2,1_4,,12,1
High rates of consumption and insufficient reuse or recycling are producing vast piles of e-waste,Twenty-one million children missed out on life-saving vaccines in 2022.,12_2,3_29,,12,3
High rates of consumption and insufficient reuse or recycling are producing vast piles of e-waste,Over 90 per cent of employed women in the LDCs and nearly 90 per cent in sub-Saharan Africa and Central and Southern Asia performed informal work.,12_2,5_33,,12,5
High rates of consumption and insufficient reuse or recycling are producing vast piles of e-waste,"Investing in decentralized renewable energy, including stand-alone off-grid solar and mini-grids, together with electricity-as-a-service models holds significant potential to bridge the access gap.",12_2,7_8,,12,7
High rates of consumption and insufficient reuse or recycling are producing vast piles of e-waste,"To accelerate progress towards Goal 9, a concerted effort is needed to promote inclusive and sustainable industrialization, foster innovation through increased investment in research and development, prioritize and accelerate the green transition, and facilitate access to information and communications technology.",12_2,9_5,,12,9
High rates of consumption and insufficient reuse or recycling are producing vast piles of e-waste,Open public spaces in urban areas foster inclusive and vibrant cities.,12_2,11_14,,12,11
High rates of consumption and insufficient reuse or recycling are producing vast piles of e-waste,Marine designations should be strategically located to safeguard key biodiversity areas.,12_2,14_9,,12,14
High rates of consumption and insufficient reuse or recycling are producing vast piles of e-waste,"Strong protection frameworks are needed to stem this trend, particularly in countries where violent conflict or social unrest erupts or escalates.",12_2,16_11,,12,16
Climate records were shattered in 2023 as the climate crisis accelerated in real time.,Ensuring that no one is left behind calls for more than just data disaggregation.,13_5,0_3,,13,0
Climate records were shattered in 2023 as the climate crisis accelerated in real time.,"Based on current trends, one out of five (19.5 per cent) of children under age 5 will be affected by stunting in 2030.",13_5,2_13,,13,2
Climate records were shattered in 2023 as the climate crisis accelerated in real time.,Universal pre-primary education is hindered by inadequate legal guarantees and financial barriers.,13_5,4_12,,13,4
Climate records were shattered in 2023 as the climate crisis accelerated in real time.,"Cooperative agreements among countries sharing transboundary water resources (rivers, lakes and aquifers) are essential for advancing sustainable development and addressing climate change.",13_5,6_18,,13,6
Climate records were shattered in 2023 as the climate crisis accelerated in real time.,"Small enterprises are the backbone of economies worldwide, providing job opportunities and supporting livelihoods across communities.",13_5,8_22,,13,8
Climate records were shattered in 2023 as the climate crisis accelerated in real time.,"Interestingly, high-income countries generally exhibited lower overall disaggregated data availability compared to low- and middle-income countries.",13_5,10_0,,13,10
Climate records were shattered in 2023 as the climate crisis accelerated in real time.,"Domestic material consumption measures materials directly used within an economy, including those that are extracted and imported but without those that are exported.",13_5,12_6,,13,12
Climate records were shattered in 2023 as the climate crisis accelerated in real time.,"Stopping the ongoing decline in biodiversity is an urgent race against time, making accelerated conservation efforts imperative to safeguard the irreplaceable and intricate web of life on the planet.",13_5,15_7,,13,15
Climate records were shattered in 2023 as the climate crisis accelerated in real time.,"As countries continue to strengthen statistical foundations, embracing innovation and integrating diverse data sources and methodologies will be critical in overcoming challenges such as declining response rates as well as in fostering collaborative partnerships.",13_5,17_0,,13,17
"with major shortfalls in priority development areas, such as gender equality (Goal 5), climate action (Goal 13), and peace, justice and strong institutions (Goal 16).","As more countries recognize the importance of adopting a “whole-of-society” approach to achieve the ambitious goals of the 2030 Agenda, increased efforts are being made to acknowledge the contributions of civil society.",13_0,0_5,,13,0
"with major shortfalls in priority development areas, such as gender equality (Goal 5), climate action (Goal 13), and peace, justice and strong institutions (Goal 16).","Achieving zero hunger requires intensified efforts to transform food systems so they are sustainable, resilient and equitable.",13_0,2_9,,13,2
"with major shortfalls in priority development areas, such as gender equality (Goal 5), climate action (Goal 13), and peace, justice and strong institutions (Goal 16).",Universal pre-primary education is hindered by inadequate legal guarantees and financial barriers.,13_0,4_12,,13,4
"with major shortfalls in priority development areas, such as gender equality (Goal 5), climate action (Goal 13), and peace, justice and strong institutions (Goal 16).","Achieving universal coverage by 2030 will require a sixfold increase in current rates of progress for safely managed drinking water, a fivefold increase for safely managed sanitation and a threefold increase for basic hygiene services.",13_0,6_13,,13,6
"with major shortfalls in priority development areas, such as gender equality (Goal 5), climate action (Goal 13), and peace, justice and strong institutions (Goal 16).","While headline unemployment figures improved, persistent challenges such as working poverty and informal employment highlight ongoing struggles in realizing decent work.",13_0,8_17,,13,8
"with major shortfalls in priority development areas, such as gender equality (Goal 5), climate action (Goal 13), and peace, justice and strong institutions (Goal 16).","Despite variations across regions and country-specific differences, women in general perform most unpaid domestic and care work.",13_0,10_23,,13,10
"with major shortfalls in priority development areas, such as gender equality (Goal 5), climate action (Goal 13), and peace, justice and strong institutions (Goal 16).","If all countries boost their collection rates to 60 per cent, 54 million metric tons of e-waste would be managed in an environmentally sound manner, with 30 million metric tons of metal resources viably recovered.",13_0,12_3,,13,12
"with major shortfalls in priority development areas, such as gender equality (Goal 5), climate action (Goal 13), and peace, justice and strong institutions (Goal 16).","Stopping the ongoing decline in biodiversity is an urgent race against time, making accelerated conservation efforts imperative to safeguard the irreplaceable and intricate web of life on the planet.",13_0,15_7,,13,15
"with major shortfalls in priority development areas, such as gender equality (Goal 5), climate action (Goal 13), and peace, justice and strong institutions (Goal 16).",Partnerships between NSOs and civil society organizations stood at 37 per cent.,13_0,17_3,,13,17
"As oceans continue to warm amid rising global temperatures, the frequency and severity of coral bleaching will likely increase.",Successful SDG monitoring requires NSOs to play a strong stewardship role within the national data ecosystem.,13_19,0_4,,13,0
"As oceans continue to warm amid rising global temperatures, the frequency and severity of coral bleaching will likely increase.","Based on current trends, one out of five (19.5 per cent) of children under age 5 will be affected by stunting in 2030.",13_19,2_13,,13,2
"As oceans continue to warm amid rising global temperatures, the frequency and severity of coral bleaching will likely increase.",Teachers are the single most important factor in student learning.,13_19,4_15,,13,4
"As oceans continue to warm amid rising global temperatures, the frequency and severity of coral bleaching will likely increase.","This is still above the 3 per cent SDG target, however.",13_19,6_0,,13,6
"As oceans continue to warm amid rising global temperatures, the frequency and severity of coral bleaching will likely increase.","Accelerating progress demands sustainable economic policies, support for entrepreneurship and innovation, formalization of the informal economy, safeguards of workers’ rights, social justice, and inclusive employment opportunities, especially for women and youth.",13_19,8_12,,13,8
"As oceans continue to warm amid rising global temperatures, the frequency and severity of coral bleaching will likely increase.",A widening regional gap between the two indicators signifies varying environmental pressure from material consumption.,13_19,10_10,,13,10
"As oceans continue to warm amid rising global temperatures, the frequency and severity of coral bleaching will likely increase.","Domestic material consumption measures materials directly used within an economy, including those that are extracted and imported but without those that are exported.",13_19,12_6,,13,12
"As oceans continue to warm amid rising global temperatures, the frequency and severity of coral bleaching will likely increase.","This degradation, driven by changes in land use and coverage, significantly contributes to biodiversity loss, including in fragile mountain ecosystems.",13_19,15_11,,13,15
"As oceans continue to warm amid rising global temperatures, the frequency and severity of coral bleaching will likely increase.",Building partnerships with diverse stakeholders makes SDG monitoring more inclusive and incorporates different perspectives and needs.,13_19,17_2,,13,17
"Rising ocean temperatures are raising new concerns for coral reefs, which support a quarter of marine species, provide resources for hundreds of millions of people in coastal communities and generate trillions of dollars in revenue annually.","The global extreme poverty rate increased in 2020 for the first time in decades, setting back progress by three years.",14_10,1_4,,14,1
"Rising ocean temperatures are raising new concerns for coral reefs, which support a quarter of marine species, provide resources for hundreds of millions of people in coastal communities and generate trillions of dollars in revenue annually.",Twenty-one million children missed out on life-saving vaccines in 2022.,14_10,3_29,,14,3
"Rising ocean temperatures are raising new concerns for coral reefs, which support a quarter of marine species, provide resources for hundreds of millions of people in coastal communities and generate trillions of dollars in revenue annually.",Far too many women still cannot realize the right to decide on their sexual and reproductive health.,14_10,5_11,,14,5
"Rising ocean temperatures are raising new concerns for coral reefs, which support a quarter of marine species, provide resources for hundreds of millions of people in coastal communities and generate trillions of dollars in revenue annually.","The energy sector, responsible for 86 per cent of global CO2 emissions, remains the largest contributor, driven by the expansion of coal- and gas-fired power generation.",14_10,7_0,,14,7
"Rising ocean temperatures are raising new concerns for coral reefs, which support a quarter of marine species, provide resources for hundreds of millions of people in coastal communities and generate trillions of dollars in revenue annually.","Countries are adopting various strategies to enhance water use efficiency, including infrastructure modernization, more efficient irrigation and wastewater reuse.",14_10,9_4,,14,9
"Rising ocean temperatures are raising new concerns for coral reefs, which support a quarter of marine species, provide resources for hundreds of millions of people in coastal communities and generate trillions of dollars in revenue annually.","Accelerated investments are needed to extend public transit services to the most marginalized communities, both in developing regions and impoverished urban neighbourhoods in developed countries.",14_10,11_12,,14,11
"Rising ocean temperatures are raising new concerns for coral reefs, which support a quarter of marine species, provide resources for hundreds of millions of people in coastal communities and generate trillions of dollars in revenue annually.",The Intergovernmental Panel on Climate Change warns that up to 90 per cent of corals could be lost by 2050 at 1.5°C of warming and up to 99 per cent at 2°C.,14_10,13_20,,14,13
"Rising ocean temperatures are raising new concerns for coral reefs, which support a quarter of marine species, provide resources for hundreds of millions of people in coastal communities and generate trillions of dollars in revenue annually.","Corruption continues to divert resources from sustainable development, with one in five people reporting being asked to pay or having paid a bribe to a public official in the last 12 months.",14_10,16_3,,14,16
"All these factors destroy habitats, diminish biodiversity and threaten coastal communities and the health of marine ecosystems, vital to over 3 billion people.","Despite a falling working poverty rate, more than half of workers living in extreme poverty were still in sub-Saharan Africa (145 million).",14_1,1_14,,14,1
"All these factors destroy habitats, diminish biodiversity and threaten coastal communities and the health of marine ecosystems, vital to over 3 billion people.","Declines in maternal mortality have stalled, with wide disparities by region and income.",14_1,3_20,,14,3
"All these factors destroy habitats, diminish biodiversity and threaten coastal communities and the health of marine ecosystems, vital to over 3 billion people.","Parity in managerial roles will take 176 years at current rates of change, with discrimination, restrictive laws and inadequate social protection creating daunting barriers.",14_1,5_21,,14,5
"All these factors destroy habitats, diminish biodiversity and threaten coastal communities and the health of marine ecosystems, vital to over 3 billion people.","To meet the Goal 7 energy efficiency target by 2030, annual improvements must now average around 4 per cent.",14_1,7_12,,14,7
"All these factors destroy habitats, diminish biodiversity and threaten coastal communities and the health of marine ecosystems, vital to over 3 billion people.","Inclusive industrial policies are imperative for fostering the growth, competitiveness and resilience of small enterprises.",14_1,9_6,,14,9
"All these factors destroy habitats, diminish biodiversity and threaten coastal communities and the health of marine ecosystems, vital to over 3 billion people.","This unregulated growth has negative impacts on the natural environment and land use, contributing to increased air pollution and the loss of open spaces, wildlife habitats and agricultural land.",14_1,11_8,,14,11
"All these factors destroy habitats, diminish biodiversity and threaten coastal communities and the health of marine ecosystems, vital to over 3 billion people.","Alongside disruptions caused by COVID-19, the global malaria response faces increasing threats, including drug and insecticide resistance, humanitarian crises, funding constraints, delays in programme implementation and climate change impacts.",14_1,13_26,,14,13
"All these factors destroy habitats, diminish biodiversity and threaten coastal communities and the health of marine ecosystems, vital to over 3 billion people.","With one third of prisoners unsentenced worldwide, achieving just judicial processes and improving prison conditions is imperative.",14_1,16_4,,14,16
Reaching the 10 per cent SDG target by 2030 calls for effectively managing important sites covering an average additional 1.13 million square kilometres of ocean each year.,"Increasing borrowing costs have and will continue to divert scarce resources from critical development needs such as poverty reduction, climate action, health and education.",14_6,1_2,,14,1
Reaching the 10 per cent SDG target by 2030 calls for effectively managing important sites covering an average additional 1.13 million square kilometres of ocean each year.,Treatment reaches only marginal shares of people with drug and alcohol disorders.,14_6,3_30,,14,3
Reaching the 10 per cent SDG target by 2030 calls for effectively managing important sites covering an average additional 1.13 million square kilometres of ocean each year.,"Ensuring equitable access to public transportation helps to reduce food insecurity, boost economies, empower women, and connect people to key health, education and financial services, especially vulnerable urban populations.",14_6,5_1,,14,5
Reaching the 10 per cent SDG target by 2030 calls for effectively managing important sites covering an average additional 1.13 million square kilometres of ocean each year.,"Globally, per capita installed capacity for generating electricity with renewable energy nearly doubled from 250 watts in 2015 to 424 watts in 2022.",14_6,7_11,,14,7
Reaching the 10 per cent SDG target by 2030 calls for effectively managing important sites covering an average additional 1.13 million square kilometres of ocean each year.,Prioritizing investments in education and skills development is crucial to expedite the growth of medium- and high-tech industries by equipping the workforce to compete effectively in a dynamic global manufacturing landscape.,14_6,9_8,,14,9
Reaching the 10 per cent SDG target by 2030 calls for effectively managing important sites covering an average additional 1.13 million square kilometres of ocean each year.,Only 40 per cent of city dwellers can easily reach open public spaces.,14_6,11_1,,14,11
Reaching the 10 per cent SDG target by 2030 calls for effectively managing important sites covering an average additional 1.13 million square kilometres of ocean each year.,"This exploitation jeopardizes the survival of species and undermines ecosystem functions, especially when compounded by other pressures, such as habitat loss and climate change.",14_6,13_22,,14,13
Reaching the 10 per cent SDG target by 2030 calls for effectively managing important sites covering an average additional 1.13 million square kilometres of ocean each year.,"Corruption continues to divert resources from sustainable development, with one in five people reporting being asked to pay or having paid a bribe to a public official in the last 12 months.",14_6,16_3,,14,16
"Stopping the ongoing decline in biodiversity is an urgent race against time, making accelerated conservation efforts imperative to safeguard the irreplaceable and intricate web of life on the planet.","Urgent action is needed to combat corruption and organized crime, strengthen the rule of law and access to justice, build effective and inclusive governance institutions, and protect rights and fundamental freedoms.",15_7,0_7,,15,0
"Stopping the ongoing decline in biodiversity is an urgent race against time, making accelerated conservation efforts imperative to safeguard the irreplaceable and intricate web of life on the planet.","Globally, an estimated 1 billion meals of edible food are wasted every day, equivalent to 1.3 meals per person impacted by hunger per day, considering that 783 million people faced hunger in 2022.",15_7,2_3,,15,2
"Stopping the ongoing decline in biodiversity is an urgent race against time, making accelerated conservation efforts imperative to safeguard the irreplaceable and intricate web of life on the planet.","With about 269 million young people globally not in education or work in 2023, intensified efforts are needed to reduce NEET rates, particularly among young women.",15_7,4_18,,15,4
"Stopping the ongoing decline in biodiversity is an urgent race against time, making accelerated conservation efforts imperative to safeguard the irreplaceable and intricate web of life on the planet.","At the current speed, in 2030, 2 billion people will still live without safely managed drinking water, 3 billion without safely managed sanitation and 1.4 billion without basic hygiene services.",15_7,6_6,,15,6
"Stopping the ongoing decline in biodiversity is an urgent race against time, making accelerated conservation efforts imperative to safeguard the irreplaceable and intricate web of life on the planet.","Annual growth in economic productivity, defined as the growth rate of real GDP per employed person, stagnated in 2022 and 2023 below 0.5 per cent, a stark contrast to the period from 2015 to 2019, when the average growth rate exceeded 1.5 per cent.",15_7,8_14,,15,8
"Stopping the ongoing decline in biodiversity is an urgent race against time, making accelerated conservation efforts imperative to safeguard the irreplaceable and intricate web of life on the planet.","This disproportionate burden is amplified in lower-income households, contributing to poverty, inequality and precariousness, including by limiting labour-market participation.",15_7,10_22,,15,10
"Stopping the ongoing decline in biodiversity is an urgent race against time, making accelerated conservation efforts imperative to safeguard the irreplaceable and intricate web of life on the planet.","From 2019 to 2023, 62 Member States and the European Union reported 516 policy instruments to accelerate the transition to sustainable consumption and production patterns.",15_7,12_4,,15,12
"Stopping the ongoing decline in biodiversity is an urgent race against time, making accelerated conservation efforts imperative to safeguard the irreplaceable and intricate web of life on the planet.","As of May 2024, there are 18,200 marine protected areas and 199 other effective, area-based conservation measures1 covering over 29 million square kilometres or 8.12 per cent of the ocean.",15_7,14_5,,15,14
"Stopping the ongoing decline in biodiversity is an urgent race against time, making accelerated conservation efforts imperative to safeguard the irreplaceable and intricate web of life on the planet.",Building partnerships with diverse stakeholders makes SDG monitoring more inclusive and incorporates different perspectives and needs.,15_7,17_2,,15,17
"Addressing pressing environmental challenges and their underlying drivers and interconnections – including climate change, biodiversity loss, pollution, desertification and deforestation – demands intensified, accelerated efforts, and a comprehensive and integrated approach at local, national and global levels.",Engaging citizens in data production is essential to leave no one behind.,15_2,0_1,,15,0
"Addressing pressing environmental challenges and their underlying drivers and interconnections – including climate change, biodiversity loss, pollution, desertification and deforestation – demands intensified, accelerated efforts, and a comprehensive and integrated approach at local, national and global levels.","Reducing deforestation depends on improving food security, income and land rights.",15_2,2_5,,15,2
"Addressing pressing environmental challenges and their underlying drivers and interconnections – including climate change, biodiversity loss, pollution, desertification and deforestation – demands intensified, accelerated efforts, and a comprehensive and integrated approach at local, national and global levels.",These regional disparities underscore the need for targeted efforts to achieve equal educational opportunities for all children.,15_2,4_9,,15,4
"Addressing pressing environmental challenges and their underlying drivers and interconnections – including climate change, biodiversity loss, pollution, desertification and deforestation – demands intensified, accelerated efforts, and a comprehensive and integrated approach at local, national and global levels.","Globally, over 20 per cent of primary schools have no separate sanitation facilities for girls.",15_2,6_3,,15,6
"Addressing pressing environmental challenges and their underlying drivers and interconnections – including climate change, biodiversity loss, pollution, desertification and deforestation – demands intensified, accelerated efforts, and a comprehensive and integrated approach at local, national and global levels.","Globally, over 2 billion people were in informal employment in 2023, comprising 58.0 per cent of the global workforce, a share projected to slightly decrease to 57.8 per cent in 2024.",15_2,8_18,,15,8
"Addressing pressing environmental challenges and their underlying drivers and interconnections – including climate change, biodiversity loss, pollution, desertification and deforestation – demands intensified, accelerated efforts, and a comprehensive and integrated approach at local, national and global levels.","Interestingly, high-income countries generally exhibited lower overall disaggregated data availability compared to low- and middle-income countries.",15_2,10_0,,15,10
"Addressing pressing environmental challenges and their underlying drivers and interconnections – including climate change, biodiversity loss, pollution, desertification and deforestation – demands intensified, accelerated efforts, and a comprehensive and integrated approach at local, national and global levels.","From 2019 to 2023, 62 Member States and the European Union reported 516 policy instruments to accelerate the transition to sustainable consumption and production patterns.",15_2,12_4,,15,12
"Addressing pressing environmental challenges and their underlying drivers and interconnections – including climate change, biodiversity loss, pollution, desertification and deforestation – demands intensified, accelerated efforts, and a comprehensive and integrated approach at local, national and global levels.",Marine designations should be strategically located to safeguard key biodiversity areas.,15_2,14_9,,15,14
"Addressing pressing environmental challenges and their underlying drivers and interconnections – including climate change, biodiversity loss, pollution, desertification and deforestation – demands intensified, accelerated efforts, and a comprehensive and integrated approach at local, national and global levels.","In a landscape of declining international cooperation and rising geopolitical tensions, strengthened global partnerships and enhanced cooperation are urgently needed to address widening financing gaps, reinforce post-pandemic recovery and promote sustainable development, particularly in the LDCs and other vulnerable countries.",15_2,17_10,,15,17
"Stemming deforestation also demands a comprehensive approach blending regulatory measures, market incentives and stakeholder collaboration to promote sustainable land management and preserve forest ecosystems.",All SDGs depend on establishing lasting peace and preventing violent conflicts.,15_5,0_6,,15,0
"Stemming deforestation also demands a comprehensive approach blending regulatory measures, market incentives and stakeholder collaboration to promote sustainable land management and preserve forest ecosystems.","Malnutrition among children under age 5 remains a significant concern, posing heightened risks to their growth and development.",15_5,2_12,,15,2
"Stemming deforestation also demands a comprehensive approach blending regulatory measures, market incentives and stakeholder collaboration to promote sustainable land management and preserve forest ecosystems.","Prioritizing increased education funding, teacher training, and inclusive and accessible schools are essential steps, along with leveraging technology and bridging the digital divide to achieve equitable access to quality education.",15_5,4_6,,15,4
"Stemming deforestation also demands a comprehensive approach blending regulatory measures, market incentives and stakeholder collaboration to promote sustainable land management and preserve forest ecosystems.","As of December 2023, 50 countries, territories and areas had eliminated at least one neglected tropical disease, demonstrating the power of comprehensive interventions combining mass and individual treatment, vector control, veterinary public health and provision of safe water and sanitation.",15_5,6_2,,15,6
"Stemming deforestation also demands a comprehensive approach blending regulatory measures, market incentives and stakeholder collaboration to promote sustainable land management and preserve forest ecosystems.","Globally, over 2 billion people were in informal employment in 2023, comprising 58.0 per cent of the global workforce, a share projected to slightly decrease to 57.8 per cent in 2024.",15_5,8_18,,15,8
"Stemming deforestation also demands a comprehensive approach blending regulatory measures, market incentives and stakeholder collaboration to promote sustainable land management and preserve forest ecosystems.","This disproportionate burden is amplified in lower-income households, contributing to poverty, inequality and precariousness, including by limiting labour-market participation.",15_5,10_22,,15,10
"Stemming deforestation also demands a comprehensive approach blending regulatory measures, market incentives and stakeholder collaboration to promote sustainable land management and preserve forest ecosystems.","If all countries boost their collection rates to 60 per cent, 54 million metric tons of e-waste would be managed in an environmentally sound manner, with 30 million metric tons of metal resources viably recovered.",15_5,12_3,,15,12
"Stemming deforestation also demands a comprehensive approach blending regulatory measures, market incentives and stakeholder collaboration to promote sustainable land management and preserve forest ecosystems.","All these factors destroy habitats, diminish biodiversity and threaten coastal communities and the health of marine ecosystems, vital to over 3 billion people.",15_5,14_1,,15,14
"Stemming deforestation also demands a comprehensive approach blending regulatory measures, market incentives and stakeholder collaboration to promote sustainable land management and preserve forest ecosystems.","It demands increased funding; more data-driven decision-making; skilled workforce development; innovative technology, including artificial intelligence (AI); and robust cross-sector collaboration.",15_5,17_11,,15,17
All SDGs depend on establishing lasting peace and preventing violent conflicts.,They have become the premier source of external finance for developing countries in the post-COVID-19 period.,16_5,1_0,,16,1
All SDGs depend on establishing lasting peace and preventing violent conflicts.,Stronger linking of services for HIV and tuberculosis has averted an estimated 6.4 million tuberculosis-related deaths among people living with HIV from 2010 to 2022.,16_5,3_26,,16,3
All SDGs depend on establishing lasting peace and preventing violent conflicts.,"With about 269 million young people globally not in education or work in 2023, intensified efforts are needed to reduce NEET rates, particularly among young women.",16_5,5_31,,16,5
All SDGs depend on establishing lasting peace and preventing violent conflicts.,"Fossil fuel subsidies reached a record high of $1.53 trillion in 2022, driven by rising energy prices post-pandemic and the impact of the Russian Federation’s invasion of Ukraine, which disrupted global energy markets.",16_5,7_1,,16,7
All SDGs depend on establishing lasting peace and preventing violent conflicts.,"Inclusive industrial policies are imperative for fostering the growth, competitiveness and resilience of small enterprises.",16_5,9_6,,16,9
All SDGs depend on establishing lasting peace and preventing violent conflicts.,"Ensuring equitable access to public transportation helps to reduce food insecurity, boost economies, empower women, and connect people to key health, education and financial services, especially vulnerable urban populations.",16_5,11_11,,16,11
All SDGs depend on establishing lasting peace and preventing violent conflicts.,Progress in reducing emissions intensity to cut global emissions overall has been insufficient.,16_5,13_40,,16,13
All SDGs depend on establishing lasting peace and preventing violent conflicts.,"Furthermore, diminished forest and vegetation coverage increase soil erosion, heightening the risk of downstream landslides and flooding.",16_5,15_14,,16,15
"These alarming figures indicate that the road to global peace and security, essential for sustainable development, has been diverted.","Despite a falling working poverty rate, more than half of workers living in extreme poverty were still in sub-Saharan Africa (145 million).",16_8,1_14,,16,1
"These alarming figures indicate that the road to global peace and security, essential for sustainable development, has been diverted.",Ensuring universal health coverage without financial hardship is crucial to healthy lives and well-being for all.,16_8,3_9,,16,3
"These alarming figures indicate that the road to global peace and security, essential for sustainable development, has been diverted.","Although 89 per cent of women can autonomously decide to use contraception, one in four cannot make health-care decisions or say no to sex.",16_8,5_27,,16,5
"These alarming figures indicate that the road to global peace and security, essential for sustainable development, has been diverted.","By artificially lowering fossil fuel prices, subsidies harm the competitiveness of cleaner energy sources and hinder the low-carbon transition.",16_8,7_2,,16,7
"These alarming figures indicate that the road to global peace and security, essential for sustainable development, has been diverted.",Prioritizing investments in education and skills development is crucial to expedite the growth of medium- and high-tech industries by equipping the workforce to compete effectively in a dynamic global manufacturing landscape.,16_8,9_8,,16,9
"These alarming figures indicate that the road to global peace and security, essential for sustainable development, has been diverted.","This unregulated growth has negative impacts on the natural environment and land use, contributing to increased air pollution and the loss of open spaces, wildlife habitats and agricultural land.",16_8,11_8,,16,11
"These alarming figures indicate that the road to global peace and security, essential for sustainable development, has been diverted.","In 2023, global CO2 emissions from energy combustion and industrial processes increased by 1.1 per cent to an unprecedented 37.4 gigatons.",16_8,13_39,,16,13
"These alarming figures indicate that the road to global peace and security, essential for sustainable development, has been diverted.","Globally, only about a third of mountain key biodiversity areas are safeguarded by protected areas or other effective area-based conservation measures.",16_8,15_12,,16,15
"For the second consecutive year, the number of civilians killed in conflict rose dramatically, reversing a downward trend from 2016 to 2019.","This disproportionate burden is amplified in lower-income households, contributing to poverty, inequality and precariousness, including by limiting labour-market participation.",16_7,1_17,,16,1
"For the second consecutive year, the number of civilians killed in conflict rose dramatically, reversing a downward trend from 2016 to 2019.",Treatment reaches only marginal shares of people with drug and alcohol disorders.,16_7,3_30,,16,3
"For the second consecutive year, the number of civilians killed in conflict rose dramatically, reversing a downward trend from 2016 to 2019.","Globally, young women are over twice as likely as young men to be NEET.",16_7,5_29,,16,5
"For the second consecutive year, the number of civilians killed in conflict rose dramatically, reversing a downward trend from 2016 to 2019.","Global capacity to generate electricity from renewable energy has begun expanding at an unprecedented rate, a trend expected to continue.",16_7,7_6,,16,7
"For the second consecutive year, the number of civilians killed in conflict rose dramatically, reversing a downward trend from 2016 to 2019.","Countries are adopting various strategies to enhance water use efficiency, including infrastructure modernization, more efficient irrigation and wastewater reuse.",16_7,9_4,,16,9
"For the second consecutive year, the number of civilians killed in conflict rose dramatically, reversing a downward trend from 2016 to 2019.",Public transit remains out of easy reach for 40 per cent of urban residents worldwide,16_7,11_10,,16,11
"For the second consecutive year, the number of civilians killed in conflict rose dramatically, reversing a downward trend from 2016 to 2019.","By artificially lowering fossil fuel prices, subsidies harm the competitiveness of cleaner energy sources and hinder the low-carbon transition.",16_7,13_15,,16,13
"For the second consecutive year, the number of civilians killed in conflict rose dramatically, reversing a downward trend from 2016 to 2019.","Mountain ecosystem degradation threatens downstream water provision, through  reduced glacial coverage, as well as biodiversity and other ecosystem services, thereby undermining efforts to protect terrestrial and freshwater ecosystems.",16_7,15_13,,16,15
Coordinated global action on integrated water management to address climate change impacts as well as better management of shared waters are also key.,"As more countries recognize the importance of adopting a “whole-of-society” approach to achieve the ambitious goals of the 2030 Agenda, increased efforts are being made to acknowledge the contributions of civil society.",17_12,0_5,,17,0
Coordinated global action on integrated water management to address climate change impacts as well as better management of shared waters are also key.,"Despite progress, 148 million children under age 5 suffered from stunting in 2022.",17_12,2_8,,17,2
Coordinated global action on integrated water management to address climate change impacts as well as better management of shared waters are also key.,"Although 90 per cent of countries report that they mainstream sustainable development and global citizenship subjects in national education systems, evidence suggests scattered uptake.",17_12,4_10,,17,4
Coordinated global action on integrated water management to address climate change impacts as well as better management of shared waters are also key.,"Climate change worsens these issues, posing significant risks to social stability.",17_12,6_8,,17,6
Coordinated global action on integrated water management to address climate change impacts as well as better management of shared waters are also key.,"Economic challenges are pushing workers into informal jobs without social protection, a significant barrier to social justice.",17_12,8_19,,17,8
Coordinated global action on integrated water management to address climate change impacts as well as better management of shared waters are also key.,"This disproportionate burden is amplified in lower-income households, contributing to poverty, inequality and precariousness, including by limiting labour-market participation.",17_12,10_22,,17,10
Coordinated global action on integrated water management to address climate change impacts as well as better management of shared waters are also key.,"From 2019 to 2023, 62 Member States and the European Union reported 516 policy instruments to accelerate the transition to sustainable consumption and production patterns.",17_12,12_4,,17,12
Coordinated global action on integrated water management to address climate change impacts as well as better management of shared waters are also key.,"Additionally, the Agreement on Marine Biodiversity of Areas Beyond National Jurisdiction   aims to protect marine biodiversity in international waters and seabed.",17_12,14_8,,17,14
Coordinated global action on integrated water management to address climate change impacts as well as better management of shared waters are also key.,"with major shortfalls in priority development areas, such as gender equality (Goal 5), climate action (Goal 13), and peace, justice and strong institutions (Goal 16).",17_12,16_0,,17,16
"Developing countries make up 74 per cent of United Nations General Assembly Members but have limited voice and participation in international economic decision-making, norm-setting and governance.","At the SDG Summit in September 2023, Heads of State and Government committed to advancing the Secretary-General’s SDG Stimulus proposal of unlocking $500 billion in additional financing and investment annually.",17_8,0_8,,17,0
"Developing countries make up 74 per cent of United Nations General Assembly Members but have limited voice and participation in international economic decision-making, norm-setting and governance.","Between 2015 and 2019, at least 100 million hectares of productive land were degraded annually, adversely impacting global food and water security.",17_8,2_6,,17,2
"Developing countries make up 74 per cent of United Nations General Assembly Members but have limited voice and participation in international economic decision-making, norm-setting and governance.","While these measures are expected to be short-lived, prolonged health issues and educational losses among individuals could potentially have long-term impacts on human capital.",17_8,4_2,,17,4
"Developing countries make up 74 per cent of United Nations General Assembly Members but have limited voice and participation in international economic decision-making, norm-setting and governance.","In 2022, roughly half the world’s population experienced severe water scarcity for at least part of the year.",17_8,6_7,,17,6
"Developing countries make up 74 per cent of United Nations General Assembly Members but have limited voice and participation in international economic decision-making, norm-setting and governance.","Access to credit, crucial for their survival, remains difficult.",17_8,8_23,,17,8
"Developing countries make up 74 per cent of United Nations General Assembly Members but have limited voice and participation in international economic decision-making, norm-setting and governance.","Despite increasing efforts and commitments to expand social protection programmes, significant coverage gaps left 1.4 billion children uncovered in 2023.",17_8,10_13,,17,10
"Developing countries make up 74 per cent of United Nations General Assembly Members but have limited voice and participation in international economic decision-making, norm-setting and governance.","The global material footprint, representing raw materials extracted to meet final consumption demands, increased by 71 per cent from 57.4 billion metric tons in 2000 to 98.0 billion metric tons in 2022.",17_8,12_7,,17,12
"Developing countries make up 74 per cent of United Nations General Assembly Members but have limited voice and participation in international economic decision-making, norm-setting and governance.","Additionally, the Agreement on Marine Biodiversity of Areas Beyond National Jurisdiction   aims to protect marine biodiversity in international waters and seabed.",17_8,14_8,,17,14
"Developing countries make up 74 per cent of United Nations General Assembly Members but have limited voice and participation in international economic decision-making, norm-setting and governance.","Corruption continues to divert resources from sustainable development, with one in five people reporting being asked to pay or having paid a bribe to a public official in the last 12 months.",17_8,16_3,,17,16
The Fourth International Conference on Financing for Development in 2025 presents an opportunity to address these shortcomings and strengthen the legitimacy of global governance arrangements.,"Urgent action is needed to combat corruption and organized crime, strengthen the rule of law and access to justice, build effective and inclusive governance institutions, and protect rights and fundamental freedoms.",17_9,0_7,,17,0
The Fourth International Conference on Financing for Development in 2025 presents an opportunity to address these shortcomings and strengthen the legitimacy of global governance arrangements.,Nearly 60 per cent of countries faced moderately to abnormally high food prices in 2022.,17_9,2_20,,17,2
The Fourth International Conference on Financing for Development in 2025 presents an opportunity to address these shortcomings and strengthen the legitimacy of global governance arrangements.,Teachers are the single most important factor in student learning.,17_9,4_15,,17,4
The Fourth International Conference on Financing for Development in 2025 presents an opportunity to address these shortcomings and strengthen the legitimacy of global governance arrangements.,"In 2022, based on 73 countries reporting both total wastewater generation and treatment, 76 per cent of total wastewater received some treatment.",17_9,6_14,,17,6
The Fourth International Conference on Financing for Development in 2025 presents an opportunity to address these shortcomings and strengthen the legitimacy of global governance arrangements.,Prioritizing investments in education and skills development is crucial to expedite the growth of medium- and high-tech industries by equipping the workforce to compete effectively in a dynamic global manufacturing landscape.,17_9,8_25,,17,8
The Fourth International Conference on Financing for Development in 2025 presents an opportunity to address these shortcomings and strengthen the legitimacy of global governance arrangements.,"Interestingly, high-income countries generally exhibited lower overall disaggregated data availability compared to low- and middle-income countries.",17_9,10_0,,17,10
The Fourth International Conference on Financing for Development in 2025 presents an opportunity to address these shortcomings and strengthen the legitimacy of global governance arrangements.,"These approaches can take advantage of opportunities at every stage of production to reduce resource and fossil fuel use, drive innovation, conserve energy and mitigate emissions.",17_9,12_1,,17,12
The Fourth International Conference on Financing for Development in 2025 presents an opportunity to address these shortcomings and strengthen the legitimacy of global governance arrangements.,"Overfishing can harm biodiversity, ecosystems and fisheries production, and imposes adverse social and economic costs.",17_9,14_4,,17,14
The Fourth International Conference on Financing for Development in 2025 presents an opportunity to address these shortcomings and strengthen the legitimacy of global governance arrangements.,"Corruption continues to divert resources from sustainable development, with one in five people reporting being asked to pay or having paid a bribe to a public official in the last 12 months.",17_9,16_3,,17,16
Open public spaces in urban areas foster inclusive and vibrant cities.,"In 2022, 88,000 women became homicide victims globally compared to 360,000 men.",11_14,10_12,,11,10
"Urgent action is needed to combat corruption and organized crime, strengthen the rule of law and access to justice, build effective and inclusive governance institutions, and protect rights and fundamental freedoms.",The survival of coral reefs is vital for ocean health and humanity’s well-being.,0_7,14_11,,0,14
Accelerated action could bring productive and sustainable agriculture within reach globally,Marine designations should be strategically located to safeguard key biodiversity areas.,2_16,14_9,,2,14
"Urgent action is needed to combat corruption and organized crime, strengthen the rule of law and access to justice, build effective and inclusive governance institutions, and protect rights and fundamental freedoms.","Despite improvement, 7 in 10 children worldwide still lack social protection coverage.",16_6,1_15,,16,1
"Data availability score for Education, 2022 (score 0–100)","The global extreme poverty rate increased in 2020 for the first time in decades, setting back progress by three years.",4_0,1_4,,4,1
Climate finance is crucial in backing global mitigation and adaptation efforts.,"In 2023, the global unemployment rate fell to a record low of 5.0 per cent since 2000.",13_4,8_16,,13,8
"Communities worldwide are suffering from extreme weather and increasingly frequent and more intense disasters, destroying lives and livelihoods daily.","Although 90 per cent of countries report that they mainstream sustainable development and global citizenship subjects in national education systems, evidence suggests scattered uptake.",13_7,4_10,,13,4
"Data availability score for Education, 2022 (score 0–100)","Globally, over 2 billion people were in informal employment in 2023, comprising 58.0 per cent of the global workforce, a share projected to slightly decrease to 57.8 per cent in 2024.",4_0,8_18,,4,8
Successful SDG monitoring requires NSOs to play a strong stewardship role within the national data ecosystem.,Twenty-two reforms centred on equal rights to employment and economic benefits and 18 on stopping violence against women.,0_4,8_8,,0,8
"with major shortfalls in priority development areas, such as gender equality (Goal 5), climate action (Goal 13), and peace, justice and strong institutions (Goal 16).","Parity in managerial roles will take 176 years at current rates of change, with discrimination, restrictive laws and inadequate social protection creating daunting barriers.",16_0,5_21,,16,5
These regional disparities underscore the need for targeted efforts to achieve equal educational opportunities for all children.,"For the second consecutive year, the number of civilians killed in conflict rose dramatically, reversing a downward trend from 2016 to 2019.",4_9,16_7,,4,16
"Globally, over 20 per cent of primary schools have no separate sanitation facilities for girls.","Countries with higher levels of integrated water resources management (score 0 to 100 per cent) are more resilient to climate change, biodiversity loss and pollution.",5_8,13_35,,5,13
"The COVID-19 pandemic caused extreme poverty to rise in 2020 for the first time in decades, reversing global progress by three years.","A lack of handwashing facilities in 2 out of 10 schools poses health risks, especially during pandemics.",1_9,3_36,,1,3
"Domestic material consumption measures materials directly used within an economy, including those that are extracted and imported but without those that are exported.","Ending poverty requires a wide-ranging approach that combines comprehensive social protection systems, inclusive economic policies, investments in human capital, measures to address inequality and climate resilience, and international cooperation and partnership.",12_6,1_8,,12,1
A widening regional gap between the two indicators signifies varying environmental pressure from material consumption.,Women’s political participation remains constrained.,10_10,5_20,,10,5
"Trends in domestic wastewater suggest that little, if any, progress is being made towards the target of halving the proportion of unsafe discharges by 2030.","Improved care quality could save the lives of up to 1 million newborns and 150,000 mothers annually.",6_16,3_21,,6,3
"At the same time, as of 2022, only 9 of 193 countries had included food waste in their NDCs, revealing a significant gap in connecting this issue with climate action and the objective of halving food waste and reducing losses by 2030.","These approaches can take advantage of opportunities at every stage of production to reduce resource and fossil fuel use, drive innovation, conserve energy and mitigate emissions.",13_2,12_1,,13,12
"Cooperative agreements among countries sharing transboundary water resources (rivers, lakes and aquifers) are essential for advancing sustainable development and addressing climate change.",Strengthening partnerships is key to more inclusive data.,13_32,17_1,,13,17
"Despite basic services in schools being essential for fair learning opportunities, progress has been slow, particularly affecting students with disabilities and girls.","Illegal wildlife trade persists worldwide despite two decades of concerted action at international and national levels and poses a significant threat to global biodiversity, endangering a wide range of terrestrial and marine species.",5_7,15_8,,5,15
"Stopping the ongoing decline in biodiversity is an urgent race against time, making accelerated conservation efforts imperative to safeguard the irreplaceable and intricate web of life on the planet.","Accelerated investments are needed to extend public transit services to the most marginalized communities, both in developing regions and impoverished urban neighbourhoods in developed countries.",15_7,10_8,,15,10
They have become the premier source of external finance for developing countries in the post-COVID-19 period.,Reaching the 10 per cent SDG target by 2030 calls for effectively managing important sites covering an average additional 1.13 million square kilometres of ocean each year.,8_2,14_6,,8,14
Universal pre-primary education is hindered by inadequate legal guarantees and financial barriers.,"In the 75 most vulnerable countries, which qualify for concessional lending from the World Bank’s International Development Association, one in four people live on less than $2.15 a day – more than eight times the extreme poverty rate in the rest of the world.",4_12,1_11,,4,1
Yet the level remains significantly higher than the recommended air quality guideline of 5 µg/m3 for public health protection.,The Intergovernmental Panel on Climate Change warns that up to 90 per cent of corals could be lost by 2050 at 1.5°C of warming and up to 99 per cent at 2°C.,3_1,13_20,,3,13
"This unregulated growth has negative impacts on the natural environment and land use, contributing to increased air pollution and the loss of open spaces, wildlife habitats and agricultural land.","Stopping the ongoing decline in biodiversity is an urgent race against time, making accelerated conservation efforts imperative to safeguard the irreplaceable and intricate web of life on the planet.",11_8,15_7,,11,15
"Despite basic services in schools being essential for fair learning opportunities, progress has been slow, particularly affecting students with disabilities and girls.","Overall, children from the richest households are twice as likely to attend preschool compared to those from the least affluent households.",4_14,10_20,,4,10
"Partnering with local governments enables NSOs to gather more accurate, comprehensive and context-specific data, enhancing the overall effectiveness of SDG monitoring and the responsiveness of development efforts to local priorities.","Moreover, an estimated 28.9 per cent of the world’s population, or 2.33 billion people, were moderately or severely food insecure in 2023 – 383 million more than in 2019.",17_5,2_11,,17,2
"At the same time, as of 2022, only 9 of 193 countries had included food waste in their NDCs, revealing a significant gap in connecting this issue with climate action and the objective of halving food waste and reducing losses by 2030.",All SDGs depend on establishing lasting peace and preventing violent conflicts.,13_2,0_6,,13,0
Yet the level remains significantly higher than the recommended air quality guideline of 5 µg/m3 for public health protection.,"Record-high food prices in 2022 worsened purchasing power and access to food, negatively impacting food security and nutritional outcomes.",3_1,2_15,,3,2
The slow pace of productivity growth in the last two years poses a risk to economic growth and development.,"Strong protection frameworks are needed to stem this trend, particularly in countries where violent conflict or social unrest erupts or escalates.",8_15,16_11,,8,16
"Alarmingly, nearly 43 per cent of countries lack flood alarm systems for any of their transboundary water bodies, 63 per cent go without drought alarm systems, 59 per cent have no joint climate change adaptation strategies for any of their transboundary basins and 64 per cent have yet to enact joint disaster risk reduction strategies.","This degradation, driven by changes in land use and coverage, significantly contributes to biodiversity loss, including in fragile mountain ecosystems.",13_33,15_11,,13,15
"Tackling climate change, water scarcity and other crises requires a comprehensive approach to managing water resources, across sectors and borders.",These regional disparities underscore the need for targeted efforts to achieve equal educational opportunities for all children.,13_34,10_19,,13,10
One in five girls still marry before age 18.,"In 2023, ocean heat content soared to its highest level in 65 years; over 90 per cent of the ocean experienced heatwave conditions at some point during the year.",5_9,13_18,,5,13
"Under-5 deaths reached an historic low in 2022, but progress has slowed.",Accelerated action could bring productive and sustainable agriculture within reach globally,3_6,2_16,,3,2
"Globally, per capita installed capacity for generating electricity with renewable energy nearly doubled from 250 watts in 2015 to 424 watts in 2022.","Alarmingly, nearly 43 per cent of countries lack flood alarm systems for any of their transboundary water bodies, 63 per cent go without drought alarm systems, 59 per cent have no joint climate change adaptation strategies for any of their transboundary basins and 64 per cent have yet to enact joint disaster risk reduction strategies.",7_11,13_33,,7,13
"Globally, girls’ completion rates exceed those of boys by 2 to 3 percentage points in both primary and secondary education.","with major shortfalls in priority development areas, such as gender equality (Goal 5), climate action (Goal 13), and peace, justice and strong institutions (Goal 16).",5_6,13_0,,5,13
"Key actions include implementing sustainable fishing practices, expanding marine protected areas to safeguard key biodiversity areas, increasing capacities to monitor ocean health and addressing the pollution that is choking waterways.","Progress towards universal health coverage has slowed, leaving billions without care and subject to catastrophic costs.",14_2,3_12,,14,3
Yet a significant teacher qualification gap persists globally.,"A lack of handwashing facilities in 2 out of 10 schools poses health risks, especially during pandemics.",4_16,3_36,,4,3
More people have safe drinking water and sanitation but billions still go without.,"This disproportionate burden is amplified in lower-income households, contributing to poverty, inequality and precariousness, including by limiting labour-market participation.",6_10,1_17,,6,1
"While these measures are expected to be short-lived, prolonged health issues and educational losses among individuals could potentially have long-term impacts on human capital.",More people have safe drinking water and sanitation but billions still go without.,4_2,6_10,,4,6
"In 2022, however, 2.2 billion people still lacked safely managed drinking water, 3.5 billion went without safely managed sanitation (including 419 million who practised open defecation) and 2 billion still had inadequate basic hygiene services (including 653 million with no facilities at all).","As of May 2024, there are 18,200 marine protected areas and 199 other effective, area-based conservation measures1 covering over 29 million square kilometres or 8.12 per cent of the ocean.",6_12,14_5,,6,14
"In 2022, 712 million people (or 9 per cent of the world’s population) lived in extreme poverty, an increase of 23 million people over 2019.","Alarmingly, nearly 43 per cent of countries lack flood alarm systems for any of their transboundary water bodies, 63 per cent go without drought alarm systems, 59 per cent have no joint climate change adaptation strategies for any of their transboundary basins and 64 per cent have yet to enact joint disaster risk reduction strategies.",1_10,13_33,,1,13
"Communities worldwide are suffering from extreme weather and increasingly frequent and more intense disasters, destroying lives and livelihoods daily.","Malnutrition among children under age 5 remains a significant concern, posing heightened risks to their growth and development.",13_7,2_12,,13,2
More than 9 in 10 deaths caused by air pollution occur in lower- and middle-income countries.,"As oceans continue to warm amid rising global temperatures, the frequency and severity of coral bleaching will likely increase.",3_32,13_19,,3,13
"Regulators need to address challenges such as limited competition, high compliance costs, account access barriers, transparency issues, and low digital and financial literacy.","Despite some improvements, progress in water and sanitation remains insufficient.",4_1,6_5,,4,6
"Overfishing, pollution, climate change and poor management drive continued declines in fish stocks",Official development assistance for health has scaled up but with a major share spent on COVID-19.,14_3,3_35,,14,3
"countries agreed on “an urgent and sustained increase in the level and scale of investments in data and statistics from domestic and international actors, from the public, private and philanthropic sectors, to strengthen statistical capacity in low-income countries and fragile states, close data gaps for vulnerable groups and enhance country resilience in the current context of economic crisis, conflict, climate change and increased food insecurity.”","This unregulated growth has negative impacts on the natural environment and land use, contributing to increased air pollution and the loss of open spaces, wildlife habitats and agricultural land.",13_1,15_0,,13,15
"Strong and sustained commitments to changing biased social norms, eliminating harmful practices and abolishing discriminatory laws are urgently needed.",Yet a significant teacher qualification gap persists globally.,5_15,4_16,,5,4
Open public spaces in urban areas foster inclusive and vibrant cities.,"Data availability score for Education, 2022 (score 0–100)",11_14,4_0,,11,4
Working poverty has declined but still afflicts 241 million workers.,The world is not on track to achieve Goal 3.,1_13,3_10,,1,3
They have become the premier source of external finance for developing countries in the post-COVID-19 period.,"Globally, girls’ completion rates exceed those of boys by 2 to 3 percentage points in both primary and secondary education.",1_0,5_6,,1,5
They have become the premier source of external finance for developing countries in the post-COVID-19 period.,One in five girls still marry before age 18.,8_2,5_9,,8,5
Far too many women still cannot realize the right to decide on their sexual and reproductive health.,"Despite commendable increases in data to monitor the SDGs, critical gaps persist",5_11,0_0,,5,0
The overarching principle of the 2030 Agenda for Sustainable Development is to leave no one behind.,Marine designations should be strategically located to safeguard key biodiversity areas.,0_2,14_9,,0,14
"Malnutrition among children under age 5 remains a significant concern, posing heightened risks to their growth and development.",Prioritizing investments in education and skills development is crucial to expedite the growth of medium- and high-tech industries by equipping the workforce to compete effectively in a dynamic global manufacturing landscape.,2_12,4_19,,2,4
"Ensuring equitable access to public transportation helps to reduce food insecurity, boost economies, empower women, and connect people to key health, education and financial services, especially vulnerable urban populations.","with major shortfalls in priority development areas, such as gender equality (Goal 5), climate action (Goal 13), and peace, justice and strong institutions (Goal 16).",11_11,13_0,,11,13
"Economic challenges are pushing workers into informal jobs without social protection, a significant barrier to social justice.","The trend must be reversed, conflicts must end, and parties to conflicts must strictly abide by international humanitarian and human rights obligations to protect civilians’ lives.",10_26,16_9,,10,16
New policies in 2023 integrated sustainable consumption and production patterns into high-impact sectors.,Twenty-one million children missed out on life-saving vaccines in 2022.,12_5,3_29,,12,3
"At the same time, as of 2022, only 9 of 193 countries had included food waste in their NDCs, revealing a significant gap in connecting this issue with climate action and the objective of halving food waste and reducing losses by 2030.","To meet national 2030 education targets, which have been scaled back compared to the original Goal 4 targets, countries must annually enrol 1.4 million children in early childhood education, admit a new child to school every two seconds until 2030 and triple annual progress in primary completion rates.",13_2,4_5,,13,4
"Despite improvement, 7 in 10 children worldwide still lack social protection coverage","In 2022, 88,000 women became homicide victims globally compared to 360,000 men.",10_14,5_2,,10,5
Yet a significant teacher qualification gap persists globally.,"In 2023, data on 91,000 water bodies from 120 countries revealed that 56 per cent had good water quality.",4_16,6_17,,4,6
"Globally, an estimated 1 billion meals of edible food are wasted every day, equivalent to 1.3 meals per person impacted by hunger per day, considering that 783 million people faced hunger in 2022.",Global unemployment hit a historic low of 5 per cent in 2023 yet persistent roadblocks remain in achieving decent work.,2_3,8_10,,2,8
"These alarming figures indicate that the road to global peace and security, essential for sustainable development, has been diverted.",A staggering 230 million girls and women have been subjected to female genital mutilation.,16_8,5_10,,16,5
"Existing evidence shows that the prevalence of intimate partner violence, in all forms, is higher among women with disabilities than those without disabilities.","Addressing pressing environmental challenges and their underlying drivers and interconnections – including climate change, biodiversity loss, pollution, desertification and deforestation – demands intensified, accelerated efforts, and a comprehensive and integrated approach at local, national and global levels.",5_18,13_21,,5,13
"Strong and sustained commitments to changing biased social norms, eliminating harmful practices and abolishing discriminatory laws are urgently needed.","Global capacity to generate electricity from renewable energy has begun expanding at an unprecedented rate, a trend expected to continue.",5_15,7_6,,5,7
"In 42 countries specifying treatment levels, 60 per cent of total wastewater flows were safely treated (with at least secondary treatment).",High rates of consumption and insufficient reuse or recycling are producing vast piles of e-waste,6_15,12_2,,6,12
"Despite their significant contributions, however, they are often among the most vulnerable groups in rural areas and within the broader agrifood system.","The global extreme poverty rate increased in 2020 for the first time in decades, setting back progress by three years.",2_19,1_4,,2,1
"Globally, over 20 per cent of primary schools have no separate sanitation facilities for girls.",The world is not on track to achieve Goal 3.,6_3,3_10,,6,3
"This emphasizes the urgent need for a comprehensive approach to addressing the housing crisis, including through diverse housing options, while achieving equitable access to public transportation and essential services.","Effective fisheries management can possibly reverse these effects (if they are driven by overfishing and not factors such as habitat degradation, pollution or climate change) and lead to optimal stock levels while supporting global food security and coastal communities.",11_6,2_4,,11,2
The slow pace of productivity growth in the last two years poses a risk to economic growth and development.,"This disproportionate burden is amplified in lower-income households, contributing to poverty, inequality and precariousness, including by limiting labour-market participation.",8_15,5_23,,8,5
Productive and sustainable agriculture is key to ensuring the attainment and continued satisfaction of human needs in present and future generations.,Reaching the 10 per cent SDG target by 2030 calls for effectively managing important sites covering an average additional 1.13 million square kilometres of ocean each year.,2_17,14_6,,2,14
"With about 269 million young people globally not in education or work in 2023, intensified efforts are needed to reduce NEET rates, particularly among young women.","Climate change is hindering poverty reduction, and disasters result in millions of households becoming poor or remaining trapped in poverty.",4_18,1_7,,4,1
Sustainable management of water resources underpins prosperity and peace for all.,Official development assistance for health has scaled up but with a major share spent on COVID-19.,6_9,3_35,,6,3
"Between 2015 and 2022, the proportion of the population using safely managed drinking water increased from 69 to 73 per cent.","With about 269 million young people globally not in education or work in 2023, intensified efforts are needed to reduce NEET rates, particularly among young women.",6_11,5_31,,6,5
"Regulators need to address challenges such as limited competition, high compliance costs, account access barriers, transparency issues, and low digital and financial literacy.",Twenty-two reforms centred on equal rights to employment and economic benefits and 18 on stopping violence against women.,4_1,8_8,,4,8
This deceleration can be attributed to the significant surge in clean energy technologies since 2019.,Yet a significant teacher qualification gap persists globally.,7_14,4_16,,7,4
"Public funds shoring up the production and consumption of oil, coal and gas more than doubled between 2021 and 2022, and more than tripled from their 2015 levels, reversing progress made between 2012 and 2020 and hindering the net-zero transition.","Globally, girls’ completion rates exceed those of boys by 2 to 3 percentage points in both primary and secondary education.",13_14,4_8,,13,4
"Reducing deforestation depends on improving food security, income and land rights.","According to survey data from 2006 to 2023, only 16.9 per cent of small-scale manufacturing industries in sub-Saharan Africa received loans or lines of credit, well below the global average of 31 per cent.",15_3,8_24,,15,8
"Globally, over 20 per cent of primary schools have no separate sanitation facilities for girls.","Each year, an estimated 4.2 million people die due to ambient air pollution.",6_3,3_0,,6,3
"Developing countries make up 74 per cent of United Nations General Assembly Members but have limited voice and participation in international economic decision-making, norm-setting and governance.","Under-5 deaths reached an historic low in 2022, but progress has slowed.",10_4,3_6,,10,3
"The trend must be reversed, conflicts must end, and parties to conflicts must strictly abide by international humanitarian and human rights obligations to protect civilians’ lives.","At the same time, as of 2022, only 9 of 193 countries had included food waste in their NDCs, revealing a significant gap in connecting this issue with climate action and the objective of halving food waste and reducing losses by 2030.",16_9,13_2,,16,13
"Climate change worsens these issues, posing significant risks to social stability.","These alarming figures indicate that the road to global peace and security, essential for sustainable development, has been diverted.",6_8,16_8,,6,16
"Not everyone is benefiting equally from these advancements, however.",Progressing towards universal health coverage requires addressing the global shortage of health workers.,10_17,3_17,,10,3
"Economic challenges are pushing workers into informal jobs without social protection, a significant barrier to social justice.","Women carry an unfair burden of unpaid domestic and care work, spending 2.5 times more hours a day on it than men.",8_19,5_14,,8,5
"A deepening global slum crisis requires urgent action on housing, transportation and services","Furthermore, diminished forest and vegetation coverage increase soil erosion, heightening the risk of downstream landslides and flooding.",11_3,15_14,,11,15
Prioritizing investments in education and skills development is crucial to expedite the growth of medium- and high-tech industries by equipping the workforce to compete effectively in a dynamic global manufacturing landscape.,"Domestic material consumption measures materials directly used within an economy, including those that are extracted and imported but without those that are exported.",4_19,12_6,,4,12
"Investments in infrastructure and affordable Internet access are crucial, especially in underserved regions.","Achieving universal coverage by 2030 will require a sixfold increase in current rates of progress for safely managed drinking water, a fivefold increase for safely managed sanitation and a threefold increase for basic hygiene services.",9_2,6_13,,9,6
"However, only two in three children in sub-Saharan Africa complete primary school on time.","In 2022, 712 million people (or 9 per cent of the world’s population) lived in extreme poverty, an increase of 23 million people over 2019.",4_7,1_10,,4,1
"In 2022, however, 2.2 billion people still lacked safely managed drinking water, 3.5 billion went without safely managed sanitation (including 419 million who practised open defecation) and 2 billion still had inadequate basic hygiene services (including 653 million with no facilities at all).","Urgent action is needed to combat corruption and organized crime, strengthen the rule of law and access to justice, build effective and inclusive governance institutions, and protect rights and fundamental freedoms.",6_12,16_6,,6,16
"According to survey data from 2006 to 2023, only 16.9 per cent of small-scale manufacturing industries in sub-Saharan Africa received loans or lines of credit, well below the global average of 31 per cent.",Building partnerships with diverse stakeholders makes SDG monitoring more inclusive and incorporates different perspectives and needs.,1_19,17_2,,1,17
"In 2022, 712 million people (or 9 per cent of the world’s population) lived in extreme poverty, an increase of 23 million people over 2019.",Treatment reaches only marginal shares of people with drug and alcohol disorders.,1_10,3_30,,1,3
"The trend must be reversed, conflicts must end, and parties to conflicts must strictly abide by international humanitarian and human rights obligations to protect civilians’ lives.","Despite increasing efforts and commitments to expand social protection programmes, significant coverage gaps left 1.4 billion children uncovered in 2023.",16_9,1_6,,16,1
"Global forest area continues to decline, primarily due to agricultural expansion, despite notable progress in sustainable forest management.","Record-high food prices in 2022 worsened purchasing power and access to food, negatively impacting food security and nutritional outcomes.",15_1,2_15,,15,2
"Globally, girls’ completion rates exceed those of boys by 2 to 3 percentage points in both primary and secondary education.",Open public spaces in urban areas foster inclusive and vibrant cities.,5_6,11_14,,5,11
Women’s political participation remains constrained.,Only 40 per cent of city dwellers can easily reach open public spaces.,5_20,11_1,,5,11
"Fossil fuel subsidies reached a record high of $1.53 trillion in 2022, driven by rising energy prices post-pandemic and the impact of the Russian Federation’s invasion of Ukraine, which disrupted global energy markets.","Globally, one in three people are still offline, underscoring the urgency of infrastructure investments and affordable Internet access, particularly in underdeveloped regions.",7_1,9_3,,7,9
"If all countries boost their collection rates to 60 per cent, 54 million metric tons of e-waste would be managed in an environmentally sound manner, with 30 million metric tons of metal resources viably recovered.",Legal protections of women’s land rights remain grossly inadequate.,12_3,5_17,,12,5
"These alarming figures indicate that the road to global peace and security, essential for sustainable development, has been diverted.","At the same time, as of 2022, only 9 of 193 countries had included food waste in their NDCs, revealing a significant gap in connecting this issue with climate action and the objective of halving food waste and reducing losses by 2030.",16_8,13_2,,16,13
The global response to infectious diseases has saved millions of lives and paved the way for healthier communities.,"Although 90 per cent of countries report that they mainstream sustainable development and global citizenship subjects in national education systems, evidence suggests scattered uptake.",3_7,13_28,,3,13
A withdrawal rate above 75 per cent of renewable water resources represents high water stress; more than 100 per cent is critical.,"The COVID-19 pandemic caused extreme poverty to rise in 2020 for the first time in decades, reversing global progress by three years.",6_21,1_9,,6,1
"Health risks from household air pollution are particularly high among women and children, who tend to spend more time in and around cooking stoves.","By artificially lowering fossil fuel prices, subsidies harm the competitiveness of cleaner energy sources and hinder the low-carbon transition.",3_33,7_2,,3,7
Nearly 60 per cent of countries faced moderately to abnormally high food prices in 2022.,"Achieving universal coverage by 2030 will require a sixfold increase in current rates of progress for safely managed drinking water, a fivefold increase for safely managed sanitation and a threefold increase for basic hygiene services.",2_20,6_13,,2,6
An urgent need for enhanced climate change and sustainability education and teacher training,Strengthening partnerships is key to more inclusive data.,13_27,17_1,,13,17
"Despite a falling working poverty rate, more than half of workers living in extreme poverty were still in sub-Saharan Africa (145 million).",Progress in reducing emissions intensity to cut global emissions overall has been insufficient.,1_14,13_40,,1,13
Prioritizing investments in education and skills development is crucial to expedite the growth of medium- and high-tech industries by equipping the workforce to compete effectively in a dynamic global manufacturing landscape.,"A reliance on traditional stoves and polluting fuels worsens health and environmental risks, particularly for women and children, who bear the brunt of cooking and fuel collection burdens.",8_25,5_28,,8,5
This deceleration can be attributed to the significant surge in clean energy technologies since 2019.,"Climate change worsens these issues, posing significant risks to social stability.",7_14,6_8,,7,6
"Challenges such as inflation, climate change, geopolitical conflicts and uneven economic recovery threaten the sustainable development of the sector, particularly in small island developing States, which rely heavily on tourism.","Ensuring equitable access to public transportation helps to reduce food insecurity, boost economies, empower women, and connect people to key health, education and financial services, especially vulnerable urban populations.",13_37,10_7,,13,10
"Rising conflicts and violent organized crime persist around the world, causing immense human suffering and hampering sustainable development.","This degradation, driven by changes in land use and coverage, significantly contributes to biodiversity loss, including in fragile mountain ecosystems.",16_2,15_11,,16,15
"While headline unemployment figures improved, persistent challenges such as working poverty and informal employment highlight ongoing struggles in realizing decent work.","All these factors destroy habitats, diminish biodiversity and threaten coastal communities and the health of marine ecosystems, vital to over 3 billion people.",8_17,14_1,,8,14
Climate records were shattered in 2023 as the climate crisis accelerated in real time.,"Data availability score for Education, 2022 (score 0–100)",13_5,4_0,,13,4
"This emphasizes the urgent need for a comprehensive approach to addressing the housing crisis, including through diverse housing options, while achieving equitable access to public transportation and essential services.",Coordinated global action on integrated water management to address climate change impacts as well as better management of shared waters are also key.,11_6,13_30,,11,13
"Despite basic services in schools being essential for fair learning opportunities, progress has been slow, particularly affecting students with disabilities and girls.","This exploitation jeopardizes the survival of species and undermines ecosystem functions, especially when compounded by other pressures, such as habitat loss and climate change.",5_7,13_22,,5,13
"In the 75 most vulnerable countries, which qualify for concessional lending from the World Bank’s International Development Association, one in four people live on less than $2.15 a day – more than eight times the extreme poverty rate in the rest of the world.","Health risks from household air pollution are particularly high among women and children, who tend to spend more time in and around cooking stoves.",1_11,3_33,,1,3
Public transit remains out of easy reach for 40 per cent of urban residents worldwide,"Stopping the ongoing decline in biodiversity is an urgent race against time, making accelerated conservation efforts imperative to safeguard the irreplaceable and intricate web of life on the planet.",11_10,15_7,,11,15
"The Kunming-Montreal Global Biodiversity Framework commits to establishing protected areas to safeguard areas of particular importance for biodiversity, adding up to cover 30 per cent of oceans by 2030.","Changing course requires prioritizing the achievement of universal health coverage, strengthening health systems, investing in disease prevention and treatment, and addressing disparities in access to care and services, especially for vulnerable populations.",14_7,3_11,,14,3
"Between 2015 and 2019, at least 100 million hectares of productive land were degraded annually, adversely impacting global food and water security.","In the 75 most vulnerable countries, which qualify for concessional lending from the World Bank’s International Development Association, one in four people live on less than $2.15 a day – more than eight times the extreme poverty rate in the rest of the world.",2_6,1_11,,2,1
"Climate change worsens these issues, posing significant risks to social stability.","Informal employment poses a significant global challenge, with over 2 billion workers in informal jobs lacking social protection in 2023.",13_29,8_11,,13,8
"This disproportionate burden is amplified in lower-income households, contributing to poverty, inequality and precariousness, including by limiting labour-market participation.","In 2022, 1.6 billion people required treatment and care for neglected tropical diseases, a 26.1 per cent decline from 2010.",1_17,3_28,,1,3
These regional disparities underscore the need for targeted efforts to achieve equal educational opportunities for all children.,"The COVID-19 pandemic caused extreme poverty to rise in 2020 for the first time in decades, reversing global progress by three years.",4_9,1_9,,4,1
"Countries with higher levels of integrated water resources management (score 0 to 100 per cent) are more resilient to climate change, biodiversity loss and pollution.",The maternal mortality ratio is largely stuck at a level more than three times the 2030 target.,6_19,3_5,,6,3
"Globally, young women are over twice as likely as young men to be NEET.","Malnutrition among children under age 5 remains a significant concern, posing heightened risks to their growth and development.",5_29,2_12,,5,2
This effort is essential to foster inclusive urban development and improve the livelihoods of the urban poor.,Nearly 60 per cent of countries faced moderately to abnormally high food prices in 2022.,11_13,2_20,,11,2
"In 2022, 88,000 women became homicide victims globally compared to 360,000 men.",Successful SDG monitoring requires NSOs to play a strong stewardship role within the national data ecosystem.,5_2,0_4,,5,0
Yet a significant teacher qualification gap persists globally.,"As of 2022, 134 countries had already met the target.",4_16,3_23,,4,3
"Globally, young women are over twice as likely as young men to be NEET.","At the same time, as of 2022, only 9 of 193 countries had included food waste in their NDCs, revealing a significant gap in connecting this issue with climate action and the objective of halving food waste and reducing losses by 2030.",5_29,13_2,,5,13
"To achieve the SDG target, stakeholders could leverage digitalization to reduce costs, increase efficiency and improve remittance accessibility.","Although intended to aid vulnerable households, subsidies often disproportionately benefit wealthier people, who consume more energy than lower-income households, as well as carbon-intensive companies.",8_1,10_11,,8,10
Access to justice is a fundamental human right.,"Tourism remains crucial for jobs, local ecosystems, peacebuilding and poverty reduction through income generation and tax revenues.",16_10,1_18,,16,1
"The global material footprint, representing raw materials extracted to meet final consumption demands, increased by 71 per cent from 57.4 billion metric tons in 2000 to 98.0 billion metric tons in 2022.","To accelerate progress towards Goal 9, a concerted effort is needed to promote inclusive and sustainable industrialization, foster innovation through increased investment in research and development, prioritize and accelerate the green transition, and facilitate access to information and communications technology.",12_7,9_5,,12,9
"Between 2015 and 2019, at least 100 million hectares of productive land were degraded annually, adversely impacting global food and water security.",Marine designations should be strategically located to safeguard key biodiversity areas.,2_6,14_9,,2,14
Women’s political participation remains constrained.,"The proportion of medium- and high-tech manufacturing value added in total value added rose from 46.34 per cent in 2015 to 46.88 per cent in 2019, an upward trend slightly disrupted by the COVID-19 pandemic.",5_20,9_7,,5,9
"Urgent action is needed to combat corruption and organized crime, strengthen the rule of law and access to justice, build effective and inclusive governance institutions, and protect rights and fundamental freedoms.","Climate change worsens these issues, posing significant risks to social stability.",16_6,13_29,,16,13
"In addition, the integration of HIV testing and treatment with maternal and childcare services has prevented over 3.4 million HIV infections in children since 2000.",The Intergovernmental Panel on Climate Change warns that up to 90 per cent of corals could be lost by 2050 at 1.5°C of warming and up to 99 per cent at 2°C.,3_25,13_20,,3,13
"Furthermore, diminished forest and vegetation coverage increase soil erosion, heightening the risk of downstream landslides and flooding.","Annual growth in economic productivity, defined as the growth rate of real GDP per employed person, stagnated in 2022 and 2023 below 0.5 per cent, a stark contrast to the period from 2015 to 2019, when the average growth rate exceeded 1.5 per cent.",15_14,8_14,,15,8
Building partnerships with diverse stakeholders makes SDG monitoring more inclusive and incorporates different perspectives and needs.,"This is still above the 3 per cent SDG target, however.",17_2,6_0,,17,6
"Globally, only about a third of mountain key biodiversity areas are safeguarded by protected areas or other effective area-based conservation measures.","The Kunming-Montreal Global Biodiversity Framework commits to establishing protected areas to safeguard areas of particular importance for biodiversity, adding up to cover 30 per cent of oceans by 2030.",15_12,14_7,,15,14
High rates of unregulated urban sprawl pressure the environment and diminish quality of life,Progress in reducing emissions intensity to cut global emissions overall has been insufficient.,11_7,13_40,,11,13
"These alarming figures indicate that the road to global peace and security, essential for sustainable development, has been diverted.","Despite increasing efforts and commitments to expand social protection programmes, significant coverage gaps left 1.4 billion children uncovered in 2023.",16_8,1_6,,16,1
"In 2023, data on 91,000 water bodies from 120 countries revealed that 56 per cent had good water quality.",Official development assistance for health has scaled up but with a major share spent on COVID-19.,6_17,3_35,,6,3
"Despite a falling working poverty rate, more than half of workers living in extreme poverty were still in sub-Saharan Africa (145 million).",Progressing towards universal health coverage requires addressing the global shortage of health workers.,1_14,3_17,,1,3
"Overfishing can harm biodiversity, ecosystems and fisheries production, and imposes adverse social and economic costs.",The road map to halting warming at 1.5°C and avoiding the worst of climate chaos is clear but cannot afford any delays or half measures.,14_4,13_9,,14,13
"Climate change worsens these issues, posing significant risks to social stability.","Violence against women persists, disproportionately affecting those with disabilities.",6_8,5_12,,6,5
"In 2024, the air transport industry is expected to support 87.7 million jobs globally, with a direct and indirect economic impact of $3.5 trillion, equivalent to 4.1 per cent of world GDP.","In 2022, 1.6 billion people required treatment and care for neglected tropical diseases, a 26.1 per cent decline from 2010.",8_21,3_28,,8,3
Productive and sustainable agriculture is key to ensuring the attainment and continued satisfaction of human needs in present and future generations.,Over 90 per cent of employed women in the LDCs and nearly 90 per cent in sub-Saharan Africa and Central and Southern Asia performed informal work.,8_7,5_33,,8,5
"Record-high food prices in 2022 worsened purchasing power and access to food, negatively impacting food security and nutritional outcomes.","With one third of prisoners unsentenced worldwide, achieving just judicial processes and improving prison conditions is imperative.",2_15,16_4,,2,16
"Financial hardship due to out-of-pocket health spending has worsened since 2015, affecting 2 billion people in 2019.","Health risks from household air pollution are particularly high among women and children, who tend to spend more time in and around cooking stoves.",10_16,5_5,,10,5
Global unemployment hit a historic low of 5 per cent in 2023 yet persistent roadblocks remain in achieving decent work.,"Women typically experience higher working poverty rates than men, with the most pronounced gender gap observed in the least developed countries (LDCs).",8_10,5_3,,8,5
Legal protections of women’s land rights remain grossly inadequate.,"These findings suggest that efforts to reduce deforestation must tackle production system weaknesses while addressing critical needs such as food security, income and land tenure rights for local communities.",5_17,15_4,,5,15
"As countries continue to strengthen statistical foundations, embracing innovation and integrating diverse data sources and methodologies will be critical in overcoming challenges such as declining response rates as well as in fostering collaborative partnerships.","Progress towards Goal 4 has been slow since 2015, with only 58 per cent of students worldwide achieving a minimum proficiency in reading by 2019.",17_0,4_3,,17,4
Considerable strides have been made in achieving sustainable energy targets.,"Moreover, an estimated 28.9 per cent of the world’s population, or 2.33 billion people, were moderately or severely food insecure in 2023 – 383 million more than in 2019.",7_5,2_11,,7,2
"Progress towards Goal 8 faces headwinds from the COVID-19 aftermath, trade tensions, rising debt in developing countries, conflicts and geopolitical strains – collectively threatening global economic growth.","Women carry an unfair burden of unpaid domestic and care work, spending 2.5 times more hours a day on it than men.",8_9,5_14,,8,5
"Interestingly, high-income countries generally exhibited lower overall disaggregated data availability compared to low- and middle-income countries.","In 2022, 712 million people (or 9 per cent of the world’s population) lived in extreme poverty, an increase of 23 million people over 2019.",10_0,1_10,,10,1
"Effective fisheries management can possibly reverse these effects (if they are driven by overfishing and not factors such as habitat degradation, pollution or climate change) and lead to optimal stock levels while supporting global food security and coastal communities.","Domestic material consumption measures materials directly used within an economy, including those that are extracted and imported but without those that are exported.",2_4,12_6,,2,12
"Malnutrition among children under age 5 remains a significant concern, posing heightened risks to their growth and development.","For the second consecutive year, the number of civilians killed in conflict rose dramatically, reversing a downward trend from 2016 to 2019.",2_12,16_7,,2,16
"This involves not only financial resources but also requires building capacity, modernizing infrastructure and adopting international statistical standards.","With urbanization on the rise and nearly 70 per cent of the global population projected to reside in cities by 2050, the development of critical infrastructure, affordable housing, efficient transport systems and essential social services is imperative to create resilient and sustainable cities that meet the needs of all.",9_0,11_2,,9,11
"Accelerated investments are needed to extend public transit services to the most marginalized communities, both in developing regions and impoverished urban neighbourhoods in developed countries.","To achieve the SDG target, stakeholders could leverage digitalization to reduce costs, increase efficiency and improve remittance accessibility.",11_12,8_1,,11,8
"Increasing borrowing costs have and will continue to divert scarce resources from critical development needs such as poverty reduction, climate action, health and education.","In a landscape of declining international cooperation and rising geopolitical tensions, strengthened global partnerships and enhanced cooperation are urgently needed to address widening financing gaps, reinforce post-pandemic recovery and promote sustainable development, particularly in the LDCs and other vulnerable countries.",1_2,17_10,,1,17
"Rising ocean temperatures are raising new concerns for coral reefs, which support a quarter of marine species, provide resources for hundreds of millions of people in coastal communities and generate trillions of dollars in revenue annually.","These approaches can take advantage of opportunities at every stage of production to reduce resource and fossil fuel use, drive innovation, conserve energy and mitigate emissions.",13_16,12_1,,13,12
"Small enterprises are the backbone of economies worldwide, providing job opportunities and supporting livelihoods across communities.","Although intended to aid vulnerable households, subsidies often disproportionately benefit wealthier people, who consume more energy than lower-income households, as well as carbon-intensive companies.",8_22,10_11,,8,10
"Key actions include switching to more efficient fuels, such as by electrifying final uses and providing universal access to clean cooking.","The total slum population was 1.12 billion in 2022, 130 million more than in 2015, marking a reversal from the consistent decrease observed from 2000 to 2020.",7_13,11_5,,7,11
High rates of consumption and insufficient reuse or recycling are producing vast piles of e-waste,"Women, particularly in the LDCs and regions with high informality rates, experienced a disproportionate increase in informal employment during the pandemic.",12_2,5_32,,12,5
"Between 2015 and 2022, the proportion of the population using safely managed drinking water increased from 69 to 73 per cent.","From 2019 to 2023, 62 Member States and the European Union reported 516 policy instruments to accelerate the transition to sustainable consumption and production patterns.",6_11,12_4,,6,12
"Investing in decentralized renewable energy, including stand-alone off-grid solar and mini-grids, together with electricity-as-a-service models holds significant potential to bridge the access gap.","Despite some improvements, progress in water and sanitation remains insufficient.",7_8,6_5,,7,6
"Interestingly, high-income countries generally exhibited lower overall disaggregated data availability compared to low- and middle-income countries.","Increasing borrowing costs have and will continue to divert scarce resources from critical development needs such as poverty reduction, climate action, health and education.",10_0,1_2,,10,1
"Accelerated investments are needed to extend public transit services to the most marginalized communities, both in developing regions and impoverished urban neighbourhoods in developed countries.","Fossil fuel subsidies reached a record high of $1.53 trillion in 2022, driven by rising energy prices post-pandemic and the impact of the Russian Federation’s invasion of Ukraine, which disrupted global energy markets.",11_12,13_13,,11,13
"Progress towards Goal 8 faces headwinds from the COVID-19 aftermath, trade tensions, rising debt in developing countries, conflicts and geopolitical strains – collectively threatening global economic growth.","With about 269 million young people globally not in education or work in 2023, intensified efforts are needed to reduce NEET rates, particularly among young women.",8_9,5_31,,8,5
"This involves not only financial resources but also requires building capacity, modernizing infrastructure and adopting international statistical standards.","At the SDG Summit in September 2023, Heads of State and Government committed to advancing the Secretary-General’s SDG Stimulus proposal of unlocking $500 billion in additional financing and investment annually.",9_0,0_8,,9,0
"Despite variations across regions and country-specific differences, women in general perform most unpaid domestic and care work.","Climate change is hindering poverty reduction, and disasters result in millions of households becoming poor or remaining trapped in poverty.",10_23,1_7,,10,1
"Accelerated investments are needed to extend public transit services to the most marginalized communities, both in developing regions and impoverished urban neighbourhoods in developed countries.","Record-high food prices in 2022 worsened purchasing power and access to food, negatively impacting food security and nutritional outcomes.",11_12,2_15,,11,2
"Progress towards Goal 4 has been slow since 2015, with only 58 per cent of students worldwide achieving a minimum proficiency in reading by 2019.","Interestingly, high-income countries generally exhibited lower overall disaggregated data availability compared to low- and middle-income countries.",4_3,10_0,,4,10
"Addressing pressing environmental challenges and their underlying drivers and interconnections – including climate change, biodiversity loss, pollution, desertification and deforestation – demands intensified, accelerated efforts, and a comprehensive and integrated approach at local, national and global levels.","Cooperative agreements among countries sharing transboundary water resources (rivers, lakes and aquifers) are essential for advancing sustainable development and addressing climate change.",15_2,17_13,,15,17
Considerable strides have been made in achieving sustainable energy targets.,"To meet national 2030 education targets, which have been scaled back compared to the original Goal 4 targets, countries must annually enrol 1.4 million children in early childhood education, admit a new child to school every two seconds until 2030 and triple annual progress in primary completion rates.",7_5,4_5,,7,4
"From 2019 to 2023, 62 Member States and the European Union reported 516 policy instruments to accelerate the transition to sustainable consumption and production patterns.",Heavy burdens of unpaid domestic and care work trap women in poverty and inequality,12_4,1_16,,12,1
"Ensuring equitable access to public transportation helps to reduce food insecurity, boost economies, empower women, and connect people to key health, education and financial services, especially vulnerable urban populations.","Globally, only about a third of mountain key biodiversity areas are safeguarded by protected areas or other effective area-based conservation measures.",11_11,15_12,,11,15
Much of the increase comes from climate change and reservoir filling.,"Stemming deforestation also demands a comprehensive approach blending regulatory measures, market incentives and stakeholder collaboration to promote sustainable land management and preserve forest ecosystems.",13_31,15_5,,13,15
"These findings suggest that efforts to reduce deforestation must tackle production system weaknesses while addressing critical needs such as food security, income and land tenure rights for local communities.",Strengthening their voice and participation is crucial to ensuring a more inclusive and equitable global economic system.,15_4,17_6,,15,17
"with major shortfalls in priority development areas, such as gender equality (Goal 5), climate action (Goal 13), and peace, justice and strong institutions (Goal 16).","Annual growth in economic productivity, defined as the growth rate of real GDP per employed person, stagnated in 2022 and 2023 below 0.5 per cent, a stark contrast to the period from 2015 to 2019, when the average growth rate exceeded 1.5 per cent.",13_0,8_14,,13,8
Drastic reductions in global greenhouse gas emissions must take place by 2030 and reach net zero by 2050.,"Furthermore, diminished forest and vegetation coverage increase soil erosion, heightening the risk of downstream landslides and flooding.",13_10,15_14,,13,15
"Overall, children from the richest households are twice as likely to attend preschool compared to those from the least affluent households.","The global extreme poverty rate increased in 2020 for the first time in decades, setting back progress by three years.",10_20,1_4,,10,1
"Parity in women’s participation in public life remains elusive, and in management positions, at current rates, parity will require another 176 years.","Countries are adopting various strategies to enhance water use efficiency, including infrastructure modernization, more efficient irrigation and wastewater reuse.",5_13,9_4,,5,9
"This involves not only financial resources but also requires building capacity, modernizing infrastructure and adopting international statistical standards.","In a landscape of declining international cooperation and rising geopolitical tensions, strengthened global partnerships and enhanced cooperation are urgently needed to address widening financing gaps, reinforce post-pandemic recovery and promote sustainable development, particularly in the LDCs and other vulnerable countries.",9_0,17_10,,9,17
"In 42 countries specifying treatment levels, 60 per cent of total wastewater flows were safely treated (with at least secondary treatment).","If all countries met the target for under-5 mortality, an estimated 9 million lives could be saved by 2030.",6_15,3_22,,6,3
"Prioritizing increased education funding, teacher training, and inclusive and accessible schools are essential steps, along with leveraging technology and bridging the digital divide to achieve equitable access to quality education.","The trend must be reversed, conflicts must end, and parties to conflicts must strictly abide by international humanitarian and human rights obligations to protect civilians’ lives.",4_6,16_9,,4,16
"The global extreme poverty rate increased in 2020 for the first time in decades, setting back progress by three years.",Twenty-one million children missed out on life-saving vaccines in 2022.,1_4,3_29,,1,3
"Climate change is hindering poverty reduction, and disasters result in millions of households becoming poor or remaining trapped in poverty.","Globally, only about a third of mountain key biodiversity areas are safeguarded by protected areas or other effective area-based conservation measures.",1_7,15_12,,1,15
"Changing course requires prioritizing the achievement of universal health coverage, strengthening health systems, investing in disease prevention and treatment, and addressing disparities in access to care and services, especially for vulnerable populations.","As oceans continue to warm amid rising global temperatures, the frequency and severity of coral bleaching will likely increase.",3_11,13_19,,3,13
"Rising ocean temperatures are raising new concerns for coral reefs, which support a quarter of marine species, provide resources for hundreds of millions of people in coastal communities and generate trillions of dollars in revenue annually.","Achieving zero hunger requires intensified efforts to transform food systems so they are sustainable, resilient and equitable.",13_16,2_9,,13,2
"Moreover, an estimated 28.9 per cent of the world’s population, or 2.33 billion people, were moderately or severely food insecure in 2023 – 383 million more than in 2019.","Trends in domestic wastewater suggest that little, if any, progress is being made towards the target of halving the proportion of unsafe discharges by 2030.",2_11,6_16,,2,6
"Health systems are experiencing increased strains in catering to the mounting health needs of an ageing global population, more so because the health workforce itself is ageing.",Heavy burdens of unpaid domestic and care work trap women in poverty and inequality,3_19,5_22,,3,5
"This disproportionate burden is amplified in lower-income households, contributing to poverty, inequality and precariousness, including by limiting labour-market participation.","Without concerted efforts, the majority of urban populations will struggle to access vital amenities, particularly the most vulnerable residents.",5_23,11_15,,5,11
"In 2023, global CO2 emissions from energy combustion and industrial processes increased by 1.1 per cent to an unprecedented 37.4 gigatons.",Much more effort is needed to realize the full potential of transboundary water cooperation.,13_39,17_14,,13,17
"Progress towards universal health coverage has slowed, leaving billions without care and subject to catastrophic costs.",Open public spaces in urban areas foster inclusive and vibrant cities.,3_12,11_14,,3,11
"Strong and sustained commitments to changing biased social norms, eliminating harmful practices and abolishing discriminatory laws are urgently needed.",Drastic reductions in global greenhouse gas emissions must take place by 2030 and reach net zero by 2050.,5_15,13_10,,5,13
"Over 44,000 species, or 28 per cent of almost 160,000 assessed species, are currently threatened.",Teachers are the single most important factor in student learning.,15_6,4_15,,15,4
Earnings from work are particularly important for less well-off and vulnerable people.,"The global extreme poverty rate increased in 2020 for the first time in decades, setting back progress by three years.",8_0,1_4,,8,1
"Small-scale food producers play essential roles in agricultural and food production systems, enhancing resilience and fighting hunger.",The water stress level measures all freshwater withdrawals relative to total freshwater resources.,2_18,6_20,,2,6
"Treatment coverage for women consistently lags behind that for men across all regions, with over 13 per cent of men receiving treatment compared to less than 6 per cent of women in 2022.","According to the World Meteorological Organization, as of April 2024, sea surface temperatures had reached record highs for 13 consecutive months.",3_31,13_17,,3,13
Twenty-two reforms centred on equal rights to employment and economic benefits and 18 on stopping violence against women.,All SDGs depend on establishing lasting peace and preventing violent conflicts.,8_8,16_5,,8,16
Over 90 per cent of employed women in the LDCs and nearly 90 per cent in sub-Saharan Africa and Central and Southern Asia performed informal work.,"Countries with higher levels of integrated water resources management (score 0 to 100 per cent) are more resilient to climate change, biodiversity loss and pollution.",5_33,13_35,,5,13
"Despite basic services in schools being essential for fair learning opportunities, progress has been slow, particularly affecting students with disabilities and girls.","Global forest area continues to decline, primarily due to agricultural expansion, despite notable progress in sustainable forest management.",5_7,15_1,,5,15
Successful SDG monitoring requires NSOs to play a strong stewardship role within the national data ecosystem.,"Rising ocean temperatures are raising new concerns for coral reefs, which support a quarter of marine species, provide resources for hundreds of millions of people in coastal communities and generate trillions of dollars in revenue annually.",0_4,14_10,,0,14
"Progress towards Goal 8 faces headwinds from the COVID-19 aftermath, trade tensions, rising debt in developing countries, conflicts and geopolitical strains – collectively threatening global economic growth.","The trend must be reversed, conflicts must end, and parties to conflicts must strictly abide by international humanitarian and human rights obligations to protect civilians’ lives.",8_9,16_9,,8,16
Progress in reducing emissions intensity to cut global emissions overall has been insufficient.,"At the SDG Summit in September 2023, Heads of State and Government committed to advancing the Secretary-General’s SDG Stimulus proposal of unlocking $500 billion in additional financing and investment annually.",13_40,0_8,,13,0
"Without concerted efforts, the majority of urban populations will struggle to access vital amenities, particularly the most vulnerable residents.","Informal employment poses a significant global challenge, with over 2 billion workers in informal jobs lacking social protection in 2023.",11_15,8_11,,11,8
"Oceans face significant challenges from eutrophication, worsening acidification, declining fish stocks, rising temperatures and widespread pollution.",Considerable strides have been made in achieving sustainable energy targets.,14_0,7_5,,14,7
"Between 2015 and 2019, at least 100 million hectares of productive land were degraded annually, adversely impacting global food and water security.",Marine designations should be strategically located to safeguard key biodiversity areas.,15_10,14_9,,15,14
"Rising ocean temperatures are raising new concerns for coral reefs, which support a quarter of marine species, provide resources for hundreds of millions of people in coastal communities and generate trillions of dollars in revenue annually.","Illegal wildlife trade persists worldwide despite two decades of concerted action at international and national levels and poses a significant threat to global biodiversity, endangering a wide range of terrestrial and marine species.",13_16,15_8,,13,15
"This is still above the 3 per cent SDG target, however.","Globally, over 2 billion people were in informal employment in 2023, comprising 58.0 per cent of the global workforce, a share projected to slightly decrease to 57.8 per cent in 2024.",6_0,8_18,,6,8
"In 2022, 712 million people (or 9 per cent of the world’s population) lived in extreme poverty, an increase of 23 million people over 2019.",Much of the increase comes from climate change and reservoir filling.,1_10,13_31,,1,13
"If all countries met the target for under-5 mortality, an estimated 9 million lives could be saved by 2030.",Open public spaces in urban areas foster inclusive and vibrant cities.,3_22,11_14,,3,11
A withdrawal rate above 75 per cent of renewable water resources represents high water stress; more than 100 per cent is critical.,"Women, particularly in the LDCs and regions with high informality rates, experienced a disproportionate increase in informal employment during the pandemic.",6_21,8_20,,6,8
Earnings from work are particularly important for less well-off and vulnerable people.,"Changing course requires prioritizing the achievement of universal health coverage, strengthening health systems, investing in disease prevention and treatment, and addressing disparities in access to care and services, especially for vulnerable populations.",8_0,3_11,,8,3
Coordinated global action on integrated water management to address climate change impacts as well as better management of shared waters are also key.,"Between 2015 and 2022, the proportion of the population using safely managed drinking water increased from 69 to 73 per cent.",13_30,6_11,,13,6
"This emphasizes the urgent need for a comprehensive approach to addressing the housing crisis, including through diverse housing options, while achieving equitable access to public transportation and essential services.","Urgent action is needed to combat corruption and organized crime, strengthen the rule of law and access to justice, build effective and inclusive governance institutions, and protect rights and fundamental freedoms.",11_6,0_7,,11,0
"Although 90 per cent of countries report that they mainstream sustainable development and global citizenship subjects in national education systems, evidence suggests scattered uptake.","As countries continue to strengthen statistical foundations, embracing innovation and integrating diverse data sources and methodologies will be critical in overcoming challenges such as declining response rates as well as in fostering collaborative partnerships.",13_28,17_0,,13,17
The global response to infectious diseases has saved millions of lives and paved the way for healthier communities.,"The variance in country data coverage plays out differently across the Goals, with major shortfalls in priority development areas, such as gender equality (Goal 5), climate action (Goal 13), and peace, justice and strong institutions (Goal 16).",3_7,5_0,,3,5
"The total slum population was 1.12 billion in 2022, 130 million more than in 2015, marking a reversal from the consistent decrease observed from 2000 to 2020.",Yet a significant teacher qualification gap persists globally.,11_5,4_16,,11,4
"For the second consecutive year, the number of civilians killed in conflict rose dramatically, reversing a downward trend from 2016 to 2019.","In 2022, 74 per cent of the global population had access to clean cooking.",16_7,7_9,,16,7
Sustainable urban development calls for mitigating the adverse impacts of urban sprawl and achieving a balanced approach to urban growth.,"Developing countries make up 74 per cent of United Nations General Assembly Members but have limited voice and participation in international economic decision-making, norm-setting and governance.",11_9,10_4,,11,10
An urgent need for enhanced climate change and sustainability education and teacher training,"In the Hangzhou declaration on accelerating progress on the Cape Town Global Action Plan for Sustainable Development Data, countries agreed on “an urgent and sustained increase in the level and scale of investments in data and statistics from domestic and international actors, from the public, private and philanthropic sectors, to strengthen statistical capacity in low-income countries and fragile states, close data gaps for vulnerable groups and enhance country resilience in the current context of economic crisis, conflict, climate change and increased food insecurity.”",13_27,2_0,,13,2
"Globally, over 20 per cent of primary schools have no separate sanitation facilities for girls.","Progress towards Goal 8 faces headwinds from the COVID-19 aftermath, trade tensions, rising debt in developing countries, conflicts and geopolitical strains – collectively threatening global economic growth.",6_3,8_9,,6,8
"Accelerated investments are needed to extend public transit services to the most marginalized communities, both in developing regions and impoverished urban neighbourhoods in developed countries.",Over 90 per cent of employed women in the LDCs and nearly 90 per cent in sub-Saharan Africa and Central and Southern Asia performed informal work.,10_8,5_33,,10,5
Addressing inequality both within and among countries necessitates international cooperation for fair trade and financial systems.,"Small enterprises are the backbone of economies worldwide, providing job opportunities and supporting livelihoods across communities.",17_7,8_22,,17,8
High rates of unregulated urban sprawl pressure the environment and diminish quality of life,"Despite commendable increases in data to monitor the SDGs, critical gaps persist",11_7,0_0,,11,0
"Developing countries make up 74 per cent of United Nations General Assembly Members but have limited voice and participation in international economic decision-making, norm-setting and governance.","To achieve the SDG target, stakeholders could leverage digitalization to reduce costs, increase efficiency and improve remittance accessibility.",17_8,8_1,,17,8
"In 2022, roughly half the world’s population experienced severe water scarcity for at least part of the year.",Global unemployment hit a historic low of 5 per cent in 2023 yet persistent roadblocks remain in achieving decent work.,6_7,8_10,,6,8
More people have safe drinking water and sanitation but billions still go without.,"Parity in women’s participation in public life remains elusive, and in management positions, at current rates, parity will require another 176 years.",6_10,5_13,,6,5
"A lack of handwashing facilities in 2 out of 10 schools poses health risks, especially during pandemics.","Urgent action is needed to combat corruption and organized crime, strengthen the rule of law and access to justice, build effective and inclusive governance institutions, and protect rights and fundamental freedoms.",6_4,16_6,,6,16
"In 2023, ocean heat content soared to its highest level in 65 years; over 90 per cent of the ocean experienced heatwave conditions at some point during the year.","At the World Bank’s main lending arm, developing countries hold only 39 per cent of voting rights, far short of their 75 per cent share of the bank’s membership.",13_18,10_5,,13,10
"As countries continue to strengthen statistical foundations, embracing innovation and integrating diverse data sources and methodologies will be critical in overcoming challenges such as declining response rates as well as in fostering collaborative partnerships.","At the current speed, in 2030, 2 billion people will still live without safely managed drinking water, 3 billion without safely managed sanitation and 1.4 billion without basic hygiene services.",17_0,6_6,,17,6
"Despite progress, nearly 241 million workers globally still lived in extreme poverty in 2023.","Treatment coverage for women consistently lags behind that for men across all regions, with over 13 per cent of men receiving treatment compared to less than 6 per cent of women in 2022.",8_6,3_31,,8,3
"Accelerating progress demands sustainable economic policies, support for entrepreneurship and innovation, formalization of the informal economy, safeguards of workers’ rights, social justice, and inclusive employment opportunities, especially for women and youth.","Rising conflicts and violent organized crime persist around the world, causing immense human suffering and hampering sustainable development.",8_12,16_2,,8,16
"Women typically experience higher working poverty rates than men, with the most pronounced gender gap observed in the least developed countries (LDCs).","This exploitation jeopardizes the survival of species and undermines ecosystem functions, especially when compounded by other pressures, such as habitat loss and climate change.",5_3,13_22,,5,13
Strengthening their voice and participation is crucial to ensuring a more inclusive and equitable global economic system.,"From 2019 to 2023, 62 Member States and the European Union reported 516 policy instruments to accelerate the transition to sustainable consumption and production patterns.",17_6,12_4,,17,12
Nearly 60 per cent of countries faced moderately to abnormally high food prices in 2022.,"To achieve the SDG target, stakeholders could leverage digitalization to reduce costs, increase efficiency and improve remittance accessibility.",2_20,8_1,,2,8
"While these measures are expected to be short-lived, prolonged health issues and educational losses among individuals could potentially have long-term impacts on human capital.","Climate change is hindering poverty reduction, and disasters result in millions of households becoming poor or remaining trapped in poverty.",4_2,1_7,,4,1
New policies in 2023 integrated sustainable consumption and production patterns into high-impact sectors.,"Although 89 per cent of women can autonomously decide to use contraception, one in four cannot make health-care decisions or say no to sex.",12_5,5_27,,12,5
"Climate change worsens these issues, posing significant risks to social stability.","Overall, children from the richest households are twice as likely to attend preschool compared to those from the least affluent households.",13_29,10_20,,13,10
"To achieve Goal 2, significant efforts are needed to mitigate the impacts of climate change, conflict and economic crisis.","By end 2023, a record 37.4 million refugees under the mandate of the United Nations High Commissioner for Refugees (UNHCR) remained forcibly displaced from their countries due to war, conflict, persecution, human rights violations and events seriously disturbing public order.",2_14,16_1,,2,16
New policies in 2023 integrated sustainable consumption and production patterns into high-impact sectors.,Ensuring universal health coverage without financial hardship is crucial to healthy lives and well-being for all.,12_5,3_9,,12,3
"Alongside disruptions caused by COVID-19, the global malaria response faces increasing threats, including drug and insecticide resistance, humanitarian crises, funding constraints, delays in programme implementation and climate change impacts.","Annual growth in economic productivity, defined as the growth rate of real GDP per employed person, stagnated in 2022 and 2023 below 0.5 per cent, a stark contrast to the period from 2015 to 2019, when the average growth rate exceeded 1.5 per cent.",13_26,8_14,,13,8
"The lack of equitable access to public transportation is a significant concern, particularly in LDCs, where only 4 in 10 individuals have convenient access.",Yet a significant teacher qualification gap persists globally.,11_0,4_16,,11,4
"In the 75 most vulnerable countries, which qualify for concessional lending from the World Bank’s International Development Association, one in four people live on less than $2.15 a day – more than eight times the extreme poverty rate in the rest of the world.","A deepening global slum crisis requires urgent action on housing, transportation and services",1_11,11_3,,1,11
"with major shortfalls in priority development areas, such as gender equality (Goal 5), climate action (Goal 13), and peace, justice and strong institutions (Goal 16).","Stemming deforestation also demands a comprehensive approach blending regulatory measures, market incentives and stakeholder collaboration to promote sustainable land management and preserve forest ecosystems.",13_0,15_5,,13,15
The global working poverty rate slightly increased to 7.7 per cent in 2020 before declining to 6.9 per cent in 2023.,"Globally, over 20 per cent of primary schools have no separate sanitation facilities for girls.",8_5,5_8,,8,5
"with major shortfalls in priority development areas, such as gender equality (Goal 5), climate action (Goal 13), and peace, justice and strong institutions (Goal 16).","Despite progress, nearly 241 million workers globally still lived in extreme poverty in 2023.",13_0,8_6,,13,8
"Developing countries make up 74 per cent of United Nations General Assembly Members but have limited voice and participation in international economic decision-making, norm-setting and governance.","The Kunming-Montreal Global Biodiversity Framework commits to establishing protected areas to safeguard areas of particular importance for biodiversity, adding up to cover 30 per cent of oceans by 2030.",10_4,14_7,,10,14
"Ending poverty requires a wide-ranging approach that combines comprehensive social protection systems, inclusive economic policies, investments in human capital, measures to address inequality and climate resilience, and international cooperation and partnership.","Public funds shoring up the production and consumption of oil, coal and gas more than doubled between 2021 and 2022, and more than tripled from their 2015 levels, reversing progress made between 2012 and 2020 and hindering the net-zero transition.",1_8,7_3,,1,7
"Effective fisheries management can possibly reverse these effects (if they are driven by overfishing and not factors such as habitat degradation, pollution or climate change) and lead to optimal stock levels while supporting global food security and coastal communities.",This resource insufficiency threatens the resilience of statistical systems and risks leaving vulnerable populations behind.,2_4,1_3,,2,1
The slow pace of productivity growth in the last two years poses a risk to economic growth and development.,"Declines in maternal mortality have stalled, with wide disparities by region and income.",8_15,3_20,,8,3
"Global forest area continues to decline, primarily due to agricultural expansion, despite notable progress in sustainable forest management.",Reaching the 10 per cent SDG target by 2030 calls for effectively managing important sites covering an average additional 1.13 million square kilometres of ocean each year.,15_1,14_6,,15,14
"Tackling climate change, water scarcity and other crises requires a comprehensive approach to managing water resources, across sectors and borders.","Achieving zero hunger requires intensified efforts to transform food systems so they are sustainable, resilient and equitable.",13_34,2_9,,13,2
"Addressing inequality both within and among countries necessitates equitable resource distribution, investment in education and skills, social protection measures, efforts to stop discrimination, support for marginalized groups, and international cooperation for fair trade and financial systems.","To meet the Goal 7 energy efficiency target by 2030, annual improvements must now average around 4 per cent.",10_1,7_12,,10,7
"The Kunming-Montreal Global Biodiversity Framework commits to establishing protected areas to safeguard areas of particular importance for biodiversity, adding up to cover 30 per cent of oceans by 2030.","Despite basic services in schools being essential for fair learning opportunities, progress has been slow, particularly affecting students with disabilities and girls.",14_7,5_7,,14,5
"With about 269 million young people globally not in education or work in 2023, intensified efforts are needed to reduce NEET rates, particularly among young women.","Oceans face significant challenges from eutrophication, worsening acidification, declining fish stocks, rising temperatures and widespread pollution.",4_18,14_0,,4,14
"Declines in maternal mortality have stalled, with wide disparities by region and income.","A deepening global slum crisis requires urgent action on housing, transportation and services",3_20,11_3,,3,11
"With about 269 million young people globally not in education or work in 2023, intensified efforts are needed to reduce NEET rates, particularly among young women.",Heavy burdens of unpaid domestic and care work trap women in poverty and inequality,4_18,1_16,,4,1
"Globally, girls’ completion rates exceed those of boys by 2 to 3 percentage points in both primary and secondary education.","Trends in domestic wastewater suggest that little, if any, progress is being made towards the target of halving the proportion of unsafe discharges by 2030.",4_8,6_16,,4,6
Strengthening partnerships is key to more inclusive data.,Development impacts of remittances can be augmented by reducing remittance costs and worker-paid recruitment costs.,17_1,8_3,,17,8
"Urgent action is needed to combat corruption and organized crime, strengthen the rule of law and access to justice, build effective and inclusive governance institutions, and protect rights and fundamental freedoms.","Economic challenges are pushing workers into informal jobs without social protection, a significant barrier to social justice.",0_7,10_26,,0,10
"Addressing pressing environmental challenges and their underlying drivers and interconnections – including climate change, biodiversity loss, pollution, desertification and deforestation – demands intensified, accelerated efforts, and a comprehensive and integrated approach at local, national and global levels.","Comprehensive support from schools, training institutions, communities and governments is essential to encourage educators to effectively transmit sustainability principles to future generations.",15_2,4_11,,15,4
"Fossil fuel subsidies reached a record high of $1.53 trillion in 2022, driven by rising energy prices post-pandemic and the impact of the Russian Federation’s invasion of Ukraine, which disrupted global energy markets.","Partnering with local governments enables NSOs to gather more accurate, comprehensive and context-specific data, enhancing the overall effectiveness of SDG monitoring and the responsiveness of development efforts to local priorities.",13_13,17_5,,13,17
"Strong protection frameworks are needed to stem this trend, particularly in countries where violent conflict or social unrest erupts or escalates.","Despite a falling working poverty rate, more than half of workers living in extreme poverty were still in sub-Saharan Africa (145 million).",16_11,1_14,,16,1
"In 2022, based on 73 countries reporting both total wastewater generation and treatment, 76 per cent of total wastewater received some treatment.","Ensuring equitable access to public transportation helps to reduce food insecurity, boost economies, empower women, and connect people to key health, education and financial services, especially vulnerable urban populations.",6_14,10_7,,6,10
An urgent need for enhanced climate change and sustainability education and teacher training,"To achieve the SDG target, stakeholders could leverage digitalization to reduce costs, increase efficiency and improve remittance accessibility.",13_27,12_0,,13,12
"This involves not only financial resources but also requires building capacity, modernizing infrastructure and adopting international statistical standards.","Despite some improvements, progress in water and sanitation remains insufficient.",9_0,6_5,,9,6
"In 2024, the air transport industry is expected to support 87.7 million jobs globally, with a direct and indirect economic impact of $3.5 trillion, equivalent to 4.1 per cent of world GDP.","Ensuring equitable access to public transportation helps to reduce food insecurity, boost economies, empower women, and connect people to key health, education and financial services, especially vulnerable urban populations.",8_21,10_7,,8,10
High rates of consumption and insufficient reuse or recycling are producing vast piles of e-waste,"This involves not only financial resources but also requires building capacity, modernizing infrastructure and adopting international statistical standards.",12_2,9_0,,12,9
"In 2023, the annual SDG investment gap in developing countries was estimated at about $4 trillion, with over half, or $2.2 trillion, needed for the energy transition alone.","Small-scale food producers play essential roles in agricultural and food production systems, enhancing resilience and fighting hunger.",7_4,2_18,,7,2
"This emphasizes the urgent need for a comprehensive approach to addressing the housing crisis, including through diverse housing options, while achieving equitable access to public transportation and essential services.","Stopping the ongoing decline in biodiversity is an urgent race against time, making accelerated conservation efforts imperative to safeguard the irreplaceable and intricate web of life on the planet.",11_6,15_7,,11,15
"Health risks from household air pollution are particularly high among women and children, who tend to spend more time in and around cooking stoves.","Parity in managerial roles will take 176 years at current rates of change, with discrimination, restrictive laws and inadequate social protection creating daunting barriers.",3_33,5_21,,3,5
"At the World Bank’s main lending arm, developing countries hold only 39 per cent of voting rights, far short of their 75 per cent share of the bank’s membership.",Over 90 per cent of employed women in the LDCs and nearly 90 per cent in sub-Saharan Africa and Central and Southern Asia performed informal work.,10_5,5_33,,10,5
Productive and sustainable agriculture is key to ensuring the attainment and continued satisfaction of human needs in present and future generations.,"The global extreme poverty rate increased in 2020 for the first time in decades, setting back progress by three years.",8_7,1_4,,8,1
"Trends in domestic wastewater suggest that little, if any, progress is being made towards the target of halving the proportion of unsafe discharges by 2030.",Far too many women still cannot realize the right to decide on their sexual and reproductive health.,6_16,5_11,,6,5
"Parity in managerial roles will take 176 years at current rates of change, with discrimination, restrictive laws and inadequate social protection creating daunting barriers.","Urgent action is needed to combat corruption and organized crime, strengthen the rule of law and access to justice, build effective and inclusive governance institutions, and protect rights and fundamental freedoms.",5_21,0_7,,5,0
"Public funds shoring up the production and consumption of oil, coal and gas more than doubled between 2021 and 2022, and more than tripled from their 2015 levels, reversing progress made between 2012 and 2020 and hindering the net-zero transition.","Ensuring equitable access to public transportation helps to reduce food insecurity, boost economies, empower women, and connect people to key health, education and financial services, especially vulnerable urban populations.",13_14,10_7,,13,10
"This signals how the world’s capacity to generate renewable power is expanding at an unprecedented rate, presenting a tangible opportunity to triple global capacity by 2030, as agreed at the twenty-eighth session of the Conference of the Parties to the United Nations Framework Convention on Climate Change in 2023.",The Fourth International Conference on Financing for Development in 2025 presents an opportunity to address these shortcomings and strengthen the legitimacy of global governance arrangements.,7_10,17_9,,7,17
They included 1 billion people facing catastrophic health expenditures exceeding 10 per cent of their household budget and 344 million driven deeper into extreme poverty by health costs.,"Globally, over 20 per cent of primary schools have no separate sanitation facilities for girls.",3_16,5_8,,3,5
Access to justice is a fundamental human right.,Inappropriate management by the informal sector results in environmental pollution and health hazards for workers and communities.,16_10,3_2,,16,3
"Countries are adopting various strategies to enhance water use efficiency, including infrastructure modernization, more efficient irrigation and wastewater reuse.","Public funds shoring up the production and consumption of oil, coal and gas more than doubled between 2021 and 2022, and more than tripled from their 2015 levels, reversing progress made between 2012 and 2020 and hindering the net-zero transition.",9_4,13_14,,9,13
"Women typically experience higher working poverty rates than men, with the most pronounced gender gap observed in the least developed countries (LDCs).","To meet the Goal 7 energy efficiency target by 2030, annual improvements must now average around 4 per cent.",5_3,7_12,,5,7
"An estimated 1.8 million additional health workers are needed in 54 countries, primarily high-income ones, to replace retiring health professionals and maintain the current age-standardized density of health workers.","Investing in decentralized renewable energy, including stand-alone off-grid solar and mini-grids, together with electricity-as-a-service models holds significant potential to bridge the access gap.",3_18,7_8,,3,7
"In 2023, the annual SDG investment gap in developing countries was estimated at about $4 trillion, with over half, or $2.2 trillion, needed for the energy transition alone.",High rates of unregulated urban sprawl pressure the environment and diminish quality of life,7_4,11_7,,7,11
This deceleration can be attributed to the significant surge in clean energy technologies since 2019.,"Tackling climate change, water scarcity and other crises requires a comprehensive approach to managing water resources, across sectors and borders.",7_14,13_34,,7,13
"Increasing borrowing costs have and will continue to divert scarce resources from critical development needs such as poverty reduction, climate action, health and education.",Engaging citizens in data production is essential to leave no one behind.,1_2,0_1,,1,0
High rates of unregulated urban sprawl pressure the environment and diminish quality of life,"As countries continue to strengthen statistical foundations, embracing innovation and integrating diverse data sources and methodologies will be critical in overcoming challenges such as declining response rates as well as in fostering collaborative partnerships.",11_7,17_0,,11,17
"Alongside disruptions caused by COVID-19, the global malaria response faces increasing threats, including drug and insecticide resistance, humanitarian crises, funding constraints, delays in programme implementation and climate change impacts.",Much more effort is needed to realize the full potential of transboundary water cooperation.,13_26,17_14,,13,17
"Under-5 deaths reached an historic low in 2022, but progress has slowed.",Data from 69 countries show that 56 per cent of married or in-union women aged 15–49 can decide on their sexual and reproductive health and rights.,3_6,5_26,,3,5
"Climate change is hindering poverty reduction, and disasters result in millions of households becoming poor or remaining trapped in poverty.","Health risks from household air pollution are particularly high among women and children, who tend to spend more time in and around cooking stoves.",1_7,3_33,,1,3
"To accelerate progress towards Goal 9, a concerted effort is needed to promote inclusive and sustainable industrialization, foster innovation through increased investment in research and development, prioritize and accelerate the green transition, and facilitate access to information and communications technology.","Partnering with local governments enables NSOs to gather more accurate, comprehensive and context-specific data, enhancing the overall effectiveness of SDG monitoring and the responsiveness of development efforts to local priorities.",9_5,17_5,,9,17
Data from 69 countries show that 56 per cent of married or in-union women aged 15–49 can decide on their sexual and reproductive health and rights.,"Investments in infrastructure and affordable Internet access are crucial, especially in underserved regions.",5_26,9_2,,5,9
Yet the level remains significantly higher than the recommended air quality guideline of 5 µg/m3 for public health protection.,Considerable strides have been made in achieving sustainable energy targets.,3_1,7_5,,3,7
"Cooperative agreements among countries sharing transboundary water resources (rivers, lakes and aquifers) are essential for advancing sustainable development and addressing climate change.","Furthermore, diminished forest and vegetation coverage increase soil erosion, heightening the risk of downstream landslides and flooding.",13_32,15_14,,13,15
Partnerships between NSOs and civil society organizations stood at 37 per cent.,"In 2023, about 733 million people faced hunger, and 2.33 billion people experienced moderate to severe food insecurity.",17_3,2_7,,17,2
Child marriage and female genital mutilation violate the rights of girls and have lifelong consequences.,"In 2023, about 733 million people faced hunger, and 2.33 billion people experienced moderate to severe food insecurity.",5_19,2_7,,5,2
Heavy burdens of unpaid domestic and care work trap women in poverty and inequality,"Data availability score for Education, 2022 (score 0–100)",5_22,4_0,,5,4
"In 2023, about 733 million people faced hunger, and 2.33 billion people experienced moderate to severe food insecurity.",The slow pace of productivity growth in the last two years poses a risk to economic growth and development.,2_7,8_15,,2,8
"Mountain ecosystem degradation threatens downstream water provision, through  reduced glacial coverage, as well as biodiversity and other ecosystem services, thereby undermining efforts to protect terrestrial and freshwater ecosystems.","In 2022, however, 2.2 billion people still lacked safely managed drinking water, 3.5 billion went without safely managed sanitation (including 419 million who practised open defecation) and 2 billion still had inadequate basic hygiene services (including 653 million with no facilities at all).",13_24,6_12,,13,6
Women’s political participation remains constrained.,Building partnerships with diverse stakeholders makes SDG monitoring more inclusive and incorporates different perspectives and needs.,5_20,17_2,,5,17
"Ensuring equitable access to public transportation helps to reduce food insecurity, boost economies, empower women, and connect people to key health, education and financial services, especially vulnerable urban populations.",The world is not on track to achieve Goal 3.,10_7,3_10,,10,3
Addressing inequality both within and among countries necessitates international cooperation for fair trade and financial systems.,"As more countries recognize the importance of adopting a “whole-of-society” approach to achieve the ambitious goals of the 2030 Agenda, increased efforts are being made to acknowledge the contributions of civil society.",17_7,0_5,,17,0
"Despite their significant contributions, however, they are often among the most vulnerable groups in rural areas and within the broader agrifood system.","In 2023, the global unemployment rate fell to a record low of 5.0 per cent since 2000.",2_19,8_16,,2,8
Legal guarantees for free and compulsory pre-primary education are crucial to school readiness and equal opportunities.,"Changing course requires prioritizing the achievement of universal health coverage, strengthening health systems, investing in disease prevention and treatment, and addressing disparities in access to care and services, especially for vulnerable populations.",4_13,3_11,,4,3
"Health systems are experiencing increased strains in catering to the mounting health needs of an ageing global population, more so because the health workforce itself is ageing.",Climate finance is crucial in backing global mitigation and adaptation efforts.,3_19,13_4,,3,13
"This exploitation jeopardizes the survival of species and undermines ecosystem functions, especially when compounded by other pressures, such as habitat loss and climate change.",Development impacts of remittances can be augmented by reducing remittance costs and worker-paid recruitment costs.,15_9,8_3,,15,8
Heavy burdens of unpaid domestic and care work trap women in poverty and inequality,"Under-5 deaths reached an historic low in 2022, but progress has slowed.",1_16,3_6,,1,3
The Fourth International Conference on Financing for Development in 2025 presents an opportunity to address these shortcomings and strengthen the legitimacy of global governance arrangements.,"Despite their significant contributions, however, they are often among the most vulnerable groups in rural areas and within the broader agrifood system.",17_9,2_19,,17,2
"This emphasizes the urgent need for a comprehensive approach to addressing the housing crisis, including through diverse housing options, while achieving equitable access to public transportation and essential services.",Coordinated global action on integrated water management to address climate change impacts as well as better management of shared waters are also key.,11_6,17_12,,11,17
This effort is essential to foster inclusive urban development and improve the livelihoods of the urban poor.,"These alarming figures indicate that the road to global peace and security, essential for sustainable development, has been diverted.",10_9,16_8,,10,16
Coordinated global action on integrated water management to address climate change impacts as well as better management of shared waters are also key.,Sustainable management of water resources underpins prosperity and peace for all.,13_30,6_9,,13,6
"This disproportionate burden is amplified in lower-income households, contributing to poverty, inequality and precariousness, including by limiting labour-market participation.","The COVID-19 pandemic has ravaged global health, undoing nearly 10 years of progress in life expectancy.",10_22,3_4,,10,3
"The COVID-19 pandemic caused extreme poverty to rise in 2020 for the first time in decades, reversing global progress by three years.","Over 44,000 species, or 28 per cent of almost 160,000 assessed species, are currently threatened.",1_9,15_6,,1,15
This effort is essential to foster inclusive urban development and improve the livelihoods of the urban poor.,Prioritizing investments in education and skills development is crucial to expedite the growth of medium- and high-tech industries by equipping the workforce to compete effectively in a dynamic global manufacturing landscape.,11_13,8_25,,11,8
"Between 2015 and 2022, the proportion of the population using safely managed drinking water increased from 69 to 73 per cent.","Strong protection frameworks are needed to stem this trend, particularly in countries where violent conflict or social unrest erupts or escalates.",6_11,16_11,,6,16
"Challenges such as inflation, climate change, geopolitical conflicts and uneven economic recovery threaten the sustainable development of the sector, particularly in small island developing States, which rely heavily on tourism.","In 2022, based on 73 countries reporting both total wastewater generation and treatment, 76 per cent of total wastewater received some treatment.",13_37,6_14,,13,6
"Economic challenges are pushing workers into informal jobs without social protection, a significant barrier to social justice.","Globally, per capita installed capacity for generating electricity with renewable energy nearly doubled from 250 watts in 2015 to 424 watts in 2022.",10_26,7_11,,10,7
"Improved care quality could save the lives of up to 1 million newborns and 150,000 mothers annually.","To achieve universal access to clean energy by 2030, robust policies are needed to accelerate electrification, enhance energy efficiency and increase investments in renewable energy.",3_21,7_7,,3,7
Ensuring universal health coverage without financial hardship is crucial to healthy lives and well-being for all.,Coordinated global action on integrated water management to address climate change impacts as well as better management of shared waters are also key.,3_9,17_12,,3,17
"The COVID-19 pandemic has ravaged global health, undoing nearly 10 years of progress in life expectancy.",Climate finance is crucial in backing global mitigation and adaptation efforts.,3_4,13_4,,3,13
"As of May 2024, there are 18,200 marine protected areas and 199 other effective, area-based conservation measures1 covering over 29 million square kilometres or 8.12 per cent of the ocean.","A lack of handwashing facilities in 2 out of 10 schools poses health risks, especially during pandemics.",14_5,3_36,,14,3
Far too many women still cannot realize the right to decide on their sexual and reproductive health.,"Progress towards Goal 4 has been slow since 2015, with only 58 per cent of students worldwide achieving a minimum proficiency in reading by 2019.",5_11,4_3,,5,4
"However, only two in three children in sub-Saharan Africa complete primary school on time.","Each year, an estimated 4.2 million people die due to ambient air pollution.",4_7,3_0,,4,3
"All these factors destroy habitats, diminish biodiversity and threaten coastal communities and the health of marine ecosystems, vital to over 3 billion people.","In 2023, the annual SDG investment gap in developing countries was estimated at about $4 trillion, with over half, or $2.2 trillion, needed for the energy transition alone.",14_1,7_4,,14,7
"Despite some improvements, progress in water and sanitation remains insufficient.",They included 1 billion people facing catastrophic health expenditures exceeding 10 per cent of their household budget and 344 million driven deeper into extreme poverty by health costs.,6_5,3_16,,6,3
"In 2023, the annual SDG investment gap in developing countries was estimated at about $4 trillion, with over half, or $2.2 trillion, needed for the energy transition alone.","To achieve Goal 2, significant efforts are needed to mitigate the impacts of climate change, conflict and economic crisis.",7_4,2_14,,7,2
Official development assistance for health has scaled up but with a major share spent on COVID-19.,"To accelerate progress towards Goal 9, a concerted effort is needed to promote inclusive and sustainable industrialization, foster innovation through increased investment in research and development, prioritize and accelerate the green transition, and facilitate access to information and communications technology.",3_35,9_5,,3,9
A staggering 230 million girls and women have been subjected to female genital mutilation.,Climate records were shattered in 2023 as the climate crisis accelerated in real time.,5_10,13_5,,5,13
Addressing inequality both within and among countries necessitates international cooperation for fair trade and financial systems.,"Despite increasing efforts and commitments to expand social protection programmes, significant coverage gaps left 1.4 billion children uncovered in 2023.",17_7,10_13,,17,10
"Progress towards Goal 4 has been slow since 2015, with only 58 per cent of students worldwide achieving a minimum proficiency in reading by 2019.","Concerningly, 31 per cent of deaths from acute lower respiratory infections occurred in children under age 5.",4_3,3_34,,4,3
Thirteen countries have been certified malaria-free since 2015.,"On average, each day, women spend 2.5 times more hours on unpaid domestic and care work than men.",3_27,5_24,,3,5
"Progress towards universal health coverage has slowed, leaving billions without care and subject to catastrophic costs.",Drastic reductions in global greenhouse gas emissions must take place by 2030 and reach net zero by 2050.,3_12,13_10,,3,13
Small-scale food producers headed by men typically generate higher incomes than those headed by women.,"Despite their significant contributions, however, they are often among the most vulnerable groups in rural areas and within the broader agrifood system.",5_4,2_19,,5,2
Development impacts of remittances can be augmented by reducing remittance costs and worker-paid recruitment costs.,One in three of these countries are now poorer on average than before the pandemic.,8_3,1_12,,8,1
"Economic challenges are pushing workers into informal jobs without social protection, a significant barrier to social justice.","with major shortfalls in priority development areas, such as gender equality (Goal 5), climate action (Goal 13), and peace, justice and strong institutions (Goal 16).",8_19,16_0,,8,16
A staggering 230 million girls and women have been subjected to female genital mutilation.,"Addressing pressing environmental challenges and their underlying drivers and interconnections – including climate change, biodiversity loss, pollution, desertification and deforestation – demands intensified, accelerated efforts, and a comprehensive and integrated approach at local, national and global levels.",5_10,15_2,,5,15
"This exploitation jeopardizes the survival of species and undermines ecosystem functions, especially when compounded by other pressures, such as habitat loss and climate change.",Prioritizing investments in education and skills development is crucial to expedite the growth of medium- and high-tech industries by equipping the workforce to compete effectively in a dynamic global manufacturing landscape.,15_9,4_19,,15,4
"Health systems are experiencing increased strains in catering to the mounting health needs of an ageing global population, more so because the health workforce itself is ageing.","Globally, per capita installed capacity for generating electricity with renewable energy nearly doubled from 250 watts in 2015 to 424 watts in 2022.",3_19,7_11,,3,7
"Moreover, an estimated 28.9 per cent of the world’s population, or 2.33 billion people, were moderately or severely food insecure in 2023 – 383 million more than in 2019.","In 2023, remittances to low- and middle-income countries reached an estimated $669 billion, reflecting a normalization of flows following the post-pandemic robust growth.",2_11,1_1,,2,1
"Despite improvement, 7 in 10 children worldwide still lack social protection coverage",One in three of these countries are now poorer on average than before the pandemic.,10_14,1_12,,10,1
A widening regional gap between the two indicators signifies varying environmental pressure from material consumption.,"All these factors destroy habitats, diminish biodiversity and threaten coastal communities and the health of marine ecosystems, vital to over 3 billion people.",10_10,14_1,,10,14
The survival of coral reefs is vital for ocean health and humanity’s well-being.,"Globally, per capita installed capacity for generating electricity with renewable energy nearly doubled from 250 watts in 2015 to 424 watts in 2022.",14_11,7_11,,14,7
These regional disparities underscore the need for targeted efforts to achieve equal educational opportunities for all children.,"Although intended to aid vulnerable households, subsidies often disproportionately benefit wealthier people, who consume more energy than lower-income households, as well as carbon-intensive companies.",4_9,10_11,,4,10
"Accelerating progress demands sustainable economic policies, support for entrepreneurship and innovation, formalization of the informal economy, safeguards of workers’ rights, social justice, and inclusive employment opportunities, especially for women and youth.",Stronger linking of services for HIV and tuberculosis has averted an estimated 6.4 million tuberculosis-related deaths among people living with HIV from 2010 to 2022.,8_12,3_26,,8,3
The global working poverty rate slightly increased to 7.7 per cent in 2020 before declining to 6.9 per cent in 2023.,Small-scale food producers headed by men typically generate higher incomes than those headed by women.,8_5,5_4,,8,5
"Ensuring equitable access to public transportation helps to reduce food insecurity, boost economies, empower women, and connect people to key health, education and financial services, especially vulnerable urban populations.","Despite progress, 148 million children under age 5 suffered from stunting in 2022.",5_1,2_8,,5,2
Progressing towards universal health coverage requires addressing the global shortage of health workers.,This deceleration can be attributed to the significant surge in clean energy technologies since 2019.,3_17,7_14,,3,7
"Under-5 deaths reached an historic low in 2022, but progress has slowed.","In 2023, about 733 million people faced hunger, and 2.33 billion people experienced moderate to severe food insecurity.",3_6,2_7,,3,2
Development impacts of remittances can be augmented by reducing remittance costs and worker-paid recruitment costs.,They included 1 billion people facing catastrophic health expenditures exceeding 10 per cent of their household budget and 344 million driven deeper into extreme poverty by health costs.,8_3,3_16,,8,3
Reaching the 10 per cent SDG target by 2030 calls for effectively managing important sites covering an average additional 1.13 million square kilometres of ocean each year.,"Essential health service coverage is measured using an index, reported on a score of 0 to 100, based on 14 indicators across four domains: reproductive, maternal, newborn and child health; infectious diseases; non-communicable diseases; and service capacity and access.",14_6,3_13,,14,3
"Although intended to aid vulnerable households, subsidies often disproportionately benefit wealthier people, who consume more energy than lower-income households, as well as carbon-intensive companies.","Progress towards universal health coverage has slowed, leaving billions without care and subject to catastrophic costs.",10_11,3_12,,10,3
"Malnutrition among children under age 5 remains a significant concern, posing heightened risks to their growth and development.","However, only two in three children in sub-Saharan Africa complete primary school on time.",2_12,4_7,,2,4
"In 2022, 1.6 billion people required treatment and care for neglected tropical diseases, a 26.1 per cent decline from 2010.","To accelerate progress towards Goal 9, a concerted effort is needed to promote inclusive and sustainable industrialization, foster innovation through increased investment in research and development, prioritize and accelerate the green transition, and facilitate access to information and communications technology.",3_28,9_5,,3,9
"This is still above the 3 per cent SDG target, however.",Ensuring universal health coverage without financial hardship is crucial to healthy lives and well-being for all.,6_0,3_9,,6,3
"Addressing pressing environmental challenges and their underlying drivers and interconnections – including climate change, biodiversity loss, pollution, desertification and deforestation – demands intensified, accelerated efforts, and a comprehensive and integrated approach at local, national and global levels.","Achieving zero hunger requires intensified efforts to transform food systems so they are sustainable, resilient and equitable.",13_21,2_9,,13,2
"In 2023, the annual SDG investment gap in developing countries was estimated at about $4 trillion, with over half, or $2.2 trillion, needed for the energy transition alone.","Moreover, accelerating improvements in diets, nutrition, health and hygiene is crucial to meeting the target of halving the number of children suffering from chronic undernutrition.",7_4,2_10,,7,2
"As of December 2023, 50 countries, territories and areas had eliminated at least one neglected tropical disease, demonstrating the power of comprehensive interventions combining mass and individual treatment, vector control, veterinary public health and provision of safe water and sanitation.","Rising conflicts and violent organized crime persist around the world, causing immense human suffering and hampering sustainable development.",6_2,16_2,,6,16
"Developing countries make up 74 per cent of United Nations General Assembly Members but have limited voice and participation in international economic decision-making, norm-setting and governance.","The COVID-19 pandemic caused extreme poverty to rise in 2020 for the first time in decades, reversing global progress by three years.",10_4,1_9,,10,1
"Strong and sustained commitments to changing biased social norms, eliminating harmful practices and abolishing discriminatory laws are urgently needed.",Engaging citizens in data production is essential to leave no one behind.,5_15,0_1,,5,0
"The lack of equitable access to public transportation is a significant concern, particularly in LDCs, where only 4 in 10 individuals have convenient access.","However, only two in three children in sub-Saharan Africa complete primary school on time.",11_0,4_7,,11,4
"Changing course requires prioritizing the achievement of universal health coverage, strengthening health systems, investing in disease prevention and treatment, and addressing disparities in access to care and services, especially for vulnerable populations.",Prioritizing investments in education and skills development is crucial to expedite the growth of medium- and high-tech industries by equipping the workforce to compete effectively in a dynamic global manufacturing landscape.,3_11,9_8,,3,9
Yet a significant teacher qualification gap persists globally.,The maternal mortality ratio is largely stuck at a level more than three times the 2030 target.,4_16,3_5,,4,3
The world is not on track to achieve Goal 3.,"Addressing pressing environmental challenges and their underlying drivers and interconnections – including climate change, biodiversity loss, pollution, desertification and deforestation – demands intensified, accelerated efforts, and a comprehensive and integrated approach at local, national and global levels.",3_10,15_2,,3,15
Twenty-one million children missed out on life-saving vaccines in 2022.,Ensuring that no one is left behind calls for more than just data disaggregation.,3_29,0_3,,3,0
"Urgent action is needed to combat corruption and organized crime, strengthen the rule of law and access to justice, build effective and inclusive governance institutions, and protect rights and fundamental freedoms.",Latin America and the Caribbean has high levels of within-country inequality with at least 18 per cent of the population living on less than half the median income.,0_7,10_2,,0,10
A widening regional gap between the two indicators signifies varying environmental pressure from material consumption.,Reaching the 10 per cent SDG target by 2030 calls for effectively managing important sites covering an average additional 1.13 million square kilometres of ocean each year.,10_10,14_6,,10,14
"Globally, per capita installed capacity for generating electricity with renewable energy nearly doubled from 250 watts in 2015 to 424 watts in 2022.","The widespread transformation of mountain ecosystems is due to various natural and human-induced factors, such as climate change, natural hazards, unplanned agriculture and urbanization, timber extraction and recreation.",7_11,13_23,,7,13
"Rising conflicts and violent organized crime persist around the world, causing immense human suffering and hampering sustainable development.","Changing course requires prioritizing the achievement of universal health coverage, strengthening health systems, investing in disease prevention and treatment, and addressing disparities in access to care and services, especially for vulnerable populations.",16_2,3_11,,16,3
"This degradation, driven by changes in land use and coverage, significantly contributes to biodiversity loss, including in fragile mountain ecosystems.","Women, particularly in the LDCs and regions with high informality rates, experienced a disproportionate increase in informal employment during the pandemic.",15_11,8_20,,15,8
"In the Hangzhou declaration on accelerating progress on the Cape Town Global Action Plan for Sustainable Development Data, countries agreed on “an urgent and sustained increase in the level and scale of investments in data and statistics from domestic and international actors, from the public, private and philanthropic sectors, to strengthen statistical capacity in low-income countries and fragile states, close data gaps for vulnerable groups and enhance country resilience in the current context of economic crisis, conflict, climate change and increased food insecurity.”",Legal guarantees for free and compulsory pre-primary education are crucial to school readiness and equal opportunities.,2_0,4_13,,2,4
"Comprehensive support from schools, training institutions, communities and governments is essential to encourage educators to effectively transmit sustainability principles to future generations.","Disparities are more evident for the LDCs, LLDCs and small island developing States, which in 2022 achieved 40, 103 and 101 watts per capita, respectively.",4_11,10_25,,4,10
"Rising conflicts and violent organized crime persist around the world, causing immense human suffering and hampering sustainable development.",Treatment reaches only marginal shares of people with drug and alcohol disorders.,16_2,3_30,,16,3
"Although intended to aid vulnerable households, subsidies often disproportionately benefit wealthier people, who consume more energy than lower-income households, as well as carbon-intensive companies.","Globally, over 20 per cent of primary schools have no separate sanitation facilities for girls.",10_11,5_8,,10,5
They have become the premier source of external finance for developing countries in the post-COVID-19 period.,"Strong protection frameworks are needed to stem this trend, particularly in countries where violent conflict or social unrest erupts or escalates.",8_2,16_11,,8,16
"Addressing pressing environmental challenges and their underlying drivers and interconnections – including climate change, biodiversity loss, pollution, desertification and deforestation – demands intensified, accelerated efforts, and a comprehensive and integrated approach at local, national and global levels.","This emphasizes the urgent need for a comprehensive approach to addressing the housing crisis, including through diverse housing options, while achieving equitable access to public transportation and essential services.",15_2,10_6,,15,10
"Violence against women persists, disproportionately affecting those with disabilities.",Highest-ever greenhouse gas emissions reveal a global failure to meet climate goals,5_12,13_11,,5,13
"As more countries recognize the importance of adopting a “whole-of-society” approach to achieve the ambitious goals of the 2030 Agenda, increased efforts are being made to acknowledge the contributions of civil society.","A lack of handwashing facilities in 2 out of 10 schools poses health risks, especially during pandemics.",0_5,6_4,,0,6
Access to justice is a fundamental human right.,"Enhancing women’s roles in leadership and decision-making and adequately scaling up investments in gender equality on national, regional and global scales are top priorities.",16_10,5_16,,16,5
Far too many women still cannot realize the right to decide on their sexual and reproductive health.,"The proportion of medium- and high-tech manufacturing value added in total value added rose from 46.34 per cent in 2015 to 46.88 per cent in 2019, an upward trend slightly disrupted by the COVID-19 pandemic.",5_11,9_7,,5,9
"Public funds shoring up the production and consumption of oil, coal and gas more than doubled between 2021 and 2022, and more than tripled from their 2015 levels, reversing progress made between 2012 and 2020 and hindering the net-zero transition.","Despite some improvements, progress in water and sanitation remains insufficient.",13_14,6_5,,13,6
"In a landscape of declining international cooperation and rising geopolitical tensions, strengthened global partnerships and enhanced cooperation are urgently needed to address widening financing gaps, reinforce post-pandemic recovery and promote sustainable development, particularly in the LDCs and other vulnerable countries.","From 2019 to 2023, 62 Member States and the European Union reported 516 policy instruments to accelerate the transition to sustainable consumption and production patterns.",17_10,12_4,,17,12
"Violence against women persists, disproportionately affecting those with disabilities.",Considerable strides have been made in achieving sustainable energy targets.,5_12,7_5,,5,7
"Treatment coverage for women consistently lags behind that for men across all regions, with over 13 per cent of men receiving treatment compared to less than 6 per cent of women in 2022.","Health risks from household air pollution are particularly high among women and children, who tend to spend more time in and around cooking stoves.",3_31,5_5,,3,5
"This emphasizes the urgent need for a comprehensive approach to addressing the housing crisis, including through diverse housing options, while achieving equitable access to public transportation and essential services.",Universal pre-primary education is hindered by inadequate legal guarantees and financial barriers.,11_6,4_12,,11,4
"In 2022, 712 million people (or 9 per cent of the world’s population) lived in extreme poverty, an increase of 23 million people over 2019.",Yet the level remains significantly higher than the recommended air quality guideline of 5 µg/m3 for public health protection.,1_10,3_1,,1,3
"Effective fisheries management can possibly reverse these effects (if they are driven by overfishing and not factors such as habitat degradation, pollution or climate change) and lead to optimal stock levels while supporting global food security and coastal communities.","Overfishing can harm biodiversity, ecosystems and fisheries production, and imposes adverse social and economic costs.",2_4,14_4,,2,14
"In 2023, the annual SDG investment gap in developing countries was estimated at about $4 trillion, with over half, or $2.2 trillion, needed for the energy transition alone.","Trends in domestic wastewater suggest that little, if any, progress is being made towards the target of halving the proportion of unsafe discharges by 2030.",7_4,6_16,,7,6
"Climate change worsens these issues, posing significant risks to social stability.","Global forest area continues to decline, primarily due to agricultural expansion, despite notable progress in sustainable forest management.",13_29,15_1,,13,15
"As countries continue to strengthen statistical foundations, embracing innovation and integrating diverse data sources and methodologies will be critical in overcoming challenges such as declining response rates as well as in fostering collaborative partnerships.",Productive and sustainable agriculture is key to ensuring the attainment and continued satisfaction of human needs in present and future generations.,17_0,2_17,,17,2
"The lack of equitable access to public transportation is a significant concern, particularly in LDCs, where only 4 in 10 individuals have convenient access.","Many countries face challenges such as inadequate education infrastructure, teacher shortages and insufficient teacher training.",11_0,4_4,,11,4
"Cooperative agreements among countries sharing transboundary water resources (rivers, lakes and aquifers) are essential for advancing sustainable development and addressing climate change.",Working poverty has declined but still afflicts 241 million workers,17_13,8_4,,17,8
"Declines in maternal mortality have stalled, with wide disparities by region and income.","This signals how the world’s capacity to generate renewable power is expanding at an unprecedented rate, presenting a tangible opportunity to triple global capacity by 2030, as agreed at the twenty-eighth session of the Conference of the Parties to the United Nations Framework Convention on Climate Change in 2023.",3_20,7_10,,3,7
"Investments in infrastructure and affordable Internet access are crucial, especially in underserved regions.",Development impacts of remittances can be augmented by reducing remittance costs and worker-paid recruitment costs.,9_2,8_3,,9,8
"Progress towards Goal 8 faces headwinds from the COVID-19 aftermath, trade tensions, rising debt in developing countries, conflicts and geopolitical strains – collectively threatening global economic growth.",A widening regional gap between the two indicators signifies varying environmental pressure from material consumption.,8_9,10_10,,8,10
The water stress level measures all freshwater withdrawals relative to total freshwater resources.,Official development assistance for health has scaled up but with a major share spent on COVID-19.,6_20,3_35,,6,3
Legal protections of women’s land rights remain grossly inadequate.,"Communities worldwide are suffering from extreme weather and increasingly frequent and more intense disasters, destroying lives and livelihoods daily.",5_17,13_7,,5,13
"Progress towards Goal 8 faces headwinds from the COVID-19 aftermath, trade tensions, rising debt in developing countries, conflicts and geopolitical strains – collectively threatening global economic growth.","In Central and Southern Asia, nearly half of young women are NEET compared to only 12.3 per cent of young men.",8_9,5_30,,8,5
"Data from 69 countries show that 56 per cent of married or in-union women aged 15–49 can decide on their sexual and reproductive health and rights, ranging from 38 per cent in sub-Saharan Africa to over 80 per cent in Europe.","Rising ocean temperatures are raising new concerns for coral reefs, which support a quarter of marine species, provide resources for hundreds of millions of people in coastal communities and generate trillions of dollars in revenue annually.",3_37,13_16,,3,13
Heavy burdens of unpaid domestic and care work trap women in poverty and inequality,"Yet minimal progress after 2015 left about 4.5 billion people without coverage in 2021, especially in rural and poorer populations.",1_16,3_14,,1,3
Access to justice is a fundamental human right.,"Although 90 per cent of countries report that they mainstream sustainable development and global citizenship subjects in national education systems, evidence suggests scattered uptake.",16_10,13_28,,16,13
"Globally, young women are over twice as likely as young men to be NEET.","with major shortfalls in priority development areas, such as gender equality (Goal 5), climate action (Goal 13), and peace, justice and strong institutions (Goal 16).",5_29,13_0,,5,13
"The trend must be reversed, conflicts must end, and parties to conflicts must strictly abide by international humanitarian and human rights obligations to protect civilians’ lives.",Women’s political participation remains constrained.,16_9,5_20,,16,5
"Countries with higher levels of integrated water resources management (score 0 to 100 per cent) are more resilient to climate change, biodiversity loss and pollution.","Yet minimal progress after 2015 left about 4.5 billion people without coverage in 2021, especially in rural and poorer populations.",6_19,3_14,,6,3
"Health risks from household air pollution are particularly high among women and children, who tend to spend more time in and around cooking stoves.","A deepening global slum crisis requires urgent action on housing, transportation and services",5_5,11_3,,5,11
"An estimated 1.8 million additional health workers are needed in 54 countries, primarily high-income ones, to replace retiring health professionals and maintain the current age-standardized density of health workers.","Fossil fuel subsidies reached a record high of $1.53 trillion in 2022, driven by rising energy prices post-pandemic and the impact of the Russian Federation’s invasion of Ukraine, which disrupted global energy markets.",3_18,7_1,,3,7
"Essential health service coverage is measured using an index, reported on a score of 0 to 100, based on 14 indicators across four domains: reproductive, maternal, newborn and child health; infectious diseases; non-communicable diseases; and service capacity and access.",The world wastes 1.05 billion metric tons of food even as hundreds of millions face hunger,3_13,2_2,,3,2
"Rising conflicts and violent organized crime persist around the world, causing immense human suffering and hampering sustainable development.","Alongside disruptions caused by COVID-19, the global malaria response faces increasing threats, including drug and insecticide resistance, humanitarian crises, funding constraints, delays in programme implementation and climate change impacts.",16_2,13_26,,16,13
"A lack of handwashing facilities in 2 out of 10 schools poses health risks, especially during pandemics.","By artificially lowering fossil fuel prices, subsidies harm the competitiveness of cleaner energy sources and hinder the low-carbon transition.",3_36,7_2,,3,7
An urgent need for enhanced climate change and sustainability education and teacher training,"Addressing inequality both within and among countries necessitates equitable resource distribution, investment in education and skills, social protection measures, efforts to stop discrimination, support for marginalized groups, and international cooperation for fair trade and financial systems.",13_27,10_1,,13,10
"Although 90 per cent of countries report that they mainstream sustainable development and global citizenship subjects in national education systems, evidence suggests scattered uptake.","Based on current trends, one out of five (19.5 per cent) of children under age 5 will be affected by stunting in 2030.",13_28,2_13,,13,2
"Despite basic services in schools being essential for fair learning opportunities, progress has been slow, particularly affecting students with disabilities and girls.","With about 269 million young people globally not in education or work in 2023, intensified efforts are needed to reduce NEET rates, particularly among young women.",5_7,4_18,,5,4
"By end 2023, a record 37.4 million refugees under the mandate of the United Nations High Commissioner for Refugees (UNHCR) remained forcibly displaced from their countries due to war, conflict, persecution, human rights violations and events seriously disturbing public order.","Alongside disruptions caused by COVID-19, the global malaria response faces increasing threats, including drug and insecticide resistance, humanitarian crises, funding constraints, delays in programme implementation and climate change impacts.",16_1,13_26,,16,13
"Stopping the ongoing decline in biodiversity is an urgent race against time, making accelerated conservation efforts imperative to safeguard the irreplaceable and intricate web of life on the planet.",Working poverty has declined but still afflicts 241 million workers,15_7,8_4,,15,8
The slow pace of productivity growth in the last two years poses a risk to economic growth and development.,"Interestingly, high-income countries generally exhibited lower overall disaggregated data availability compared to low- and middle-income countries.",8_15,10_0,,8,10
