SDGarg1,SDGarg2,id_arg1,id_arg2,rel,g1,g2,rel_robertaL,rel_flanT5
"Addressing inequality both within and among countries necessitates equitable resource distribution, investment in education and skills, social protection measures, efforts to stop discrimination, support for marginalized groups, and international cooperation for fair trade and financial systems.","Record-high food prices in 2022 worsened purchasing power and access to food, negatively impacting food security and nutritional outcomes.",0_7,2_27,,0,2,No Relationship,No Relationship
"Addressing inequality both within and among countries necessitates equitable resource distribution, investment in education and skills, social protection measures, efforts to stop discrimination, support for marginalized groups, and international cooperation for fair trade and financial systems.","Increasing borrowing costs have and will continue to divert scarce resources from critical development needs such as poverty reduction, climate action, health and education.",0_7,4_2,,0,4,Support,No Relationship
"Addressing inequality both within and among countries necessitates equitable resource distribution, investment in education and skills, social protection measures, efforts to stop discrimination, support for marginalized groups, and international cooperation for fair trade and financial systems.","Extreme weather events, including heatwaves, major floods, droughts, wildfires and tropical cyclones, have disrupted the lives of millions of people and caused billions of dollars in economic losses.",0_7,6_0,,0,6,No Relationship,No Relationship
"Addressing inequality both within and among countries necessitates equitable resource distribution, investment in education and skills, social protection measures, efforts to stop discrimination, support for marginalized groups, and international cooperation for fair trade and financial systems.","Labour’s share of GDP returns to a long-term decline as capital returns increase Bucking a downward trend going back to the 1970s, the global labour income share of GDP rose sharply during the pandemic from 52.9 per cent in 2019 to 53.8 per cent in 2020.",0_7,8_2,,0,8,Attack,No Relationship
"Addressing inequality both within and among countries necessitates equitable resource distribution, investment in education and skills, social protection measures, efforts to stop discrimination, support for marginalized groups, and international cooperation for fair trade and financial systems.","Accelerated investments are needed to extend public transit services to the most marginalized communities, both in developing regions and impoverished urban neighbourhoods in developed countries. This effort is essential to foster inclusive urban development and improve the livelihoods of the urban poor.",0_7,10_13,,0,10,Support,Support
"Addressing inequality both within and among countries necessitates equitable resource distribution, investment in education and skills, social protection measures, efforts to stop discrimination, support for marginalized groups, and international cooperation for fair trade and financial systems.","E-waste generation rose from 6.3 to 7.8 kilograms per capita from 2015 to 2022, reaching a total of 62 million metric tons of e-waste in 2022.",0_7,12_7,,0,12,No Relationship,No Relationship
"Addressing inequality both within and among countries necessitates equitable resource distribution, investment in education and skills, social protection measures, efforts to stop discrimination, support for marginalized groups, and international cooperation for fair trade and financial systems.","Bleaching has been observed in 53 countries and territories, including throughout the tropics, the Great Barrier Reef, large parts of the South Pacific, and the Atlantic and Indian ocean basins.",0_7,14_16,,0,14,No Relationship,No Relationship
"Addressing inequality both within and among countries necessitates equitable resource distribution, investment in education and skills, social protection measures, efforts to stop discrimination, support for marginalized groups, and international cooperation for fair trade and financial systems.","This refreshed dynamic embodies principles of transparency, participation and shared responsibility, reflecting an evolving relationship where citizens are not just subjects of governance but active participants in it.",0_7,16_0,,0,16,No Relationship,Support
Ensuring that no one is left behind calls for more than just data disaggregation.,The United States planned to transform its food system for broader benefits.,0_3,2_12,,0,2,No Relationship,No Relationship
Ensuring that no one is left behind calls for more than just data disaggregation.,"On average, 15 per cent of teachers lack minimum qualifications, constraining progress across all levels of education.",0_3,4_34,,0,4,No Relationship,No Relationship
Ensuring that no one is left behind calls for more than just data disaggregation.,"Large gaps in monitoring and reporting, particularly in low-income countries, result in an unclear picture of global wastewater. In 2023, data on 91,000 water bodies from 120 countries revealed that 56 per cent had good water quality.",0_3,6_13,,0,6,No Relationship,Support
Ensuring that no one is left behind calls for more than just data disaggregation.,"Several countries that depend heavily on fisheries for livelihoods and food security, however, have seen positive developments.",0_3,8_7,,0,8,No Relationship,Support
Ensuring that no one is left behind calls for more than just data disaggregation.,"This income disparity persists across countries, regardless of income level.",0_3,10_28,,0,10,No Relationship,Support
Ensuring that no one is left behind calls for more than just data disaggregation.,"Forest losses due to large-scale farming were highest in South America at 48 per cent (mainly linked to livestock grazing), followed by Asia at 38 per cent (primarily due to large-scale crop production, particularly for oil palm plantations).",0_3,12_18,,0,12,No Relationship,No Relationship
Ensuring that no one is left behind calls for more than just data disaggregation.,"Additionally, the Agreement on Marine Biodiversity of Areas Beyond National Jurisdiction aims to protect marine biodiversity in international waters and seabed.",0_3,14_8,,0,14,No Relationship,Support
Ensuring that no one is left behind calls for more than just data disaggregation.,"This refreshed dynamic embodies principles of transparency, participation and shared responsibility, reflecting an evolving relationship where citizens are not just subjects of governance but active participants in it.",0_3,16_0,,0,16,No Relationship,Support
Engaging citizens in data production is essential to leave no one behind The overarching principle of the 2030 Agenda for Sustainable Development is to leave no one behind.,"Further, each year, food loss and waste generate 8 to 10 per cent of greenhouse gas emissions, costing over $1 trillion and straining land resources and biodiversity.",0_2,2_10,,0,2,No Relationship,No Relationship
Engaging citizens in data production is essential to leave no one behind The overarching principle of the 2030 Agenda for Sustainable Development is to leave no one behind.,"Despite basic services in schools being essential for fair learning opportunities, progress has been slow, particularly affecting students with disabilities and girls.",0_2,4_27,,0,4,No Relationship,No Relationship
Engaging citizens in data production is essential to leave no one behind The overarching principle of the 2030 Agenda for Sustainable Development is to leave no one behind.,"In 42 countries specifying treatment levels, 60 per cent of total wastewater flows were safely treated (with at least secondary treatment).",0_2,6_10,,0,6,No Relationship,No Relationship
Engaging citizens in data production is essential to leave no one behind The overarching principle of the 2030 Agenda for Sustainable Development is to leave no one behind.,"In 2023, the annual SDG investment gap in developing countries was estimated at about $4 trillion, with over half, or $2.2 trillion, needed for the energy transition alone.",0_2,8_8,,0,8,Rephrase,Support
Engaging citizens in data production is essential to leave no one behind The overarching principle of the 2030 Agenda for Sustainable Development is to leave no one behind.,"Developing countries make up 74 per cent of United Nations General Assembly Members but have limited voice and participation in international economic decision-making, norm-setting and governance.",0_2,10_9,,0,10,No Relationship,No Relationship
Engaging citizens in data production is essential to leave no one behind The overarching principle of the 2030 Agenda for Sustainable Development is to leave no one behind.,"Uncontrolled disposal of electronic and electrical equipment fuels vast e-waste stockpiles, exacerbated by rising consumption, short product life cycles and little repair.",0_2,12_6,,0,12,No Relationship,No Relationship
Engaging citizens in data production is essential to leave no one behind The overarching principle of the 2030 Agenda for Sustainable Development is to leave no one behind.,Marine designations should be strategically located to safeguard key biodiversity areas.,0_2,14_10,,0,14,No Relationship,Support
Engaging citizens in data production is essential to leave no one behind The overarching principle of the 2030 Agenda for Sustainable Development is to leave no one behind.,"National long-term risk reduction strategies and plans, reported by 129 countries; the establishment of effective multi-hazard early warning systems, reported by 104 countries; and comprehensive resilience plans are key to minimizing disaster impacts on people and economies.",0_2,16_3,,0,16,No Relationship,Support
"To guarantee at least basic social security for all children, upper- and lower-middle-income countries would need to invest an additional $98.1 billion and $88.8 billion, respectively.","The COVID-19 pandemic highlighted the importance of high-quality, timely and disaggregated data for informed decision-making. Yet funding gaps threaten the resilience of statistical systems in developing countries.",1_37,0_10,,1,0,No Relationship,No Relationship
"To guarantee at least basic social security for all children, upper- and lower-middle-income countries would need to invest an additional $98.1 billion and $88.8 billion, respectively.","Yet minimal progress after 2015 left about 4.5 billion people without coverage in 2021, especially in rural and poorer populations.",1_37,3_20,,1,3,Support,No Relationship
"To guarantee at least basic social security for all children, upper- and lower-middle-income countries would need to invest an additional $98.1 billion and $88.8 billion, respectively.","Women typically experience higher working poverty rates than men, with the most pronounced gender gap observed in the least developed countries (LDCs).",1_37,5_3,,1,5,No Relationship,No Relationship
"To guarantee at least basic social security for all children, upper- and lower-middle-income countries would need to invest an additional $98.1 billion and $88.8 billion, respectively.","To achieve universal access to clean energy by 2030, robust policies are needed to accelerate electrification, enhance energy efficiency and increase investments in renewable energy.",1_37,7_7,,1,7,Support,No Relationship
"To guarantee at least basic social security for all children, upper- and lower-middle-income countries would need to invest an additional $98.1 billion and $88.8 billion, respectively.","With urbanization on the rise and nearly 70 per cent of the global population projected to reside in cities by 2050, the development of critical infrastructure, affordable housing, efficient transport systems and essential social services is imperative to create resilient and sustainable cities that meet the needs of all.",1_37,9_1,,1,9,Support,Support
"To guarantee at least basic social security for all children, upper- and lower-middle-income countries would need to invest an additional $98.1 billion and $88.8 billion, respectively.","Public transit remains out of easy reach for 40 per cent of urban residents worldwide Ensuring equitable access to public transportation helps to reduce food insecurity, boost economies, empower women, and connect people to key health, education and financial services, especially vulnerable urban populations. Yet many cities worldwide lack adequate urban transit infrastructure.",1_37,11_10,,1,11,No Relationship,Support
"To guarantee at least basic social security for all children, upper- and lower-middle-income countries would need to invest an additional $98.1 billion and $88.8 billion, respectively.","As of June 2024, a WMO climate update underscored an 80 per cent likelihood of at least one year temporarily exceeding 1.5°C from 2024 to 2028.",1_37,13_25,,1,13,No Relationship,No Relationship
"To guarantee at least basic social security for all children, upper- and lower-middle-income countries would need to invest an additional $98.1 billion and $88.8 billion, respectively.","Globally, small-scale farming caused 68 per cent of agriculture-driven deforestation, while large-scale farming contributed to 32 per cent.",1_37,15_8,,1,15,No Relationship,No Relationship
"To guarantee at least basic social security for all children, upper- and lower-middle-income countries would need to invest an additional $98.1 billion and $88.8 billion, respectively.",Partnerships between NSOs and civil society organizations stood at 37 per cent.,1_37,17_2,,1,17,No Relationship,No Relationship
"Despite the economic disruptions of the pandemic, the global share of people living on less than half the median income has been declining due to social assistance programmes.",Ensuring that no one is left behind calls for more than just data disaggregation.,1_0,0_3,,1,0,Support,No Relationship
"Despite the economic disruptions of the pandemic, the global share of people living on less than half the median income has been declining due to social assistance programmes.",Increased access to treatment has averted 20.8 million AIDS-related deaths in the past three decades.,1_0,3_36,,1,3,Support,Support
"Despite the economic disruptions of the pandemic, the global share of people living on less than half the median income has been declining due to social assistance programmes.","Strong and sustained commitments to changing biased social norms, eliminating harmful practices and abolishing discriminatory laws are urgently needed.",1_0,5_20,,1,5,No Relationship,Support
"Despite the economic disruptions of the pandemic, the global share of people living on less than half the median income has been declining due to social assistance programmes.","Without a change in course, an estimated 660 million people will still lack electricity access and around 1.8 billion will go without clean cooking fuels and technologies by 2030.",1_0,7_6,,1,7,Support,No Relationship
"Despite the economic disruptions of the pandemic, the global share of people living on less than half the median income has been declining due to social assistance programmes.","In 2022, manufacturing growth plateaued at around 2.7 per cent and is anticipated to remain stagnant in 2024.",1_0,9_20,,1,9,No Relationship,No Relationship
"Despite the economic disruptions of the pandemic, the global share of people living on less than half the median income has been declining due to social assistance programmes.","Health risks from household air pollution are particularly high among women and children, who tend to spend more time in and around cooking stoves.",1_0,11_15,,1,11,No Relationship,No Relationship
"Despite the economic disruptions of the pandemic, the global share of people living on less than half the median income has been declining due to social assistance programmes.","As of June 2024, a WMO climate update underscored an 80 per cent likelihood of at least one year temporarily exceeding 1.5°C from 2024 to 2028.",1_0,13_25,,1,13,No Relationship,No Relationship
"Despite the economic disruptions of the pandemic, the global share of people living on less than half the median income has been declining due to social assistance programmes.","This degradation, driven by changes in land use and coverage, significantly contributes to biodiversity loss, including in fragile mountain ecosystems.",1_0,15_20,,1,15,No Relationship,Support
"Despite the economic disruptions of the pandemic, the global share of people living on less than half the median income has been declining due to social assistance programmes.",Total adaptation finance rose to $32.4 billion from $10.1 billion in 2016.,1_0,17_14,,1,17,Support,No Relationship
The latter had incomes that were less than 70 per cent of those earned by the former in nearly 50 per cent of countries with available data.,Engaging citizens in data production is essential to leave no one behind The overarching principle of the 2030 Agenda for Sustainable Development is to leave no one behind.,1_39,0_2,,1,0,No Relationship,No Relationship
The latter had incomes that were less than 70 per cent of those earned by the former in nearly 50 per cent of countries with available data.,"Changing course requires prioritizing the achievement of universal health coverage, strengthening health systems, investing in disease prevention and treatment, and addressing disparities in access to care and services, especially for vulnerable populations.",1_39,3_16,,1,3,No Relationship,No Relationship
The latter had incomes that were less than 70 per cent of those earned by the former in nearly 50 per cent of countries with available data.,"Health risks from household air pollution are particularly high among women and children, who tend to spend more time in and around cooking stoves.",1_39,5_8,,1,5,No Relationship,No Relationship
The latter had incomes that were less than 70 per cent of those earned by the former in nearly 50 per cent of countries with available data.,"To achieve universal access to clean energy by 2030, robust policies are needed to accelerate electrification, enhance energy efficiency and increase investments in renewable energy.",1_39,7_7,,1,7,No Relationship,No Relationship
The latter had incomes that were less than 70 per cent of those earned by the former in nearly 50 per cent of countries with available data.,"To accelerate progress towards Goal 9, a concerted effort is needed to promote inclusive and sustainable industrialization, foster innovation through increased investment in research and development, prioritize and accelerate the green transition, and facilitate access to information and communications technology.",1_39,9_17,,1,9,No Relationship,No Relationship
The latter had incomes that were less than 70 per cent of those earned by the former in nearly 50 per cent of countries with available data.,"Cities sprawled or grew outwards up to 3.7 times faster than they densified or grew upward from 2000 to 2020, based on recent data from 1,217 cities in 185 countries.",1_39,11_8,,1,11,No Relationship,No Relationship
The latter had incomes that were less than 70 per cent of those earned by the former in nearly 50 per cent of countries with available data.,"Climate change is hindering poverty reduction, and disasters result in millions of households becoming poor or remaining trapped in poverty.",1_39,13_37,,1,13,Support,No Relationship
The latter had incomes that were less than 70 per cent of those earned by the former in nearly 50 per cent of countries with available data.,Risks to species continue to escalate globally,1_39,15_13,,1,15,No Relationship,No Relationship
The latter had incomes that were less than 70 per cent of those earned by the former in nearly 50 per cent of countries with available data.,Global agreements could renew momentum to protect key biodiversity areas in the oceans,1_39,17_18,,1,17,No Relationship,No Relationship
"Globally, the proportion of countries facing moderately to abnormally high food prices rose sharply in 2022, reaching a new record high of 58.1 per cent.",The trillions needed to achieve the SDGs require world leaders to rapidly scale up investments,2_34,1_10,,2,1,Support,No Relationship
"Globally, the proportion of countries facing moderately to abnormally high food prices rose sharply in 2022, reaching a new record high of 58.1 per cent.","In Latin America and the Caribbean, only a third of primary schools can accommodate students with disabilities.",2_34,4_29,,2,4,No Relationship,No Relationship
"Globally, the proportion of countries facing moderately to abnormally high food prices rose sharply in 2022, reaching a new record high of 58.1 per cent.","Extreme weather events, including heatwaves, major floods, droughts, wildfires and tropical cyclones, have disrupted the lives of millions of people and caused billions of dollars in economic losses.",2_34,6_0,,2,6,No Relationship,No Relationship
"Globally, the proportion of countries facing moderately to abnormally high food prices rose sharply in 2022, reaching a new record high of 58.1 per cent.",Global unemployment fell to a record low yet gaps remain for women and youth,2_34,8_23,,2,8,No Relationship,No Relationship
"Globally, the proportion of countries facing moderately to abnormally high food prices rose sharply in 2022, reaching a new record high of 58.1 per cent.","Globally, young women are over twice as likely as young men to be NEET. In Central and Southern Asia, nearly half of young women are NEET compared to only 12.3 per cent of young men.",2_34,10_46,,2,10,Support,No Relationship
"Globally, the proportion of countries facing moderately to abnormally high food prices rose sharply in 2022, reaching a new record high of 58.1 per cent.",Only 1.7 kilograms per capita was collected and managed in an environmentally sound manner.,2_34,12_8,,2,12,No Relationship,No Relationship
"Globally, the proportion of countries facing moderately to abnormally high food prices rose sharply in 2022, reaching a new record high of 58.1 per cent.","Bleaching has been observed in 53 countries and territories, including throughout the tropics, the Great Barrier Reef, large parts of the South Pacific, and the Atlantic and Indian ocean basins.",2_34,14_16,,2,14,No Relationship,No Relationship
"Globally, the proportion of countries facing moderately to abnormally high food prices rose sharply in 2022, reaching a new record high of 58.1 per cent.","Corruption continues to divert resources from sustainable development, with one in five people reporting being asked to pay or having paid a bribe to a public official in the last 12 months.",2_34,16_5,,2,16,No Relationship,No Relationship
"Globally, an estimated 1 billion meals of edible food are wasted every day, equivalent to 1.3 meals per person impacted by hunger per day, considering that 783 million people faced hunger in 2022.","Despite improvement, 7 in 10 children worldwide still lack social protection coverage",2_7,1_32,,2,1,No Relationship,No Relationship
"Globally, an estimated 1 billion meals of edible food are wasted every day, equivalent to 1.3 meals per person impacted by hunger per day, considering that 783 million people faced hunger in 2022.","While technology has expanded educational opportunities, it has also widened inequalities, leaving millions of people, especially in marginalized and low-income communities, without access to education.",2_7,4_6,,2,4,No Relationship,No Relationship
"Globally, an estimated 1 billion meals of edible food are wasted every day, equivalent to 1.3 meals per person impacted by hunger per day, considering that 783 million people faced hunger in 2022.","Countries with higher levels of integrated water resources management (score 0 to 100 per cent) are more resilient to climate change, biodiversity loss and pollution.",2_7,6_20,,2,6,No Relationship,No Relationship
"Globally, an estimated 1 billion meals of edible food are wasted every day, equivalent to 1.3 meals per person impacted by hunger per day, considering that 783 million people faced hunger in 2022.","In 2023, remittances to low- and middle-income countries reached an estimated $669 billion, reflecting a normalization of flows following the post-pandemic robust growth.",2_7,8_9,,2,8,No Relationship,No Relationship
"Globally, an estimated 1 billion meals of edible food are wasted every day, equivalent to 1.3 meals per person impacted by hunger per day, considering that 783 million people faced hunger in 2022.",These regional disparities underscore the need for targeted efforts to achieve equal educational opportunities for all children.,2_7,10_40,,2,10,No Relationship,Support
"Globally, an estimated 1 billion meals of edible food are wasted every day, equivalent to 1.3 meals per person impacted by hunger per day, considering that 783 million people faced hunger in 2022.","The increase widened the gap between consumer prices and actual energy costs, prompting many governments to introduce support measures to shield industries and populations from inflation.",2_7,12_16,,2,12,No Relationship,No Relationship
"Globally, an estimated 1 billion meals of edible food are wasted every day, equivalent to 1.3 meals per person impacted by hunger per day, considering that 783 million people faced hunger in 2022.","Sustaining economic dividends from fisheries, however, requires judicious fish stock management practices that prevent overexploitation and depletion.",2_7,14_6,,2,14,No Relationship,No Relationship
"Globally, an estimated 1 billion meals of edible food are wasted every day, equivalent to 1.3 meals per person impacted by hunger per day, considering that 783 million people faced hunger in 2022.","Rising conflicts and violent organized crime persist around the world, causing immense human suffering and hampering sustainable development.",2_7,16_4,,2,16,Support,No Relationship
"Hotter countries tend to have higher waste per capita, possibly due to increased consumption of fresh food with substantial inedible parts and inadequate refrigeration.",One in three of these countries are now poorer on average than before the pandemic.,2_9,1_23,,2,1,Support,No Relationship
"Hotter countries tend to have higher waste per capita, possibly due to increased consumption of fresh food with substantial inedible parts and inadequate refrigeration.","Between 2015 and 2023, the primary school completion rate increased from 85 to 88 per cent, the lower secondary completion rate from 74 to 78 per cent, and the upper secondary completion rate from 53 to 59 per cent.",2_9,4_10,,2,4,No Relationship,No Relationship
"Hotter countries tend to have higher waste per capita, possibly due to increased consumption of fresh food with substantial inedible parts and inadequate refrigeration.","Countries are adopting various strategies to enhance water use efficiency, including infrastructure modernization, more efficient irrigation and wastewater reuse.",2_9,6_17,,2,6,Support,No Relationship
"Hotter countries tend to have higher waste per capita, possibly due to increased consumption of fresh food with substantial inedible parts and inadequate refrigeration.",More than 2 billion workers globally were in informal employment in 2023,2_9,8_24,,2,8,No Relationship,No Relationship
"Hotter countries tend to have higher waste per capita, possibly due to increased consumption of fresh food with substantial inedible parts and inadequate refrigeration.","In 2020, the maternal mortality ratio in low-income countries was 430 maternal deaths per 100,000 live births compared to 13 in high-income nations.",2_9,10_33,,2,10,Support,No Relationship
"Hotter countries tend to have higher waste per capita, possibly due to increased consumption of fresh food with substantial inedible parts and inadequate refrigeration.","Patterns of unsustainable consumption and production persist, however. In 2022, global food waste reached 1.05 billion metric tons, yet only 9 of 193 countries included food waste in their nationally determined contributions (NDCs) on climate change actions.",2_9,12_0,,2,12,Support,No Relationship
"Hotter countries tend to have higher waste per capita, possibly due to increased consumption of fresh food with substantial inedible parts and inadequate refrigeration.",Marine designations should be strategically located to safeguard key biodiversity areas.,2_9,14_10,,2,14,No Relationship,No Relationship
"Hotter countries tend to have higher waste per capita, possibly due to increased consumption of fresh food with substantial inedible parts and inadequate refrigeration.",Overcrowding in prisons operating at over 100 per cent of intended capacity was a concern in half of countries with data.,2_9,16_15,,2,16,No Relationship,No Relationship
"Treatment coverage for women consistently lags behind that for men across all regions, with over 13 per cent of men receiving treatment compared to less than 6 per cent of women in 2022.",Ensuring that no one is left behind calls for more than just data disaggregation.,3_44,0_3,,3,0,No Relationship,Support
"Treatment coverage for women consistently lags behind that for men across all regions, with over 13 per cent of men receiving treatment compared to less than 6 per cent of women in 2022.","Globally, the proportion of countries facing moderately to abnormally high food prices rose sharply in 2022, reaching a new record high of 58.1 per cent.",3_44,2_34,,3,2,No Relationship,No Relationship
"Treatment coverage for women consistently lags behind that for men across all regions, with over 13 per cent of men receiving treatment compared to less than 6 per cent of women in 2022.","Health risks from household air pollution are particularly high among women and children, who tend to spend more time in and around cooking stoves.",3_44,5_8,,3,5,No Relationship,No Relationship
"Treatment coverage for women consistently lags behind that for men across all regions, with over 13 per cent of men receiving treatment compared to less than 6 per cent of women in 2022.","Further, global investment in energy efficiency would need to triple by 2030.",3_44,7_23,,3,7,No Relationship,No Relationship
"Treatment coverage for women consistently lags behind that for men across all regions, with over 13 per cent of men receiving treatment compared to less than 6 per cent of women in 2022.","Global manufacturing shows slow growth, and the global share of manufacturing employment declines",3_44,9_18,,3,9,No Relationship,No Relationship
"Treatment coverage for women consistently lags behind that for men across all regions, with over 13 per cent of men receiving treatment compared to less than 6 per cent of women in 2022.","Health risks from household air pollution are particularly high among women and children, who tend to spend more time in and around cooking stoves.",3_44,11_15,,3,11,No Relationship,No Relationship
"Treatment coverage for women consistently lags behind that for men across all regions, with over 13 per cent of men receiving treatment compared to less than 6 per cent of women in 2022.","In 2022, global greenhouse gas emissions reached a new record of 57.4 gigatons of CO2 equivalent, according to the United Nations Environment Programme’s Emissions Gap Report 2023.",3_44,13_15,,3,13,No Relationship,No Relationship
"Treatment coverage for women consistently lags behind that for men across all regions, with over 13 per cent of men receiving treatment compared to less than 6 per cent of women in 2022.","Illegal wildlife trade persists worldwide despite two decades of concerted action at international and national levels and poses a significant threat to global biodiversity, endangering a wide range of terrestrial and marine species.",3_44,15_15,,3,15,No Relationship,No Relationship
"Treatment coverage for women consistently lags behind that for men across all regions, with over 13 per cent of men receiving treatment compared to less than 6 per cent of women in 2022.","Large gaps in monitoring and reporting, particularly in low-income countries, result in an unclear picture of global wastewater.",3_44,17_25,,3,17,Support,No Relationship
"Particulate air pollution caused approximately 104 deaths per 100,000 people annually by 2019, despite a slight decrease in the global mortality rate attributed to household and ambient air pollution since 2010.","Partnering with local governments enables NSOs to gather more accurate, comprehensive and context-specific data, enhancing the overall effectiveness of SDG monitoring and the responsiveness of development efforts to local priorities.",3_46,0_6,,3,0,No Relationship,Support
"Particulate air pollution caused approximately 104 deaths per 100,000 people annually by 2019, despite a slight decrease in the global mortality rate attributed to household and ambient air pollution since 2010.",The United States planned to transform its food system for broader benefits.,3_46,2_12,,3,2,No Relationship,No Relationship
"Particulate air pollution caused approximately 104 deaths per 100,000 people annually by 2019, despite a slight decrease in the global mortality rate attributed to household and ambient air pollution since 2010.","Global coverage of the human papillomavirus (HPV) vaccine, critical for women’s and girls’ health, stood at only 15 per cent in 2022, despite 130 countries introducing it in their national immunization services by the end of the year.",3_46,5_6,,3,5,No Relationship,No Relationship
"Particulate air pollution caused approximately 104 deaths per 100,000 people annually by 2019, despite a slight decrease in the global mortality rate attributed to household and ambient air pollution since 2010.","In 2023, the annual SDG investment gap in developing countries was estimated at about $4 trillion, with over half, or $2.2 trillion, needed for the energy transition alone.",3_46,7_3,,3,7,No Relationship,No Relationship
"Particulate air pollution caused approximately 104 deaths per 100,000 people annually by 2019, despite a slight decrease in the global mortality rate attributed to household and ambient air pollution since 2010.","In 2024, the air transport industry is expected to support 87.7 million jobs globally, with a direct and indirect economic impact of $3.5 trillion, equivalent to 4.1 per cent of world GDP.",3_46,9_21,,3,9,No Relationship,No Relationship
"Particulate air pollution caused approximately 104 deaths per 100,000 people annually by 2019, despite a slight decrease in the global mortality rate attributed to household and ambient air pollution since 2010.",More than 9 in 10 deaths caused by air pollution occur in lower- and middle-income countries,3_46,11_13,,3,11,Support,No Relationship
"Particulate air pollution caused approximately 104 deaths per 100,000 people annually by 2019, despite a slight decrease in the global mortality rate attributed to household and ambient air pollution since 2010.","NDCs lower this to 2.5°C, while all net-zero pledges would put warming at 2°C, although these pledges are highly uncertain.",3_46,13_22,,3,13,No Relationship,No Relationship
"Particulate air pollution caused approximately 104 deaths per 100,000 people annually by 2019, despite a slight decrease in the global mortality rate attributed to household and ambient air pollution since 2010.",Risks to species continue to escalate globally,3_46,15_13,,3,15,Support,No Relationship
"Particulate air pollution caused approximately 104 deaths per 100,000 people annually by 2019, despite a slight decrease in the global mortality rate attributed to household and ambient air pollution since 2010.","Climate finance increased by 30 per cent from 2021 to reach $115.9 billion in 2022, with 60 per cent of the total allocated to mitigation.",3_46,17_13,,3,17,No Relationship,No Relationship
"The COVID-19 pandemic has ravaged global health, undoing nearly 10 years of progress in life expectancy.","Addressing inequality both within and among countries necessitates equitable resource distribution, investment in education and skills, social protection measures, efforts to stop discrimination, support for marginalized groups, and international cooperation for fair trade and financial systems.",3_9,0_7,,3,0,No Relationship,Support
"The COVID-19 pandemic has ravaged global health, undoing nearly 10 years of progress in life expectancy.",The world wastes 1.05 billion metric tons of food even as hundreds of millions face hunger,3_9,2_3,,3,2,Support,No Relationship
"The COVID-19 pandemic has ravaged global health, undoing nearly 10 years of progress in life expectancy.","Global coverage of the human papillomavirus (HPV) vaccine, critical for women’s and girls’ health, stood at only 15 per cent in 2022, despite 130 countries introducing it in their national immunization services by the end of the year.",3_9,5_6,,3,5,Support,No Relationship
"The COVID-19 pandemic has ravaged global health, undoing nearly 10 years of progress in life expectancy.",Governments plan to produce around 110 per cent more fossil fuels by 2030 than would be consistent with limiting warming to 1.5°C.,3_9,7_1,,3,7,No Relationship,No Relationship
"The COVID-19 pandemic has ravaged global health, undoing nearly 10 years of progress in life expectancy.","Accelerating progress could have a catalytic impact on achieving the overall 2030 Agenda. Prioritizing increased education funding, teacher training, and inclusive and accessible schools are essential steps, along with leveraging technology and bridging the digital divide to achieve equitable access to quality education.",3_9,9_12,,3,9,Support,Support
"The COVID-19 pandemic has ravaged global health, undoing nearly 10 years of progress in life expectancy.","Public transit remains out of easy reach for 40 per cent of urban residents worldwide Ensuring equitable access to public transportation helps to reduce food insecurity, boost economies, empower women, and connect people to key health, education and financial services, especially vulnerable urban populations. Yet many cities worldwide lack adequate urban transit infrastructure.",3_9,11_10,,3,11,No Relationship,No Relationship
"The COVID-19 pandemic has ravaged global health, undoing nearly 10 years of progress in life expectancy.","The United Nations Framework Convention on Climate Change (UNFCCC) estimates that nearly $6 trillion is needed for developing countries’ climate action plans by 2030, underscoring the need to massively scale up finance.",3_9,13_6,,3,13,Support,No Relationship
"The COVID-19 pandemic has ravaged global health, undoing nearly 10 years of progress in life expectancy.",Agricultural expansion drove almost 90 per cent of global deforestation; cropland accounted for 49.6 per cent and livestock grazing for 38.5 per cent.,3_9,15_7,,3,15,No Relationship,No Relationship
"The COVID-19 pandemic has ravaged global health, undoing nearly 10 years of progress in life expectancy.","In 2023, only 65 per cent of countries had fully funded and implemented national statistical plans.",3_9,17_6,,3,17,Support,No Relationship
The International Standard Classification of Teacher Training Programmes was endorsed in 2021 to define a minimum global standard for trained teachers but has yet to be widely implemented.,"These findings suggest that efforts to reduce deforestation must tackle production system weaknesses while addressing critical needs such as food security, income and land tenure rights for local communities.",4_37,1_9,,4,1,No Relationship,No Relationship
The International Standard Classification of Teacher Training Programmes was endorsed in 2021 to define a minimum global standard for trained teachers but has yet to be widely implemented.,"Inequalities and emerging threats jeopardize these accomplishments, however, underscoring the need for sustained efforts and innovative strategies.",4_37,3_12,,4,3,No Relationship,Support
The International Standard Classification of Teacher Training Programmes was endorsed in 2021 to define a minimum global standard for trained teachers but has yet to be widely implemented.,"Degraded water quality is likely a global trend yet data gaps constrain understanding and action In 2022, based on 73 countries reporting both total wastewater generation and treatment, 76 per cent of total wastewater received some treatment.",4_37,6_9,,4,6,No Relationship,No Relationship
The International Standard Classification of Teacher Training Programmes was endorsed in 2021 to define a minimum global standard for trained teachers but has yet to be widely implemented.,"Over the past decade, the cost of remittances has fallen significantly. The global average cost of sending $200 decreased from 7.42 per cent in 2016 to 6.18 per cent in 2023. This is still above the 3 per cent SDG target, however.",4_37,8_6,,4,8,No Relationship,No Relationship
The International Standard Classification of Teacher Training Programmes was endorsed in 2021 to define a minimum global standard for trained teachers but has yet to be widely implemented.,A historic reversal is threatening improvements in inequality among countries. The economies of half the world’s most vulnerable countries have been growing at slower rates than those of wealthy countries.,4_37,10_3,,4,10,No Relationship,No Relationship
The International Standard Classification of Teacher Training Programmes was endorsed in 2021 to define a minimum global standard for trained teachers but has yet to be widely implemented.,"Forest losses due to large-scale farming were highest in South America at 48 per cent (mainly linked to livestock grazing), followed by Asia at 38 per cent (primarily due to large-scale crop production, particularly for oil palm plantations).",4_37,12_18,,4,12,No Relationship,No Relationship
The International Standard Classification of Teacher Training Programmes was endorsed in 2021 to define a minimum global standard for trained teachers but has yet to be widely implemented.,"As oceans continue to warm amid rising global temperatures, the frequency and severity of coral bleaching will likely increase.",4_37,14_17,,4,14,No Relationship,No Relationship
The International Standard Classification of Teacher Training Programmes was endorsed in 2021 to define a minimum global standard for trained teachers but has yet to be widely implemented.,Developing countries are not fairly represented in international economic decision-making. Strengthening their voice and participation is crucial to ensuring a more inclusive and equitable global economic system.,4_37,16_1,,4,16,No Relationship,Support
"Seven out of 10 children globally attended organized learning one year before the official primary entry age in 2022, a rate unchanged since 2015.","The share of the world’s population living in extreme poverty rose from 8.9 per cent in 2019 to 9.7 per cent in 2020, driven by increases in low- and lower-middle-income countries.",4_24,1_20,,4,1,Support,No Relationship
"Seven out of 10 children globally attended organized learning one year before the official primary entry age in 2022, a rate unchanged since 2015.","Each year, an estimated 4.2 million people die due to ambient air pollution.",4_24,3_3,,4,3,No Relationship,No Relationship
"Seven out of 10 children globally attended organized learning one year before the official primary entry age in 2022, a rate unchanged since 2015.","As of December 2023, 50 countries, territories and areas had eliminated at least one neglected tropical disease, demonstrating the power of comprehensive interventions combining mass and individual treatment, vector control, veterinary public health and provision of safe water and sanitation.",4_24,6_1,,4,6,No Relationship,No Relationship
"Seven out of 10 children globally attended organized learning one year before the official primary entry age in 2022, a rate unchanged since 2015.",Global unemployment hit a historic low of 5 per cent in 2023 yet persistent roadblocks remain in achieving decent work.,4_24,8_18,,4,8,No Relationship,No Relationship
"Seven out of 10 children globally attended organized learning one year before the official primary entry age in 2022, a rate unchanged since 2015.","Inequalities and emerging threats jeopardize these accomplishments, however, underscoring the need for sustained efforts and innovative strategies.",4_24,10_30,,4,10,No Relationship,Support
"Seven out of 10 children globally attended organized learning one year before the official primary entry age in 2022, a rate unchanged since 2015.","The increase widened the gap between consumer prices and actual energy costs, prompting many governments to introduce support measures to shield industries and populations from inflation.",4_24,12_16,,4,12,No Relationship,No Relationship
"Seven out of 10 children globally attended organized learning one year before the official primary entry age in 2022, a rate unchanged since 2015.","Bleaching has been observed in 53 countries and territories, including throughout the tropics, the Great Barrier Reef, large parts of the South Pacific, and the Atlantic and Indian ocean basins.",4_24,14_16,,4,14,No Relationship,No Relationship
"Seven out of 10 children globally attended organized learning one year before the official primary entry age in 2022, a rate unchanged since 2015.","Corruption continues to divert resources from sustainable development, with one in five people reporting being asked to pay or having paid a bribe to a public official in the last 12 months.",4_24,16_5,,4,16,No Relationship,No Relationship
"Between 2021 and 2022, the growth rate in schools’ Internet access for pedagogical purposes doubled globally and even tripled in some regions.",Half of the most vulnerable countries face a widening income gap with the wealthiest economies,4_31,1_3,,4,1,No Relationship,No Relationship
"Between 2021 and 2022, the growth rate in schools’ Internet access for pedagogical purposes doubled globally and even tripled in some regions.","The proportion of women of reproductive age (15–49 years) who have their need for family planning satisfied with modern methods has climbed from 76.5 per cent in 2015 to 77.6 per cent in 2024, corresponding to an additional 75 million women using modern contraceptive methods globally. By 2030, this proportion is projected to reach 78.2 per cent, a net increase of 45 million women. This marks a fair improvement but still falls far short of universal access.",4_31,3_32,,4,3,No Relationship,No Relationship
"Between 2021 and 2022, the growth rate in schools’ Internet access for pedagogical purposes doubled globally and even tripled in some regions.","Globally, over 20 per cent of primary schools have no separate sanitation facilities for girls.",4_31,6_2,,4,6,No Relationship,No Relationship
"Between 2021 and 2022, the growth rate in schools’ Internet access for pedagogical purposes doubled globally and even tripled in some regions.",Remittance costs have fallen but not enough; digitalization could accelerate further decreases,4_31,8_5,,4,8,Support,No Relationship
"Between 2021 and 2022, the growth rate in schools’ Internet access for pedagogical purposes doubled globally and even tripled in some regions.",Developing countries are not fairly represented in international economic decision-making. Strengthening their voice and participation is crucial to ensuring a more inclusive and equitable global economic system.,4_31,10_4,,4,10,No Relationship,Support
"Between 2021 and 2022, the growth rate in schools’ Internet access for pedagogical purposes doubled globally and even tripled in some regions.","These findings suggest that efforts to reduce deforestation must tackle production system weaknesses while addressing critical needs such as food security, income and land tenure rights for local communities.",4_31,12_19,,4,12,No Relationship,No Relationship
"Between 2021 and 2022, the growth rate in schools’ Internet access for pedagogical purposes doubled globally and even tripled in some regions.","Overfishing, pollution, climate change and poor management drive continued declines in fish stocks",4_31,14_2,,4,14,No Relationship,No Relationship
"Between 2021 and 2022, the growth rate in schools’ Internet access for pedagogical purposes doubled globally and even tripled in some regions.","All SDGs depend on establishing lasting peace and preventing violent conflicts. Urgent action is needed to combat corruption and organized crime, strengthen the rule of law and access to justice, build effective and inclusive governance institutions, and protect rights and fundamental freedoms.",4_31,16_7,,4,16,No Relationship,Support
"Women typically experience higher working poverty rates than men, with the most pronounced gender gap observed in the least developed countries (LDCs).",Population censuses provide crucial data for national and subnational planning and also serve as denominators for numerous SDG indicators.,5_3,0_1,,5,0,No Relationship,No Relationship
"Women typically experience higher working poverty rates than men, with the most pronounced gender gap observed in the least developed countries (LDCs).","Reducing deforestation depends on improving food security, income and land rights",5_3,2_15,,5,2,No Relationship,Support
"Women typically experience higher working poverty rates than men, with the most pronounced gender gap observed in the least developed countries (LDCs).","Globally, pre-primary education has stagnated since the SDGs were agreed.",5_3,4_23,,5,4,Support,No Relationship
"Women typically experience higher working poverty rates than men, with the most pronounced gender gap observed in the least developed countries (LDCs).","The number of people lacking electricity access grew for the first time in a decade In 2022, although the global electricity access rate held steady at 91 per cent, 685 million people still lacked electricity, 10 million more than in 2021 due to population growth.",5_3,7_9,,5,7,No Relationship,No Relationship
"Women typically experience higher working poverty rates than men, with the most pronounced gender gap observed in the least developed countries (LDCs).","Globally, one in three people are still offline, underscoring the urgency of infrastructure investments and affordable Internet access, particularly in underdeveloped regions",5_3,9_5,,5,9,Support,No Relationship
"Women typically experience higher working poverty rates than men, with the most pronounced gender gap observed in the least developed countries (LDCs).","Particulate air pollution caused approximately 104 deaths per 100,000 people annually by 2019, despite a slight decrease in the global mortality rate attributed to household and ambient air pollution since 2010.",5_3,11_14,,5,11,No Relationship,No Relationship
"Women typically experience higher working poverty rates than men, with the most pronounced gender gap observed in the least developed countries (LDCs).","In 2023, ocean heat content soared to its highest level in 65 years; over 90 per cent of the ocean experienced heatwave conditions at some point during the year.",5_3,13_34,,5,13,No Relationship,No Relationship
"Women typically experience higher working poverty rates than men, with the most pronounced gender gap observed in the least developed countries (LDCs).","Globally, only about a third of mountain key biodiversity areas are safeguarded by protected areas or other effective area-based conservation measures.",5_3,15_22,,5,15,No Relationship,No Relationship
"Women typically experience higher working poverty rates than men, with the most pronounced gender gap observed in the least developed countries (LDCs).","Developing countries make up 74 per cent of United Nations General Assembly Members but have limited voice and participation in international economic decision-making, norm-setting and governance.",5_3,17_9,,5,17,Support,No Relationship
"While women hold 40 per cent of global employment, they only occupied 27.5 per cent of managerial positions in 2022, the same share as in 2016.","Ensuring equitable access to public transportation helps to reduce food insecurity, boost economies, empower women, and connect people to key health, education and financial services, especially vulnerable urban populations.",5_28,0_9,,5,0,No Relationship,Support
"While women hold 40 per cent of global employment, they only occupied 27.5 per cent of managerial positions in 2022, the same share as in 2016.","Small-scale food producers play essential roles in agricultural and food production systems, enhancing resilience and fighting hunger.",5_28,2_33,,5,2,No Relationship,No Relationship
"While women hold 40 per cent of global employment, they only occupied 27.5 per cent of managerial positions in 2022, the same share as in 2016.",Increased data literacy in society,5_28,4_0,,5,4,No Relationship,No Relationship
"While women hold 40 per cent of global employment, they only occupied 27.5 per cent of managerial positions in 2022, the same share as in 2016.",This wide divide indicates an urgent need to bridge gaps in achieving equitable access to sustainable energy.,5_28,7_21,,5,7,Support,Support
"While women hold 40 per cent of global employment, they only occupied 27.5 per cent of managerial positions in 2022, the same share as in 2016.","To accelerate progress towards Goal 9, a concerted effort is needed to promote inclusive and sustainable industrialization, foster innovation through increased investment in research and development, prioritize and accelerate the green transition, and facilitate access to information and communications technology.",5_28,9_17,,5,9,No Relationship,Support
"While women hold 40 per cent of global employment, they only occupied 27.5 per cent of managerial positions in 2022, the same share as in 2016.","Globally, from 2000 to 2010, the average annual rate of sprawl reached 5.6 per cent while the annual densification rate lagged at 1.47 per cent.",5_28,11_9,,5,11,No Relationship,No Relationship
"While women hold 40 per cent of global employment, they only occupied 27.5 per cent of managerial positions in 2022, the same share as in 2016.",59 per cent have no joint climate change adaptation strategies for any of their transboundary basins,5_28,13_42,,5,13,No Relationship,No Relationship
"While women hold 40 per cent of global employment, they only occupied 27.5 per cent of managerial positions in 2022, the same share as in 2016.","There’s also a growing global commitment to biodiversity conservation, reflected in increased funding and the adoption of the Kunming-Montreal Global Biodiversity Framework.",5_28,15_3,,5,15,No Relationship,Support
"While women hold 40 per cent of global employment, they only occupied 27.5 per cent of managerial positions in 2022, the same share as in 2016.","It aims to deliver data needed to achieve the SDGs by mobilizing political support and investments in national data systems, fostering unified national data strategies, and strengthening partnerships, collaboration and coordination.",5_28,17_4,,5,17,No Relationship,Support
"Strong and sustained commitments to changing biased social norms, eliminating harmful practices and abolishing discriminatory laws are urgently needed.",Addressing these challenges and formulating relevant policies to overcome them is possible only when citizen data are collected with the active involvement and support of communities with firsthand knowledge of their own needs.,5_20,0_4,,5,0,No Relationship,Support
"Strong and sustained commitments to changing biased social norms, eliminating harmful practices and abolishing discriminatory laws are urgently needed.","Globally, an estimated 1 billion meals of edible food are wasted every day, equivalent to 1.3 meals per person impacted by hunger per day, considering that 783 million people faced hunger in 2022.",5_20,2_7,,5,2,No Relationship,Support
"Strong and sustained commitments to changing biased social norms, eliminating harmful practices and abolishing discriminatory laws are urgently needed.","While technology has expanded educational opportunities, it has also widened inequalities, leaving millions of people, especially in marginalized and low-income communities, without access to education.",5_20,4_6,,5,4,No Relationship,Support
"Strong and sustained commitments to changing biased social norms, eliminating harmful practices and abolishing discriminatory laws are urgently needed.","Further, global investment in energy efficiency would need to triple by 2030.",5_20,7_23,,5,7,No Relationship,Support
"Strong and sustained commitments to changing biased social norms, eliminating harmful practices and abolishing discriminatory laws are urgently needed.","To accelerate progress towards Goal 9, a concerted effort is needed to promote inclusive and sustainable industrialization, foster innovation through increased investment in research and development, prioritize and accelerate the green transition, and facilitate access to information and communications technology.",5_20,9_17,,5,9,Rephrase,Support
"Strong and sustained commitments to changing biased social norms, eliminating harmful practices and abolishing discriminatory laws are urgently needed.","The total slum population was 1.12 billion in 2022, 130 million more than in 2015, marking a reversal from the consistent decrease observed from 2000 to 2020.",5_20,11_4,,5,11,No Relationship,No Relationship
"Strong and sustained commitments to changing biased social norms, eliminating harmful practices and abolishing discriminatory laws are urgently needed.","Except transportation, emissions from all major sectors have rebounded since the pandemic and now exceed 2019 levels.",5_20,13_17,,5,13,No Relationship,No Relationship
"Strong and sustained commitments to changing biased social norms, eliminating harmful practices and abolishing discriminatory laws are urgently needed.","In Africa, small-scale farming was responsible for 97 per cent of agriculture-driven deforestation.",5_20,15_9,,5,15,No Relationship,No Relationship
"Strong and sustained commitments to changing biased social norms, eliminating harmful practices and abolishing discriminatory laws are urgently needed.","The Kunming-Montreal Global Biodiversity Framework commits to establishing protected areas to safeguard areas of particular importance for biodiversity, adding up to cover 30 per cent of oceans by 2030.",5_20,17_19,,5,17,No Relationship,Support
"Degraded water quality is likely a global trend yet data gaps constrain understanding and action In 2022, based on 73 countries reporting both total wastewater generation and treatment, 76 per cent of total wastewater received some treatment.","Significant regional variations were evident, and despite a near doubling of coverage from 4.5 per cent in 2015 to 8.7 per cent in 2023, low-income countries were still far from universal coverage.",6_9,1_35,,6,1,No Relationship,No Relationship
"Degraded water quality is likely a global trend yet data gaps constrain understanding and action In 2022, based on 73 countries reporting both total wastewater generation and treatment, 76 per cent of total wastewater received some treatment.","While air pollution levels have declined in most regions, they are still significantly higher than the recommended air quality guidelines for public health protection.",6_9,3_0,,6,3,Support,No Relationship
"Degraded water quality is likely a global trend yet data gaps constrain understanding and action In 2022, based on 73 countries reporting both total wastewater generation and treatment, 76 per cent of total wastewater received some treatment.","Treatment coverage for women consistently lags behind that for men across all regions, with over 13 per cent of men receiving treatment compared to less than 6 per cent of women in 2022.",6_9,5_7,,6,5,Rephrase,No Relationship
"Degraded water quality is likely a global trend yet data gaps constrain understanding and action In 2022, based on 73 countries reporting both total wastewater generation and treatment, 76 per cent of total wastewater received some treatment.","Labour’s share of GDP returns to a long-term decline as capital returns increase Bucking a downward trend going back to the 1970s, the global labour income share of GDP rose sharply during the pandemic from 52.9 per cent in 2019 to 53.8 per cent in 2020.",6_9,8_2,,6,8,No Relationship,No Relationship
"Degraded water quality is likely a global trend yet data gaps constrain understanding and action In 2022, based on 73 countries reporting both total wastewater generation and treatment, 76 per cent of total wastewater received some treatment.","On average, each day, women spend 2.5 times more hours on unpaid domestic and care work than men.",6_9,10_44,,6,10,No Relationship,No Relationship
"Degraded water quality is likely a global trend yet data gaps constrain understanding and action In 2022, based on 73 countries reporting both total wastewater generation and treatment, 76 per cent of total wastewater received some treatment.","Further, each year, food loss and waste generate 8 to 10 per cent of greenhouse gas emissions, costing over $1 trillion and straining land resources and biodiversity.",6_9,12_4,,6,12,No Relationship,No Relationship
"Degraded water quality is likely a global trend yet data gaps constrain understanding and action In 2022, based on 73 countries reporting both total wastewater generation and treatment, 76 per cent of total wastewater received some treatment.","As oceans continue to warm amid rising global temperatures, the frequency and severity of coral bleaching will likely increase.",6_9,14_17,,6,14,No Relationship,No Relationship
"Degraded water quality is likely a global trend yet data gaps constrain understanding and action In 2022, based on 73 countries reporting both total wastewater generation and treatment, 76 per cent of total wastewater received some treatment.",Developing countries are not fairly represented in international economic decision-making. Strengthening their voice and participation is crucial to ensuring a more inclusive and equitable global economic system.,6_9,16_1,,6,16,Support,Support
Far fewer countries reported on the generation or treatment of industrial wastewater. Data on household wastewater from 140 countries and territories show that 58 per cent received safe treatment.,One in three of these countries are now poorer on average than before the pandemic.,6_11,1_23,,6,1,No Relationship,No Relationship
Far fewer countries reported on the generation or treatment of industrial wastewater. Data on household wastewater from 140 countries and territories show that 58 per cent received safe treatment.,The integration of HIV testing and treatment with maternal and childcare services has prevented over 3.4 million HIV infections in children since 2000.,6_11,3_37,,6,3,No Relationship,No Relationship
Far fewer countries reported on the generation or treatment of industrial wastewater. Data on household wastewater from 140 countries and territories show that 58 per cent received safe treatment.,"Globally, girls’ completion rates exceed those of boys by 2 to 3 percentage points in both primary and secondary education.",6_11,5_9,,6,5,No Relationship,No Relationship
Far fewer countries reported on the generation or treatment of industrial wastewater. Data on household wastewater from 140 countries and territories show that 58 per cent received safe treatment.,Small-scale food producers are vital in fighting hunger but earn less than half the income of larger-scale operations,6_11,8_13,,6,8,No Relationship,No Relationship
Far fewer countries reported on the generation or treatment of industrial wastewater. Data on household wastewater from 140 countries and territories show that 58 per cent received safe treatment.,Half of the most vulnerable countries face a widening income gap with the wealthiest economies,6_11,10_8,,6,10,No Relationship,No Relationship
Far fewer countries reported on the generation or treatment of industrial wastewater. Data on household wastewater from 140 countries and territories show that 58 per cent received safe treatment.,"The rapid growth of global e-waste remains largely unaddressed, with only 22 per cent collected and managed sustainably.",6_11,12_1,,6,12,Support,No Relationship
Far fewer countries reported on the generation or treatment of industrial wastewater. Data on household wastewater from 140 countries and territories show that 58 per cent received safe treatment.,Adequate management of such protected areas will be crucial to realize conservation benefits.,6_11,14_9,,6,14,No Relationship,Support
Far fewer countries reported on the generation or treatment of industrial wastewater. Data on household wastewater from 140 countries and territories show that 58 per cent received safe treatment.,"These alarming figures indicate that the road to global peace and security, essential for sustainable development, has been diverted. The trend must be reversed, conflicts must end, and parties to conflicts must strictly abide by international humanitarian and human rights obligations to protect civilians’ lives.",6_11,16_11,,6,16,Support,Support
"Trends in domestic wastewater suggest that little, if any, progress is being made towards the target of halving the proportion of unsafe discharges by 2030.","Since 2000, two thirds of countries with data have reduced the proportion of their population living on less than half the median income. This trend continued during the pandemic.",6_12,1_2,,6,1,No Relationship,No Relationship
"Trends in domestic wastewater suggest that little, if any, progress is being made towards the target of halving the proportion of unsafe discharges by 2030.","New data from 32 countries show that 19 have seen a positive trend in women’s ability to make decisions on sexual and reproductive health, particularly in Eastern and Southern Africa.",6_12,3_57,,6,3,No Relationship,No Relationship
"Trends in domestic wastewater suggest that little, if any, progress is being made towards the target of halving the proportion of unsafe discharges by 2030.","The dismantling of discriminatory laws is encouraging but gaps persist, notably in land rights",6_12,5_22,,6,5,No Relationship,No Relationship
"Trends in domestic wastewater suggest that little, if any, progress is being made towards the target of halving the proportion of unsafe discharges by 2030.","Over the past decade, the cost of remittances has fallen significantly. The global average cost of sending $200 decreased from 7.42 per cent in 2016 to 6.18 per cent in 2023. This is still above the 3 per cent SDG target, however.",6_12,8_6,,6,8,No Relationship,No Relationship
"Trends in domestic wastewater suggest that little, if any, progress is being made towards the target of halving the proportion of unsafe discharges by 2030.","Legal protections of women’s land rights remain grossly inadequate. Among 77 countries, only 20 per cent has high levels of protection.",6_12,10_43,,6,10,No Relationship,No Relationship
"Trends in domestic wastewater suggest that little, if any, progress is being made towards the target of halving the proportion of unsafe discharges by 2030.","E-waste generation rose from 6.3 to 7.8 kilograms per capita from 2015 to 2022, reaching a total of 62 million metric tons of e-waste in 2022.",6_12,12_7,,6,12,Support,No Relationship
"Trends in domestic wastewater suggest that little, if any, progress is being made towards the target of halving the proportion of unsafe discharges by 2030.","The sustainability of global fishery resources declined from 90.0 per cent in 1974 to 64.6 per cent in 2019 and further to 62.3 per cent in 2021, due to overfishing, pollution, poor management and other factors.",6_12,14_3,,6,14,No Relationship,No Relationship
"Trends in domestic wastewater suggest that little, if any, progress is being made towards the target of halving the proportion of unsafe discharges by 2030.","These alarming figures indicate that the road to global peace and security, essential for sustainable development, has been diverted. The trend must be reversed, conflicts must end, and parties to conflicts must strictly abide by international humanitarian and human rights obligations to protect civilians’ lives.",6_12,16_11,,6,16,Support,Support
"Globally, per capita installed capacity for generating electricity with renewable energy nearly doubled from 250 watts in 2015 to 424 watts in 2022.",Ensuring that no one is left behind calls for more than just data disaggregation.,7_20,0_3,,7,0,No Relationship,No Relationship
"Globally, per capita installed capacity for generating electricity with renewable energy nearly doubled from 250 watts in 2015 to 424 watts in 2022.",The United States planned to transform its food system for broader benefits.,7_20,2_12,,7,2,No Relationship,No Relationship
"Globally, per capita installed capacity for generating electricity with renewable energy nearly doubled from 250 watts in 2015 to 424 watts in 2022.","In Latin America and the Caribbean, only a third of primary schools can accommodate students with disabilities.",7_20,4_29,,7,4,No Relationship,No Relationship
"Globally, per capita installed capacity for generating electricity with renewable energy nearly doubled from 250 watts in 2015 to 424 watts in 2022.",Far fewer countries reported on the generation or treatment of industrial wastewater. Data on household wastewater from 140 countries and territories show that 58 per cent received safe treatment.,7_20,6_11,,7,6,No Relationship,No Relationship
"Globally, per capita installed capacity for generating electricity with renewable energy nearly doubled from 250 watts in 2015 to 424 watts in 2022.","Fixed broadband subscriptions grew at an annual rate of 6.4 per cent between 2015 and 2023, reaching 19 subscriptions per 100 inhabitants globally.",7_20,9_9,,7,9,Support,No Relationship
"Globally, per capita installed capacity for generating electricity with renewable energy nearly doubled from 250 watts in 2015 to 424 watts in 2022.","This unregulated growth has negative impacts on the natural environment and land use, contributing to increased air pollution and the loss of open spaces, wildlife habitats and agricultural land.",7_20,11_7,,7,11,No Relationship,No Relationship
"Globally, per capita installed capacity for generating electricity with renewable energy nearly doubled from 250 watts in 2015 to 424 watts in 2022.",Drastic reductions in global greenhouse gas emissions must take place by 2030 and reach net zero by 2050.,7_20,13_14,,7,13,Support,No Relationship
"Globally, per capita installed capacity for generating electricity with renewable energy nearly doubled from 250 watts in 2015 to 424 watts in 2022.","Global trends underscore persistent challenges to biodiversity and forests, despite their critical roles as planetary life-support systems.",7_20,15_0,,7,15,Support,No Relationship
"Globally, per capita installed capacity for generating electricity with renewable energy nearly doubled from 250 watts in 2015 to 424 watts in 2022.","In a landscape of declining international cooperation and rising geopolitical tensions, strengthened global partnerships and enhanced cooperation are urgently needed to address widening financing gaps, reinforce post-pandemic recovery and promote sustainable development, particularly in the LDCs and other vulnerable countries.",7_20,17_21,,7,17,Support,Support
Governments plan to produce around 110 per cent more fossil fuels by 2030 than would be consistent with limiting warming to 1.5°C.,Ensuring that no one is left behind calls for more than just data disaggregation.,7_1,0_3,,7,0,No Relationship,No Relationship
Governments plan to produce around 110 per cent more fossil fuels by 2030 than would be consistent with limiting warming to 1.5°C.,"Based on current trends, one out of five (19.5 per cent) of children under age 5 will be affected by stunting in 2030. Some 37 million children (5.6 per cent) were overweight, while 45 million (6.8 per cent) experienced wasting, above the global target of 3 per cent by 2030.",7_1,2_25,,7,2,Support,No Relationship
Governments plan to produce around 110 per cent more fossil fuels by 2030 than would be consistent with limiting warming to 1.5°C.,"Comprehensive support from schools, training institutions, communities and governments is essential to encourage educators to effectively transmit sustainability principles to future generations.",7_1,4_21,,7,4,Support,Support
Governments plan to produce around 110 per cent more fossil fuels by 2030 than would be consistent with limiting warming to 1.5°C.,"Achieving universal coverage by 2030 will require a sixfold increase in current rates of progress for safely managed drinking water, a fivefold increase for safely managed sanitation and a threefold increase for basic hygiene services.",7_1,6_8,,7,6,Support,No Relationship
Governments plan to produce around 110 per cent more fossil fuels by 2030 than would be consistent with limiting warming to 1.5°C.,"Urban sprawl is characterized by the unplanned, low-density, uncontrolled expansion of urban areas into previously undeveloped rural or suburban areas. This unregulated growth has negative impacts on the natural environment and land use, contributing to increased air pollution and the loss of open spaces, wildlife habitats and agricultural land.",7_1,9_2,,7,9,No Relationship,Attack
Governments plan to produce around 110 per cent more fossil fuels by 2030 than would be consistent with limiting warming to 1.5°C.,"Cities sprawled or grew outwards up to 3.7 times faster than they densified or grew upward from 2000 to 2020, based on recent data from 1,217 cities in 185 countries.",7_1,11_8,,7,11,No Relationship,No Relationship
Governments plan to produce around 110 per cent more fossil fuels by 2030 than would be consistent with limiting warming to 1.5°C.,"NDCs lower this to 2.5°C, while all net-zero pledges would put warming at 2°C, although these pledges are highly uncertain.",7_1,13_22,,7,13,Support,No Relationship
Governments plan to produce around 110 per cent more fossil fuels by 2030 than would be consistent with limiting warming to 1.5°C.,"This degradation, driven by changes in land use and coverage, significantly contributes to biodiversity loss, including in fragile mountain ecosystems.",7_1,15_20,,7,15,Support,No Relationship
Governments plan to produce around 110 per cent more fossil fuels by 2030 than would be consistent with limiting warming to 1.5°C.,"increasing participation in the Agreement on Port State Measures to combat illegal, unreported and unregulated fishing",7_1,17_16,,7,17,No Relationship,No Relationship
"These efforts, coupled with fostering innovative solutions and creating supportive regulatory frameworks, are pivotal to advance towards Goal 7 and meet climate objectives.","Partnering with local governments enables NSOs to gather more accurate, comprehensive and context-specific data, enhancing the overall effectiveness of SDG monitoring and the responsiveness of development efforts to local priorities.",7_8,0_6,,7,0,Support,Support
"These efforts, coupled with fostering innovative solutions and creating supportive regulatory frameworks, are pivotal to advance towards Goal 7 and meet climate objectives.","Globally, the proportion of countries facing moderately to abnormally high food prices rose sharply in 2022, reaching a new record high of 58.1 per cent.",7_8,2_34,,7,2,No Relationship,No Relationship
"These efforts, coupled with fostering innovative solutions and creating supportive regulatory frameworks, are pivotal to advance towards Goal 7 and meet climate objectives.","Comprehensive support from schools, training institutions, communities and governments is essential to encourage educators to effectively transmit sustainability principles to future generations.",7_8,4_21,,7,4,Support,Support
"These efforts, coupled with fostering innovative solutions and creating supportive regulatory frameworks, are pivotal to advance towards Goal 7 and meet climate objectives.","Extreme weather events, including heatwaves, major floods, droughts, wildfires and tropical cyclones, have disrupted the lives of millions of people and caused billions of dollars in economic losses.",7_8,6_0,,7,6,No Relationship,Support
"These efforts, coupled with fostering innovative solutions and creating supportive regulatory frameworks, are pivotal to advance towards Goal 7 and meet climate objectives.","Global foreign direct investment (FDI) flows in 2023 amounted to $1.33 trillion, a decrease of 2 per cent from 2022. Excluding a few European conduit economies that registered large swings in investment flows, global FDI flows were 10 per cent lower than in 2022. FDI flows to developing countries fell by 7 per cent to $867 billion and declined or stagnated in most regions.",7_8,9_3,,7,9,No Relationship,Support
"These efforts, coupled with fostering innovative solutions and creating supportive regulatory frameworks, are pivotal to advance towards Goal 7 and meet climate objectives.","Cities sprawled or grew outwards up to 3.7 times faster than they densified or grew upward from 2000 to 2020, based on recent data from 1,217 cities in 185 countries.",7_8,11_8,,7,11,No Relationship,No Relationship
"These efforts, coupled with fostering innovative solutions and creating supportive regulatory frameworks, are pivotal to advance towards Goal 7 and meet climate objectives.","All countries must urgently speed up economy-wide, low-carbon transformations to avoid escalating economic and social costs.",7_8,13_11,,7,13,Support,Support
"These efforts, coupled with fostering innovative solutions and creating supportive regulatory frameworks, are pivotal to advance towards Goal 7 and meet climate objectives.","Recent estimates indicate that the intercepted illegal wildlife trade as a proportion of all wildlife trade (legal and illegal) has been on the rise since 2017, peaking during the COVID-19 pandemic.",7_8,15_18,,7,15,No Relationship,Support
"These efforts, coupled with fostering innovative solutions and creating supportive regulatory frameworks, are pivotal to advance towards Goal 7 and meet climate objectives.","Addressing inequality both within and among countries necessitates equitable resource distribution, investment in education and skills, social protection measures, efforts to stop discrimination, support for marginalized groups, and international cooperation for fair trade and financial systems.",7_8,17_8,,7,17,Support,Support
"In 95 per cent of countries with available data, the average annual income of small-scale producers is less than half that of larger-scale producers.",persistent challenges such as working poverty and informal employment highlight ongoing struggles in realizing decent work.,8_14,1_42,,8,1,Support,No Relationship
"In 95 per cent of countries with available data, the average annual income of small-scale producers is less than half that of larger-scale producers.","Women’s empowerment in sexual and reproductive health decisions remains restricted globally, although positive strides are evident in some places",8_14,3_54,,8,3,No Relationship,No Relationship
"In 95 per cent of countries with available data, the average annual income of small-scale producers is less than half that of larger-scale producers.","Treatment coverage for women consistently lags behind that for men across all regions, with over 13 per cent of men receiving treatment compared to less than 6 per cent of women in 2022.",8_14,5_7,,8,5,No Relationship,No Relationship
"In 95 per cent of countries with available data, the average annual income of small-scale producers is less than half that of larger-scale producers.","Further, global investment in energy efficiency would need to triple by 2030.",8_14,7_23,,8,7,No Relationship,No Relationship
"In 95 per cent of countries with available data, the average annual income of small-scale producers is less than half that of larger-scale producers.","The annual SDG investment gap in developing countries was estimated at about $4 trillion, with over half, or $2.2 trillion, needed for the energy transition alone.",8_14,10_19,,8,10,Support,No Relationship
"In 95 per cent of countries with available data, the average annual income of small-scale producers is less than half that of larger-scale producers.","The increase widened the gap between consumer prices and actual energy costs, prompting many governments to introduce support measures to shield industries and populations from inflation.",8_14,12_16,,8,12,No Relationship,No Relationship
"In 95 per cent of countries with available data, the average annual income of small-scale producers is less than half that of larger-scale producers.",Adequate management of such protected areas will be crucial to realize conservation benefits.,8_14,14_9,,8,14,No Relationship,Support
"In 95 per cent of countries with available data, the average annual income of small-scale producers is less than half that of larger-scale producers.","Half of countries have overcrowded prisons, sparking concerns about health and human rights",8_14,16_13,,8,16,No Relationship,No Relationship
"Since 2022, manufacturing sector growth has plateaued at around 2.7 per cent, a level expected to persist into 2024 due to the lingering impacts of the COVID-19 pandemic and geopolitical tensions.","The share of the world’s population living in extreme poverty rose from 8.9 per cent in 2019 to 9.7 per cent in 2020, driven by increases in low- and lower-middle-income countries.",8_25,1_20,,8,1,No Relationship,No Relationship
"Since 2022, manufacturing sector growth has plateaued at around 2.7 per cent, a level expected to persist into 2024 due to the lingering impacts of the COVID-19 pandemic and geopolitical tensions.","Yet data from 2015 to 2022 reveal stark disparities, with low-income countries experiencing the lowest health worker density and distribution.",8_25,3_25,,8,3,No Relationship,No Relationship
"Since 2022, manufacturing sector growth has plateaued at around 2.7 per cent, a level expected to persist into 2024 due to the lingering impacts of the COVID-19 pandemic and geopolitical tensions.","Parity in women’s participation in public life remains elusive, and in management positions, at current rates, parity will require another 176 years.",8_25,5_18,,8,5,No Relationship,No Relationship
"Since 2022, manufacturing sector growth has plateaued at around 2.7 per cent, a level expected to persist into 2024 due to the lingering impacts of the COVID-19 pandemic and geopolitical tensions.",The electricity sector has emerged as a frontrunner in adopting wind and solar technologies due to their declining costs.,8_25,7_17,,8,7,No Relationship,No Relationship
"Since 2022, manufacturing sector growth has plateaued at around 2.7 per cent, a level expected to persist into 2024 due to the lingering impacts of the COVID-19 pandemic and geopolitical tensions.",Half of the most vulnerable countries face a widening income gap with the wealthiest economies,8_25,10_8,,8,10,No Relationship,No Relationship
"Since 2022, manufacturing sector growth has plateaued at around 2.7 per cent, a level expected to persist into 2024 due to the lingering impacts of the COVID-19 pandemic and geopolitical tensions.","Uncontrolled disposal of electronic and electrical equipment fuels vast e-waste stockpiles, exacerbated by rising consumption, short product life cycles and little repair.",8_25,12_6,,8,12,No Relationship,No Relationship
"Since 2022, manufacturing sector growth has plateaued at around 2.7 per cent, a level expected to persist into 2024 due to the lingering impacts of the COVID-19 pandemic and geopolitical tensions.","According to the World Meteorological Organization, as of April 2024, sea surface temperatures had reached record highs for 13 consecutive months.",8_25,14_13,,8,14,Support,No Relationship
"Since 2022, manufacturing sector growth has plateaued at around 2.7 per cent, a level expected to persist into 2024 due to the lingering impacts of the COVID-19 pandemic and geopolitical tensions.","About 19 per cent of people reported being asked to pay or having paid a bribe to a public official in the last 12 months, based on 138 countries with available data from 2015 to 2022.",8_25,16_12,,8,16,No Relationship,No Relationship
Remittance costs have fallen but not enough; digitalization could accelerate further decreases,"Tourism remains crucial for jobs, local ecosystems, peacebuilding and poverty reduction through income generation and tax revenues.",8_5,1_43,,8,1,No Relationship,Support
Remittance costs have fallen but not enough; digitalization could accelerate further decreases,"Ninety-three per cent of the burden fell on low- and middle-income countries in 2019, primarily in Asia and Africa.",8_5,3_47,,8,3,No Relationship,No Relationship
Remittance costs have fallen but not enough; digitalization could accelerate further decreases,"Globally, over 20 per cent of primary schools have no separate sanitation facilities for girls.",8_5,5_11,,8,5,No Relationship,No Relationship
Remittance costs have fallen but not enough; digitalization could accelerate further decreases,"This signals how the world’s capacity to generate renewable power is expanding at an unprecedented rate, presenting a tangible opportunity to triple global capacity by 2030, as agreed at the twenty-eighth session of the Conference of the Parties to the United Nations Framework Convention on Climate Change in 2023.",8_5,7_19,,8,7,No Relationship,Support
Remittance costs have fallen but not enough; digitalization could accelerate further decreases,"Not everyone is benefiting equally from these advancements, however.",8_5,10_36,,8,10,Support,Support
Remittance costs have fallen but not enough; digitalization could accelerate further decreases,Half the policies are national road maps or strategies; 30 per cent are legal instruments; and 14 per cent are voluntary instruments.,8_5,12_9,,8,12,No Relationship,No Relationship
Remittance costs have fallen but not enough; digitalization could accelerate further decreases,"Rising ocean temperatures are raising new concerns for coral reefs, which support a quarter of marine species, provide resources for hundreds of millions of people in coastal communities and generate trillions of dollars in revenue annually.",8_5,14_12,,8,14,No Relationship,No Relationship
Remittance costs have fallen but not enough; digitalization could accelerate further decreases,"Conflict zones saw a sharp increase in the killings of journalists and media workers, with 40 lives lost, reversing a downward trend since 2017.",8_5,16_17,,8,16,No Relationship,No Relationship
"Many countries face challenges such as inadequate education infrastructure, teacher shortages and insufficient teacher training.","The COVID-19 pandemic highlighted the importance of high-quality, timely and disaggregated data for informed decision-making. Yet funding gaps threaten the resilience of statistical systems in developing countries.",9_11,0_10,,9,0,Support,Support
"Many countries face challenges such as inadequate education infrastructure, teacher shortages and insufficient teacher training.","Despite progress, 148 million children under age 5 suffered from stunting in 2022. If current trends persist, one in five children under age 5 will be affected by stunting in 2030.",9_11,2_19,,9,2,Support,Support
"Many countries face challenges such as inadequate education infrastructure, teacher shortages and insufficient teacher training.","Reading scores declined by 10 points, twice the previous record.",9_11,4_14,,9,4,No Relationship,No Relationship
"Many countries face challenges such as inadequate education infrastructure, teacher shortages and insufficient teacher training.","Stress levels in Northern Africa and Western Asia rose 12 per cent, exacerbating already critical levels.",9_11,6_25,,9,6,Support,No Relationship
"Many countries face challenges such as inadequate education infrastructure, teacher shortages and insufficient teacher training.","Over the past decade, the cost of remittances has fallen significantly. The global average cost of sending $200 decreased from 7.42 per cent in 2016 to 6.18 per cent in 2023. This is still above the 3 per cent SDG target, however.",9_11,8_6,,9,8,No Relationship,Support
"Many countries face challenges such as inadequate education infrastructure, teacher shortages and insufficient teacher training.","The total slum population was 1.12 billion in 2022, 130 million more than in 2015, marking a reversal from the consistent decrease observed from 2000 to 2020.",9_11,11_4,,9,11,No Relationship,No Relationship
"Many countries face challenges such as inadequate education infrastructure, teacher shortages and insufficient teacher training.","In the Hangzhou declaration on accelerating progress on the Cape Town Global Action Plan for Sustainable Development Data, countries agreed on ""an urgent and sustained increase in the level and scale of investments in data and statistics from domestic and international actors, from the public, private and philanthropic sectors, to strengthen statistical capacity in low-income countries and fragile states, close data gaps for vulnerable groups and enhance country resilience in the current context of economic crisis, conflict, climate change and increased food insecurity.""",9_11,13_1,,9,13,Support,Support
"Many countries face challenges such as inadequate education infrastructure, teacher shortages and insufficient teacher training.","Alarmingly, species are silently becoming extinct, the protection of key biodiversity areas has stalled and global illicit wildlife trafficking has steadily increased, posing serious threats to biodiversity and the benefits it provides to people.",9_11,15_1,,9,15,No Relationship,No Relationship
"Many countries face challenges such as inadequate education infrastructure, teacher shortages and insufficient teacher training.","While acknowledging the contribution of development partners in building national data and statistical capacity, a holistic approach to such support is crucial to prevent silos and duplicated efforts.",9_11,17_7,,9,17,No Relationship,Support
"Accelerating progress could have a catalytic impact on achieving the overall 2030 Agenda. Prioritizing increased education funding, teacher training, and inclusive and accessible schools are essential steps, along with leveraging technology and bridging the digital divide to achieve equitable access to quality education.","Addressing inequality both within and among countries necessitates equitable resource distribution, investment in education and skills, social protection measures, efforts to stop discrimination, support for marginalized groups, and international cooperation for fair trade and financial systems.",9_12,0_7,,9,0,Support,Support
"Accelerating progress could have a catalytic impact on achieving the overall 2030 Agenda. Prioritizing increased education funding, teacher training, and inclusive and accessible schools are essential steps, along with leveraging technology and bridging the digital divide to achieve equitable access to quality education.","In 2021, 13.2 per cent of food produced globally was lost after harvest and during transport, storage, wholesale and processing.",9_12,2_4,,9,2,No Relationship,No Relationship
"Accelerating progress could have a catalytic impact on achieving the overall 2030 Agenda. Prioritizing increased education funding, teacher training, and inclusive and accessible schools are essential steps, along with leveraging technology and bridging the digital divide to achieve equitable access to quality education.","In Latin America and the Caribbean, only a third of primary schools can accommodate students with disabilities.",9_12,4_29,,9,4,Support,No Relationship
"Accelerating progress could have a catalytic impact on achieving the overall 2030 Agenda. Prioritizing increased education funding, teacher training, and inclusive and accessible schools are essential steps, along with leveraging technology and bridging the digital divide to achieve equitable access to quality education.","Large gaps in monitoring and reporting, particularly in low-income countries, result in an unclear picture of global wastewater. In 2023, data on 91,000 water bodies from 120 countries revealed that 56 per cent had good water quality.",9_12,6_13,,9,6,No Relationship,No Relationship
"Accelerating progress could have a catalytic impact on achieving the overall 2030 Agenda. Prioritizing increased education funding, teacher training, and inclusive and accessible schools are essential steps, along with leveraging technology and bridging the digital divide to achieve equitable access to quality education.","Accelerating progress demands sustainable economic policies, support for entrepreneurship and innovation, formalization of the informal economy, safeguards of workers’ rights, social justice, and inclusive employment opportunities, especially for women and youth.",9_12,8_20,,9,8,Support,Support
"Accelerating progress could have a catalytic impact on achieving the overall 2030 Agenda. Prioritizing increased education funding, teacher training, and inclusive and accessible schools are essential steps, along with leveraging technology and bridging the digital divide to achieve equitable access to quality education.","Urban sprawl is characterized by the unplanned, low-density, uncontrolled expansion of urban areas into previously undeveloped rural or suburban areas.",9_12,11_6,,9,11,No Relationship,Attack
"Accelerating progress could have a catalytic impact on achieving the overall 2030 Agenda. Prioritizing increased education funding, teacher training, and inclusive and accessible schools are essential steps, along with leveraging technology and bridging the digital divide to achieve equitable access to quality education.","In 2023, global CO2 emissions from energy combustion and industrial processes increased by 1.1 per cent to an unprecedented 37.4 gigatons.",9_12,13_45,,9,13,No Relationship,No Relationship
"Accelerating progress could have a catalytic impact on achieving the overall 2030 Agenda. Prioritizing increased education funding, teacher training, and inclusive and accessible schools are essential steps, along with leveraging technology and bridging the digital divide to achieve equitable access to quality education.","Globally, only about a third of mountain key biodiversity areas are safeguarded by protected areas or other effective area-based conservation measures.",9_12,15_22,,9,15,No Relationship,No Relationship
"Accelerating progress could have a catalytic impact on achieving the overall 2030 Agenda. Prioritizing increased education funding, teacher training, and inclusive and accessible schools are essential steps, along with leveraging technology and bridging the digital divide to achieve equitable access to quality education.","Similar advances in Europe and Northern America highlight the positive impacts of international cooperation and legislation, including the Convention on Long-Range Transboundary Air Pollution.",9_12,17_12,,9,17,No Relationship,Support
"Medium- and high-tech industry demonstrate resilience despite global economic challenges The proportion of medium- and high-tech manufacturing value added in total value added rose from 46.34 per cent in 2015 to 46.88 per cent in 2019, an upward trend slightly disrupted by the COVID-19 pandemic. The crisis highlighted the resilience of higher-technology industries, which experienced only a marginal decline of 0.67 percentage points in 2021. Significant regional disparities exist in shares of medium- and high-tech manufacturing. In Eastern and South-Eastern Asia, the sector accounted for approximately 50.6 per cent of total manufacturing in 2021, whereas in sub-Saharan Africa, it represented just 18.3 per cent. Prioritizing investments in education and skills development is crucial to expedite the growth of medium- and high-tech industries by equipping the workforce to compete effectively in a dynamic global manufacturing landscape.","Addressing inequality both within and among countries necessitates equitable resource distribution, investment in education and skills, social protection measures, efforts to stop discrimination, support for marginalized groups, and international cooperation for fair trade and financial systems.",9_22,0_7,,9,0,Support,Support
"Medium- and high-tech industry demonstrate resilience despite global economic challenges The proportion of medium- and high-tech manufacturing value added in total value added rose from 46.34 per cent in 2015 to 46.88 per cent in 2019, an upward trend slightly disrupted by the COVID-19 pandemic. The crisis highlighted the resilience of higher-technology industries, which experienced only a marginal decline of 0.67 percentage points in 2021. Significant regional disparities exist in shares of medium- and high-tech manufacturing. In Eastern and South-Eastern Asia, the sector accounted for approximately 50.6 per cent of total manufacturing in 2021, whereas in sub-Saharan Africa, it represented just 18.3 per cent. Prioritizing investments in education and skills development is crucial to expedite the growth of medium- and high-tech industries by equipping the workforce to compete effectively in a dynamic global manufacturing landscape.","Based on current trends, one out of five (19.5 per cent) of children under age 5 will be affected by stunting in 2030. Some 37 million children (5.6 per cent) were overweight, while 45 million (6.8 per cent) experienced wasting, above the global target of 3 per cent by 2030.",9_22,2_25,,9,2,No Relationship,No Relationship
"Medium- and high-tech industry demonstrate resilience despite global economic challenges The proportion of medium- and high-tech manufacturing value added in total value added rose from 46.34 per cent in 2015 to 46.88 per cent in 2019, an upward trend slightly disrupted by the COVID-19 pandemic. The crisis highlighted the resilience of higher-technology industries, which experienced only a marginal decline of 0.67 percentage points in 2021. Significant regional disparities exist in shares of medium- and high-tech manufacturing. In Eastern and South-Eastern Asia, the sector accounted for approximately 50.6 per cent of total manufacturing in 2021, whereas in sub-Saharan Africa, it represented just 18.3 per cent. Prioritizing investments in education and skills development is crucial to expedite the growth of medium- and high-tech industries by equipping the workforce to compete effectively in a dynamic global manufacturing landscape.",Reading proficiency followed a downward trajectory for a decade prior to these results; mathematics scores were relatively stable from 2003 to 2018.,9_22,4_15,,9,4,No Relationship,No Relationship
"Medium- and high-tech industry demonstrate resilience despite global economic challenges The proportion of medium- and high-tech manufacturing value added in total value added rose from 46.34 per cent in 2015 to 46.88 per cent in 2019, an upward trend slightly disrupted by the COVID-19 pandemic. The crisis highlighted the resilience of higher-technology industries, which experienced only a marginal decline of 0.67 percentage points in 2021. Significant regional disparities exist in shares of medium- and high-tech manufacturing. In Eastern and South-Eastern Asia, the sector accounted for approximately 50.6 per cent of total manufacturing in 2021, whereas in sub-Saharan Africa, it represented just 18.3 per cent. Prioritizing investments in education and skills development is crucial to expedite the growth of medium- and high-tech industries by equipping the workforce to compete effectively in a dynamic global manufacturing landscape.","Sustainable management of water resources underpins prosperity and peace for all. It demands increased funding; more data-driven decision-making; skilled workforce development; innovative technology, including artificial intelligence (AI); and robust cross-sector collaboration.",9_22,6_4,,9,6,No Relationship,Support
"Medium- and high-tech industry demonstrate resilience despite global economic challenges The proportion of medium- and high-tech manufacturing value added in total value added rose from 46.34 per cent in 2015 to 46.88 per cent in 2019, an upward trend slightly disrupted by the COVID-19 pandemic. The crisis highlighted the resilience of higher-technology industries, which experienced only a marginal decline of 0.67 percentage points in 2021. Significant regional disparities exist in shares of medium- and high-tech manufacturing. In Eastern and South-Eastern Asia, the sector accounted for approximately 50.6 per cent of total manufacturing in 2021, whereas in sub-Saharan Africa, it represented just 18.3 per cent. Prioritizing investments in education and skills development is crucial to expedite the growth of medium- and high-tech industries by equipping the workforce to compete effectively in a dynamic global manufacturing landscape.","Accelerating progress demands sustainable economic policies, support for entrepreneurship and innovation, formalization of the informal economy, safeguards of workers’ rights, social justice, and inclusive employment opportunities, especially for women and youth.",9_22,8_20,,9,8,Support,Support
"Medium- and high-tech industry demonstrate resilience despite global economic challenges The proportion of medium- and high-tech manufacturing value added in total value added rose from 46.34 per cent in 2015 to 46.88 per cent in 2019, an upward trend slightly disrupted by the COVID-19 pandemic. The crisis highlighted the resilience of higher-technology industries, which experienced only a marginal decline of 0.67 percentage points in 2021. Significant regional disparities exist in shares of medium- and high-tech manufacturing. In Eastern and South-Eastern Asia, the sector accounted for approximately 50.6 per cent of total manufacturing in 2021, whereas in sub-Saharan Africa, it represented just 18.3 per cent. Prioritizing investments in education and skills development is crucial to expedite the growth of medium- and high-tech industries by equipping the workforce to compete effectively in a dynamic global manufacturing landscape.","The lack of equitable access to public transportation is a significant concern, particularly in LDCs, where only 4 in 10 individuals have convenient access.",9_22,11_0,,9,11,No Relationship,No Relationship
"Medium- and high-tech industry demonstrate resilience despite global economic challenges The proportion of medium- and high-tech manufacturing value added in total value added rose from 46.34 per cent in 2015 to 46.88 per cent in 2019, an upward trend slightly disrupted by the COVID-19 pandemic. The crisis highlighted the resilience of higher-technology industries, which experienced only a marginal decline of 0.67 percentage points in 2021. Significant regional disparities exist in shares of medium- and high-tech manufacturing. In Eastern and South-Eastern Asia, the sector accounted for approximately 50.6 per cent of total manufacturing in 2021, whereas in sub-Saharan Africa, it represented just 18.3 per cent. Prioritizing investments in education and skills development is crucial to expedite the growth of medium- and high-tech industries by equipping the workforce to compete effectively in a dynamic global manufacturing landscape.","The United Nations Framework Convention on Climate Change (UNFCCC) estimates that nearly $6 trillion is needed for developing countries’ climate action plans by 2030, underscoring the need to massively scale up finance.",9_22,13_6,,9,13,No Relationship,Support
"Medium- and high-tech industry demonstrate resilience despite global economic challenges The proportion of medium- and high-tech manufacturing value added in total value added rose from 46.34 per cent in 2015 to 46.88 per cent in 2019, an upward trend slightly disrupted by the COVID-19 pandemic. The crisis highlighted the resilience of higher-technology industries, which experienced only a marginal decline of 0.67 percentage points in 2021. Significant regional disparities exist in shares of medium- and high-tech manufacturing. In Eastern and South-Eastern Asia, the sector accounted for approximately 50.6 per cent of total manufacturing in 2021, whereas in sub-Saharan Africa, it represented just 18.3 per cent. Prioritizing investments in education and skills development is crucial to expedite the growth of medium- and high-tech industries by equipping the workforce to compete effectively in a dynamic global manufacturing landscape.","Furthermore, diminished forest and vegetation coverage increase soil erosion, heightening the risk of downstream landslides and flooding.",9_22,15_24,,9,15,No Relationship,No Relationship
"Medium- and high-tech industry demonstrate resilience despite global economic challenges The proportion of medium- and high-tech manufacturing value added in total value added rose from 46.34 per cent in 2015 to 46.88 per cent in 2019, an upward trend slightly disrupted by the COVID-19 pandemic. The crisis highlighted the resilience of higher-technology industries, which experienced only a marginal decline of 0.67 percentage points in 2021. Significant regional disparities exist in shares of medium- and high-tech manufacturing. In Eastern and South-Eastern Asia, the sector accounted for approximately 50.6 per cent of total manufacturing in 2021, whereas in sub-Saharan Africa, it represented just 18.3 per cent. Prioritizing investments in education and skills development is crucial to expedite the growth of medium- and high-tech industries by equipping the workforce to compete effectively in a dynamic global manufacturing landscape.","Climate finance increased by 30 per cent from 2021 to reach $115.9 billion in 2022, with 60 per cent of the total allocated to mitigation.",9_22,17_13,,9,17,No Relationship,No Relationship
"The annual SDG investment gap in developing countries was estimated at about $4 trillion, with over half, or $2.2 trillion, needed for the energy transition alone.",Little positive change is expected in 2024.,10_19,1_26,,10,1,No Relationship,No Relationship
"The annual SDG investment gap in developing countries was estimated at about $4 trillion, with over half, or $2.2 trillion, needed for the energy transition alone.","Financial hardship due to out-of-pocket health spending has worsened since 2015, affecting 2 billion people in 2019.",10_19,3_21,,10,3,No Relationship,No Relationship
"The annual SDG investment gap in developing countries was estimated at about $4 trillion, with over half, or $2.2 trillion, needed for the energy transition alone.","Women and youth continued to face higher rates globally and across regions. In 2023, gender unemployment gaps were similar to those in 2015, with the largest disparities in Northern Africa and Western Asia.",10_19,5_34,,10,5,Support,No Relationship
"The annual SDG investment gap in developing countries was estimated at about $4 trillion, with over half, or $2.2 trillion, needed for the energy transition alone.","Without stepped-up interventions, around 1.8 billion people or 21 per cent of the world’s population could lack access to clean cooking by 2030.",10_19,7_14,,10,7,Support,No Relationship
"The annual SDG investment gap in developing countries was estimated at about $4 trillion, with over half, or $2.2 trillion, needed for the energy transition alone.","Since 2022, manufacturing sector growth has plateaued at around 2.7 per cent, a level expected to persist into 2024 due to the lingering impacts of the COVID-19 pandemic and geopolitical tensions.",10_19,9_13,,10,9,No Relationship,No Relationship
"The annual SDG investment gap in developing countries was estimated at about $4 trillion, with over half, or $2.2 trillion, needed for the energy transition alone.","The rapid growth of global e-waste remains largely unaddressed, with only 22 per cent collected and managed sustainably.",10_19,12_1,,10,12,No Relationship,No Relationship
"The annual SDG investment gap in developing countries was estimated at about $4 trillion, with over half, or $2.2 trillion, needed for the energy transition alone.","Sustaining economic dividends from fisheries, however, requires judicious fish stock management practices that prevent overexploitation and depletion.",10_19,14_6,,10,14,No Relationship,No Relationship
"The annual SDG investment gap in developing countries was estimated at about $4 trillion, with over half, or $2.2 trillion, needed for the energy transition alone.","Half of countries have overcrowded prisons, sparking concerns about health and human rights",10_19,16_13,,10,16,No Relationship,No Relationship
"Especially in lower-income nations, small enterprises bear the brunt of shocks due to their greater vulnerability.",Working poverty has declined but still afflicts 241 million workers,10_49,1_24,,10,1,No Relationship,No Relationship
"Especially in lower-income nations, small enterprises bear the brunt of shocks due to their greater vulnerability.","New data from 32 countries show that 19 have seen a positive trend in women’s ability to make decisions on sexual and reproductive health, particularly in Eastern and Southern Africa.",10_49,3_57,,10,3,No Relationship,No Relationship
"Especially in lower-income nations, small enterprises bear the brunt of shocks due to their greater vulnerability.","A comprehensive review by the Gender Data Compass, however, revealed significant gaps in disaggregated data for key social, economic and environmental indicators disseminated online by national statistical offices (NSOs).",10_49,5_1,,10,5,No Relationship,No Relationship
"Especially in lower-income nations, small enterprises bear the brunt of shocks due to their greater vulnerability.",This deceleration can be attributed to the significant surge in clean energy technologies since 2019.,10_49,7_24,,10,7,No Relationship,No Relationship
"Especially in lower-income nations, small enterprises bear the brunt of shocks due to their greater vulnerability.","Global manufacturing shows slow growth, and the global share of manufacturing employment declines",10_49,9_18,,10,9,Support,No Relationship
"Especially in lower-income nations, small enterprises bear the brunt of shocks due to their greater vulnerability.",Its compound annual growth rate declined from 3.9 per cent in 2003–2012 to 0.9 per cent in 2013–2022.,10_49,12_12,,10,12,No Relationship,No Relationship
"Especially in lower-income nations, small enterprises bear the brunt of shocks due to their greater vulnerability.","The National Oceanic and Atmospheric Administration confirms the world is currently experiencing its fourth global coral bleaching event, the second in a decade.",10_49,14_15,,10,14,No Relationship,No Relationship
"Especially in lower-income nations, small enterprises bear the brunt of shocks due to their greater vulnerability.","This refreshed dynamic embodies principles of transparency, participation and shared responsibility, reflecting an evolving relationship where citizens are not just subjects of governance but active participants in it.",10_49,16_0,,10,16,No Relationship,Support
Further disaggregation by additional characteristics resulted in a significant decrease in data availability.,"In the 75 most vulnerable countries, which qualify for concessional lending from the World Bank’s International Development Association, one in four people live on less than $2.15 a day – more than eight times the extreme poverty rate in the rest of the world.",10_0,1_22,,10,1,No Relationship,No Relationship
Further disaggregation by additional characteristics resulted in a significant decrease in data availability.,"Essential health service coverage is measured using an index, reported on a score of 0 to 100, based on 14 indicators across four domains: reproductive, maternal, newborn and child health; infectious diseases; non-communicable diseases; and service capacity and access.",10_0,3_19,,10,3,No Relationship,No Relationship
Further disaggregation by additional characteristics resulted in a significant decrease in data availability.,Twenty-two reforms centred on equal rights to employment and economic benefits and 18 on stopping violence against women.,10_0,5_24,,10,5,No Relationship,No Relationship
Further disaggregation by additional characteristics resulted in a significant decrease in data availability.,"Investing in decentralized renewable energy, including stand-alone off-grid solar and mini-grids, together with electricity-as-a-service models holds significant potential to bridge the access gap.",10_0,7_13,,10,7,No Relationship,Support
Further disaggregation by additional characteristics resulted in a significant decrease in data availability.,"To accelerate progress towards Goal 9, a concerted effort is needed to promote inclusive and sustainable industrialization, foster innovation through increased investment in research and development, prioritize and accelerate the green transition, and facilitate access to information and communications technology.",10_0,9_17,,10,9,No Relationship,Support
Further disaggregation by additional characteristics resulted in a significant decrease in data availability.,"Global forest area continues to decline, primarily due to agricultural expansion, despite notable progress in sustainable forest management.",10_0,12_17,,10,12,No Relationship,No Relationship
Further disaggregation by additional characteristics resulted in a significant decrease in data availability.,"As of May 2024, there are 18,200 marine protected areas and 199 other effective, area-based conservation measures1 covering over 29 million square kilometres or 8.12 per cent of the ocean.",10_0,14_7,,10,14,No Relationship,No Relationship
Further disaggregation by additional characteristics resulted in a significant decrease in data availability.,Overcrowding in prisons operating at over 100 per cent of intended capacity was a concern in half of countries with data.,10_0,16_15,,10,16,No Relationship,No Relationship
"Improved preparedness, including early warning systems and evacuation measures, have significantly reduced disaster mortality in recent years.",Population censuses provide crucial data for national and subnational planning and also serve as denominators for numerous SDG indicators.,11_12,0_1,,11,0,No Relationship,Support
"Improved preparedness, including early warning systems and evacuation measures, have significantly reduced disaster mortality in recent years.","Record-high food prices in 2022 worsened purchasing power and access to food, negatively impacting food security and nutritional outcomes.",11_12,2_27,,11,2,No Relationship,No Relationship
"Improved preparedness, including early warning systems and evacuation measures, have significantly reduced disaster mortality in recent years.",Accelerating progress could have a catalytic impact on achieving the overall 2030 Agenda.,11_12,4_8,,11,4,Support,Support
"Improved preparedness, including early warning systems and evacuation measures, have significantly reduced disaster mortality in recent years.","This trend may be global, given lower wastewater treatment rates in many low-income countries, but insufficient data limit confirmation. The lack of data obscures early warning signs, impedes restoration efforts and jeopardizes freshwater ecosystem services.",11_12,6_14,,11,6,Support,No Relationship
"Improved preparedness, including early warning systems and evacuation measures, have significantly reduced disaster mortality in recent years.",Remittance costs have fallen but not enough; digitalization could accelerate further decreases,11_12,8_5,,11,8,No Relationship,No Relationship
"Improved preparedness, including early warning systems and evacuation measures, have significantly reduced disaster mortality in recent years.",A historic reversal is threatening improvements in inequality among countries. The economies of half the world’s most vulnerable countries have been growing at slower rates than those of wealthy countries.,11_12,10_3,,11,10,No Relationship,No Relationship
"Improved preparedness, including early warning systems and evacuation measures, have significantly reduced disaster mortality in recent years.",About two thirds of emissions comprised CO2 from fossil fuel combustion and industrial processes.,11_12,13_16,,11,13,No Relationship,No Relationship
"Improved preparedness, including early warning systems and evacuation measures, have significantly reduced disaster mortality in recent years.","A national park manager surveys tree nursery saplings in a desert area of central Saudi Arabia that is being regreened to combat land degradation, desertification and drought.",11_12,15_12,,11,15,No Relationship,No Relationship
"Improved preparedness, including early warning systems and evacuation measures, have significantly reduced disaster mortality in recent years.","At the World Bank’s main lending arm, developing countries hold only 39 per cent of voting rights, far short of their 75 per cent share of the bank’s membership.",11_12,17_10,,11,17,No Relationship,No Relationship
"Globally, from 2000 to 2010, the average annual rate of sprawl reached 5.6 per cent while the annual densification rate lagged at 1.47 per cent.",Ensuring that no one is left behind calls for more than just data disaggregation.,11_9,0_3,,11,0,No Relationship,No Relationship
"Globally, from 2000 to 2010, the average annual rate of sprawl reached 5.6 per cent while the annual densification rate lagged at 1.47 per cent.",Accelerated action could bring productive and sustainable agriculture within reach globally,11_9,2_29,,11,2,No Relationship,Support
"Globally, from 2000 to 2010, the average annual rate of sprawl reached 5.6 per cent while the annual densification rate lagged at 1.47 per cent.","Simply revising curricula may not be sufficient, however, if teachers lack the confidence or willingness to teach these subjects.",11_9,4_20,,11,4,No Relationship,No Relationship
"Globally, from 2000 to 2010, the average annual rate of sprawl reached 5.6 per cent while the annual densification rate lagged at 1.47 per cent.","In 42 countries specifying treatment levels, 60 per cent of total wastewater flows were safely treated (with at least secondary treatment).",11_9,6_10,,11,6,No Relationship,No Relationship
"Globally, from 2000 to 2010, the average annual rate of sprawl reached 5.6 per cent while the annual densification rate lagged at 1.47 per cent.",More than 2 billion workers globally were in informal employment in 2023,11_9,8_24,,11,8,No Relationship,No Relationship
"Globally, from 2000 to 2010, the average annual rate of sprawl reached 5.6 per cent while the annual densification rate lagged at 1.47 per cent.","Over the past two decades, both groups have seen a slight uptick in their shares, maintaining a consistent 20-percentage-point gap between them.",11_9,10_24,,11,10,Support,No Relationship
"Globally, from 2000 to 2010, the average annual rate of sprawl reached 5.6 per cent while the annual densification rate lagged at 1.47 per cent.","Except transportation, emissions from all major sectors have rebounded since the pandemic and now exceed 2019 levels.",11_9,13_17,,11,13,Support,No Relationship
"Globally, from 2000 to 2010, the average annual rate of sprawl reached 5.6 per cent while the annual densification rate lagged at 1.47 per cent.","Furthermore, diminished forest and vegetation coverage increase soil erosion, heightening the risk of downstream landslides and flooding.",11_9,15_24,,11,15,No Relationship,No Relationship
"Globally, from 2000 to 2010, the average annual rate of sprawl reached 5.6 per cent while the annual densification rate lagged at 1.47 per cent.","Cooperative agreements among countries sharing transboundary water resources (rivers, lakes and aquifers) are essential for advancing sustainable development and addressing climate change.",11_9,17_26,,11,17,No Relationship,Support
"Particulate air pollution caused approximately 104 deaths per 100,000 people annually by 2019, despite a slight decrease in the global mortality rate attributed to household and ambient air pollution since 2010.","Partnering with local governments enables NSOs to gather more accurate, comprehensive and context-specific data, enhancing the overall effectiveness of SDG monitoring and the responsiveness of development efforts to local priorities.",11_14,0_6,,11,0,No Relationship,Support
"Particulate air pollution caused approximately 104 deaths per 100,000 people annually by 2019, despite a slight decrease in the global mortality rate attributed to household and ambient air pollution since 2010.","These findings suggest that efforts to reduce deforestation must tackle production system weaknesses while addressing critical needs such as food security, income and land tenure rights for local communities.",11_14,2_16,,11,2,No Relationship,Support
"Particulate air pollution caused approximately 104 deaths per 100,000 people annually by 2019, despite a slight decrease in the global mortality rate attributed to household and ambient air pollution since 2010.","Many countries face challenges such as inadequate education infrastructure, teacher shortages and insufficient teacher training.",11_14,4_5,,11,4,No Relationship,No Relationship
"Particulate air pollution caused approximately 104 deaths per 100,000 people annually by 2019, despite a slight decrease in the global mortality rate attributed to household and ambient air pollution since 2010.","Global water use efficiency increased from $17.4/m3 in 2015 to $20.8/m3 in 2021, a 19 per cent increase in efficiency.",11_14,6_15,,11,6,No Relationship,No Relationship
"Particulate air pollution caused approximately 104 deaths per 100,000 people annually by 2019, despite a slight decrease in the global mortality rate attributed to household and ambient air pollution since 2010.","Further disaggregation by additional characteristics resulted in a significant decrease in data availability. For example, the availability score for demographic and migration indicators dropped to 34 when including disaggregation by sex and other non-geographic characteristics.",11_14,8_0,,11,8,No Relationship,No Relationship
"Particulate air pollution caused approximately 104 deaths per 100,000 people annually by 2019, despite a slight decrease in the global mortality rate attributed to household and ambient air pollution since 2010.","Substantial declines in labour rights plague all regions, worsening prospects for social justice",11_14,10_47,,11,10,No Relationship,No Relationship
"Particulate air pollution caused approximately 104 deaths per 100,000 people annually by 2019, despite a slight decrease in the global mortality rate attributed to household and ambient air pollution since 2010.","In 2023, ocean heat content soared to its highest level in 65 years; over 90 per cent of the ocean experienced heatwave conditions at some point during the year.",11_14,13_34,,11,13,Support,No Relationship
"Particulate air pollution caused approximately 104 deaths per 100,000 people annually by 2019, despite a slight decrease in the global mortality rate attributed to household and ambient air pollution since 2010.","Alarmingly, species are silently becoming extinct, the protection of key biodiversity areas has stalled and global illicit wildlife trafficking has steadily increased, posing serious threats to biodiversity and the benefits it provides to people.",11_14,15_1,,11,15,Support,Attack
"Particulate air pollution caused approximately 104 deaths per 100,000 people annually by 2019, despite a slight decrease in the global mortality rate attributed to household and ambient air pollution since 2010.",The Fourth International Conference on Financing for Development in 2025 presents an opportunity to address these shortcomings and strengthen the legitimacy of global governance arrangements.,11_14,17_11,,11,17,No Relationship,Support
"Uncontrolled disposal of electronic and electrical equipment fuels vast e-waste stockpiles, exacerbated by rising consumption, short product life cycles and little repair.",One in three of these countries are now poorer on average than before the pandemic.,12_6,1_23,,12,1,No Relationship,No Relationship
"Uncontrolled disposal of electronic and electrical equipment fuels vast e-waste stockpiles, exacerbated by rising consumption, short product life cycles and little repair.","While most health-related indicators are moving in the right direction globally, current trends are insufficient to meet targets set for 2030.",12_6,3_10,,12,3,No Relationship,No Relationship
"Uncontrolled disposal of electronic and electrical equipment fuels vast e-waste stockpiles, exacerbated by rising consumption, short product life cycles and little repair.","Treatment coverage for women consistently lags behind that for men across all regions, with over 13 per cent of men receiving treatment compared to less than 6 per cent of women in 2022.",12_6,5_7,,12,5,No Relationship,No Relationship
"Uncontrolled disposal of electronic and electrical equipment fuels vast e-waste stockpiles, exacerbated by rising consumption, short product life cycles and little repair.",This deceleration can be attributed to the significant surge in clean energy technologies since 2019.,12_6,7_24,,12,7,No Relationship,No Relationship
"Uncontrolled disposal of electronic and electrical equipment fuels vast e-waste stockpiles, exacerbated by rising consumption, short product life cycles and little repair.","Globally, one in three people are still offline, underscoring the urgency of infrastructure investments and affordable Internet access, particularly in underdeveloped regions",12_6,9_5,,12,9,Support,No Relationship
"Uncontrolled disposal of electronic and electrical equipment fuels vast e-waste stockpiles, exacerbated by rising consumption, short product life cycles and little repair.","Globally, from 2000 to 2010, the average annual rate of sprawl reached 5.6 per cent while the annual densification rate lagged at 1.47 per cent.",12_6,11_9,,12,11,No Relationship,No Relationship
"Uncontrolled disposal of electronic and electrical equipment fuels vast e-waste stockpiles, exacerbated by rising consumption, short product life cycles and little repair.","The sustainability of global fishery resources declined from 90.0 per cent in 1974 to 64.6 per cent in 2019 and further to 62.3 per cent in 2021, due to overfishing, pollution, poor management and other factors.",12_6,14_3,,12,14,No Relationship,No Relationship
"Uncontrolled disposal of electronic and electrical equipment fuels vast e-waste stockpiles, exacerbated by rising consumption, short product life cycles and little repair.","Latin America and the Caribbean remained the deadliest region, accounting for 70 per cent of all killings.",12_6,16_18,,12,16,No Relationship,No Relationship
Only 1.7 kilograms per capita was collected and managed in an environmentally sound manner.,The proportion of people living below half the median income is falling globally,12_8,1_1,,12,1,No Relationship,No Relationship
Only 1.7 kilograms per capita was collected and managed in an environmentally sound manner.,"Essential health service coverage is measured using an index, reported on a score of 0 to 100, based on 14 indicators across four domains: reproductive, maternal, newborn and child health; infectious diseases; non-communicable diseases; and service capacity and access.",12_8,3_19,,12,3,No Relationship,No Relationship
Only 1.7 kilograms per capita was collected and managed in an environmentally sound manner.,Twenty-two reforms centred on equal rights to employment and economic benefits and 18 on stopping violence against women.,12_8,5_24,,12,5,No Relationship,No Relationship
Only 1.7 kilograms per capita was collected and managed in an environmentally sound manner.,Progress varies by region.,12_8,7_12,,12,7,No Relationship,No Relationship
Only 1.7 kilograms per capita was collected and managed in an environmentally sound manner.,"Medium- and high-tech industry demonstrate resilience despite global economic challenges The proportion of medium- and high-tech manufacturing value added in total value added rose from 46.34 per cent in 2015 to 46.88 per cent in 2019, an upward trend slightly disrupted by the COVID-19 pandemic. The crisis highlighted the resilience of higher-technology industries, which experienced only a marginal decline of 0.67 percentage points in 2021. Significant regional disparities exist in shares of medium- and high-tech manufacturing. In Eastern and South-Eastern Asia, the sector accounted for approximately 50.6 per cent of total manufacturing in 2021, whereas in sub-Saharan Africa, it represented just 18.3 per cent. Prioritizing investments in education and skills development is crucial to expedite the growth of medium- and high-tech industries by equipping the workforce to compete effectively in a dynamic global manufacturing landscape.",12_8,9_22,,12,9,No Relationship,No Relationship
Only 1.7 kilograms per capita was collected and managed in an environmentally sound manner.,"Urban sprawl is characterized by the unplanned, low-density, uncontrolled expansion of urban areas into previously undeveloped rural or suburban areas.",12_8,11_6,,12,11,No Relationship,No Relationship
Only 1.7 kilograms per capita was collected and managed in an environmentally sound manner.,"Overfishing, pollution, climate change and poor management drive continued declines in fish stocks",12_8,14_2,,12,14,Support,Support
Only 1.7 kilograms per capita was collected and managed in an environmentally sound manner.,"Latin America and the Caribbean remained the deadliest region, accounting for 70 per cent of all killings.",12_8,16_18,,12,16,No Relationship,No Relationship
"The Philippines sought to promote responsible mining and enhance compliance with environmental laws, for instance.","Small enterprises continue to face hurdles such as limited access to credit, especially in sub-Saharan Africa and the LDCs; only around 17 per cent has access to loans or credit lines.",12_11,1_44,,12,1,No Relationship,No Relationship
"The Philippines sought to promote responsible mining and enhance compliance with environmental laws, for instance.","Total net official development assistance (ODA) for medical research and basic health sectors has significantly increased in recent years, primarily driven by the global response to the COVID-19 pandemic.",12_11,3_53,,12,3,No Relationship,Support
"The Philippines sought to promote responsible mining and enhance compliance with environmental laws, for instance.",A staggering 230 million girls and women have been subjected to female genital mutilation.,12_11,5_15,,12,5,No Relationship,No Relationship
"The Philippines sought to promote responsible mining and enhance compliance with environmental laws, for instance.","In 2023, the annual SDG investment gap in developing countries was estimated at about $4 trillion, with over half, or $2.2 trillion, needed for the energy transition alone.",12_11,7_3,,12,7,No Relationship,No Relationship
"The Philippines sought to promote responsible mining and enhance compliance with environmental laws, for instance.","Medium- and high-tech industry demonstrate resilience despite global economic challenges The proportion of medium- and high-tech manufacturing value added in total value added rose from 46.34 per cent in 2015 to 46.88 per cent in 2019, an upward trend slightly disrupted by the COVID-19 pandemic. The crisis highlighted the resilience of higher-technology industries, which experienced only a marginal decline of 0.67 percentage points in 2021. Significant regional disparities exist in shares of medium- and high-tech manufacturing. In Eastern and South-Eastern Asia, the sector accounted for approximately 50.6 per cent of total manufacturing in 2021, whereas in sub-Saharan Africa, it represented just 18.3 per cent. Prioritizing investments in education and skills development is crucial to expedite the growth of medium- and high-tech industries by equipping the workforce to compete effectively in a dynamic global manufacturing landscape.",12_11,9_22,,12,9,No Relationship,Support
"The Philippines sought to promote responsible mining and enhance compliance with environmental laws, for instance.","Globally, from 2000 to 2010, the average annual rate of sprawl reached 5.6 per cent while the annual densification rate lagged at 1.47 per cent.",12_11,11_9,,12,11,No Relationship,No Relationship
"The Philippines sought to promote responsible mining and enhance compliance with environmental laws, for instance.","The sustainability of global fishery resources declined from 90.0 per cent in 1974 to 64.6 per cent in 2019 and further to 62.3 per cent in 2021, due to overfishing, pollution, poor management and other factors.",12_11,14_3,,12,14,No Relationship,No Relationship
"The Philippines sought to promote responsible mining and enhance compliance with environmental laws, for instance.","Latin America and the Caribbean remained the deadliest region, accounting for 70 per cent of all killings.",12_11,16_18,,12,16,No Relationship,No Relationship
The upcoming 2025 cycle of nationally determined contributions (NDCs) presents a chance for ambitious climate action plans that drive economic and social progress.,"The increased openness, accessibility and effective use of data have been crucial to better data impact. Since the adoption of the 2030 Agenda, countries have made significant progress in opening up official statistics for public use.",13_12,0_5,,13,0,Support,Support
The upcoming 2025 cycle of nationally determined contributions (NDCs) presents a chance for ambitious climate action plans that drive economic and social progress.,"These findings suggest that efforts to reduce deforestation must tackle production system weaknesses while addressing critical needs such as food security, income and land tenure rights for local communities.",13_12,2_16,,13,2,Support,Support
The upcoming 2025 cycle of nationally determined contributions (NDCs) presents a chance for ambitious climate action plans that drive economic and social progress.,"Comprehensive support from schools, training institutions, communities and governments is essential to encourage educators to effectively transmit sustainability principles to future generations.",13_12,4_21,,13,4,No Relationship,Support
The upcoming 2025 cycle of nationally determined contributions (NDCs) presents a chance for ambitious climate action plans that drive economic and social progress.,"Achieving universal coverage by 2030 will require a sixfold increase in current rates of progress for safely managed drinking water, a fivefold increase for safely managed sanitation and a threefold increase for basic hygiene services.",13_12,6_8,,13,6,Support,Support
The upcoming 2025 cycle of nationally determined contributions (NDCs) presents a chance for ambitious climate action plans that drive economic and social progress.,"Women and youth face higher unemployment rates. Informal employment poses a significant global challenge, with over 2 billion workers in informal jobs lacking social protection in 2023.",13_12,8_19,,13,8,No Relationship,No Relationship
The upcoming 2025 cycle of nationally determined contributions (NDCs) presents a chance for ambitious climate action plans that drive economic and social progress.,"On average, each day, women spend 2.5 times more hours on unpaid domestic and care work than men.",13_12,10_44,,13,10,No Relationship,No Relationship
The upcoming 2025 cycle of nationally determined contributions (NDCs) presents a chance for ambitious climate action plans that drive economic and social progress.,Only 1.7 kilograms per capita was collected and managed in an environmentally sound manner.,13_12,12_8,,13,12,No Relationship,No Relationship
The upcoming 2025 cycle of nationally determined contributions (NDCs) presents a chance for ambitious climate action plans that drive economic and social progress.,"This exploitation jeopardizes the survival of species and undermines ecosystem functions, especially when compounded by other pressures, such as habitat loss and climate change.",13_12,15_17,,13,15,No Relationship,No Relationship
The upcoming 2025 cycle of nationally determined contributions (NDCs) presents a chance for ambitious climate action plans that drive economic and social progress.,Building partnerships with diverse stakeholders makes SDG monitoring more inclusive and incorporates different perspectives and needs.,13_12,17_0,,13,17,No Relationship,Support
"Alongside disruptions caused by COVID-19, the global malaria response faces increasing threats, including drug and insecticide resistance, humanitarian crises, funding constraints, delays in programme implementation and climate change impacts.","Digital services comprised 30 per cent of all services in 2023. To achieve the SDG target, stakeholders could leverage digitalization to reduce costs, increase efficiency and improve remittance accessibility.",13_38,0_8,,13,0,No Relationship,Support
"Alongside disruptions caused by COVID-19, the global malaria response faces increasing threats, including drug and insecticide resistance, humanitarian crises, funding constraints, delays in programme implementation and climate change impacts.",The United States planned to transform its food system for broader benefits.,13_38,2_12,,13,2,No Relationship,No Relationship
"Alongside disruptions caused by COVID-19, the global malaria response faces increasing threats, including drug and insecticide resistance, humanitarian crises, funding constraints, delays in programme implementation and climate change impacts.","Many countries face challenges such as inadequate education infrastructure, teacher shortages and insufficient teacher training.",13_38,4_5,,13,4,Support,No Relationship
"Alongside disruptions caused by COVID-19, the global malaria response faces increasing threats, including drug and insecticide resistance, humanitarian crises, funding constraints, delays in programme implementation and climate change impacts.","Additionally, 1.8 billion people had no on-premises drinking water, with women primarily responsible for water collection in two out of three households.",13_38,6_7,,13,6,No Relationship,No Relationship
"Alongside disruptions caused by COVID-19, the global malaria response faces increasing threats, including drug and insecticide resistance, humanitarian crises, funding constraints, delays in programme implementation and climate change impacts.",Global unemployment fell to a record low yet gaps remain for women and youth,13_38,8_23,,13,8,No Relationship,No Relationship
"Alongside disruptions caused by COVID-19, the global malaria response faces increasing threats, including drug and insecticide resistance, humanitarian crises, funding constraints, delays in programme implementation and climate change impacts.",Small-scale food producers are vital in fighting hunger but earn less than half the income of larger-scale operations,13_38,10_26,,13,10,No Relationship,No Relationship
"Alongside disruptions caused by COVID-19, the global malaria response faces increasing threats, including drug and insecticide resistance, humanitarian crises, funding constraints, delays in programme implementation and climate change impacts.","Fossil fuel subsidies reached a record high of $1.53 trillion in 2022, driven by rising energy prices post-pandemic and the impact of the Russian Federation’s invasion of Ukraine, which disrupted global energy markets.",13_38,12_15,,13,12,No Relationship,No Relationship
"Alongside disruptions caused by COVID-19, the global malaria response faces increasing threats, including drug and insecticide resistance, humanitarian crises, funding constraints, delays in programme implementation and climate change impacts.","This exploitation jeopardizes the survival of species and undermines ecosystem functions, especially when compounded by other pressures, such as habitat loss and climate change.",13_38,15_17,,13,15,Support,Attack
"Alongside disruptions caused by COVID-19, the global malaria response faces increasing threats, including drug and insecticide resistance, humanitarian crises, funding constraints, delays in programme implementation and climate change impacts.","From 2015 to 2022, the volume of aid for agriculture provided to developing countries increased by 47.2 per cent, from $12.3 billion to $18.1 billion (in constant 2022 prices).",13_38,17_24,,13,17,No Relationship,No Relationship
"Communities worldwide are suffering from extreme weather and increasingly frequent and more intense disasters, destroying lives and livelihoods daily.",Ensuring that no one is left behind calls for more than just data disaggregation.,13_9,0_3,,13,0,Support,Support
"Communities worldwide are suffering from extreme weather and increasingly frequent and more intense disasters, destroying lives and livelihoods daily.",Productive and sustainable agriculture is key to ensuring the attainment and continued satisfaction of human needs in present and future generations.,13_9,2_30,,13,2,Support,No Relationship
"Communities worldwide are suffering from extreme weather and increasingly frequent and more intense disasters, destroying lives and livelihoods daily.","Between 2021 and 2022, the growth rate in schools’ Internet access for pedagogical purposes doubled globally and even tripled in some regions.",13_9,4_31,,13,4,No Relationship,No Relationship
"Communities worldwide are suffering from extreme weather and increasingly frequent and more intense disasters, destroying lives and livelihoods daily.","This trend may be global, given lower wastewater treatment rates in many low-income countries, but insufficient data limit confirmation. The lack of data obscures early warning signs, impedes restoration efforts and jeopardizes freshwater ecosystem services.",13_9,6_14,,13,6,Support,No Relationship
"Communities worldwide are suffering from extreme weather and increasingly frequent and more intense disasters, destroying lives and livelihoods daily.","Since 2022, manufacturing sector growth has plateaued at around 2.7 per cent, a level expected to persist into 2024 due to the lingering impacts of the COVID-19 pandemic and geopolitical tensions.",13_9,8_25,,13,8,No Relationship,No Relationship
"Communities worldwide are suffering from extreme weather and increasingly frequent and more intense disasters, destroying lives and livelihoods daily.","Interestingly, high-income countries generally exhibited lower overall disaggregated data availability compared to low- and middle-income countries.",13_9,10_1,,13,10,Support,No Relationship
"Communities worldwide are suffering from extreme weather and increasingly frequent and more intense disasters, destroying lives and livelihoods daily.","Achieving Goal 12 requires fostering circular economy models, sustainable production practices and responsible consumption. These approaches can take advantage of opportunities at every stage of production to reduce resource and fossil fuel use, drive innovation, conserve energy and mitigate emissions.",13_9,12_2,,13,12,Support,Support
"Communities worldwide are suffering from extreme weather and increasingly frequent and more intense disasters, destroying lives and livelihoods daily.","In Africa, small-scale farming was responsible for 97 per cent of agriculture-driven deforestation.",13_9,15_9,,13,15,Support,No Relationship
"Communities worldwide are suffering from extreme weather and increasingly frequent and more intense disasters, destroying lives and livelihoods daily.","While acknowledging the contribution of development partners in building national data and statistical capacity, a holistic approach to such support is crucial to prevent silos and duplicated efforts.",13_9,17_7,,13,17,No Relationship,Support
Marine designations should be strategically located to safeguard key biodiversity areas.,"Ninety per cent of people facing hunger and malnutrition live in IDA countries, half of which are in debt distress or at high risk of it.",14_10,1_7,,14,1,No Relationship,No Relationship
Marine designations should be strategically located to safeguard key biodiversity areas.,"Particulate air pollution caused approximately 104 deaths per 100,000 people annually by 2019, despite a slight decrease in the global mortality rate attributed to household and ambient air pollution since 2010.",14_10,3_46,,14,3,No Relationship,No Relationship
Marine designations should be strategically located to safeguard key biodiversity areas.,The world continues to lag in its pursuit of gender equality by 2030.,14_10,5_12,,14,5,No Relationship,No Relationship
Marine designations should be strategically located to safeguard key biodiversity areas.,This marked the first such increase in a decade.,14_10,7_10,,14,7,No Relationship,No Relationship
Marine designations should be strategically located to safeguard key biodiversity areas.,"Global foreign direct investment (FDI) flows in 2023 amounted to $1.33 trillion, a decrease of 2 per cent from 2022. Excluding a few European conduit economies that registered large swings in investment flows, global FDI flows were 10 per cent lower than in 2022. FDI flows to developing countries fell by 7 per cent to $867 billion and declined or stagnated in most regions.",14_10,9_3,,14,9,No Relationship,Support
Marine designations should be strategically located to safeguard key biodiversity areas.,"This emphasizes the urgent need for a comprehensive approach to addressing the housing crisis, including through diverse housing options, while achieving equitable access to public transportation and essential services.",14_10,11_5,,14,11,No Relationship,Support
Marine designations should be strategically located to safeguard key biodiversity areas.,The upcoming 2025 cycle of nationally determined contributions (NDCs) presents a chance for ambitious climate action plans that drive economic and social progress.,14_10,13_12,,14,13,No Relationship,Support
Marine designations should be strategically located to safeguard key biodiversity areas.,"With one third of prisoners unsentenced worldwide, achieving just judicial processes and improving prison conditions is imperative.",14_10,16_6,,14,16,No Relationship,Support
"Efforts to address these mounting concerns remain uneven. Key actions include implementing sustainable fishing practices, expanding marine protected areas to safeguard key biodiversity areas, increasing capacities to monitor ocean health and addressing the pollution that is choking waterways.","Globally, youth are twice as likely as adults to be in working poverty.",14_0,1_30,,14,1,No Relationship,No Relationship
"Efforts to address these mounting concerns remain uneven. Key actions include implementing sustainable fishing practices, expanding marine protected areas to safeguard key biodiversity areas, increasing capacities to monitor ocean health and addressing the pollution that is choking waterways.","The COVID-19 pandemic has significantly affected global health, reversing steady progress in life expectancy over the past two decades.",14_0,3_17,,14,3,No Relationship,No Relationship
"Efforts to address these mounting concerns remain uneven. Key actions include implementing sustainable fishing practices, expanding marine protected areas to safeguard key biodiversity areas, increasing capacities to monitor ocean health and addressing the pollution that is choking waterways.","Data from 69 countries show that 56 per cent of married or in-union women aged 15–49 can decide on their sexual and reproductive health and rights, ranging from 38 per cent in sub-Saharan Africa to over 80 per cent in Europe.",14_0,5_33,,14,5,No Relationship,No Relationship
"Efforts to address these mounting concerns remain uneven. Key actions include implementing sustainable fishing practices, expanding marine protected areas to safeguard key biodiversity areas, increasing capacities to monitor ocean health and addressing the pollution that is choking waterways.","This signals how the world’s capacity to generate renewable power is expanding at an unprecedented rate, presenting a tangible opportunity to triple global capacity by 2030, as agreed at the twenty-eighth session of the Conference of the Parties to the United Nations Framework Convention on Climate Change in 2023.",14_0,7_19,,14,7,No Relationship,Support
"Efforts to address these mounting concerns remain uneven. Key actions include implementing sustainable fishing practices, expanding marine protected areas to safeguard key biodiversity areas, increasing capacities to monitor ocean health and addressing the pollution that is choking waterways.","Fixed broadband subscriptions grew at an annual rate of 6.4 per cent between 2015 and 2023, reaching 19 subscriptions per 100 inhabitants globally.",14_0,9_9,,14,9,No Relationship,No Relationship
"Efforts to address these mounting concerns remain uneven. Key actions include implementing sustainable fishing practices, expanding marine protected areas to safeguard key biodiversity areas, increasing capacities to monitor ocean health and addressing the pollution that is choking waterways.","In 2022, 24.8 per cent of the urban population lived in slums or informal settlements, slightly lower than 25 per cent in 2015 but higher than 24.2 per cent in 2020.",14_0,11_3,,14,11,No Relationship,No Relationship
"Efforts to address these mounting concerns remain uneven. Key actions include implementing sustainable fishing practices, expanding marine protected areas to safeguard key biodiversity areas, increasing capacities to monitor ocean health and addressing the pollution that is choking waterways.",The upcoming 2025 cycle of nationally determined contributions (NDCs) presents a chance for ambitious climate action plans that drive economic and social progress.,14_0,13_12,,14,13,Support,Support
"Efforts to address these mounting concerns remain uneven. Key actions include implementing sustainable fishing practices, expanding marine protected areas to safeguard key biodiversity areas, increasing capacities to monitor ocean health and addressing the pollution that is choking waterways.","For the second consecutive year, the number of civilians killed in conflict rose dramatically, reversing a downward trend from 2016 to 2019. By 2023, civilian casualties had soared to over 33,400, nearing the 2015 peak.",14_0,16_9,,14,16,No Relationship,No Relationship
"Comprehensive global action is under way, yet it must accelerate. Priorities include ensuring that the Agreement on Fisheries Subsidies enters into force as soon as possible; increasing participation in the Agreement on Port State Measures to combat illegal, unreported and unregulated fishing; adopting a global plastic pollution instrument; and ensuring that the Agreement on Marine Biodiversity of Areas Beyond National Jurisdiction enters into force as soon as possible to ensure the long-term health and sustainability of oceans.","By 2030, 590 million people may still live in extreme poverty if current trends persist.",14_1,1_14,,14,1,No Relationship,No Relationship
"Comprehensive global action is under way, yet it must accelerate. Priorities include ensuring that the Agreement on Fisheries Subsidies enters into force as soon as possible; increasing participation in the Agreement on Port State Measures to combat illegal, unreported and unregulated fishing; adopting a global plastic pollution instrument; and ensuring that the Agreement on Marine Biodiversity of Areas Beyond National Jurisdiction enters into force as soon as possible to ensure the long-term health and sustainability of oceans.",The proportion of the population with catastrophic expenditures increased from 12.6 per cent in 2015 to 13.5 per cent in 2019.,14_1,3_23,,14,3,No Relationship,No Relationship
"Comprehensive global action is under way, yet it must accelerate. Priorities include ensuring that the Agreement on Fisheries Subsidies enters into force as soon as possible; increasing participation in the Agreement on Port State Measures to combat illegal, unreported and unregulated fishing; adopting a global plastic pollution instrument; and ensuring that the Agreement on Marine Biodiversity of Areas Beyond National Jurisdiction enters into force as soon as possible to ensure the long-term health and sustainability of oceans.","Globally, over 20 per cent of primary schools have no separate sanitation facilities for girls.",14_1,5_11,,14,5,No Relationship,No Relationship
"Comprehensive global action is under way, yet it must accelerate. Priorities include ensuring that the Agreement on Fisheries Subsidies enters into force as soon as possible; increasing participation in the Agreement on Port State Measures to combat illegal, unreported and unregulated fishing; adopting a global plastic pollution instrument; and ensuring that the Agreement on Marine Biodiversity of Areas Beyond National Jurisdiction enters into force as soon as possible to ensure the long-term health and sustainability of oceans.","The number of people lacking electricity access grew for the first time in a decade In 2022, although the global electricity access rate held steady at 91 per cent, 685 million people still lacked electricity, 10 million more than in 2021 due to population growth.",14_1,7_9,,14,7,No Relationship,No Relationship
"Comprehensive global action is under way, yet it must accelerate. Priorities include ensuring that the Agreement on Fisheries Subsidies enters into force as soon as possible; increasing participation in the Agreement on Port State Measures to combat illegal, unreported and unregulated fishing; adopting a global plastic pollution instrument; and ensuring that the Agreement on Marine Biodiversity of Areas Beyond National Jurisdiction enters into force as soon as possible to ensure the long-term health and sustainability of oceans.","Countries worldwide are recognizing the need to invest in national statistical systems to produce high-quality, timely data for SDG monitoring. This involves not only financial resources but also requires building capacity, modernizing infrastructure and adopting international statistical standards.",14_1,9_0,,14,9,Support,Support
"Comprehensive global action is under way, yet it must accelerate. Priorities include ensuring that the Agreement on Fisheries Subsidies enters into force as soon as possible; increasing participation in the Agreement on Port State Measures to combat illegal, unreported and unregulated fishing; adopting a global plastic pollution instrument; and ensuring that the Agreement on Marine Biodiversity of Areas Beyond National Jurisdiction enters into force as soon as possible to ensure the long-term health and sustainability of oceans.","The total slum population was 1.12 billion in 2022, 130 million more than in 2015, marking a reversal from the consistent decrease observed from 2000 to 2020.",14_1,11_4,,14,11,No Relationship,No Relationship
"Comprehensive global action is under way, yet it must accelerate. Priorities include ensuring that the Agreement on Fisheries Subsidies enters into force as soon as possible; increasing participation in the Agreement on Port State Measures to combat illegal, unreported and unregulated fishing; adopting a global plastic pollution instrument; and ensuring that the Agreement on Marine Biodiversity of Areas Beyond National Jurisdiction enters into force as soon as possible to ensure the long-term health and sustainability of oceans.","Except transportation, emissions from all major sectors have rebounded since the pandemic and now exceed 2019 levels.",14_1,13_17,,14,13,No Relationship,No Relationship
"Comprehensive global action is under way, yet it must accelerate. Priorities include ensuring that the Agreement on Fisheries Subsidies enters into force as soon as possible; increasing participation in the Agreement on Port State Measures to combat illegal, unreported and unregulated fishing; adopting a global plastic pollution instrument; and ensuring that the Agreement on Marine Biodiversity of Areas Beyond National Jurisdiction enters into force as soon as possible to ensure the long-term health and sustainability of oceans.",Developing countries are not fairly represented in international economic decision-making. Strengthening their voice and participation is crucial to ensuring a more inclusive and equitable global economic system.,14_1,16_1,,14,16,Support,Support
"Globally, small-scale farming caused 68 per cent of agriculture-driven deforestation, while large-scale farming contributed to 32 per cent.",Engaging citizens in data production is essential to leave no one behind The overarching principle of the 2030 Agenda for Sustainable Development is to leave no one behind.,15_8,0_2,,15,0,No Relationship,No Relationship
"Globally, small-scale farming caused 68 per cent of agriculture-driven deforestation, while large-scale farming contributed to 32 per cent.","Hotter countries tend to have higher waste per capita, possibly due to increased consumption of fresh food with substantial inedible parts and inadequate refrigeration.",15_8,2_9,,15,2,Support,No Relationship
"Globally, small-scale farming caused 68 per cent of agriculture-driven deforestation, while large-scale farming contributed to 32 per cent.",Inconsistency in national teacher qualification standards further obstructs progress.,15_8,4_36,,15,4,No Relationship,No Relationship
"Globally, small-scale farming caused 68 per cent of agriculture-driven deforestation, while large-scale farming contributed to 32 per cent.","Degraded water quality is likely a global trend yet data gaps constrain understanding and action In 2022, based on 73 countries reporting both total wastewater generation and treatment, 76 per cent of total wastewater received some treatment.",15_8,6_9,,15,6,No Relationship,No Relationship
"Globally, small-scale farming caused 68 per cent of agriculture-driven deforestation, while large-scale farming contributed to 32 per cent.","Labour’s share of GDP returns to a long-term decline as capital returns increase Bucking a downward trend going back to the 1970s, the global labour income share of GDP rose sharply during the pandemic from 52.9 per cent in 2019 to 53.8 per cent in 2020.",15_8,8_2,,15,8,No Relationship,No Relationship
"Globally, small-scale farming caused 68 per cent of agriculture-driven deforestation, while large-scale farming contributed to 32 per cent.","Although intended to aid vulnerable households, subsidies often disproportionately benefit wealthier people, who consume more energy than lower-income households, as well as carbon-intensive companies.",15_8,10_15,,15,10,No Relationship,No Relationship
"Globally, small-scale farming caused 68 per cent of agriculture-driven deforestation, while large-scale farming contributed to 32 per cent.","An alarming 19 per cent of all food at the retail or consumption stage was wasted in 2022, totalling 1.05 billion metric tons of all food available to consumers.",15_8,12_3,,15,12,Support,No Relationship
"Globally, small-scale farming caused 68 per cent of agriculture-driven deforestation, while large-scale farming contributed to 32 per cent.","As oceans continue to warm amid rising global temperatures, the frequency and severity of coral bleaching will likely increase.",15_8,14_17,,15,14,No Relationship,No Relationship
"Globally, small-scale farming caused 68 per cent of agriculture-driven deforestation, while large-scale farming contributed to 32 per cent.","From 2015 to 2022, the volume of aid for agriculture provided to developing countries increased by 47.2 per cent, from $12.3 billion to $18.1 billion (in constant 2022 prices).",15_8,17_24,,15,17,Support,No Relationship
"These findings suggest that efforts to reduce deforestation must tackle production system weaknesses while addressing critical needs such as food security, income and land tenure rights for local communities.","Partnering with local governments enables NSOs to gather more accurate, comprehensive and context-specific data, enhancing the overall effectiveness of SDG monitoring and the responsiveness of development efforts to local priorities.",15_11,0_6,,15,0,No Relationship,Support
"These findings suggest that efforts to reduce deforestation must tackle production system weaknesses while addressing critical needs such as food security, income and land tenure rights for local communities.","In sub-Saharan Africa, the contribution of sustainable fisheries to GDP climbed from 0.38 per cent in 2019 to 0.42 per cent in 2021.",15_11,2_14,,15,2,Support,No Relationship
"These findings suggest that efforts to reduce deforestation must tackle production system weaknesses while addressing critical needs such as food security, income and land tenure rights for local communities.",Teachers are the single most important factor in student learning. Yet a significant teacher qualification gap persists globally.,15_11,4_33,,15,4,No Relationship,No Relationship
"These findings suggest that efforts to reduce deforestation must tackle production system weaknesses while addressing critical needs such as food security, income and land tenure rights for local communities.","Trends in domestic wastewater suggest that little, if any, progress is being made towards the target of halving the proportion of unsafe discharges by 2030.",15_11,6_12,,15,6,No Relationship,No Relationship
"These findings suggest that efforts to reduce deforestation must tackle production system weaknesses while addressing critical needs such as food security, income and land tenure rights for local communities.","In 95 per cent of countries with available data, the average annual income of small-scale producers is less than half that of larger-scale producers.",15_11,8_14,,15,8,Support,No Relationship
"These findings suggest that efforts to reduce deforestation must tackle production system weaknesses while addressing critical needs such as food security, income and land tenure rights for local communities.","This income disparity persists across countries, regardless of income level.",15_11,10_28,,15,10,No Relationship,No Relationship
"These findings suggest that efforts to reduce deforestation must tackle production system weaknesses while addressing critical needs such as food security, income and land tenure rights for local communities.",Half the policies are national road maps or strategies; 30 per cent are legal instruments; and 14 per cent are voluntary instruments.,15_11,12_9,,15,12,No Relationship,No Relationship
"These findings suggest that efforts to reduce deforestation must tackle production system weaknesses while addressing critical needs such as food security, income and land tenure rights for local communities.",The Intergovernmental Panel on Climate Change warns that up to 90 per cent of corals could be lost by 2050 at 1.5°C of warming and up to 99 per cent at 2°C.,15_11,14_18,,15,14,No Relationship,No Relationship
"These findings suggest that efforts to reduce deforestation must tackle production system weaknesses while addressing critical needs such as food security, income and land tenure rights for local communities.","Climate finance increased by 30 per cent from 2021 to reach $115.9 billion in 2022, with 60 per cent of the total allocated to mitigation.",15_11,17_13,,15,17,No Relationship,No Relationship
"A national park manager surveys tree nursery saplings in a desert area of central Saudi Arabia that is being regreened to combat land degradation, desertification and drought.",Addressing these challenges and formulating relevant policies to overcome them is possible only when citizen data are collected with the active involvement and support of communities with firsthand knowledge of their own needs.,15_12,0_4,,15,0,No Relationship,Support
"A national park manager surveys tree nursery saplings in a desert area of central Saudi Arabia that is being regreened to combat land degradation, desertification and drought.",The world wastes 1.05 billion metric tons of food even as hundreds of millions face hunger,15_12,2_3,,15,2,No Relationship,No Relationship
"A national park manager surveys tree nursery saplings in a desert area of central Saudi Arabia that is being regreened to combat land degradation, desertification and drought.","Globally, young women are over twice as likely as young men to be NEET. In Central and Southern Asia, nearly half of young women are NEET compared to only 12.3 per cent of young men.",15_12,4_39,,15,4,No Relationship,No Relationship
"A national park manager surveys tree nursery saplings in a desert area of central Saudi Arabia that is being regreened to combat land degradation, desertification and drought.","Successful countries demonstrate that mainstreaming water resources in climate planning and financing allows them to build resilience and advance multiple development objectives, including for food, energy and ecosystems.",15_12,6_23,,15,6,Support,Support
"A national park manager surveys tree nursery saplings in a desert area of central Saudi Arabia that is being regreened to combat land degradation, desertification and drought.","The labour income share of GDP dropped from 54.1 per cent in 2004 to 52.7 per cent in 2021, representing a loss of $568 (purchasing power parity) per worker. This negative trend implies that rising labour productivity has not fully translated into higher labour compensation.",15_12,8_3,,15,8,No Relationship,No Relationship
"A national park manager surveys tree nursery saplings in a desert area of central Saudi Arabia that is being regreened to combat land degradation, desertification and drought.","Economic challenges are pushing workers into informal jobs without social protection, a significant barrier to social justice.",15_12,10_48,,15,10,No Relationship,No Relationship
"A national park manager surveys tree nursery saplings in a desert area of central Saudi Arabia that is being regreened to combat land degradation, desertification and drought.","Uncontrolled disposal of electronic and electrical equipment fuels vast e-waste stockpiles, exacerbated by rising consumption, short product life cycles and little repair.",15_12,12_6,,15,12,No Relationship,No Relationship
"A national park manager surveys tree nursery saplings in a desert area of central Saudi Arabia that is being regreened to combat land degradation, desertification and drought.","Sustaining economic dividends from fisheries, however, requires judicious fish stock management practices that prevent overexploitation and depletion.",15_12,14_6,,15,14,No Relationship,No Relationship
"A national park manager surveys tree nursery saplings in a desert area of central Saudi Arabia that is being regreened to combat land degradation, desertification and drought.","Addressing inequality both within and among countries necessitates equitable resource distribution, investment in education and skills, social protection measures, efforts to stop discrimination, support for marginalized groups, and international cooperation for fair trade and financial systems.",15_12,17_8,,15,17,No Relationship,Support
"Additionally, the number of women killed in conflict increased for the first time since 2015. In 2022, 2 in 10 civilians killed in conflicts were women; 1 in 10 were children. By 2023, 4 in 10 were women and 3 in 10 were children.",One in three of these countries are poorer than before the pandemic.,16_10,1_4,,16,1,Support,No Relationship
"Additionally, the number of women killed in conflict increased for the first time since 2015. In 2022, 2 in 10 civilians killed in conflicts were women; 1 in 10 were children. By 2023, 4 in 10 were women and 3 in 10 were children.","Newly available estimates reveal that globally, only about 1 in 11 individuals with drug use disorders received related treatment in 2022.",16_10,3_43,,16,3,Support,No Relationship
"Additionally, the number of women killed in conflict increased for the first time since 2015. In 2022, 2 in 10 civilians killed in conflicts were women; 1 in 10 were children. By 2023, 4 in 10 were women and 3 in 10 were children.",One in five girls still marry before age 18.,16_10,5_14,,16,5,Support,No Relationship
"Additionally, the number of women killed in conflict increased for the first time since 2015. In 2022, 2 in 10 civilians killed in conflicts were women; 1 in 10 were children. By 2023, 4 in 10 were women and 3 in 10 were children.","These efforts, coupled with fostering innovative solutions and creating supportive regulatory frameworks, are pivotal to advance towards Goal 7 and meet climate objectives.",16_10,7_8,,16,7,Support,Support
"Additionally, the number of women killed in conflict increased for the first time since 2015. In 2022, 2 in 10 civilians killed in conflicts were women; 1 in 10 were children. By 2023, 4 in 10 were women and 3 in 10 were children.","In 2022, manufacturing growth plateaued at around 2.7 per cent and is anticipated to remain stagnant in 2024.",16_10,9_20,,16,9,Support,No Relationship
"Additionally, the number of women killed in conflict increased for the first time since 2015. In 2022, 2 in 10 civilians killed in conflicts were women; 1 in 10 were children. By 2023, 4 in 10 were women and 3 in 10 were children.","Urban sprawl is characterized by the unplanned, low-density, uncontrolled expansion of urban areas into previously undeveloped rural or suburban areas.",16_10,11_6,,16,11,No Relationship,No Relationship
"Additionally, the number of women killed in conflict increased for the first time since 2015. In 2022, 2 in 10 civilians killed in conflicts were women; 1 in 10 were children. By 2023, 4 in 10 were women and 3 in 10 were children.","Public funds shoring up the production and consumption of oil, coal and gas more than doubled between 2021 and 2022, and more than tripled from their 2015 levels, reversing progress made between 2012 and 2020 and hindering the net-zero transition.",16_10,13_27,,16,13,Support,No Relationship
"Additionally, the number of women killed in conflict increased for the first time since 2015. In 2022, 2 in 10 civilians killed in conflicts were women; 1 in 10 were children. By 2023, 4 in 10 were women and 3 in 10 were children.","There’s also a growing global commitment to biodiversity conservation, reflected in increased funding and the adoption of the Kunming-Montreal Global Biodiversity Framework.",16_10,15_3,,16,15,Support,Support
Overcrowding in prisons operating at over 100 per cent of intended capacity was a concern in half of countries with data.,This left 1.4 billion children without social protection coverage.,16_15,1_34,,16,1,No Relationship,No Relationship
Overcrowding in prisons operating at over 100 per cent of intended capacity was a concern in half of countries with data.,Ensuring universal health coverage without financial hardship is crucial to healthy lives and well-being for all.,16_15,3_14,,16,3,No Relationship,No Relationship
Overcrowding in prisons operating at over 100 per cent of intended capacity was a concern in half of countries with data.,"Globally, girls’ completion rates exceed those of boys by 2 to 3 percentage points in both primary and secondary education.",16_15,5_9,,16,5,No Relationship,No Relationship
Overcrowding in prisons operating at over 100 per cent of intended capacity was a concern in half of countries with data.,"These efforts, coupled with fostering innovative solutions and creating supportive regulatory frameworks, are pivotal to advance towards Goal 7 and meet climate objectives.",16_15,7_8,,16,7,No Relationship,Support
Overcrowding in prisons operating at over 100 per cent of intended capacity was a concern in half of countries with data.,"Based on the Statistical Performance Indicators (SPI), global scores on the Data Sources Performance Index and Data Infrastructure Performance Index improved between 2016 and 2023.",16_15,9_4,,16,9,No Relationship,No Relationship
Overcrowding in prisons operating at over 100 per cent of intended capacity was a concern in half of countries with data.,"Only 40 per cent of city dwellers can easily reach open public spaces. Between 2000 and 2020, cities sprawled up to 3.7 times faster than they densified, resulting in negative impacts on the natural environment and land use.",16_15,11_2,,16,11,No Relationship,No Relationship
Overcrowding in prisons operating at over 100 per cent of intended capacity was a concern in half of countries with data.,"At the same time, as of 2022, only 9 of 193 countries had included food waste in their NDCs, revealing a significant gap in connecting this issue with climate action and the objective of halving food waste and reducing losses by 2030.",16_15,13_3,,16,13,No Relationship,No Relationship
Overcrowding in prisons operating at over 100 per cent of intended capacity was a concern in half of countries with data.,"Reducing deforestation depends on improving food security, income and land rights",16_15,15_5,,16,15,No Relationship,No Relationship
"National long-term risk reduction strategies and plans, reported by 129 countries; the establishment of effective multi-hazard early warning systems, reported by 104 countries; and comprehensive resilience plans are key to minimizing disaster impacts on people and economies.","The COVID-19 pandemic caused extreme poverty to rise in 2020 for the first time in decades, reversing global progress by three years.",16_3,1_19,,16,1,Support,No Relationship
"National long-term risk reduction strategies and plans, reported by 129 countries; the establishment of effective multi-hazard early warning systems, reported by 104 countries; and comprehensive resilience plans are key to minimizing disaster impacts on people and economies.",Stronger linking of services for HIV and tuberculosis has averted an estimated 6.4 million tuberculosis-related deaths among people living with HIV from 2010 to 2022.,16_3,3_38,,16,3,No Relationship,Support
"National long-term risk reduction strategies and plans, reported by 129 countries; the establishment of effective multi-hazard early warning systems, reported by 104 countries; and comprehensive resilience plans are key to minimizing disaster impacts on people and economies.","Parity in women’s participation in public life remains elusive, and in management positions, at current rates, parity will require another 176 years.",16_3,5_18,,16,5,No Relationship,No Relationship
"National long-term risk reduction strategies and plans, reported by 129 countries; the establishment of effective multi-hazard early warning systems, reported by 104 countries; and comprehensive resilience plans are key to minimizing disaster impacts on people and economies.","Without stepped-up interventions, around 1.8 billion people or 21 per cent of the world’s population could lack access to clean cooking by 2030.",16_3,7_14,,16,7,Support,Support
"National long-term risk reduction strategies and plans, reported by 129 countries; the establishment of effective multi-hazard early warning systems, reported by 104 countries; and comprehensive resilience plans are key to minimizing disaster impacts on people and economies.","Global foreign direct investment (FDI) flows in 2023 amounted to $1.33 trillion, a decrease of 2 per cent from 2022. Excluding a few European conduit economies that registered large swings in investment flows, global FDI flows were 10 per cent lower than in 2022. FDI flows to developing countries fell by 7 per cent to $867 billion and declined or stagnated in most regions.",16_3,9_3,,16,9,No Relationship,No Relationship
"National long-term risk reduction strategies and plans, reported by 129 countries; the establishment of effective multi-hazard early warning systems, reported by 104 countries; and comprehensive resilience plans are key to minimizing disaster impacts on people and economies.","Particulate air pollution caused approximately 104 deaths per 100,000 people annually by 2019, despite a slight decrease in the global mortality rate attributed to household and ambient air pollution since 2010.",16_3,11_14,,16,11,Support,No Relationship
"National long-term risk reduction strategies and plans, reported by 129 countries; the establishment of effective multi-hazard early warning systems, reported by 104 countries; and comprehensive resilience plans are key to minimizing disaster impacts on people and economies.","Despite reduced carbon dioxide (CO2) emissions intensity, global emissions have hit a record high.",16_3,13_44,,16,13,No Relationship,No Relationship
"National long-term risk reduction strategies and plans, reported by 129 countries; the establishment of effective multi-hazard early warning systems, reported by 104 countries; and comprehensive resilience plans are key to minimizing disaster impacts on people and economies.","In Africa, small-scale farming was responsible for 97 per cent of agriculture-driven deforestation.",16_3,15_9,,16,15,No Relationship,No Relationship
"The expanding initiative currently comprises 15 countries across Africa, Asia and Latin America and Caribbean.",Addressing these challenges and formulating relevant policies to overcome them is possible only when citizen data are collected with the active involvement and support of communities with firsthand knowledge of their own needs.,17_5,0_4,,17,0,No Relationship,Support
"The expanding initiative currently comprises 15 countries across Africa, Asia and Latin America and Caribbean.","At the same time, as of 2022, only 9 of 193 countries had included food waste in their NDCs, revealing a significant gap in connecting this issue with climate action and the objective of halving food waste and reducing losses by 2030.",17_5,2_11,,17,2,Support,No Relationship
"The expanding initiative currently comprises 15 countries across Africa, Asia and Latin America and Caribbean.",The International Standard Classification of Teacher Training Programmes was endorsed in 2021 to define a minimum global standard for trained teachers but has yet to be widely implemented.,17_5,4_37,,17,4,Support,No Relationship
"The expanding initiative currently comprises 15 countries across Africa, Asia and Latin America and Caribbean.","Large gaps in monitoring and reporting, particularly in low-income countries, result in an unclear picture of global wastewater. In 2023, data on 91,000 water bodies from 120 countries revealed that 56 per cent had good water quality.",17_5,6_13,,17,6,No Relationship,No Relationship
"The expanding initiative currently comprises 15 countries across Africa, Asia and Latin America and Caribbean.","Accelerating progress demands sustainable economic policies, support for entrepreneurship and innovation, formalization of the informal economy, safeguards of workers’ rights, social justice, and inclusive employment opportunities, especially for women and youth.",17_5,8_20,,17,8,No Relationship,Support
"The expanding initiative currently comprises 15 countries across Africa, Asia and Latin America and Caribbean.","Changing course requires prioritizing the achievement of universal health coverage, strengthening health systems, investing in disease prevention and treatment, and addressing disparities in access to care and services, especially for vulnerable populations.",17_5,10_31,,17,10,No Relationship,Support
"The expanding initiative currently comprises 15 countries across Africa, Asia and Latin America and Caribbean.","Achieving Goal 12 requires fostering circular economy models, sustainable production practices and responsible consumption. These approaches can take advantage of opportunities at every stage of production to reduce resource and fossil fuel use, drive innovation, conserve energy and mitigate emissions.",17_5,12_2,,17,12,Support,Support
"The expanding initiative currently comprises 15 countries across Africa, Asia and Latin America and Caribbean.","The National Oceanic and Atmospheric Administration confirms the world is currently experiencing its fourth global coral bleaching event, the second in a decade.",17_5,14_15,,17,14,Support,No Relationship
"The expanding initiative currently comprises 15 countries across Africa, Asia and Latin America and Caribbean.","These alarming figures indicate that the road to global peace and security, essential for sustainable development, has been diverted. The trend must be reversed, conflicts must end, and parties to conflicts must strictly abide by international humanitarian and human rights obligations to protect civilians’ lives.",17_5,16_11,,17,16,No Relationship,No Relationship
"In 2023, only 65 per cent of countries had fully funded and implemented national statistical plans.","Partnering with local governments enables NSOs to gather more accurate, comprehensive and context-specific data, enhancing the overall effectiveness of SDG monitoring and the responsiveness of development efforts to local priorities.",17_6,0_6,,17,0,Support,Support
"In 2023, only 65 per cent of countries had fully funded and implemented national statistical plans.","Achieving zero hunger requires intensified efforts to transform food systems so they are sustainable, resilient and equitable. Moreover, accelerating improvements in diets, nutrition, health and hygiene is crucial to meeting the target of halving the number of children suffering from chronic undernutrition.",17_6,2_21,,17,2,Support,Support
"In 2023, only 65 per cent of countries had fully funded and implemented national statistical plans.","Simply revising curricula may not be sufficient, however, if teachers lack the confidence or willingness to teach these subjects.",17_6,4_20,,17,4,No Relationship,No Relationship
"In 2023, only 65 per cent of countries had fully funded and implemented national statistical plans.","Global progress in implementing integrated water resources management remains slow, however, edging up from a score of 49 per cent in 2017 to only 57 per cent in 2023, far short of the 2030 target of 91 to 100 per cent.",17_6,6_21,,17,6,Rephrase,Support
"In 2023, only 65 per cent of countries had fully funded and implemented national statistical plans.","The labour income share of GDP dropped from 54.1 per cent in 2004 to 52.7 per cent in 2021, representing a loss of $568 (purchasing power parity) per worker. This negative trend implies that rising labour productivity has not fully translated into higher labour compensation.",17_6,8_3,,17,8,No Relationship,No Relationship
"In 2023, only 65 per cent of countries had fully funded and implemented national statistical plans.","This emphasizes the urgent need for a comprehensive approach to addressing the housing crisis, including through diverse housing options, while achieving equitable access to public transportation and essential services.",17_6,10_10,,17,10,No Relationship,Support
"In 2023, only 65 per cent of countries had fully funded and implemented national statistical plans.",New policies in 2023 integrated sustainable consumption and production patterns into high-impact sectors.,17_6,12_10,,17,12,Attack,Support
"In 2023, only 65 per cent of countries had fully funded and implemented national statistical plans.","According to the World Meteorological Organization, as of April 2024, sea surface temperatures had reached record highs for 13 consecutive months.",17_6,14_13,,17,14,No Relationship,No Relationship
"In 2023, only 65 per cent of countries had fully funded and implemented national statistical plans.",Overcrowding in prisons operating at over 100 per cent of intended capacity was a concern in half of countries with data.,17_6,16_15,,17,16,Support,No Relationship
"Additionally, the Agreement on Marine Biodiversity of Areas Beyond National Jurisdiction aims to protect marine biodiversity in international waters and seabed.",Addressing these challenges and formulating relevant policies to overcome them is possible only when citizen data are collected with the active involvement and support of communities with firsthand knowledge of their own needs.,17_20,0_4,,17,0,No Relationship,Support
"Additionally, the Agreement on Marine Biodiversity of Areas Beyond National Jurisdiction aims to protect marine biodiversity in international waters and seabed.","Based on current trends, one out of five (19.5 per cent) of children under age 5 will be affected by stunting in 2030. Some 37 million children (5.6 per cent) were overweight, while 45 million (6.8 per cent) experienced wasting, above the global target of 3 per cent by 2030.",17_20,2_25,,17,2,No Relationship,No Relationship
"Additionally, the Agreement on Marine Biodiversity of Areas Beyond National Jurisdiction aims to protect marine biodiversity in international waters and seabed.","Sub-Saharan Africa faces the steepest challenge, with only 60 per cent of pre-primary teachers meeting standards compared to 90 per cent in Europe and Northern America in 2022.",17_20,4_35,,17,4,No Relationship,No Relationship
"Additionally, the Agreement on Marine Biodiversity of Areas Beyond National Jurisdiction aims to protect marine biodiversity in international waters and seabed.","As of December 2023, 50 countries, territories and areas had eliminated at least one neglected tropical disease, demonstrating the power of comprehensive interventions combining mass and individual treatment, vector control, veterinary public health and provision of safe water and sanitation.",17_20,6_1,,17,6,No Relationship,Support
"Additionally, the Agreement on Marine Biodiversity of Areas Beyond National Jurisdiction aims to protect marine biodiversity in international waters and seabed.","In 95 per cent of countries with available data, the average annual income of small-scale producers is less than half that of larger-scale producers.",17_20,8_14,,17,8,No Relationship,No Relationship
"Additionally, the Agreement on Marine Biodiversity of Areas Beyond National Jurisdiction aims to protect marine biodiversity in international waters and seabed.","Addressing inequality both within and among countries necessitates equitable resource distribution, investment in education and skills, social protection measures, efforts to stop discrimination, support for marginalized groups, and international cooperation for fair trade and financial systems.",17_20,10_5,,17,10,No Relationship,Support
"Additionally, the Agreement on Marine Biodiversity of Areas Beyond National Jurisdiction aims to protect marine biodiversity in international waters and seabed.",New policies in 2023 integrated sustainable consumption and production patterns into high-impact sectors.,17_20,12_10,,17,12,No Relationship,No Relationship
"Additionally, the Agreement on Marine Biodiversity of Areas Beyond National Jurisdiction aims to protect marine biodiversity in international waters and seabed.","Additionally, the Agreement on Marine Biodiversity of Areas Beyond National Jurisdiction aims to protect marine biodiversity in international waters and seabed.",17_20,14_8,,17,14,Rephrase,Support
"Additionally, the Agreement on Marine Biodiversity of Areas Beyond National Jurisdiction aims to protect marine biodiversity in international waters and seabed.","Additionally, the number of women killed in conflict increased for the first time since 2015. In 2022, 2 in 10 civilians killed in conflicts were women; 1 in 10 were children. By 2023, 4 in 10 were women and 3 in 10 were children.",17_20,16_10,,17,16,No Relationship,No Relationship
"At the same time, as of 2022, only 9 of 193 countries had included food waste in their NDCs, revealing a significant gap in connecting this issue with climate action and the objective of halving food waste and reducing losses by 2030.","Many countries face challenges such as inadequate education infrastructure, teacher shortages and insufficient teacher training.",13_3,4_5,,13,4,No Relationship,No Relationship
National monitoring based on the Tourism Satellite Accounts and the System of Environmental Economic Accounts provides a good indication of a country’s capacity to measure the economic and environmental sustainability of tourism.,The Intergovernmental Panel on Climate Change warns that up to 90 per cent of corals could be lost by 2050 at 1.5°C of warming and up to 99 per cent at 2°C.,12_14,14_18,,12,14,No Relationship,No Relationship
"For the second consecutive year, the number of civilians killed in conflict rose dramatically, reversing a downward trend from 2016 to 2019. By 2023, civilian casualties had soared to over 33,400, nearing the 2015 peak.",Heavy burdens of unpaid domestic and care work trap women in poverty and inequality,16_9,5_30,,16,5,No Relationship,No Relationship
The Fourth International Conference on Financing for Development in 2025 presents an opportunity to address these shortcomings and strengthen the legitimacy of global governance arrangements.,"The labour income share of GDP dropped from 54.1 per cent in 2004 to 52.7 per cent in 2021, representing a loss of $568 (purchasing power parity) per worker. This negative trend implies that rising labour productivity has not fully translated into higher labour compensation.",17_11,8_3,,17,8,No Relationship,No Relationship
"Changing course requires prioritizing the achievement of universal health coverage, strengthening health systems, investing in disease prevention and treatment, and addressing disparities in access to care and services, especially for vulnerable populations.","Access to justice is a fundamental human right. In 2022, however, nearly a third (3.5 million) of the global prison population was held in pretrial detention, a share that remained stable between 2015 and 2022.",10_31,16_14,,10,16,No Relationship,No Relationship
"Data from 69 countries show that 56 per cent of married or in-union women aged 15–49 can decide on their sexual and reproductive health and rights, ranging from 38 per cent in sub-Saharan Africa to over 80 per cent in Europe.","Between 2021 and 2022, the growth rate in schools’ Internet access for pedagogical purposes doubled globally and even tripled in some regions.",5_33,4_31,,5,4,No Relationship,No Relationship
"Alarmingly, species are silently becoming extinct, the protection of key biodiversity areas has stalled and global illicit wildlife trafficking has steadily increased, posing serious threats to biodiversity and the benefits it provides to people.","It aims to deliver data needed to achieve the SDGs by mobilizing political support and investments in national data systems, fostering unified national data strategies, and strengthening partnerships, collaboration and coordination.",15_1,17_4,,15,17,No Relationship,Support
Half of the most vulnerable countries face a widening income gap with the wealthiest economies,"This signals how the world’s capacity to generate renewable power is expanding at an unprecedented rate, presenting a tangible opportunity to triple global capacity by 2030, as agreed at the twenty-eighth session of the Conference of the Parties to the United Nations Framework Convention on Climate Change in 2023.",1_3,7_19,,1,7,No Relationship,Support
59 per cent have no joint climate change adaptation strategies for any of their transboundary basins,"Digital services comprised 30 per cent of all services in 2023. To achieve the SDG target, stakeholders could leverage digitalization to reduce costs, increase efficiency and improve remittance accessibility.",13_42,0_8,,13,0,No Relationship,Support
"A national park manager surveys tree nursery saplings in a desert area of central Saudi Arabia that is being regreened to combat land degradation, desertification and drought.",The Fourth International Conference on Financing for Development in 2025 presents an opportunity to address these shortcomings and strengthen the legitimacy of global governance arrangements.,15_12,17_11,,15,17,No Relationship,Support
"Several countries that depend heavily on fisheries for livelihoods and food security, however, have seen positive developments.","In 2023, the annual SDG investment gap in developing countries was estimated at about $4 trillion, with over half, or $2.2 trillion, needed for the energy transition alone.",8_7,7_3,,8,7,No Relationship,No Relationship
"As oceans continue to warm amid rising global temperatures, the frequency and severity of coral bleaching will likely increase.","Each year, an estimated 4.2 million people die due to ambient air pollution.",14_17,3_3,,14,3,No Relationship,No Relationship
"Without a substantial acceleration in poverty reduction, fewer than 3 in 10 countries are expected to halve national poverty by 2030.","The number of people lacking electricity access grew for the first time in a decade In 2022, although the global electricity access rate held steady at 91 per cent, 685 million people still lacked electricity, 10 million more than in 2021 due to population growth.",1_15,7_9,,1,7,No Relationship,No Relationship
"Countries are adopting various strategies to enhance water use efficiency, including infrastructure modernization, more efficient irrigation and wastewater reuse.","Not everyone is benefiting equally from these advancements, however.",6_17,10_36,,6,10,Support,No Relationship
"Illegal wildlife trade persists worldwide despite two decades of concerted action at international and national levels and poses a significant threat to global biodiversity, endangering a wide range of terrestrial and marine species.",Productive and sustainable agriculture is key to ensuring the attainment and continued satisfaction of human needs in present and future generations.,15_15,2_30,,15,2,No Relationship,No Relationship
"Changing course requires prioritizing the achievement of universal health coverage, strengthening health systems, investing in disease prevention and treatment, and addressing disparities in access to care and services, especially for vulnerable populations.","Particulate air pollution caused approximately 104 deaths per 100,000 people annually by 2019, despite a slight decrease in the global mortality rate attributed to household and ambient air pollution since 2010.",3_16,11_14,,3,11,No Relationship,No Relationship
"Without a substantial acceleration in poverty reduction, fewer than 3 in 10 countries are expected to halve national poverty by 2030.",Climate records were shattered in 2023 as the climate crisis accelerated in real time.,1_15,13_7,,1,13,No Relationship,No Relationship
Progress in reducing emissions intensity to cut global emissions overall has been insufficient.,"Addressing inequality both within and among countries necessitates equitable resource distribution, investment in education and skills, social protection measures, efforts to stop discrimination, support for marginalized groups, and international cooperation for fair trade and financial systems.",13_46,17_8,,13,17,No Relationship,Support
"Efforts to address these mounting concerns remain uneven. Key actions include implementing sustainable fishing practices, expanding marine protected areas to safeguard key biodiversity areas, increasing capacities to monitor ocean health and addressing the pollution that is choking waterways.",They included 1 billion people facing catastrophic health expenditures exceeding 10 per cent of their household budget and 344 million driven deeper into extreme poverty by health costs.,14_0,3_22,,14,3,No Relationship,No Relationship
"Achieving universal coverage by 2030 will require a sixfold increase in current rates of progress for safely managed drinking water, a fivefold increase for safely managed sanitation and a threefold increase for basic hygiene services.",These regional disparities underscore the need for targeted efforts to achieve equal educational opportunities for all children.,6_8,10_40,,6,10,No Relationship,Support
"Data from 120 countries show that from 2019 to 2023, 56 positive legal reforms focused on removing discriminatory laws and establishing legal frameworks to advance gender equality.","The lack of equitable access to public transportation is a significant concern, particularly in LDCs, where only 4 in 10 individuals have convenient access.",5_23,11_0,,5,11,No Relationship,No Relationship
"Meanwhile, fossil fuel subsidies hit a record high.","More people have safe drinking water and sanitation but billions still go without Between 2015 and 2022, the proportion of the population using safely managed drinking water increased from 69 to 73 per cent. Shares with safely managed sanitation rose from 49 to 57 per cent and with basic hygiene services from 67 to 75 per cent.",13_10,6_5,,13,6,No Relationship,Support
The number of people lacking access to electricity dropped from 958 million in 2015 to 685 million in 2022.,"In sub-Saharan Africa, the contribution of sustainable fisheries to GDP climbed from 0.38 per cent in 2019 to 0.42 per cent in 2021.",7_4,2_14,,7,2,No Relationship,No Relationship
"Addressing inequality both within and among countries necessitates equitable resource distribution, investment in education and skills, social protection measures, efforts to stop discrimination, support for marginalized groups, and international cooperation for fair trade and financial systems.","A lack of handwashing facilities in 2 out of 10 schools poses health risks, especially during pandemics.",0_7,4_30,,0,4,No Relationship,No Relationship
Marine designations should be strategically located to safeguard key biodiversity areas.,"Gaps remain, however; no reporting country earned a perfect score across all areas of legislation.",14_10,5_26,,14,5,No Relationship,No Relationship
"Conflict zones saw a sharp increase in the killings of journalists and media workers, with 40 lives lost, reversing a downward trend since 2017.",The upcoming 2025 cycle of nationally determined contributions (NDCs) presents a chance for ambitious climate action plans that drive economic and social progress.,16_17,13_12,,16,13,No Relationship,No Relationship
"International support for data and statistics development has increased, reaching $799 million in 2021, 14 per cent above 2020 and 44 per cent above 2015.","After rising sharply in the wake of the COVID-19 pandemic, global hunger and food insecurity remained persistently high and almost unchanged for three years. In 2023, about 733 million people faced hunger, and 2.33 billion people experienced moderate to severe food insecurity.",17_23,2_18,,17,2,No Relationship,Support
"In 2023, remittances to low- and middle-income countries reached an estimated $669 billion, reflecting a normalization of flows following the post-pandemic robust growth.","Half of countries have overcrowded prisons, sparking concerns about health and human rights",8_9,16_13,,8,16,No Relationship,No Relationship
Governments plan to produce around 110 per cent more fossil fuels by 2030 than would be consistent with limiting warming to 1.5°C.,"While air pollution levels have declined in most regions, they are still significantly higher than the recommended air quality guidelines for public health protection.",7_1,11_1,,7,11,No Relationship,No Relationship
"Although 89 per cent of women can autonomously decide to use contraception, one in four cannot make health-care decisions or say no to sex.",Partnerships between NSOs and civil society organizations stood at 37 per cent.,3_56,17_2,,3,17,No Relationship,No Relationship
Half of the most vulnerable countries face a widening income gap with the wealthiest economies,"The COVID-19 pandemic has significantly affected global health, reversing steady progress in life expectancy over the past two decades.",10_8,3_17,,10,3,No Relationship,No Relationship
This deceleration can be attributed to the significant surge in clean energy technologies since 2019.,"Based on the 2022 Programme for International Student Assessment test at the end of lower secondary school in 81 member and partner countries of the Organisation for Economic Co-operation and Development (OECD), from 2018 to 2022, mean performance in mathematics plummeted by a record 15 points.",7_24,4_13,,7,4,Attack,No Relationship
"In 2022, manufacturing growth plateaued at around 2.7 per cent and is anticipated to remain stagnant in 2024.","Recent estimates indicate that the intercepted illegal wildlife trade as a proportion of all wildlife trade (legal and illegal) has been on the rise since 2017, peaking during the COVID-19 pandemic.",9_20,15_18,,9,15,No Relationship,No Relationship
Only 1.7 kilograms per capita was collected and managed in an environmentally sound manner.,"Comprehensive global action is under way, yet it must accelerate. Priorities include ensuring that the Agreement on Fisheries Subsidies enters into force as soon as possible; increasing participation in the Agreement on Port State Measures to combat illegal, unreported and unregulated fishing; adopting a global plastic pollution instrument; and ensuring that the Agreement on Marine Biodiversity of Areas Beyond National Jurisdiction enters into force as soon as possible to ensure the long-term health and sustainability of oceans.",12_8,14_1,,12,14,No Relationship,No Relationship
"While more detailed analysis is required to investigate the root causes of varying rates of progress, evidence suggests that all regions urgently need to take sustained, concerted actions to improve productive and sustainable agriculture by 2030.","Global GDP growth has waned and productivity is stagnant, posing risks to economic development",2_32,8_21,,2,8,Support,No Relationship
"Ensuring equitable access to public transportation helps to reduce food insecurity, boost economies, empower women, and connect people to key health, education and financial services, especially vulnerable urban populations.","Despite reduced carbon dioxide (CO2) emissions intensity, global emissions have hit a record high.",1_8,9_15,,1,9,No Relationship,No Relationship
"Women and youth face higher unemployment rates. Informal employment poses a significant global challenge, with over 2 billion workers in informal jobs lacking social protection in 2023.","Ninety per cent of people facing hunger and malnutrition live in IDA countries, half of which are in debt distress or at high risk of it.",8_19,1_7,,8,1,Support,No Relationship
"Legal guarantees for free and compulsory pre-primary education are crucial to school readiness and equal opportunities, yet only a quarter of countries make it compulsory and only half offer it for free.","Despite increasing efforts and commitments to expand social protection programmes, significant coverage gaps left 1.4 billion children uncovered in 2023.",4_26,1_16,,4,1,Support,No Relationship
The maternal mortality ratio is largely stuck at a level more than three times the 2030 target.,"Ensuring equitable access to public transportation helps to reduce food insecurity, boost economies, empower women, and connect people to key health, education and financial services, especially vulnerable urban populations.",3_11,0_9,,3,0,No Relationship,Support
"Achieving Goal 12 requires fostering circular economy models, sustainable production practices and responsible consumption. These approaches can take advantage of opportunities at every stage of production to reduce resource and fossil fuel use, drive innovation, conserve energy and mitigate emissions.","Women carry an unfair burden of unpaid domestic and care work, spending 2.5 times more hours a day on it than men.",12_2,5_19,,12,5,No Relationship,No Relationship
ensuring that the Agreement on Marine Biodiversity of Areas Beyond National Jurisdiction enters into force as soon as possible,"Achieving Goal 12 requires fostering circular economy models, sustainable production practices and responsible consumption. These approaches can take advantage of opportunities at every stage of production to reduce resource and fossil fuel use, drive innovation, conserve energy and mitigate emissions.",17_17,12_2,,17,12,No Relationship,Support
"For instance, more wildlife seizures were primarily attributed to new regulations targeting high-value timber species from South America, alongside intensified enforcement actions.",A 2023 study of more than 530 ninth grade science and social science curricula found that 69 per cent did not mention climate change and 66 per cent omitted sustainability.,15_19,4_17,,15,4,No Relationship,No Relationship
"While most health-related indicators are moving in the right direction globally, current trends are insufficient to meet targets set for 2030.","Although the COVID-19 pandemic temporarily accelerated Internet adoption, recent growth rates have reverted to pre-pandemic levels.",3_10,9_7,,3,9,No Relationship,No Relationship
"Several countries that depend heavily on fisheries for livelihoods and food security, however, have seen positive developments.","Addressing inequality both within and among countries necessitates equitable resource distribution, investment in education and skills, social protection measures, efforts to stop discrimination, support for marginalized groups, and international cooperation for fair trade and financial systems.",8_7,10_5,,8,10,No Relationship,Support
"One in four people in IDA countries live on less than $2.15 a day, an extreme poverty rate that is more than eight times the mean for the rest of the world.","Improvements in adolescent birth rates and access to modern contraceptives do not benefit all women and girls equally The adolescent birth rate for women aged 15–19 years declined to 41.3 births per 1,000 women in 2023, from 47.2 in 2015 and 64.5 in 2000. For girls aged 10–14 years, the rate fell from 3.3 births per 1,000 girls in 2000 to 1.8 in 2015 and 1.5 in 2023. Yet 13.1 million babies, approximately 10 per cent of the total number of births, were born to adolescent mothers in 2023. Central and Southern Asia witnessed the largest drop-offs in adolescent birth rates between 2000 and 2023, with a 72 per cent reduction in the 15–19 age group and a 90 per cent decrease in the 10–14 cohort. Sub-Saharan Africa continued to have the highest rates globally, at 97.9 births per 1,000 women aged 15–19 and 4.4 per 1,000 girls aged 10–14 in 2023.",1_6,3_31,,1,3,No Relationship,No Relationship
Small-scale food producers are vital in fighting hunger but earn less than half the income of larger-scale operations,"In LDCs, the disaster-affected population per 100,000 people is 20 per cent higher than the global average, and the mortality rate is 170 per cent higher. This illustrates that the catastrophic impact of disasters is much greater in these countries.",8_13,10_16,,8,10,No Relationship,Support
"Cooperative agreements among countries sharing transboundary water resources (rivers, lakes and aquifers) are essential for advancing sustainable development and addressing climate change.","The COVID-19 pandemic highlighted the importance of high-quality, timely and disaggregated data for informed decision-making. Yet funding gaps threaten the resilience of statistical systems in developing countries.",17_26,0_10,,17,0,No Relationship,Support
"While more detailed analysis is required to investigate the root causes of varying rates of progress, evidence suggests that all regions urgently need to take sustained, concerted actions to improve productive and sustainable agriculture by 2030.","Conflict zones saw a sharp increase in the killings of journalists and media workers, with 40 lives lost, reversing a downward trend since 2017.",2_32,16_17,,2,16,No Relationship,No Relationship
"The proportion of women of reproductive age (15–49 years) who have their need for family planning satisfied with modern methods has climbed from 76.5 per cent in 2015 to 77.6 per cent in 2024, corresponding to an additional 75 million women using modern contraceptive methods globally. By 2030, this proportion is projected to reach 78.2 per cent, a net increase of 45 million women. This marks a fair improvement but still falls far short of universal access.","Digital services comprised 30 per cent of all services in 2023. To achieve the SDG target, stakeholders could leverage digitalization to reduce costs, increase efficiency and improve remittance accessibility.",3_32,0_8,,3,0,No Relationship,Support
"Changing course requires prioritizing the achievement of universal health coverage, strengthening health systems, investing in disease prevention and treatment, and addressing disparities in access to care and services, especially for vulnerable populations.",Building partnerships with diverse stakeholders makes SDG monitoring more inclusive and incorporates different perspectives and needs.,3_16,17_0,,3,17,No Relationship,Support
"Latin America and the Caribbean remained the deadliest region, accounting for 70 per cent of all killings.","All countries must urgently speed up economy-wide, low-carbon transformations to avoid escalating economic and social costs.",16_18,13_11,,16,13,No Relationship,No Relationship
"Climate change is hindering poverty reduction, and disasters result in millions of households becoming poor or remaining trapped in poverty.",This wide divide indicates an urgent need to bridge gaps in achieving equitable access to sustainable energy.,1_17,7_21,,1,7,Support,Support
The 2021 Glasgow Climate Pact urged developed nations to double adaptation finance to developing countries from 2019 levels by 2025.,"Sub-Saharan Africa faces the steepest challenge, with only 60 per cent of pre-primary teachers meeting standards compared to 90 per cent in Europe and Northern America in 2022.",13_4,4_35,,13,4,No Relationship,No Relationship
"Under-5 deaths hit a record low in 2022; achieving the SDG target could save 9 million lives by 2030 Global under-5 deaths reached a historic low of 4.9 million in 2022, down from 9.9 million in 2000 and 6.0 million in 2015. Nearly half these deaths (2.3 million) occurred during the neonatal period (the first 28 days of life). The under-5 mortality rate was 37 deaths per 1,000 live births in 2022, a 51 per cent reduction since 2000 and a 14 per cent reduction from 2015. The global neonatal mortality rate fell to 17 deaths per 1,000 live births in 2022, a 44 per cent reduction since 2000 and a 12 per cent reduction since 2015.","The variance in country data coverage plays out differently across the Goals, with major shortfalls in priority development areas, such as gender equality (Goal 5), climate action (Goal 13), and peace, justice and strong institutions (Goal 16).",3_33,13_0,,3,13,Support,No Relationship
"Alarmingly, over one in five young people are not in education, employment or training (NEET).","Since 2000, two thirds of countries with data have reduced the proportion of their population living on less than half the median income. This trend continued during the pandemic.",4_38,1_2,,4,1,No Relationship,No Relationship
"These efforts, coupled with fostering innovative solutions and creating supportive regulatory frameworks, are pivotal to advance towards Goal 7 and meet climate objectives.",Accelerated action could bring productive and sustainable agriculture within reach globally,7_8,2_29,,7,2,Support,Support
"In LDCs, the disaster-affected population per 100,000 people is 20 per cent higher than the global average, and the mortality rate is 170 per cent higher. This illustrates that the catastrophic impact of disasters is much greater in these countries.","Since 2015, the global manufacturing value added per capita has risen by 16 per cent, from $1,653 (at constant 2015 prices) to $1,922 in 2023.",10_16,9_19,,10,9,No Relationship,No Relationship
"Between 2000 and 2020, the proportion of forest cover decreased from 31.9 to 31.2 per cent of total land area, resulting in net forest area losses of nearly 100 million hectares.","Several countries that depend heavily on fisheries for livelihoods and food security, however, have seen positive developments.",15_6,2_13,,15,2,No Relationship,No Relationship
"Earnings from work are particularly important for less well-off and vulnerable people. At the same time, returns to capital have been rising, which can increase inequality as capital income is concentrated among the affluent.","Access to credit is vital for small enterprises, but only a small share can obtain it",8_4,1_45,,8,1,No Relationship,No Relationship
"Conversely, Northern Africa and Western Asia saw an increase in the rate from 2.5 per cent in 2015 to 6.2 per cent in 2023.","Recent estimates indicate that the intercepted illegal wildlife trade as a proportion of all wildlife trade (legal and illegal) has been on the rise since 2017, peaking during the COVID-19 pandemic.",1_28,15_18,,1,15,Support,No Relationship
"In 2022, an estimated 1.3 million new infections represented a 27 per cent decrease since 2015 and a 38 per cent reduction since 2010.",Rising temperatures have not abated and global greenhouse gas emissions continue to climb.,3_35,13_8,,3,13,No Relationship,No Relationship
"Seven out of 10 children globally attended organized learning one year before the official primary entry age in 2022, a rate unchanged since 2015.","Large gaps in monitoring and reporting, particularly in low-income countries, result in an unclear picture of global wastewater. In 2023, data on 91,000 water bodies from 120 countries revealed that 56 per cent had good water quality.",4_24,6_13,,4,6,No Relationship,No Relationship
"Since 2015, the global manufacturing value added per capita has risen by 16 per cent, from $1,653 (at constant 2015 prices) to $1,922 in 2023.","Twenty-two reforms centred on equal rights to employment and economic benefits and 18 on stopping violence against women. The reforms included lifting restrictions on women working in specific sectors, guaranteeing equal remuneration for work of equal value and prohibiting marital rape.",9_19,8_15,,9,8,No Relationship,Support
"The lack of equitable access to public transportation is a significant concern, particularly in LDCs, where only 4 in 10 individuals have convenient access.",Global agreements could renew momentum to protect key biodiversity areas in the oceans,3_1,17_18,,3,17,No Relationship,Support
"Urban sprawl is characterized by the unplanned, low-density, uncontrolled expansion of urban areas into previously undeveloped rural or suburban areas.",The United States planned to transform its food system for broader benefits.,11_6,2_12,,11,2,No Relationship,No Relationship
"Vibrant cities depend on open public spaces yet too few residents have ready access Open public spaces in urban areas foster inclusive and vibrant cities. Yet only 44 per cent of urban residents have an open public space conveniently located within a 400-metre walk, according to 2020 data from 1,365 cities across 187 countries.","At the upper secondary level, girls hold a notable advantage, with a 14 percentage-point gap in Eastern and South-Eastern Asia, 8 points in Latin America and the Caribbean, and 4 to 5 points in most other regions.",11_11,4_11,,11,4,No Relationship,No Relationship
"In 95 per cent of countries with available data, the average annual income of small-scale producers is less than half that of larger-scale producers.","A comprehensive review by the Gender Data Compass, however, revealed significant gaps in disaggregated data for key social, economic and environmental indicators disseminated online by national statistical offices (NSOs).",8_14,5_1,,8,5,Support,No Relationship
"The dismantling of discriminatory laws is encouraging but gaps persist, notably in land rights","Simply revising curricula may not be sufficient, however, if teachers lack the confidence or willingness to teach these subjects.",5_22,4_20,,5,4,No Relationship,No Relationship
One in three of these countries are poorer than before the pandemic.,"At the upper secondary level, girls hold a notable advantage, with a 14 percentage-point gap in Eastern and South-Eastern Asia, 8 points in Latin America and the Caribbean, and 4 to 5 points in most other regions.",1_4,5_10,,1,5,No Relationship,No Relationship
"Changing course requires prioritizing the achievement of universal health coverage, strengthening health systems, investing in disease prevention and treatment, and addressing disparities in access to care and services, especially for vulnerable populations.","International support for data and statistics development has increased, reaching $799 million in 2021, 14 per cent above 2020 and 44 per cent above 2015.",3_16,17_23,,3,17,No Relationship,Support
"For the second consecutive year, the number of civilians killed in conflict rose dramatically, reversing a downward trend from 2016 to 2019. By 2023, civilian casualties had soared to over 33,400, nearing the 2015 peak.","Inequalities and emerging threats jeopardize these accomplishments, however, underscoring the need for sustained efforts and innovative strategies.",16_9,3_12,,16,3,Support,Support
"Women and youth continued to face higher rates globally and across regions. In 2023, gender unemployment gaps were similar to those in 2015, with the largest disparities in Northern Africa and Western Asia.","In 2022, almost 60 per cent of countries worldwide faced moderately to abnormally high food prices due to the spillover effects of conflicts, such as disrupted supply chains.",5_34,2_20,,5,2,Rephrase,No Relationship
"Hunger, food insecurity and malnutrition remain prevalent, calling for intensified efforts",The global working poverty rate slightly increased to 7.7 per cent in 2020 before declining to 6.9 per cent in 2023.,2_22,1_25,,2,1,Rephrase,No Relationship
Overcrowding in prisons operating at over 100 per cent of intended capacity was a concern in half of countries with data.,"Significant regional variations were evident, and despite a near doubling of coverage from 4.5 per cent in 2015 to 8.7 per cent in 2023, low-income countries were still far from universal coverage.",16_15,1_35,,16,1,No Relationship,No Relationship
"Although 89 per cent of women can autonomously decide to use contraception, one in four cannot make health-care decisions or say no to sex.","Rising ocean temperatures are raising new concerns for coral reefs, which support a quarter of marine species, provide resources for hundreds of millions of people in coastal communities and generate trillions of dollars in revenue annually.",3_56,13_32,,3,13,No Relationship,No Relationship
"Small-scale food producers play essential roles in agricultural and food production systems, enhancing resilience and fighting hunger.","Tourism remains crucial for jobs, local ecosystems, peacebuilding and poverty reduction through income generation and tax revenues.",2_33,1_43,,2,1,No Relationship,Support
"Public transit remains out of easy reach for 40 per cent of urban residents worldwide Ensuring equitable access to public transportation helps to reduce food insecurity, boost economies, empower women, and connect people to key health, education and financial services, especially vulnerable urban populations. Yet many cities worldwide lack adequate urban transit infrastructure.","Despite reduced carbon dioxide (CO2) emissions intensity, global emissions have hit a record high.",11_10,13_44,,11,13,No Relationship,No Relationship
"Sub-Saharan Africa faces the steepest challenge, with only 60 per cent of pre-primary teachers meeting standards compared to 90 per cent in Europe and Northern America in 2022.","Cooperative agreements among countries sharing transboundary water resources (rivers, lakes and aquifers) are essential for advancing sustainable development and addressing climate change.",4_35,6_18,,4,6,No Relationship,Support
"With urbanization on the rise and nearly 70 per cent of the global population projected to reside in cities by 2050, the development of critical infrastructure, affordable housing, efficient transport systems and essential social services is imperative to create resilient and sustainable cities that meet the needs of all.",Global agreements could renew momentum to protect key biodiversity areas in the oceans,9_1,17_18,,9,17,No Relationship,Support
"Declines in maternal mortality have stalled, with wide disparities by region and income Between 2015 and 2020, the global maternal mortality ratio declined only marginally from 227 to 223 maternal deaths per 100,000 live births, over three times higher than the 2030 target of 70. Sub-Saharan Africa and Southern Asia account for 87 per cent of maternal deaths. In 2020, the maternal mortality ratio in low-income countries was 430 maternal deaths per 100,000 live births compared to 13 in high-income nations. The average maternal mortality ratio for very high and high alert fragile states was 551 in 2020, more than twice the global average. Achieving the 2030 target requires an annual reduction rate of 11.6 per cent between 2021 and 2030.","Vibrant cities depend on open public spaces yet too few residents have ready access Open public spaces in urban areas foster inclusive and vibrant cities. Yet only 44 per cent of urban residents have an open public space conveniently located within a 400-metre walk, according to 2020 data from 1,365 cities across 187 countries.",3_29,11_11,,3,11,Support,Support
"Data from 69 countries show that 56 per cent of married or in-union women aged 15–49 can decide on their sexual and reproductive health and rights, ranging from 38 per cent in sub-Saharan Africa to over 80 per cent in Europe.",The mobile broadband coverage gap persists at 5 per cent.,3_55,9_16,,3,9,No Relationship,No Relationship
"Since 2015, the global manufacturing value added per capita has risen by 16 per cent, from $1,653 (at constant 2015 prices) to $1,922 in 2023.",Building partnerships with diverse stakeholders makes SDG monitoring more inclusive and incorporates different perspectives and needs.,9_19,17_0,,9,17,No Relationship,Support
The trillions needed to achieve the SDGs require world leaders to rapidly scale up investments,"International support for data and statistics development has increased, reaching $799 million in 2021, 14 per cent above 2020 and 44 per cent above 2015.",1_10,17_23,,1,17,Support,Support
"Women typically experience higher working poverty rates than men, with the most pronounced gender gap observed in the least developed countries (LDCs).",Ensuring universal health coverage without financial hardship is crucial to healthy lives and well-being for all.,1_31,3_14,,1,3,Support,Support
"Substantial declines in labour rights plague all regions, worsening prospects for social justice","Under-5 deaths hit a record low in 2022; achieving the SDG target could save 9 million lives by 2030 Global under-5 deaths reached a historic low of 4.9 million in 2022, down from 9.9 million in 2000 and 6.0 million in 2015. Nearly half these deaths (2.3 million) occurred during the neonatal period (the first 28 days of life). The under-5 mortality rate was 37 deaths per 1,000 live births in 2022, a 51 per cent reduction since 2000 and a 14 per cent reduction from 2015. The global neonatal mortality rate fell to 17 deaths per 1,000 live births in 2022, a 44 per cent reduction since 2000 and a 12 per cent reduction since 2015.",10_47,3_33,,10,3,No Relationship,Support
Developing countries are not fairly represented in international economic decision-making. Strengthening their voice and participation is crucial to ensuring a more inclusive and equitable global economic system.,This deceleration can be attributed to the significant surge in clean energy technologies since 2019.,10_4,7_24,,10,7,No Relationship,No Relationship
"The sustainability of global fishery resources declined from 90.0 per cent in 1974 to 64.6 per cent in 2019 and further to 62.3 per cent in 2021, due to overfishing, pollution, poor management and other factors.","COVID-19 ranked among the top three leading causes of death globally in 2020 and 2021, with striking regional variations.",14_3,3_18,,14,3,Support,No Relationship
"Women’s empowerment in sexual and reproductive health decisions remains restricted globally, although positive strides are evident in some places",The share of renewable energy in the world’s total final energy consumption rose from 16.7 per cent in 2015 to 18.7 per cent in 2021.,5_32,7_15,,5,7,No Relationship,No Relationship
Those without access to electricity are predominantly in low-income households or located in remote areas.,"In 2023, ocean heat content soared to its highest level in 65 years; over 90 per cent of the ocean experienced heatwave conditions at some point during the year.",7_11,13_34,,7,13,No Relationship,No Relationship
"Patterns of unsustainable consumption and production persist, however. In 2022, global food waste reached 1.05 billion metric tons, yet only 9 of 193 countries included food waste in their nationally determined contributions (NDCs) on climate change actions.","One in four people in IDA countries live on less than $2.15 a day, an extreme poverty rate that is more than eight times the mean for the rest of the world.",12_0,1_6,,12,1,Support,No Relationship
"While global real GDP per capita growth rebounded in 2021, it slowed in 2022 and is projected to stabilize through 2025.","Particulate air pollution caused approximately 104 deaths per 100,000 people annually by 2019, despite a slight decrease in the global mortality rate attributed to household and ambient air pollution since 2010.",8_17,3_46,,8,3,Support,No Relationship
"Globally, young women are over twice as likely as young men to be NEET. In Central and Southern Asia, nearly half of young women are NEET compared to only 12.3 per cent of young men.","The National Oceanic and Atmospheric Administration confirms the world is currently experiencing its fourth global coral bleaching event, the second in a decade.",10_46,14_15,,10,14,Support,No Relationship
"This degradation, driven by changes in land use and coverage, significantly contributes to biodiversity loss, including in fragile mountain ecosystems.",Increased data literacy in society,15_20,4_0,,15,4,No Relationship,No Relationship
One in three of these countries are now poorer on average than before the pandemic.,"The proportion of women of reproductive age (15–49 years) who have their need for family planning satisfied with modern methods has climbed from 76.5 per cent in 2015 to 77.6 per cent in 2024, corresponding to an additional 75 million women using modern contraceptive methods globally. By 2030, this proportion is projected to reach 78.2 per cent, a net increase of 45 million women. This marks a fair improvement but still falls far short of universal access.",1_23,3_32,,1,3,No Relationship,No Relationship
"These findings suggest that efforts to reduce deforestation must tackle production system weaknesses while addressing critical needs such as food security, income and land tenure rights for local communities.","Digital services comprised 30 per cent of all services in 2023. To achieve the SDG target, stakeholders could leverage digitalization to reduce costs, increase efficiency and improve remittance accessibility.",1_9,0_8,,1,0,No Relationship,Support
"Prioritizing increased education funding, teacher training, and inclusive and accessible schools are essential steps, along with leveraging technology and bridging the digital divide to achieve equitable access to quality education.","The number of people lacking electricity access grew for the first time in a decade In 2022, although the global electricity access rate held steady at 91 per cent, 685 million people still lacked electricity, 10 million more than in 2021 due to population growth.",10_39,7_9,,10,7,No Relationship,No Relationship
Drastic reductions in global greenhouse gas emissions must take place by 2030 and reach net zero by 2050.,"Forest losses due to large-scale farming were highest in South America at 48 per cent (mainly linked to livestock grazing), followed by Asia at 38 per cent (primarily due to large-scale crop production, particularly for oil palm plantations).",13_14,15_10,,13,15,No Relationship,No Relationship
"Achieving Goal 12 requires fostering circular economy models, sustainable production practices and responsible consumption. These approaches can take advantage of opportunities at every stage of production to reduce resource and fossil fuel use, drive innovation, conserve energy and mitigate emissions.","The sustainability of global fishery resources declined from 90.0 per cent in 1974 to 64.6 per cent in 2019 and further to 62.3 per cent in 2021, due to overfishing, pollution, poor management and other factors.",12_2,14_3,,12,14,Support,No Relationship
Building partnerships with diverse stakeholders makes SDG monitoring more inclusive and incorporates different perspectives and needs.,"Stress levels in Northern Africa and Western Asia rose 12 per cent, exacerbating already critical levels.",17_0,6_25,,17,6,No Relationship,No Relationship
"Without a change in course, an estimated 660 million people will still lack electricity access and around 1.8 billion will go without clean cooking fuels and technologies by 2030.","Investments in infrastructure and affordable Internet access are crucial, especially in underserved regions.",7_6,9_10,,7,9,Support,Support
"In 2023, the annual SDG investment gap in developing countries was estimated at about $4 trillion, with over half, or $2.2 trillion, needed for the energy transition alone.","In 2022, almost 60 per cent of countries worldwide faced moderately to abnormally high food prices due to the spillover effects of conflicts, such as disrupted supply chains.",7_3,2_20,,7,2,Support,No Relationship
"The National Oceanic and Atmospheric Administration confirms the world is currently experiencing its fourth global coral bleaching event, the second in a decade.","Financial hardship due to out-of-pocket health spending has worsened since 2015, affecting 2 billion people in 2019.",14_15,3_21,,14,3,No Relationship,No Relationship
"Extreme weather events, including heatwaves, major floods, droughts, wildfires and tropical cyclones, have disrupted the lives of millions of people and caused billions of dollars in economic losses.",Achieving universal coverage will require closing a major financing gap.,6_0,1_36,,6,1,No Relationship,No Relationship
High rates of consumption and insufficient reuse or recycling are producing vast piles of e-waste,"Overfishing, pollution, climate change and poor management drive continued declines in fish stocks",12_5,14_2,,12,14,No Relationship,No Relationship
"Efforts are under way to tackle these challenges, with countries advancing implementation of access and benefit-sharing instruments and integrating biodiversity values into national accounting systems.",Improvements in adolescent birth rates and access to modern contraceptives do not benefit all women and girls equally,15_2,10_34,,15,10,No Relationship,No Relationship
"In the Hangzhou declaration on accelerating progress on the Cape Town Global Action Plan for Sustainable Development Data, countries agreed on ""an urgent and sustained increase in the level and scale of investments in data and statistics from domestic and international actors, from the public, private and philanthropic sectors, to strengthen statistical capacity in low-income countries and fragile states, close data gaps for vulnerable groups and enhance country resilience in the current context of economic crisis, conflict, climate change and increased food insecurity.""",Global unemployment fell to a record low yet gaps remain for women and youth,2_0,8_23,,2,8,Support,No Relationship
"In 2022, manufacturing growth plateaued at around 2.7 per cent and is anticipated to remain stagnant in 2024.",About two thirds of emissions comprised CO2 from fossil fuel combustion and industrial processes.,9_20,13_16,,9,13,No Relationship,No Relationship
"Between 2015 and 2023, the primary school completion rate increased from 85 to 88 per cent, the lower secondary completion rate from 74 to 78 per cent, and the upper secondary completion rate from 53 to 59 per cent.","In Central and Southern Asia, Latin America and the Caribbean, and sub-Saharan Africa, collection rates are below 5 per cent. Inappropriate management by the informal sector results in environmental pollution and health hazards for workers and communities.",4_10,10_14,,4,10,No Relationship,No Relationship
"Globally, one in three people are still offline, underscoring the urgency of infrastructure investments and affordable Internet access, particularly in underdeveloped regions","Between 713 and 757 million people faced hunger in 2023 – one in 11 people globally, and one in five in Africa. Moreover, an estimated 28.9 per cent of the world’s population, or 2.33 billion people, were moderately or severely food insecure in 2023 – 383 million more than in 2019.",9_5,2_23,,9,2,Rephrase,No Relationship
"Ninety-three per cent of the burden fell on low- and middle-income countries in 2019, primarily in Asia and Africa.","Based on the Statistical Performance Indicators (SPI), global scores on the Data Sources Performance Index and Data Infrastructure Performance Index improved between 2016 and 2023.",3_47,9_4,,3,9,No Relationship,No Relationship
"Without stepped-up interventions, around 1.8 billion people or 21 per cent of the world’s population could lack access to clean cooking by 2030.",Increased global public expenditure on agriculture was at least one positive trend.,7_14,2_28,,7,2,No Relationship,No Relationship
"Women and youth face higher unemployment rates. Informal employment poses a significant global challenge, with over 2 billion workers in informal jobs lacking social protection in 2023.","Gaps remain, however; no reporting country earned a perfect score across all areas of legislation.",8_19,5_26,,8,5,No Relationship,No Relationship
"Tourism remains crucial for jobs, local ecosystems, peacebuilding and poverty reduction through income generation and tax revenues.",59 per cent have no joint climate change adaptation strategies for any of their transboundary basins,1_43,13_42,,1,13,No Relationship,No Relationship
"There’s also a growing global commitment to biodiversity conservation, reflected in increased funding and the adoption of the Kunming-Montreal Global Biodiversity Framework.","Ninety per cent of people facing hunger and malnutrition live in IDA countries, half of which are in debt distress or at high risk of it.",15_3,2_1,,15,2,No Relationship,No Relationship
"Declines in maternal mortality have stalled, with wide disparities by region and income","Although the COVID-19 pandemic temporarily accelerated Internet adoption, recent growth rates have reverted to pre-pandemic levels.",10_32,9_7,,10,9,No Relationship,No Relationship
"While women hold 40 per cent of global employment, they only occupied 27.5 per cent of managerial positions in 2022, the same share as in 2016.","Illegal trade has affected around 4,000 plant and animal species in 162 countries and territories from 2015 to 2021.",5_28,15_16,,5,15,No Relationship,No Relationship
"Extreme weather events, including heatwaves, major floods, droughts, wildfires and tropical cyclones, have disrupted the lives of millions of people and caused billions of dollars in economic losses.","Declines in maternal mortality have stalled, with wide disparities by region and income Between 2015 and 2020, the global maternal mortality ratio declined only marginally from 227 to 223 maternal deaths per 100,000 live births, over three times higher than the 2030 target of 70. Sub-Saharan Africa and Southern Asia account for 87 per cent of maternal deaths. In 2020, the maternal mortality ratio in low-income countries was 430 maternal deaths per 100,000 live births compared to 13 in high-income nations. The average maternal mortality ratio for very high and high alert fragile states was 551 in 2020, more than twice the global average. Achieving the 2030 target requires an annual reduction rate of 11.6 per cent between 2021 and 2030.",6_0,3_29,,6,3,No Relationship,No Relationship
"Globally, only about a third of mountain key biodiversity areas are safeguarded by protected areas or other effective area-based conservation measures.",Far fewer countries reported on the generation or treatment of industrial wastewater. Data on household wastewater from 140 countries and territories show that 58 per cent received safe treatment.,15_22,6_11,,15,6,No Relationship,No Relationship
"Additionally, 1.8 billion people had no on-premises drinking water, with women primarily responsible for water collection in two out of three households.","Inequalities and emerging threats jeopardize these accomplishments, however, underscoring the need for sustained efforts and innovative strategies.",6_7,10_30,,6,10,Support,Support
Twenty-two reforms centred on equal rights to employment and economic benefits and 18 on stopping violence against women.,"Efforts are under way to tackle these challenges, with countries advancing implementation of access and benefit-sharing instruments and integrating biodiversity values into national accounting systems.",5_24,15_2,,5,15,No Relationship,Support
"The global extreme poverty rate increased in 2020 for the first time in decades, setting back progress by three years.","The COVID-19 pandemic has significantly affected global health, reversing steady progress in life expectancy over the past two decades.",1_13,3_17,,1,3,Rephrase,No Relationship
"In Latin America and the Caribbean, only a third of primary schools can accommodate students with disabilities.","The increase widened the gap between consumer prices and actual energy costs, prompting many governments to introduce support measures to shield industries and populations from inflation.",4_29,12_16,,4,12,No Relationship,No Relationship
"A comprehensive review by the Gender Data Compass, however, revealed significant gaps in disaggregated data for key social, economic and environmental indicators disseminated online by national statistical offices (NSOs).",This deceleration can be attributed to the significant surge in clean energy technologies since 2019.,5_1,7_24,,5,7,No Relationship,No Relationship
Working poverty has declined but still afflicts 241 million workers,"On average, each day, women spend 2.5 times more hours on unpaid domestic and care work than men.",8_10,10_44,,8,10,Support,No Relationship
"The rapid growth of global e-waste remains largely unaddressed, with only 22 per cent collected and managed sustainably.",One in five girls still marry before age 18.,12_1,5_14,,12,5,No Relationship,No Relationship
"Women’s political participation remains constrained. As of 1 January 2024, women occupied 26.9 per cent of seats in national parliaments, up from 22.3 per cent in 2015.","International support for data and statistics development has increased, reaching $799 million in 2021, 14 per cent above 2020 and 44 per cent above 2015.",5_27,17_23,,5,17,No Relationship,Support
"Alongside disruptions caused by COVID-19, the global malaria response faces increasing threats, including drug and insecticide resistance, humanitarian crises, funding constraints, delays in programme implementation and climate change impacts.",Population censuses provide crucial data for national and subnational planning and also serve as denominators for numerous SDG indicators.,13_38,0_1,,13,0,No Relationship,No Relationship
"Alarmingly, over one in five young people are not in education, employment or training (NEET).",The proportion of people living below half the median income is falling globally,4_38,1_1,,4,1,No Relationship,No Relationship
"With urbanization on the rise and nearly 70 per cent of the global population projected to reside in cities by 2050, the development of critical infrastructure, affordable housing, efficient transport systems and essential social services is imperative to create resilient and sustainable cities that meet the needs of all.","Based on current trends, one out of five (19.5 per cent) of children under age 5 will be affected by stunting in 2030. Some 37 million children (5.6 per cent) were overweight, while 45 million (6.8 per cent) experienced wasting, above the global target of 3 per cent by 2030.",9_1,2_25,,9,2,Support,No Relationship
The number of people lacking access to electricity dropped from 958 million in 2015 to 685 million in 2022.,"Large gaps in monitoring and reporting, particularly in low-income countries, result in an unclear picture of global wastewater. In 2023, data on 91,000 water bodies from 120 countries revealed that 56 per cent had good water quality.",7_4,6_13,,7,6,No Relationship,No Relationship
Partnerships between NSOs and civil society organizations stood at 37 per cent.,"Latin America and the Caribbean remained the deadliest region, accounting for 70 per cent of all killings.",17_2,16_18,,17,16,No Relationship,No Relationship
Harmful practices are decreasing but not at a rate keeping up with population growth.,"With urbanization on the rise and nearly 70 per cent of the global population projected to reside in cities by 2050, the development of critical infrastructure, affordable housing, efficient transport systems and essential social services is imperative to create resilient and sustainable cities that meet the needs of all.",5_13,9_1,,5,9,No Relationship,Support
"Earnings from work are particularly important for less well-off and vulnerable people. At the same time, returns to capital have been rising, which can increase inequality as capital income is concentrated among the affluent.","The energy sector, responsible for 86 per cent of global CO2 emissions, remains the largest contributor, driven by the expansion of coal- and gas-fired power generation.",8_4,7_0,,8,7,No Relationship,No Relationship
"An alarming 19 per cent of all food at the retail or consumption stage was wasted in 2022, totalling 1.05 billion metric tons of all food available to consumers.","These efforts, coupled with fostering innovative solutions and creating supportive regulatory frameworks, are pivotal to advance towards Goal 7 and meet climate objectives.",12_3,7_8,,12,7,No Relationship,Support
"While acknowledging the contribution of development partners in building national data and statistical capacity, a holistic approach to such support is crucial to prevent silos and duplicated efforts.","On average, 15 per cent of teachers lack minimum qualifications, constraining progress across all levels of education.",17_7,4_34,,17,4,No Relationship,No Relationship
Overcrowding in prisons operating at over 100 per cent of intended capacity was a concern in half of countries with data.,"Further, each year, food loss and waste generate 8 to 10 per cent of greenhouse gas emissions, costing over $1 trillion and straining land resources and biodiversity.",16_15,13_2,,16,13,No Relationship,No Relationship
"Globally, per capita installed capacity for generating electricity with renewable energy nearly doubled from 250 watts in 2015 to 424 watts in 2022.",About two thirds of emissions comprised CO2 from fossil fuel combustion and industrial processes.,7_20,13_16,,7,13,No Relationship,No Relationship
"Public funds shoring up the production and consumption of oil, coal and gas more than doubled between 2021 and 2022, and more than tripled from their 2015 levels, reversing progress made between 2012 and 2020 and hindering the net-zero transition.","Developing countries make up 74 per cent of United Nations General Assembly Members but have limited voice and participation in international economic decision-making, norm-setting and governance.",13_27,10_9,,13,10,No Relationship,No Relationship
"Globally, over 20 per cent of primary schools have no separate sanitation facilities for girls.",The COVID-19 pandemic and subsequent shocks from 2020 to 2022 have hampered global efforts to eradicate extreme poverty.,6_2,1_12,,6,1,No Relationship,No Relationship
"In 2023, the annual SDG investment gap in developing countries was estimated at about $4 trillion, with over half, or $2.2 trillion, needed for the energy transition alone.","Trends in domestic wastewater suggest that little, if any, progress is being made towards the target of halving the proportion of unsafe discharges by 2030.",7_3,6_12,,7,6,Support,No Relationship
"In 2023, civilian casualties in armed conflicts surged by a staggering 72 per cent, the steepest rise since 2015. Despite fewer civilian deaths in some conflict zones, others witnessed significant increases, with 7 in 10 recorded deaths occurring in Israel and the Occupied Palestinian Territory in 2023.","The widespread transformation of mountain ecosystems is due to various natural and human-induced factors, such as climate change, natural hazards, unplanned agriculture and urbanization, timber extraction and recreation.",16_8,15_21,,16,15,No Relationship,No Relationship
"Latin America and the Caribbean remained the deadliest region, accounting for 70 per cent of all killings.","In 2022, 20.5 million children missed at least one routine vaccine and 14.3 million received no vaccines at all.",16_18,3_41,,16,3,No Relationship,No Relationship
Agricultural expansion drove almost 90 per cent of global deforestation; cropland accounted for 49.6 per cent and livestock grazing for 38.5 per cent.,"Addressing inequality both within and among countries necessitates equitable resource distribution, investment in education and skills, social protection measures, efforts to stop discrimination, support for marginalized groups, and international cooperation for fair trade and financial systems.",15_7,0_7,,15,0,No Relationship,Support
"Addressing inequality both within and among countries necessitates equitable resource distribution, investment in education and skills, social protection measures, efforts to stop discrimination, support for marginalized groups, and international cooperation for fair trade and financial systems.","To guarantee at least basic social security for all children, upper- and lower-middle-income countries would need to invest an additional $98.1 billion and $88.8 billion, respectively.",4_1,10_23,,4,10,Support,No Relationship
"On average, 15 per cent of teachers lack minimum qualifications, constraining progress across all levels of education.","Projections suggest that by 2030, 590 million people, or 6.9 per cent of the global population, may remain in extreme poverty if current trends persist.",4_34,1_21,,4,1,No Relationship,No Relationship
More than 2 billion workers globally were in informal employment in 2023,"Parity in women’s participation in public life remains elusive, and in management positions, at current rates, parity will require another 176 years.",8_24,5_18,,8,5,No Relationship,No Relationship
"Medium- and high-tech industry demonstrate resilience despite global economic challenges The proportion of medium- and high-tech manufacturing value added in total value added rose from 46.34 per cent in 2015 to 46.88 per cent in 2019, an upward trend slightly disrupted by the COVID-19 pandemic. The crisis highlighted the resilience of higher-technology industries, which experienced only a marginal decline of 0.67 percentage points in 2021. Significant regional disparities exist in shares of medium- and high-tech manufacturing. In Eastern and South-Eastern Asia, the sector accounted for approximately 50.6 per cent of total manufacturing in 2021, whereas in sub-Saharan Africa, it represented just 18.3 per cent. Prioritizing investments in education and skills development is crucial to expedite the growth of medium- and high-tech industries by equipping the workforce to compete effectively in a dynamic global manufacturing landscape.","Public transit remains out of easy reach for 40 per cent of urban residents worldwide Ensuring equitable access to public transportation helps to reduce food insecurity, boost economies, empower women, and connect people to key health, education and financial services, especially vulnerable urban populations. Yet many cities worldwide lack adequate urban transit infrastructure.",9_22,11_10,,9,11,No Relationship,Support
Progress in reducing emissions intensity to cut global emissions overall has been insufficient.,"Increasing borrowing costs have and will continue to divert scarce resources from critical development needs such as poverty reduction, climate action, health and education.",13_46,4_2,,13,4,Support,No Relationship
"In LDCs, the disaster-affected population per 100,000 people is 20 per cent higher than the global average, and the mortality rate is 170 per cent higher. This illustrates that the catastrophic impact of disasters is much greater in these countries.","Conversely, Northern Africa and Western Asia saw an increase in the rate from 2.5 per cent in 2015 to 6.2 per cent in 2023.",10_16,1_28,,10,1,Rephrase,No Relationship
"Globally, youth are twice as likely as adults to be in working poverty.","Globally, only about a third of mountain key biodiversity areas are safeguarded by protected areas or other effective area-based conservation measures.",1_30,15_22,,1,15,No Relationship,No Relationship
"Treatment coverage for women consistently lags behind that for men across all regions, with over 13 per cent of men receiving treatment compared to less than 6 per cent of women in 2022.","Most food waste occurred in households (60 per cent); each person wasted an average of 79 kilograms annually, more than the weight of the average person.",5_7,2_6,,5,2,No Relationship,No Relationship
"As of December 2023, 50 countries, territories and areas had eliminated at least one neglected tropical disease, demonstrating the power of comprehensive interventions combining mass and individual treatment, vector control, veterinary public health and provision of safe water and sanitation.",The trillions needed to achieve the SDGs require world leaders to rapidly scale up investments,6_1,1_10,,6,1,Support,No Relationship
More than half of workers living in extreme poverty were still in sub-Saharan Africa (145 million).,This marked the first such increase in a decade.,1_27,7_10,,1,7,No Relationship,No Relationship
"Hotter countries tend to have higher waste per capita, possibly due to increased consumption of fresh food with substantial inedible parts and inadequate refrigeration.","While technology has expanded educational opportunities, it has also widened inequalities, leaving millions of people, especially in marginalized and low-income communities, without access to education.",2_9,4_6,,2,4,No Relationship,No Relationship
"Oceania (excluding Australia and New Zealand), sub-Saharan Africa and most of Asia have the highest mortality rates attributable to air pollution.","Improved preparedness, including early warning systems and evacuation measures, have significantly reduced disaster mortality in recent years.",3_50,13_30,,3,13,Support,Support
"In 2022, international public financial flows supporting clean energy in developing countries rebounded to $15.4 billion, an increase of 25 per cent over 2021 yet still around half the 2016 peak of $28.5 billion.",The world wastes 1.05 billion metric tons of food even as hundreds of millions face hunger,17_27,2_3,,17,2,No Relationship,No Relationship
Only 1.7 kilograms per capita was collected and managed in an environmentally sound manner.,Developing strategies for low-carbon energy and green manufacturing calls for collaboration and approaches tailored to each country’s unique strengths.,12_8,7_25,,12,7,No Relationship,No Relationship
"Progress towards Goal 4 has been slow since 2015, with only 58 per cent of students worldwide achieving a minimum proficiency in reading by 2019.","The global extreme poverty rate increased in 2020 for the first time in decades, setting back progress by three years.",4_3,1_13,,4,1,Rephrase,No Relationship
"Developing countries make up 74 per cent of United Nations General Assembly Members but have limited voice and participation in international economic decision-making, norm-setting and governance.","Over the past decade, the cost of remittances has fallen significantly. The global average cost of sending $200 decreased from 7.42 per cent in 2016 to 6.18 per cent in 2023. This is still above the 3 per cent SDG target, however.",17_9,8_6,,17,8,No Relationship,No Relationship
"Small-scale food producers play essential roles in agricultural and food production systems, enhancing resilience and fighting hunger.","Effective fisheries management can possibly reverse these effects (if they are driven by overfishing and not factors such as habitat degradation, pollution or climate change) and lead to optimal stock levels while supporting global food security and coastal communities.",2_33,14_5,,2,14,Support,Support
"Interestingly, high-income countries generally exhibited lower overall disaggregated data availability compared to low- and middle-income countries.","Women typically experience higher working poverty rates than men, with the most pronounced gender gap observed in the least developed countries (LDCs).",10_1,5_3,,10,5,No Relationship,No Relationship
"Between 2000 and 2019, the proportion of children receiving three doses of the diphtheria, tetanus and pertussis (DTP3) vaccine rose from 72 to 86 per cent, then dipped to 81 per cent in 2021 before rebounding to 84 per cent in 2022.","This emphasizes the urgent need for a comprehensive approach to addressing the housing crisis, including through diverse housing options, while achieving equitable access to public transportation and essential services.",3_40,11_5,,3,11,No Relationship,Support
"These alarming figures indicate that the road to global peace and security, essential for sustainable development, has been diverted. The trend must be reversed, conflicts must end, and parties to conflicts must strictly abide by international humanitarian and human rights obligations to protect civilians’ lives.","A comprehensive review by the Gender Data Compass, however, revealed significant gaps in disaggregated data for key social, economic and environmental indicators disseminated online by national statistical offices (NSOs).",16_11,5_1,,16,5,No Relationship,No Relationship
"Globally, young women are over twice as likely as young men to be NEET. In Central and Southern Asia, nearly half of young women are NEET compared to only 12.3 per cent of young men.","Several countries that depend heavily on fisheries for livelihoods and food security, however, have seen positive developments.",4_39,8_7,,4,8,No Relationship,Support
The COVID-19 pandemic and subsequent shocks from 2020 to 2022 have hampered global efforts to eradicate extreme poverty.,"Skilled birth attendance has improved globally, rising from 80 per cent of births in 2015 to 86 per cent in 2023. Improved care quality could save the lives of up to 1 million newborns and 150,000 mothers annually. Yet progress is stalling; 18 million births occurred without skilled assistance in 2023. In sub-Saharan Africa, only 73 per cent of births were attended by skilled personnel in 2023, the lowest rate worldwide. In contrast, Eastern and South-Eastern Asia achieved a rate of 96 per cent.",1_12,3_30,,1,3,Support,No Relationship
Rising temperatures have not abated and global greenhouse gas emissions continue to climb.,"Most food waste occurred in households (60 per cent); each person wasted an average of 79 kilograms annually, more than the weight of the average person.",13_8,2_6,,13,2,No Relationship,No Relationship
"Despite basic services in schools being essential for fair learning opportunities, progress has been slow, particularly affecting students with disabilities and girls.","Despite the economic disruptions of the pandemic, the global share of people living on less than half the median income has been declining due to social assistance programmes.",4_27,1_0,,4,1,No Relationship,No Relationship
"Data from 120 countries show that from 2019 to 2023, 56 positive legal reforms focused on removing discriminatory laws and establishing legal frameworks to advance gender equality.","In 2021, 13.2 per cent of food produced globally was lost after harvest and during transport, storage, wholesale and processing.",5_23,2_4,,5,2,No Relationship,No Relationship
"Globally, over 20 per cent of primary schools have no separate sanitation facilities for girls.","Effective fisheries management can possibly reverse these effects (if they are driven by overfishing and not factors such as habitat degradation, pollution or climate change) and lead to optimal stock levels while supporting global food security and coastal communities.",6_2,14_5,,6,14,No Relationship,Support
This deceleration can be attributed to the significant surge in clean energy technologies since 2019.,"This exploitation jeopardizes the survival of species and undermines ecosystem functions, especially when compounded by other pressures, such as habitat loss and climate change.",7_24,15_17,,7,15,No Relationship,No Relationship
"This is largely due to significant exposure to air pollution in households, a large proportion of which rely on polluting fuels and technologies for cooking, lighting and heating.",The Secretary-General has urged countries to support an SDG Stimulus of at least $500 billion annually.,3_51,17_22,,3,17,Support,Support
"This trend may be global, given lower wastewater treatment rates in many low-income countries, but insufficient data limit confirmation. The lack of data obscures early warning signs, impedes restoration efforts and jeopardizes freshwater ecosystem services.","Between 2000 and 2019, the proportion of children receiving three doses of the diphtheria, tetanus and pertussis (DTP3) vaccine rose from 72 to 86 per cent, then dipped to 81 per cent in 2021 before rebounding to 84 per cent in 2022.",6_14,3_40,,6,3,No Relationship,No Relationship
This wide divide indicates an urgent need to bridge gaps in achieving equitable access to sustainable energy.,"Despite reduced carbon dioxide (CO2) emissions intensity, global emissions have hit a record high.",7_21,9_15,,7,9,No Relationship,No Relationship
"Meanwhile, fossil fuel subsidies hit a record high.",Half the policies are national road maps or strategies; 30 per cent are legal instruments; and 14 per cent are voluntary instruments.,13_10,12_9,,13,12,No Relationship,No Relationship
"Inequalities and emerging threats jeopardize these accomplishments, however, underscoring the need for sustained efforts and innovative strategies.","A comprehensive review by the Gender Data Compass, however, revealed significant gaps in disaggregated data for key social, economic and environmental indicators disseminated online by national statistical offices (NSOs).",3_12,5_1,,3,5,No Relationship,No Relationship
"In 2023, ocean heat content soared to its highest level in 65 years; over 90 per cent of the ocean experienced heatwave conditions at some point during the year.","These must have increased ambition to close implementation gaps, cover entire economies and all greenhouse gases, and align with the target of limiting global temperature rise to no more than 1.5°C.",14_14,13_13,,14,13,No Relationship,Support
"At the upper secondary level, girls hold a notable advantage, with a 14 percentage-point gap in Eastern and South-Eastern Asia, 8 points in Latin America and the Caribbean, and 4 to 5 points in most other regions.",Twenty-one million children missed out on life-saving vaccines in 2022,4_11,3_39,,4,3,No Relationship,No Relationship
"Uncovering the intersectional disadvantages faced by the most marginalized groups demands additional efforts. For example, a side event on citizen data at the fifty-fifth session of the United Nations Statistical Commission showed that indigenous women and girls with disabilities in Bolivia faced significant challenges in accessing reproductive health information and care.","The dismantling of discriminatory laws is encouraging but gaps persist, notably in land rights",10_2,5_22,,10,5,Support,No Relationship
Improvements in adolescent birth rates and access to modern contraceptives do not benefit all women and girls equally,"Concerningly, 31 per cent of deaths from acute lower respiratory infections occurred in children under age 5.",10_34,3_49,,10,3,No Relationship,No Relationship
"Further, global investment in energy efficiency would need to triple by 2030.","There’s also a growing global commitment to biodiversity conservation, reflected in increased funding and the adoption of the Kunming-Montreal Global Biodiversity Framework.",7_23,15_3,,7,15,Support,No Relationship
Only 1.7 kilograms per capita was collected and managed in an environmentally sound manner.,Developing countries are not fairly represented in international economic decision-making. Strengthening their voice and participation is crucial to ensuring a more inclusive and equitable global economic system.,12_8,16_1,,12,16,No Relationship,Support
"Successful countries demonstrate that mainstreaming water resources in climate planning and financing allows them to build resilience and advance multiple development objectives, including for food, energy and ecosystems.","Addressing inequality both within and among countries necessitates equitable resource distribution, investment in education and skills, social protection measures, efforts to stop discrimination, support for marginalized groups, and international cooperation for fair trade and financial systems.",6_23,8_1,,6,8,Support,Support
"Despite basic services in schools being essential for fair learning opportunities, progress has been slow, particularly affecting students with disabilities and girls.","Women and youth face higher unemployment rates. Informal employment poses a significant global challenge, with over 2 billion workers in informal jobs lacking social protection in 2023.",4_27,10_45,,4,10,No Relationship,No Relationship
"In 2022, an estimated 1.3 million new infections represented a 27 per cent decrease since 2015 and a 38 per cent reduction since 2010.",mainstreaming water resources in climate planning and financing allows them to build resilience,3_35,13_43,,3,13,No Relationship,No Relationship
"Non-communicable diseases accounted for 85 per cent of air pollution-related deaths, while acute lower respiratory infections made up the remaining 15 per cent.","Partnering with local governments enables NSOs to gather more accurate, comprehensive and context-specific data, enhancing the overall effectiveness of SDG monitoring and the responsiveness of development efforts to local priorities.",3_48,0_6,,3,0,No Relationship,Support
"To achieve Goal 2, significant efforts are needed to mitigate the impacts of climate change, conflict and economic crisis.","All SDGs depend on establishing lasting peace and preventing violent conflicts. Urgent action is needed to combat corruption and organized crime, strengthen the rule of law and access to justice, build effective and inclusive governance institutions, and protect rights and fundamental freedoms.",2_26,16_7,,2,16,Support,Support
"In 42 countries specifying treatment levels, 60 per cent of total wastewater flows were safely treated (with at least secondary treatment).",Its compound annual growth rate declined from 3.9 per cent in 2003–2012 to 0.9 per cent in 2013–2022.,6_10,12_12,,6,12,No Relationship,No Relationship
Inconsistency in national teacher qualification standards further obstructs progress.,"Globally, over 20 per cent of primary schools have no separate sanitation facilities for girls.",4_36,6_2,,4,6,No Relationship,No Relationship
Heavy burdens of unpaid domestic and care work trap women in poverty and inequality,"In 2022, manufacturing growth plateaued at around 2.7 per cent and is anticipated to remain stagnant in 2024.",5_30,9_20,,5,9,No Relationship,No Relationship
Rising temperatures have not abated and global greenhouse gas emissions continue to climb.,"Based on current trends, one out of five (19.5 per cent) of children under age 5 will be affected by stunting in 2030. Some 37 million children (5.6 per cent) were overweight, while 45 million (6.8 per cent) experienced wasting, above the global target of 3 per cent by 2030.",13_8,2_25,,13,2,Support,No Relationship
"Although the COVID-19 pandemic temporarily accelerated Internet adoption, recent growth rates have reverted to pre-pandemic levels.","Positive legal reforms by area of law, 2019–2023 (number)",9_7,8_16,,9,8,No Relationship,No Relationship
"The Kunming-Montreal Global Biodiversity Framework commits to establishing protected areas to safeguard areas of particular importance for biodiversity, adding up to cover 30 per cent of oceans by 2030.","Substantial declines in labour rights plague all regions, worsening prospects for social justice",17_19,10_47,,17,10,No Relationship,No Relationship
"The COVID-19 pandemic caused extreme poverty to rise in 2020 for the first time in decades, reversing global progress by three years.","Ensuring equitable access to public transportation helps to reduce food insecurity, boost economies, empower women, and connect people to key health, education and financial services, especially vulnerable urban populations.",1_19,0_9,,1,0,Support,Support
Half of the most vulnerable countries face a widening income gap with the wealthiest economies,The share of renewable energy in the world’s total final energy consumption rose from 16.7 per cent in 2015 to 18.7 per cent in 2021.,1_3,7_15,,1,7,No Relationship,No Relationship
"Countries with higher levels of integrated water resources management (score 0 to 100 per cent) are more resilient to climate change, biodiversity loss and pollution.","In LDCs, the disaster-affected population per 100,000 people is 20 per cent higher than the global average, and the mortality rate is 170 per cent higher. This illustrates that the catastrophic impact of disasters is much greater in these countries.",6_20,10_16,,6,10,Support,Support
"Global forest area continues to decline, primarily due to agricultural expansion, despite notable progress in sustainable forest management.","In 2023, only 28.2 per cent of children aged 0 to 15 globally received child cash benefits, up from 22.1 per cent in 2015.",12_17,1_33,,12,1,No Relationship,No Relationship
"To guarantee at least basic social security for all children, upper- and lower-middle-income countries would need to invest an additional $98.1 billion and $88.8 billion, respectively.","Between 2000 and 2019, the proportion of children receiving three doses of the diphtheria, tetanus and pertussis (DTP3) vaccine rose from 72 to 86 per cent, then dipped to 81 per cent in 2021 before rebounding to 84 per cent in 2022.",10_23,3_40,,10,3,No Relationship,No Relationship
"Increasing borrowing costs have and will continue to divert scarce resources from critical development needs such as poverty reduction, climate action, health and education.","The COVID-19 pandemic highlighted the importance of high-quality, timely and disaggregated data for informed decision-making. Yet funding gaps threaten the resilience of statistical systems in developing countries.",1_11,0_10,,1,0,Support,No Relationship
"An estimated 1.8 million additional health workers are needed in 54 countries, primarily high-income ones, to replace retiring health professionals and maintain the current age-standardized density of health workers.","Fossil fuel subsidies reached a record high of $1.53 trillion in 2022, driven by rising energy prices post-pandemic and the impact of the Russian Federation’s invasion of Ukraine, which disrupted global energy markets. By artificially lowering fossil fuel prices, subsidies harm the competitiveness of cleaner energy sources and hinder the low-carbon transition.",3_28,7_2,,3,7,No Relationship,No Relationship
"Globally, pre-primary education has stagnated since the SDGs were agreed.",Only 1.7 kilograms per capita was collected and managed in an environmentally sound manner.,4_23,12_8,,4,12,No Relationship,No Relationship
"All SDGs depend on establishing lasting peace and preventing violent conflicts. Urgent action is needed to combat corruption and organized crime, strengthen the rule of law and access to justice, build effective and inclusive governance institutions, and protect rights and fundamental freedoms.",Harmful practices are decreasing but not at a rate keeping up with population growth.,16_7,5_13,,16,5,No Relationship,No Relationship
Global unemployment fell to a record low yet gaps remain for women and youth,"Health risks from household air pollution are particularly high among women and children, who tend to spend more time in and around cooking stoves.",8_23,3_52,,8,3,No Relationship,No Relationship
"Countries worldwide are recognizing the need to invest in national statistical systems to produce high-quality, timely data for SDG monitoring. This involves not only financial resources but also requires building capacity, modernizing infrastructure and adopting international statistical standards.",They include 70 per cent of cycads and 41 per cent of amphibians.,9_0,15_14,,9,15,No Relationship,No Relationship
Health spending accounts for about 5 percentage points of this difference.,"Except transportation, emissions from all major sectors have rebounded since the pandemic and now exceed 2019 levels.",3_8,13_17,,3,13,No Relationship,No Relationship
Population censuses provide crucial data for national and subnational planning and also serve as denominators for numerous SDG indicators.,The water stress level measures all freshwater withdrawals relative to total freshwater resources.,0_1,6_24,,0,6,No Relationship,No Relationship
"To meet national 2030 education targets, which have been scaled back compared to the original Goal 4 targets, countries must annually enrol 1.4 million children in early childhood education, admit a new child to school every two seconds until 2030 and triple annual progress in primary completion rates.","Data from 120 countries show that from 2019 to 2023, 56 positive legal reforms focused on removing discriminatory laws and establishing legal frameworks to advance gender equality.",4_7,10_41,,4,10,No Relationship,No Relationship
The Secretary-General has urged countries to support an SDG Stimulus of at least $500 billion annually.,"After rising sharply in the wake of the COVID-19 pandemic, global hunger and food insecurity remained persistently high and almost unchanged for three years. In 2023, about 733 million people faced hunger, and 2.33 billion people experienced moderate to severe food insecurity.",17_22,2_18,,17,2,No Relationship,Support
"Vibrant cities depend on open public spaces yet too few residents have ready access Open public spaces in urban areas foster inclusive and vibrant cities. Yet only 44 per cent of urban residents have an open public space conveniently located within a 400-metre walk, according to 2020 data from 1,365 cities across 187 countries.",The water stress level measures all freshwater withdrawals relative to total freshwater resources.,11_11,6_24,,11,6,No Relationship,No Relationship
"Similar advances in Europe and Northern America highlight the positive impacts of international cooperation and legislation, including the Convention on Long-Range Transboundary Air Pollution.",These regional disparities underscore the need for targeted efforts to achieve equal educational opportunities for all children.,17_12,10_40,,17,10,Support,Support
"In 2024, the air transport industry is expected to support 87.7 million jobs globally, with a direct and indirect economic impact of $3.5 trillion, equivalent to 4.1 per cent of world GDP.","Additionally, the Agreement on Marine Biodiversity of Areas Beyond National Jurisdiction aims to protect marine biodiversity in international waters and seabed.",9_21,17_20,,9,17,No Relationship,Support
"In 42 countries specifying treatment levels, 60 per cent of total wastewater flows were safely treated (with at least secondary treatment).","Several countries that depend heavily on fisheries for livelihoods and food security, however, have seen positive developments.",6_10,8_7,,6,8,No Relationship,Support
Air quality has improved but still falls short in terms of fully protecting public health,"Reporting is more common on environmental (water, emissions and energy efficiency) and governance (gender diversity, board meetings, bribery and corruption) dimensions than on social ones (human rights, health and safety, diversity and opportunity).",3_2,5_2,,3,5,No Relationship,No Relationship
"Further, each year, food loss and waste generate 8 to 10 per cent of greenhouse gas emissions, costing over $1 trillion and straining land resources and biodiversity.","Essential health service coverage is measured using an index, reported on a score of 0 to 100, based on 14 indicators across four domains: reproductive, maternal, newborn and child health; infectious diseases; non-communicable diseases; and service capacity and access.",12_4,3_19,,12,3,No Relationship,No Relationship
"At the same time, as of 2022, only 9 of 193 countries had included food waste in their NDCs, revealing a significant gap in connecting this issue with climate action and the objective of halving food waste and reducing losses by 2030.",One in three of these countries are poorer than before the pandemic.,2_11,1_4,,2,1,Support,No Relationship
Efficiency improved in all economic sectors.,"In 95 per cent of countries with available data, the average annual income of small-scale producers is less than half that of larger-scale producers.",6_16,8_14,,6,8,No Relationship,Support
"Over the past decade, the cost of remittances has fallen significantly. The global average cost of sending $200 decreased from 7.42 per cent in 2016 to 6.18 per cent in 2023. This is still above the 3 per cent SDG target, however.","Since 2000, average protected area coverage of marine key biodiversity areas has nearly doubled, but growth has stagnated since 2015.",8_6,14_11,,8,14,No Relationship,No Relationship
Agricultural expansion drove almost 90 per cent of global deforestation; cropland accounted for 49.6 per cent and livestock grazing for 38.5 per cent.,"While more detailed analysis is required to investigate the root causes of varying rates of progress, evidence suggests that all regions urgently need to take sustained, concerted actions to improve productive and sustainable agriculture by 2030.",15_7,2_32,,15,2,Support,Support
"Projections suggest that by 2030, 590 million people, or 6.9 per cent of the global population, may remain in extreme poverty if current trends persist.","Women’s political participation remains constrained. As of 1 January 2024, women occupied 26.9 per cent of seats in national parliaments, up from 22.3 per cent in 2015.",1_21,5_27,,1,5,No Relationship,No Relationship
"Despite basic services in schools being essential for fair learning opportunities, progress has been slow, particularly affecting students with disabilities and girls.",Progressing towards universal health coverage requires addressing the global shortage of health workers.,4_27,3_24,,4,3,No Relationship,Support
Adequate management of such protected areas will be crucial to realize conservation benefits.,"Globally, one in five countries operates prisons at over 150 per cent of intended capacity, with documented harm to health and higher rates of mortality.",14_9,3_6,,14,3,No Relationship,No Relationship
More than half of workers living in extreme poverty were still in sub-Saharan Africa (145 million).,"Urban sprawl is characterized by the unplanned, low-density, uncontrolled expansion of urban areas into previously undeveloped rural or suburban areas.",1_27,11_6,,1,11,No Relationship,No Relationship
Teachers are the single most important factor in student learning. Yet a significant teacher qualification gap persists globally.,"Achieving Goal 12 requires fostering circular economy models, sustainable production practices and responsible consumption. These approaches can take advantage of opportunities at every stage of production to reduce resource and fossil fuel use, drive innovation, conserve energy and mitigate emissions.",4_33,12_2,,4,12,No Relationship,Support
"In 2022, an estimated 1.3 million new infections represented a 27 per cent decrease since 2015 and a 38 per cent reduction since 2010.",Harmful practices are decreasing but not at a rate keeping up with population growth.,3_35,5_13,,3,5,Support,No Relationship
"Global disaster mortality per 100,000 population dropped by 49 per cent, from 1.62 in 2005–2014 to 0.82 in 2013–2022 (excluding COVID-19 related cases).",The United States planned to transform its food system for broader benefits.,3_5,2_12,,3,2,No Relationship,No Relationship
"Declines in maternal mortality have stalled, with wide disparities by region and income Between 2015 and 2020, the global maternal mortality ratio declined only marginally from 227 to 223 maternal deaths per 100,000 live births, over three times higher than the 2030 target of 70. Sub-Saharan Africa and Southern Asia account for 87 per cent of maternal deaths. In 2020, the maternal mortality ratio in low-income countries was 430 maternal deaths per 100,000 live births compared to 13 in high-income nations. The average maternal mortality ratio for very high and high alert fragile states was 551 in 2020, more than twice the global average. Achieving the 2030 target requires an annual reduction rate of 11.6 per cent between 2021 and 2030.","Globally, an estimated 1 billion meals of edible food are wasted every day, equivalent to 1.3 meals per person impacted by hunger per day, considering that 783 million people faced hunger in 2022.",3_29,2_7,,3,2,Support,No Relationship
"Degradation in water quality since 2017 is a concerning trend based on data from countries with extensive monitoring programmes. This trend may be global, given lower wastewater treatment rates in many low-income countries, but insufficient data limit confirmation.","In the Hangzhou declaration on accelerating progress on the Cape Town Global Action Plan for Sustainable Development Data, countries agreed on ""an urgent and sustained increase in the level and scale of investments in data and statistics from domestic and international actors, from the public, private and philanthropic sectors, to strengthen statistical capacity in low-income countries and fragile states, close data gaps for vulnerable groups and enhance country resilience in the current context of economic crisis, conflict, climate change and increased food insecurity.""",13_41,2_0,,13,2,Support,Support
"The COVID-19 pandemic highlighted the importance of high-quality, timely and disaggregated data for informed decision-making.","From 2015 to 2022, the volume of aid for agriculture provided to developing countries increased by 47.2 per cent, from $12.3 billion to $18.1 billion (in constant 2022 prices).",3_7,17_24,,3,17,No Relationship,No Relationship
Health spending accounts for about 5 percentage points of this difference.,"This emphasizes the urgent need for a comprehensive approach to addressing the housing crisis, including through diverse housing options, while achieving equitable access to public transportation and essential services.",3_8,11_5,,3,11,No Relationship,Support
"Rising ocean temperatures are raising new concerns for coral reefs, which support a quarter of marine species, provide resources for hundreds of millions of people in coastal communities and generate trillions of dollars in revenue annually.","Further disaggregation by additional characteristics resulted in a significant decrease in data availability. For example, the availability score for demographic and migration indicators dropped to 34 when including disaggregation by sex and other non-geographic characteristics.",13_32,8_0,,13,8,No Relationship,No Relationship
"Hotter countries tend to have higher waste per capita, possibly due to increased consumption of fresh food with substantial inedible parts and inadequate refrigeration.",Half of the most vulnerable countries face a widening income gap with the wealthiest economies,2_9,10_8,,2,10,No Relationship,No Relationship
"More people have safe drinking water and sanitation but billions still go without Between 2015 and 2022, the proportion of the population using safely managed drinking water increased from 69 to 73 per cent. Shares with safely managed sanitation rose from 49 to 57 per cent and with basic hygiene services from 67 to 75 per cent.","In 2022, 20.5 million children missed at least one routine vaccine and 14.3 million received no vaccines at all.",6_5,3_41,,6,3,Rephrase,No Relationship
"Partnering with local governments enables NSOs to gather more accurate, comprehensive and context-specific data, enhancing the overall effectiveness of SDG monitoring and the responsiveness of development efforts to local priorities.","Women and youth face higher unemployment rates. Informal employment poses a significant global challenge, with over 2 billion workers in informal jobs lacking social protection in 2023.",0_6,10_45,,0,10,No Relationship,Support
"Accelerated investments are needed to extend public transit services to the most marginalized communities, both in developing regions and impoverished urban neighbourhoods in developed countries. This effort is essential to foster inclusive urban development and improve the livelihoods of the urban poor.","Fossil fuel subsidies reached a record high of $1.53 trillion in 2022, driven by rising energy prices post-pandemic and the impact of the Russian Federation’s invasion of Ukraine, which disrupted global energy markets.",10_13,12_15,,10,12,No Relationship,No Relationship
The world wastes 1.05 billion metric tons of food even as hundreds of millions face hunger,"The COVID-19 pandemic caused extreme poverty to rise in 2020 for the first time in decades, reversing global progress by three years.",2_3,1_19,,2,1,Support,No Relationship
"There’s also a growing global commitment to biodiversity conservation, reflected in increased funding and the adoption of the Kunming-Montreal Global Biodiversity Framework.","Sub-Saharan Africa faces the steepest challenge, with only 60 per cent of pre-primary teachers meeting standards compared to 90 per cent in Europe and Northern America in 2022.",15_3,4_35,,15,4,No Relationship,No Relationship
A historic reversal is threatening improvements in inequality among countries. The economies of half the world’s most vulnerable countries have been growing at slower rates than those of wealthy countries.,"Women typically experience higher working poverty rates than men, with the most pronounced gender gap observed in the least developed countries (LDCs).",10_3,1_31,,10,1,Support,No Relationship
Further disaggregation by additional characteristics resulted in a significant decrease in data availability.,"Urban sprawl is characterized by the unplanned, low-density, uncontrolled expansion of urban areas into previously undeveloped rural or suburban areas. This unregulated growth has negative impacts on the natural environment and land use, contributing to increased air pollution and the loss of open spaces, wildlife habitats and agricultural land.",10_0,9_2,,10,9,No Relationship,No Relationship
"In 2022, international public financial flows supporting clean energy in developing countries rebounded to $15.4 billion, an increase of 25 per cent over 2021 yet still around half the 2016 peak of $28.5 billion.","In 2023, remittances to low- and middle-income countries reached an estimated $669 billion, reflecting a normalization of flows following the post-pandemic robust growth.",17_27,8_9,,17,8,Rephrase,Support
The upcoming 2025 cycle of nationally determined contributions (NDCs) presents a chance for ambitious climate action plans that drive economic and social progress.,"On the components of essential services, advanced economies notably outpace emerging market and developing economies in social protection spending by roughly 15 percentage points on average, largely due to broader pension coverage.",13_12,10_25,,13,10,No Relationship,Support
"Several countries that depend heavily on fisheries for livelihoods and food security, however, have seen positive developments.","An alarming 19 per cent of all food at the retail or consumption stage was wasted in 2022, totalling 1.05 billion metric tons of all food available to consumers.",8_7,12_3,,8,12,No Relationship,No Relationship
"Since 2000, two thirds of countries with data have reduced the proportion of their population living on less than half the median income. This trend continued during the pandemic.",Increased access to treatment has averted 20.8 million AIDS-related deaths in the past three decades.,1_2,3_36,,1,3,Support,Support
"In 2023, 320 human rights defenders, journalists and trade unionists in 40 countries were killed, down from 448 cases in 36 countries in 2022, based on cases recorded by national human rights institutions and the United Nations.","All countries must urgently speed up economy-wide, low-carbon transformations to avoid escalating economic and social costs.",16_16,13_11,,16,13,No Relationship,Support
The latter had incomes that were less than 70 per cent of those earned by the former in nearly 50 per cent of countries with available data.,Partnerships between NSOs and civil society organizations stood at 37 per cent.,1_39,17_2,,1,17,No Relationship,No Relationship
"In 2022, however, 2.2 billion people still lacked safely managed drinking water, 3.5 billion went without safely managed sanitation (including 419 million who practised open defecation) and 2 billion still had inadequate basic hygiene services (including 653 million with no facilities at all).",External debt stock levels have remained unprecedentedly high in developing countries.,6_6,10_17,,6,10,Support,No Relationship
"Illegal trade has affected around 4,000 plant and animal species in 162 countries and territories from 2015 to 2021.","Twenty-two reforms centred on equal rights to employment and economic benefits and 18 on stopping violence against women. The reforms included lifting restrictions on women working in specific sectors, guaranteeing equal remuneration for work of equal value and prohibiting marital rape.",15_16,8_15,,15,8,No Relationship,No Relationship
"Between 2015 and 2023, the primary school completion rate increased from 85 to 88 per cent, the lower secondary completion rate from 74 to 78 per cent, and the upper secondary completion rate from 53 to 59 per cent.","In 2022, roughly half the world’s population experienced severe water scarcity for at least part of the year. One quarter faced 'extremely high' levels of water stress. Climate change worsens these issues, posing significant risks to social stability.",4_10,6_3,,4,6,No Relationship,No Relationship
"Despite basic services in schools being essential for fair learning opportunities, progress has been slow, particularly affecting students with disabilities and girls.",Global unemployment fell to a record low yet gaps remain for women and youth,4_27,8_23,,4,8,Support,No Relationship
Half of the most vulnerable countries face a widening income gap with the wealthiest economies,"Increasing borrowing costs have and will continue to divert scarce resources from critical development needs such as poverty reduction, climate action, health and education.",10_8,1_11,,10,1,Support,No Relationship
"These worrying trends are primarily due to a lack of preventive services for people from marginalized and key populations, punitive laws, violence, social stigma and discrimination.","Based on the Statistical Performance Indicators (SPI), global scores on the Data Sources Performance Index and Data Infrastructure Performance Index improved between 2016 and 2023.",10_37,9_4,,10,9,No Relationship,No Relationship
"Cities sprawled or grew outwards up to 3.7 times faster than they densified or grew upward from 2000 to 2020, based on recent data from 1,217 cities in 185 countries.","In the Hangzhou declaration on accelerating progress on the Cape Town Global Action Plan for Sustainable Development Data, countries agreed on ""an urgent and sustained increase in the level and scale of investments in data and statistics from domestic and international actors, from the public, private and philanthropic sectors, to strengthen statistical capacity in low-income countries and fragile states, close data gaps for vulnerable groups and enhance country resilience in the current context of economic crisis, conflict, climate change and increased food insecurity.""",11_8,2_0,,11,2,No Relationship,Support
"Women’s empowerment in sexual and reproductive health decisions remains restricted globally, although positive strides are evident in some places","Global coverage of the human papillomavirus (HPV) vaccine, critical for women’s and girls’ health, stood at only 15 per cent in 2022, despite 130 countries introducing it in their national immunization services by the end of the year.",3_54,5_6,,3,5,Rephrase,No Relationship
"In 2023, civilian casualties in armed conflicts surged by a staggering 72 per cent, the steepest rise since 2015. Despite fewer civilian deaths in some conflict zones, others witnessed significant increases, with 7 in 10 recorded deaths occurring in Israel and the Occupied Palestinian Territory in 2023.","Strong and sustained commitments to changing biased social norms, eliminating harmful practices and abolishing discriminatory laws are urgently needed.",16_8,5_20,,16,5,No Relationship,Support
"In 2020, the maternal mortality ratio in low-income countries was 430 maternal deaths per 100,000 live births compared to 13 in high-income nations.","National long-term risk reduction strategies and plans, reported by 129 countries; the establishment of effective multi-hazard early warning systems, reported by 104 countries; and comprehensive resilience plans are key to minimizing disaster impacts on people and economies.",10_33,16_3,,10,16,Support,Support
"Skilled birth attendance has improved globally, rising from 80 per cent of births in 2015 to 86 per cent in 2023. Improved care quality could save the lives of up to 1 million newborns and 150,000 mothers annually. Yet progress is stalling; 18 million births occurred without skilled assistance in 2023. In sub-Saharan Africa, only 73 per cent of births were attended by skilled personnel in 2023, the lowest rate worldwide. In contrast, Eastern and South-Eastern Asia achieved a rate of 96 per cent.","According to a 2022 survey on the implementation of the Cape Town Global Action Plan for Sustainable Development Data, 81 per cent of NSOs had institutional arrangements with the public sector, followed by international organizations at 66 per cent, academia at 56 per cent and the private sector at 45 per cent.",3_30,17_1,,3,17,No Relationship,No Relationship
"increasing participation in the Agreement on Port State Measures to combat illegal, unreported and unregulated fishing","Sub-Saharan Africa continued to have the highest rates globally, at 97.9 births per 1,000 women aged 15–19 and 4.4 per 1,000 girls aged 10–14 in 2023.",17_16,10_35,,17,10,No Relationship,No Relationship
"Achieving universal coverage by 2030 will require a sixfold increase in current rates of progress for safely managed drinking water, a fivefold increase for safely managed sanitation and a threefold increase for basic hygiene services.","Over the past two decades, both groups have seen a slight uptick in their shares, maintaining a consistent 20-percentage-point gap between them.",6_8,10_24,,6,10,No Relationship,No Relationship
Small-scale food producers headed by men typically generate higher incomes than those headed by women. The latter had incomes that were less than 70 per cent of those earned by the former in nearly 50 per cent of countries with available data.,Risks to species continue to escalate globally,5_4,15_13,,5,15,No Relationship,No Relationship
"Women typically experience higher working poverty rates than men, with the most pronounced gender gap observed in the least developed countries (LDCs).","These efforts, coupled with fostering innovative solutions and creating supportive regulatory frameworks, are pivotal to advance towards Goal 7 and meet climate objectives.",8_12,7_8,,8,7,No Relationship,Support
"Sustaining economic dividends from fisheries, however, requires judicious fish stock management practices that prevent overexploitation and depletion.","Many countries face challenges such as inadequate education infrastructure, teacher shortages and insufficient teacher training.",14_6,9_11,,14,9,No Relationship,No Relationship
"Ninety per cent of people facing hunger and malnutrition live in IDA countries, half of which are in debt distress or at high risk of it.","For example, with support from the Collaborative on Citizen Data and the United Nations country team, the Bangladesh Bureau of Statistics is establishing a formal partnership with civil society organizations to produce and use citizen data.",1_7,17_3,,1,17,No Relationship,Support
"To achieve Goal 2, significant efforts are needed to mitigate the impacts of climate change, conflict and economic crisis.","Recent assessments reveal a significant decline in math and reading scores in many countries, highlighting a set of factors beyond the COVID-19 pandemic’s impact on global education.",2_26,4_4,,2,4,No Relationship,No Relationship
"Uncovering the intersectional disadvantages faced by the most marginalized groups demands additional efforts. For example, a side event on citizen data at the fifty-fifth session of the United Nations Statistical Commission showed that indigenous women and girls with disabilities in Bolivia faced significant challenges in accessing reproductive health information and care.","Globally, one in three people are still offline, underscoring the urgency of infrastructure investments and affordable Internet access, particularly in underdeveloped regions",10_2,9_5,,10,9,No Relationship,No Relationship
"The energy sector, responsible for 86 per cent of global CO2 emissions, remains the largest contributor, driven by the expansion of coal- and gas-fired power generation.",Governments plan to produce around 110 per cent more fossil fuels by 2030 than would be consistent with limiting warming to 1.5°C.,7_0,13_19,,7,13,Support,No Relationship
Progress in reducing emissions intensity to cut global emissions overall has been insufficient.,"For instance, more wildlife seizures were primarily attributed to new regulations targeting high-value timber species from South America, alongside intensified enforcement actions.",13_46,15_19,,13,15,No Relationship,No Relationship
Global unemployment fell to a record low yet gaps remain for women and youth,"While women hold 40 per cent of global employment, they only occupied 27.5 per cent of managerial positions in 2022, the same share as in 2016.",8_23,5_28,,8,5,Rephrase,No Relationship
Small-scale food producers are vital in fighting hunger but earn less than half the income of larger-scale operations,"Patterns of unsustainable consumption and production persist, however. In 2022, global food waste reached 1.05 billion metric tons, yet only 9 of 193 countries included food waste in their nationally determined contributions (NDCs) on climate change actions.",8_13,12_0,,8,12,Support,No Relationship
"Ninety per cent of people facing hunger and malnutrition live in IDA countries, half of which are in debt distress or at high risk of it.","This refreshed dynamic embodies principles of transparency, participation and shared responsibility, reflecting an evolving relationship where citizens are not just subjects of governance but active participants in it.",2_1,16_0,,2,16,No Relationship,Support
"In sub-Saharan Africa, the contribution of sustainable fisheries to GDP climbed from 0.38 per cent in 2019 to 0.42 per cent in 2021.",Prioritizing investments in education and skills development is crucial to expedite the growth of medium- and high-tech industries by equipping the workforce to compete effectively in a dynamic global manufacturing landscape.,2_14,4_40,,2,4,No Relationship,Support
"In 2023, only 28.2 per cent of children aged 0 to 15 globally received child cash benefits, up from 22.1 per cent in 2015.","Meanwhile, fossil fuel subsidies hit a record high.",1_33,13_10,,1,13,Support,No Relationship
"Digital services comprised 30 per cent of all services in 2023. To achieve the SDG target, stakeholders could leverage digitalization to reduce costs, increase efficiency and improve remittance accessibility.","Conflict zones saw a sharp increase in the killings of journalists and media workers, with 40 lives lost, reversing a downward trend since 2017.",0_8,16_17,,0,16,No Relationship,No Relationship
"Meanwhile, fossil fuel subsidies hit a record high.",Accelerating progress could have a catalytic impact on achieving the overall 2030 Agenda.,13_10,4_8,,13,4,No Relationship,Support
"increasing participation in the Agreement on Port State Measures to combat illegal, unreported and unregulated fishing","Uncovering the intersectional disadvantages faced by the most marginalized groups demands additional efforts. For example, a side event on citizen data at the fifty-fifth session of the United Nations Statistical Commission showed that indigenous women and girls with disabilities in Bolivia faced significant challenges in accessing reproductive health information and care.",17_16,10_2,,17,10,No Relationship,Support
"Global foreign direct investment (FDI) flows in 2023 amounted to $1.33 trillion, a decrease of 2 per cent from 2022. Excluding a few European conduit economies that registered large swings in investment flows, global FDI flows were 10 per cent lower than in 2022. FDI flows to developing countries fell by 7 per cent to $867 billion and declined or stagnated in most regions.","Despite basic services in schools being essential for fair learning opportunities, progress has been slow, particularly affecting students with disabilities and girls.",9_3,4_27,,9,4,No Relationship,No Relationship
"While more detailed analysis is required to investigate the root causes of varying rates of progress, evidence suggests that all regions urgently need to take sustained, concerted actions to improve productive and sustainable agriculture by 2030.","Based on the 2022 Programme for International Student Assessment test at the end of lower secondary school in 81 member and partner countries of the Organisation for Economic Co-operation and Development (OECD), from 2018 to 2022, mean performance in mathematics plummeted by a record 15 points.",2_32,4_13,,2,4,No Relationship,No Relationship
"In 2023, only 65 per cent of countries had fully funded and implemented national statistical plans.","The National Oceanic and Atmospheric Administration confirms the world is currently experiencing its fourth global coral bleaching event, the second in a decade.",17_6,14_15,,17,14,No Relationship,No Relationship
"Rising ocean temperatures are raising new concerns for coral reefs, which support a quarter of marine species, provide resources for hundreds of millions of people in coastal communities and generate trillions of dollars in revenue annually.","Globally, only half of primary schools and just 62 per cent of secondary schools have basic infrastructure for students with disabilities.",13_32,4_28,,13,4,No Relationship,No Relationship
Little positive change is expected in 2024.,The share of renewable energy in the world’s total final energy consumption rose from 16.7 per cent in 2015 to 18.7 per cent in 2021.,1_26,7_15,,1,7,Attack,No Relationship
"For example, with support from the Collaborative on Citizen Data and the United Nations country team, the Bangladesh Bureau of Statistics is establishing a formal partnership with civil society organizations to produce and use citizen data.","For the second consecutive year, the number of civilians killed in conflict rose dramatically, reversing a downward trend from 2016 to 2019. By 2023, civilian casualties had soared to over 33,400, nearing the 2015 peak.",17_3,16_9,,17,16,No Relationship,Support
"Negotiations are under way to establish a new climate finance goal from 2025 onwards, starting from a floor of $100 billion annually, and taking into account developing countries’ needs and priorities.","The rapid growth of global e-waste remains largely unaddressed, with only 22 per cent collected and managed sustainably.",13_5,12_1,,13,12,No Relationship,No Relationship
"Ensuring equitable access to public transportation helps to reduce food insecurity, boost economies, empower women, and connect people to key health, education and financial services, especially vulnerable urban populations. Yet many cities worldwide lack adequate urban transit infrastructure. Only 6 in 10 urban residents have convenient access to public transit, based on data collected in 2023 from 2,039 cities in 188 countries.","The dismantling of discriminatory laws is encouraging but gaps persist, notably in land rights",10_12,5_22,,10,5,No Relationship,No Relationship
"Fixed broadband subscriptions grew at an annual rate of 6.4 per cent between 2015 and 2023, reaching 19 subscriptions per 100 inhabitants globally.","For example, with support from the Collaborative on Citizen Data and the United Nations country team, the Bangladesh Bureau of Statistics is establishing a formal partnership with civil society organizations to produce and use citizen data.",9_9,17_3,,9,17,No Relationship,Support
"Data from 69 countries show that 56 per cent of married or in-union women aged 15–49 can decide on their sexual and reproductive health and rights, ranging from 38 per cent in sub-Saharan Africa to over 80 per cent in Europe.",Improving the technical efficiency of equipment and processes and using energy and materials more efficiently are also important.,3_55,7_22,,3,7,No Relationship,Support
"To achieve Goal 2, significant efforts are needed to mitigate the impacts of climate change, conflict and economic crisis.","In 2022, however, 2.2 billion people still lacked safely managed drinking water, 3.5 billion went without safely managed sanitation (including 419 million who practised open defecation) and 2 billion still had inadequate basic hygiene services (including 653 million with no facilities at all).",2_26,6_6,,2,6,Support,No Relationship
"Public funds shoring up the production and consumption of oil, coal and gas more than doubled between 2021 and 2022, and more than tripled from their 2015 levels, reversing progress made between 2012 and 2020 and hindering the net-zero transition.","Global trends underscore persistent challenges to biodiversity and forests, despite their critical roles as planetary life-support systems.",13_27,15_0,,13,15,Support,No Relationship
"Except transportation, emissions from all major sectors have rebounded since the pandemic and now exceed 2019 levels.","At the World Bank’s main lending arm, developing countries hold only 39 per cent of voting rights, far short of their 75 per cent share of the bank’s membership.",13_17,17_10,,13,17,No Relationship,No Relationship
"Public funds shoring up the production and consumption of oil, coal and gas more than doubled between 2021 and 2022, and more than tripled from their 2015 levels, reversing progress made between 2012 and 2020 and hindering the net-zero transition.","Changing course requires prioritizing the achievement of universal health coverage, strengthening health systems, investing in disease prevention and treatment, and addressing disparities in access to care and services, especially for vulnerable populations.",13_27,10_31,,13,10,No Relationship,No Relationship
"Small enterprises continue to face hurdles such as limited access to credit, especially in sub-Saharan Africa and the LDCs; only around 17 per cent has access to loans or credit lines.","major shortfalls in priority development areas, such as gender equality (Goal 5), climate action (Goal 13), and peace, justice and strong institutions (Goal 16).",1_44,5_0,,1,5,Support,Support
"Women and youth continued to face higher rates globally and across regions. In 2023, gender unemployment gaps were similar to those in 2015, with the largest disparities in Northern Africa and Western Asia.","Illegal trade has affected around 4,000 plant and animal species in 162 countries and territories from 2015 to 2021.",5_34,15_16,,5,15,No Relationship,No Relationship
This wide divide indicates an urgent need to bridge gaps in achieving equitable access to sustainable energy.,"International support for data and statistics development has increased, reaching $799 million in 2021, 14 per cent above 2020 and 44 per cent above 2015.",7_21,17_23,,7,17,No Relationship,Support
"The share of the world’s population living in extreme poverty rose from 8.9 per cent in 2019 to 9.7 per cent in 2020, driven by increases in low- and lower-middle-income countries.","Illegal wildlife trade persists worldwide despite two decades of concerted action at international and national levels and poses a significant threat to global biodiversity, endangering a wide range of terrestrial and marine species.",1_20,15_15,,1,15,No Relationship,No Relationship
"Half of countries have overcrowded prisons, sparking concerns about health and human rights","Although 90 per cent of countries report that they mainstream sustainable development and global citizenship subjects in national education systems, evidence suggests scattered uptake. A 2023 study of more than 530 ninth grade science and social science curricula found that 69 per cent did not mention climate change and 66 per cent omitted sustainability. Despite claims by some teachers that these topics were covered, 50 per cent admitted to not teaching them. Three quarters of countries expressed intentions to revise their curricula within the next three years to prioritize climate change and sustainability. Simply revising curricula may not be sufficient, however, if teachers lack the confidence or willingness to teach these subjects. Comprehensive support from schools, training institutions, communities and governments is essential to encourage educators to effectively transmit sustainability principles to future generations.",16_13,13_39,,16,13,No Relationship,Support
"Data suggest that household food waste varies by just 7 kilograms per capita each year across high-income, upper-middle-income and lower-middle-income countries.","These worrying trends are primarily due to a lack of preventive services for people from marginalized and key populations, punitive laws, violence, social stigma and discrimination.",2_8,10_37,,2,10,No Relationship,No Relationship
"Recent estimates indicate that the intercepted illegal wildlife trade as a proportion of all wildlife trade (legal and illegal) has been on the rise since 2017, peaking during the COVID-19 pandemic.",Global agreements could renew momentum to protect key biodiversity areas in the oceans,15_18,17_18,,15,17,Support,Support
Total adaptation finance rose to $32.4 billion from $10.1 billion in 2016.,"Global progress in implementing integrated water resources management remains slow, however, edging up from a score of 49 per cent in 2017 to only 57 per cent in 2023, far short of the 2030 target of 91 to 100 per cent.",17_14,6_21,,17,6,No Relationship,No Relationship
"These alarming figures indicate that the road to global peace and security, essential for sustainable development, has been diverted. The trend must be reversed, conflicts must end, and parties to conflicts must strictly abide by international humanitarian and human rights obligations to protect civilians’ lives.",Heavy burdens of unpaid domestic and care work trap women in poverty and inequality,16_11,5_30,,16,5,No Relationship,No Relationship
"The National Oceanic and Atmospheric Administration confirms the world is currently experiencing its fourth global coral bleaching event, the second in a decade.","Sub-Saharan Africa faces the steepest challenge, with only 60 per cent of pre-primary teachers meeting standards compared to 90 per cent in Europe and Northern America in 2022.",13_35,4_35,,13,4,No Relationship,No Relationship
Its compound annual growth rate declined from 3.9 per cent in 2003–2012 to 0.9 per cent in 2013–2022.,"Essential health service coverage is measured using an index, reported on a score of 0 to 100, based on 14 indicators across four domains: reproductive, maternal, newborn and child health; infectious diseases; non-communicable diseases; and service capacity and access.",12_12,3_19,,12,3,No Relationship,No Relationship
Accelerating progress could have a catalytic impact on achieving the overall 2030 Agenda.,"In 2023, 320 human rights defenders, journalists and trade unionists in 40 countries were killed, down from 448 cases in 36 countries in 2022, based on cases recorded by national human rights institutions and the United Nations.",4_8,16_16,,4,16,No Relationship,No Relationship
"Hunger, food insecurity and malnutrition remain prevalent, calling for intensified efforts",The International Standard Classification of Teacher Training Programmes was endorsed in 2021 to define a minimum global standard for trained teachers but has yet to be widely implemented.,2_22,4_37,,2,4,No Relationship,No Relationship
"Accelerating progress demands sustainable economic policies, support for entrepreneurship and innovation, formalization of the informal economy, safeguards of workers’ rights, social justice, and inclusive employment opportunities, especially for women and youth.","Uncovering the intersectional disadvantages faced by the most marginalized groups demands additional efforts. For example, a side event on citizen data at the fifty-fifth session of the United Nations Statistical Commission showed that indigenous women and girls with disabilities in Bolivia faced significant challenges in accessing reproductive health information and care.",8_20,10_2,,8,10,Support,Support
"In Africa, small-scale farming was responsible for 97 per cent of agriculture-driven deforestation.",A historic reversal is threatening improvements in inequality among countries. The economies of half the world’s most vulnerable countries have been growing at slower rates than those of wealthy countries.,15_9,10_3,,15,10,No Relationship,No Relationship
"In 2020, the maternal mortality ratio in low-income countries was 430 maternal deaths per 100,000 live births compared to 13 in high-income nations.","At the upper secondary level, girls hold a notable advantage, with a 14 percentage-point gap in Eastern and South-Eastern Asia, 8 points in Latin America and the Caribbean, and 4 to 5 points in most other regions.",10_33,5_10,,10,5,No Relationship,No Relationship
"Addressing inequality both within and among countries necessitates equitable resource distribution, investment in education and skills, social protection measures, efforts to stop discrimination, support for marginalized groups, and international cooperation for fair trade and financial systems.","Fossil fuel subsidies reached a record high of $1.53 trillion in 2022, driven by rising energy prices post-pandemic and the impact of the Russian Federation’s invasion of Ukraine, which disrupted global energy markets. By artificially lowering fossil fuel prices, subsidies harm the competitiveness of cleaner energy sources and hinder the low-carbon transition.",10_5,7_2,,10,7,No Relationship,Attack
"Between 2015 and 2023, the primary school completion rate increased from 85 to 88 per cent, the lower secondary completion rate from 74 to 78 per cent, and the upper secondary completion rate from 53 to 59 per cent.","Inequalities and emerging threats jeopardize these accomplishments, however, underscoring the need for sustained efforts and innovative strategies.",4_10,10_30,,4,10,Support,Support
"Substantial declines in labour rights plague all regions, worsening prospects for social justice","Health risks from household air pollution are particularly high among women and children, who tend to spend more time in and around cooking stoves.",10_47,3_52,,10,3,No Relationship,No Relationship
"This particularly impacted the poorest children, as pre-primary education can mitigate disadvantages.","These alarming figures indicate that the road to global peace and security, essential for sustainable development, has been diverted. The trend must be reversed, conflicts must end, and parties to conflicts must strictly abide by international humanitarian and human rights obligations to protect civilians’ lives.",4_25,16_11,,4,16,No Relationship,Support
The Intergovernmental Panel on Climate Change warns that up to 90 per cent of corals could be lost by 2050 at 1.5°C of warming and up to 99 per cent at 2°C.,"Based on the Statistical Performance Indicators (SPI), global scores on the Data Sources Performance Index and Data Infrastructure Performance Index improved between 2016 and 2023.",14_18,9_4,,14,9,No Relationship,No Relationship
"Only 40 per cent of city dwellers can easily reach open public spaces. Between 2000 and 2020, cities sprawled up to 3.7 times faster than they densified, resulting in negative impacts on the natural environment and land use.","Over the past two decades, both groups have seen a slight uptick in their shares, maintaining a consistent 20-percentage-point gap between them.",11_2,10_24,,11,10,No Relationship,No Relationship
"Fossil fuel subsidies reached a record high of $1.53 trillion in 2022, driven by rising energy prices post-pandemic and the impact of the Russian Federation’s invasion of Ukraine, which disrupted global energy markets.","Women typically experience higher working poverty rates than men, with the most pronounced gender gap observed in the least developed countries (LDCs).",12_15,1_31,,12,1,No Relationship,No Relationship
"These must have increased ambition to close implementation gaps, cover entire economies and all greenhouse gases, and align with the target of limiting global temperature rise to no more than 1.5°C.",Total adaptation finance rose to $32.4 billion from $10.1 billion in 2016.,13_13,17_14,,13,17,No Relationship,Support
The International Standard Classification of Teacher Training Programmes was endorsed in 2021 to define a minimum global standard for trained teachers but has yet to be widely implemented.,Achieving universal coverage will require closing a major financing gap.,4_37,1_36,,4,1,No Relationship,No Relationship
"In Africa, small-scale farming was responsible for 97 per cent of agriculture-driven deforestation.","Recent assessments reveal a significant decline in math and reading scores in many countries, highlighting a set of factors beyond the COVID-19 pandemic’s impact on global education.",15_9,4_4,,15,4,No Relationship,No Relationship
"Newly available estimates reveal that globally, only about 1 in 11 individuals with drug use disorders received related treatment in 2022.","In the Hangzhou declaration on accelerating progress on the Cape Town Global Action Plan for Sustainable Development Data, countries agreed on ""an urgent and sustained increase in the level and scale of investments in data and statistics from domestic and international actors, from the public, private and philanthropic sectors, to strengthen statistical capacity in low-income countries and fragile states, close data gaps for vulnerable groups and enhance country resilience in the current context of economic crisis, conflict, climate change and increased food insecurity.""",3_43,13_1,,3,13,No Relationship,Support
Governments plan to produce around 110 per cent more fossil fuels by 2030 than would be consistent with limiting warming to 1.5°C.,"Alarmingly, species are silently becoming extinct, the protection of key biodiversity areas has stalled and global illicit wildlife trafficking has steadily increased, posing serious threats to biodiversity and the benefits it provides to people.",7_1,15_1,,7,15,Support,Attack
Universal pre-primary education is hindered by inadequate legal guarantees and financial barriers,"In regions where the material footprint exceeds domestic material consumption, the latter decelerates faster, notably in Eastern and South-Eastern Asia, Europe and Northern America, and Northern Africa and Western Asia.",4_22,12_13,,4,12,No Relationship,No Relationship
"In sub-Saharan Africa, the contribution of sustainable fisheries to GDP climbed from 0.38 per cent in 2019 to 0.42 per cent in 2021.","The global extreme poverty rate increased in 2020 for the first time in decades, setting back progress by three years.",2_14,1_13,,2,1,Attack,No Relationship
"Data from 120 countries show that from 2019 to 2023, 56 positive legal reforms focused on removing discriminatory laws and establishing legal frameworks to advance gender equality.","The COVID-19 pandemic highlighted the importance of high-quality, timely and disaggregated data for informed decision-making. Yet funding gaps threaten the resilience of statistical systems in developing countries.",5_23,0_10,,5,0,No Relationship,Support
"Between 2015 and 2019, at least 100 million hectares of productive land were degraded annually, adversely impacting global food and water security.","While technology has expanded educational opportunities, it has also widened inequalities, leaving millions of people, especially in marginalized and low-income communities, without access to education.",2_17,10_38,,2,10,No Relationship,No Relationship
"Bleaching has been observed in 53 countries and territories, including throughout the tropics, the Great Barrier Reef, large parts of the South Pacific, and the Atlantic and Indian ocean basins.","Only 40 per cent of city dwellers can easily reach open public spaces. Between 2000 and 2020, cities sprawled up to 3.7 times faster than they densified, resulting in negative impacts on the natural environment and land use.",14_16,11_2,,14,11,No Relationship,No Relationship
"Between 2015 and 2023, the primary school completion rate increased from 85 to 88 per cent, the lower secondary completion rate from 74 to 78 per cent, and the upper secondary completion rate from 53 to 59 per cent.","Ensuring equitable access to public transportation helps to reduce food insecurity, boost economies, empower women, and connect people to key health, education and financial services, especially vulnerable urban populations.",4_10,1_8,,4,1,No Relationship,Support
"Improved preparedness, including early warning systems and evacuation measures, have significantly reduced disaster mortality in recent years.","Despite progress, 148 million children under age 5 suffered from stunting in 2022. If current trends persist, one in five children under age 5 will be affected by stunting in 2030.",11_12,2_19,,11,2,No Relationship,Support
"To assess global progress in sustainable agriculture, the Inter-agency and Expert Group on SDG Indicators adopted a new set of seven subindicators covering economic, social and environmental dimensions.","This income disparity persists across countries, regardless of income level.",2_31,10_28,,2,10,No Relationship,No Relationship
"Improved preparedness, including early warning systems and evacuation measures, have significantly reduced disaster mortality in recent years.","In 2020, the maternal mortality ratio in low-income countries was 430 maternal deaths per 100,000 live births compared to 13 in high-income nations.",13_30,10_33,,13,10,Rephrase,No Relationship
"These alarming figures indicate that the road to global peace and security, essential for sustainable development, has been diverted. The trend must be reversed, conflicts must end, and parties to conflicts must strictly abide by international humanitarian and human rights obligations to protect civilians’ lives.","In 2022, 20.5 million children missed at least one routine vaccine and 14.3 million received no vaccines at all.",16_11,3_41,,16,3,Support,No Relationship
"Alongside disruptions caused by COVID-19, the global malaria response faces increasing threats, including drug and insecticide resistance, humanitarian crises, funding constraints, delays in programme implementation and climate change impacts.","Ensuring equitable access to public transportation helps to reduce food insecurity, boost economies, empower women, and connect people to key health, education and financial services, especially vulnerable urban populations. Yet many cities worldwide lack adequate urban transit infrastructure. Only 6 in 10 urban residents have convenient access to public transit, based on data collected in 2023 from 2,039 cities in 188 countries.",13_38,10_12,,13,10,No Relationship,Support
"Women and youth continued to face higher rates globally and across regions. In 2023, gender unemployment gaps were similar to those in 2015, with the largest disparities in Northern Africa and Western Asia.","In 2022, 24.8 per cent of the urban population lived in slums or informal settlements, slightly lower than 25 per cent in 2015 but higher than 24.2 per cent in 2020.",5_34,11_3,,5,11,Rephrase,No Relationship
"Globally, over 20 per cent of primary schools have no separate sanitation facilities for girls.","Under-5 deaths hit a record low in 2022; achieving the SDG target could save 9 million lives by 2030 Global under-5 deaths reached a historic low of 4.9 million in 2022, down from 9.9 million in 2000 and 6.0 million in 2015. Nearly half these deaths (2.3 million) occurred during the neonatal period (the first 28 days of life). The under-5 mortality rate was 37 deaths per 1,000 live births in 2022, a 51 per cent reduction since 2000 and a 14 per cent reduction from 2015. The global neonatal mortality rate fell to 17 deaths per 1,000 live births in 2022, a 44 per cent reduction since 2000 and a 12 per cent reduction since 2015.",6_2,3_33,,6,3,No Relationship,No Relationship
"Data suggest that household food waste varies by just 7 kilograms per capita each year across high-income, upper-middle-income and lower-middle-income countries.","Inequalities and emerging threats jeopardize these accomplishments, however, underscoring the need for sustained efforts and innovative strategies.",2_8,10_30,,2,10,No Relationship,Support
"The share of the world’s population living in extreme poverty rose from 8.9 per cent in 2019 to 9.7 per cent in 2020, driven by increases in low- and lower-middle-income countries.","Keeping warming to 1.5°C calls for a 42 per cent reduction in greenhouse gas emissions by 2030, requiring an 8.7 per cent annual decline.",1_20,13_20,,1,13,Support,No Relationship
"Since 2000, two thirds of countries with data have reduced the proportion of their population living on less than half the median income. This trend continued during the pandemic.","Overfishing can harm biodiversity, ecosystems and fisheries production, and imposes adverse social and economic costs.",10_6,14_4,,10,14,No Relationship,No Relationship
Global data from 2000 to 2018 indicate that degradation affects about 1.6 per cent of the world’s mountainous areas.,Small-scale food producers are vital in fighting hunger but earn less than half the income of larger-scale operations,15_23,8_13,,15,8,No Relationship,No Relationship
"In 2023, remittances to low- and middle-income countries reached an estimated $669 billion, reflecting a normalization of flows following the post-pandemic robust growth.","E-waste generation rose from 6.3 to 7.8 kilograms per capita from 2015 to 2022, reaching a total of 62 million metric tons of e-waste in 2022.",8_9,12_7,,8,12,No Relationship,No Relationship
"major shortfalls in priority development areas, such as gender equality (Goal 5), climate action (Goal 13), and peace, justice and strong institutions (Goal 16).","In sub-Saharan Africa, the contribution of sustainable fisheries to GDP climbed from 0.38 per cent in 2019 to 0.42 per cent in 2021.",5_0,2_14,,5,2,No Relationship,No Relationship
"To achieve Goal 2, significant efforts are needed to mitigate the impacts of climate change, conflict and economic crisis.",The Intergovernmental Panel on Climate Change warns that up to 90 per cent of corals could be lost by 2050 at 1.5°C of warming and up to 99 per cent at 2°C.,2_26,14_18,,2,14,Support,Support
"Between 2020 and 2024, one in two IDA countries has achieved slower growth in income per capita than in the wealthy economies, the highest share since 2000.","A national park manager surveys tree nursery saplings in a desert area of central Saudi Arabia that is being regreened to combat land degradation, desertification and drought.",1_5,15_12,,1,15,No Relationship,No Relationship
"Approximately 67 per cent of the world’s population was online in 2023, up 69 per cent from 2015. Investment in infrastructure and affordable Internet access for the remaining 2.6 billion people is crucial for inclusive development.","Women’s empowerment in sexual and reproductive health decisions remains restricted globally, although positive strides are evident in some places",10_18,3_54,,10,3,No Relationship,No Relationship
The upcoming 2025 cycle of nationally determined contributions (NDCs) presents a chance for ambitious climate action plans that drive economic and social progress.,"In 2022, roughly half the world’s population experienced severe water scarcity for at least part of the year. One quarter faced 'extremely high' levels of water stress. Climate change worsens these issues, posing significant risks to social stability.",13_12,6_3,,13,6,Support,Support
This left 1.4 billion children without social protection coverage.,"In 2022, manufacturing growth plateaued at around 2.7 per cent and is anticipated to remain stagnant in 2024.",1_34,9_20,,1,9,No Relationship,No Relationship
"Total net official development assistance (ODA) for medical research and basic health sectors has significantly increased in recent years, primarily driven by the global response to the COVID-19 pandemic.","Parity in managerial roles will take 176 years at current rates of change, with discrimination, restrictive laws and inadequate social protection creating daunting barriers.",3_53,5_29,,3,5,No Relationship,No Relationship
"In 2022, almost 60 per cent of countries worldwide faced moderately to abnormally high food prices due to the spillover effects of conflicts, such as disrupted supply chains.",Global unemployment hit a historic low of 5 per cent in 2023 yet persistent roadblocks remain in achieving decent work.,2_20,8_18,,2,8,Support,No Relationship
"Since 2000, two thirds of countries with data have reduced the proportion of their population living on less than half the median income. This trend continued during the pandemic.","Financial barriers persist in regions where the private provision of education is prevalent; in sub-Saharan Africa, 32 per cent of pre-primary students attend private institutions.",10_6,1_41,,10,1,Support,No Relationship
Universal pre-primary education is hindered by inadequate legal guarantees and financial barriers,"Rising conflicts and violent organized crime persist around the world, causing immense human suffering and hampering sustainable development.",4_22,16_4,,4,16,No Relationship,No Relationship
"Most food waste occurred in households (60 per cent); each person wasted an average of 79 kilograms annually, more than the weight of the average person.",Achieving universal coverage will require closing a major financing gap.,2_6,10_22,,2,10,No Relationship,No Relationship
This marked the first such increase in a decade.,"Developing countries make up 74 per cent of United Nations General Assembly Members but have limited voice and participation in international economic decision-making, norm-setting and governance.",7_10,17_9,,7,17,No Relationship,No Relationship
"Essential health service coverage is measured using an index, reported on a score of 0 to 100, based on 14 indicators across four domains: reproductive, maternal, newborn and child health; infectious diseases; non-communicable diseases; and service capacity and access.","Particulate air pollution caused approximately 104 deaths per 100,000 people annually by 2019, despite a slight decrease in the global mortality rate attributed to household and ambient air pollution since 2010.",3_19,11_14,,3,11,No Relationship,No Relationship
"Reducing deforestation depends on improving food security, income and land rights",The Intergovernmental Panel on Climate Change warns that up to 90 per cent of corals could be lost by 2050 at 1.5°C of warming and up to 99 per cent at 2°C.,15_5,14_18,,15,14,No Relationship,No Relationship
"Since 2015, the global manufacturing value added per capita has risen by 16 per cent, from $1,653 (at constant 2015 prices) to $1,922 in 2023.",Efficiency improved in all economic sectors.,9_19,6_16,,9,6,Support,No Relationship
"Total net official development assistance (ODA) for medical research and basic health sectors has significantly increased in recent years, primarily driven by the global response to the COVID-19 pandemic.","Fixed broadband subscriptions grew at an annual rate of 6.4 per cent between 2015 and 2023, reaching 19 subscriptions per 100 inhabitants globally.",3_53,9_9,,3,9,No Relationship,No Relationship
"Twenty-two reforms centred on equal rights to employment and economic benefits and 18 on stopping violence against women. The reforms included lifting restrictions on women working in specific sectors, guaranteeing equal remuneration for work of equal value and prohibiting marital rape.","This emphasizes the urgent need for a comprehensive approach to addressing the housing crisis, including through diverse housing options, while achieving equitable access to public transportation and essential services.",8_15,10_10,,8,10,No Relationship,Support
"Oceania (excluding Australia and New Zealand), sub-Saharan Africa and most of Asia have the highest mortality rates attributable to air pollution.","Developing countries make up 74 per cent of United Nations General Assembly Members but have limited voice and participation in international economic decision-making, norm-setting and governance.",3_50,17_9,,3,17,No Relationship,No Relationship
"Over the past two decades, both groups have seen a slight uptick in their shares, maintaining a consistent 20-percentage-point gap between them.","Conversely, Northern Africa and Western Asia saw an increase in the rate from 2.5 per cent in 2015 to 6.2 per cent in 2023.",10_24,1_28,,10,1,Rephrase,No Relationship
"Patterns of unsustainable consumption and production persist, however. In 2022, global food waste reached 1.05 billion metric tons, yet only 9 of 193 countries included food waste in their nationally determined contributions (NDCs) on climate change actions.","Total net official development assistance (ODA) for medical research and basic health sectors has significantly increased in recent years, primarily driven by the global response to the COVID-19 pandemic.",12_0,3_53,,12,3,No Relationship,No Relationship
"Based on the 2022 Programme for International Student Assessment test at the end of lower secondary school in 81 member and partner countries of the Organisation for Economic Co-operation and Development (OECD), from 2018 to 2022, mean performance in mathematics plummeted by a record 15 points.","Latin America and the Caribbean remained the deadliest region, accounting for 70 per cent of all killings.",4_13,16_18,,4,16,No Relationship,No Relationship
"Significant regional variations were evident, and despite a near doubling of coverage from 4.5 per cent in 2015 to 8.7 per cent in 2023, low-income countries were still far from universal coverage.","In 2024, the air transport industry is expected to support 87.7 million jobs globally, with a direct and indirect economic impact of $3.5 trillion, equivalent to 4.1 per cent of world GDP.",1_35,9_21,,1,9,No Relationship,No Relationship
"Under-5 deaths hit a record low in 2022; achieving the SDG target could save 9 million lives by 2030 Global under-5 deaths reached a historic low of 4.9 million in 2022, down from 9.9 million in 2000 and 6.0 million in 2015. Nearly half these deaths (2.3 million) occurred during the neonatal period (the first 28 days of life). The under-5 mortality rate was 37 deaths per 1,000 live births in 2022, a 51 per cent reduction since 2000 and a 14 per cent reduction from 2015. The global neonatal mortality rate fell to 17 deaths per 1,000 live births in 2022, a 44 per cent reduction since 2000 and a 12 per cent reduction since 2015.","By artificially lowering fossil fuel prices, subsidies harm the competitiveness of cleaner energy sources and hinder the low-carbon transition.",3_33,13_28,,3,13,No Relationship,No Relationship
"In 2022, manufacturing growth plateaued at around 2.7 per cent and is anticipated to remain stagnant in 2024.","Successful countries demonstrate that mainstreaming water resources in climate planning and financing allows them to build resilience and advance multiple development objectives, including for food, energy and ecosystems.",9_20,6_23,,9,6,No Relationship,Support
"According to a 2022 survey on the implementation of the Cape Town Global Action Plan for Sustainable Development Data, 81 per cent of NSOs had institutional arrangements with the public sector, followed by international organizations at 66 per cent, academia at 56 per cent and the private sector at 45 per cent.","Large gaps in monitoring and reporting, particularly in low-income countries, result in an unclear picture of global wastewater. In 2023, data on 91,000 water bodies from 120 countries revealed that 56 per cent had good water quality.",17_1,6_13,,17,6,No Relationship,No Relationship
"Extreme weather events, including heatwaves, major floods, droughts, wildfires and tropical cyclones, have disrupted the lives of millions of people and caused billions of dollars in economic losses.","Since 2000, average protected area coverage of marine key biodiversity areas has nearly doubled, but growth has stagnated since 2015.",6_0,14_11,,6,14,No Relationship,No Relationship
"As oceans continue to warm amid rising global temperatures, the frequency and severity of coral bleaching will likely increase.","Every week, 4,000 adolescent girls and young women acquired HIV; 3,100 lived in sub-Saharan Africa.",14_17,5_5,,14,5,No Relationship,No Relationship
"Trends in domestic wastewater suggest that little, if any, progress is being made towards the target of halving the proportion of unsafe discharges by 2030.","This income disparity persists across countries, regardless of income level.",6_12,10_28,,6,10,No Relationship,No Relationship
"Globally, young women are over twice as likely as young men to be NEET. In Central and Southern Asia, nearly half of young women are NEET compared to only 12.3 per cent of young men.","Women and youth face higher unemployment rates. Informal employment poses a significant global challenge, with over 2 billion workers in informal jobs lacking social protection in 2023.",4_39,8_19,,4,8,Support,No Relationship
Progressing towards universal health coverage requires addressing the global shortage of health workers.,"Globally, only about a third of mountain key biodiversity areas are safeguarded by protected areas or other effective area-based conservation measures.",3_24,15_22,,3,15,No Relationship,No Relationship
"At the same time, as of 2022, only 9 of 193 countries had included food waste in their NDCs, revealing a significant gap in connecting this issue with climate action and the objective of halving food waste and reducing losses by 2030.","Further disaggregation by additional characteristics resulted in a significant decrease in data availability. For example, the availability score for demographic and migration indicators dropped to 34 when including disaggregation by sex and other non-geographic characteristics.",13_3,8_0,,13,8,No Relationship,No Relationship
"Trends in domestic wastewater suggest that little, if any, progress is being made towards the target of halving the proportion of unsafe discharges by 2030.","Health systems are experiencing increased strains in catering to the mounting health needs of an ageing global population, more so because the health workforce itself is ageing.",6_12,3_27,,6,3,No Relationship,No Relationship
"New data from 32 countries show that 19 have seen a positive trend in women’s ability to make decisions on sexual and reproductive health, particularly in Eastern and Southern Africa.","Hotter countries tend to have higher waste per capita, possibly due to increased consumption of fresh food with substantial inedible parts and inadequate refrigeration.",3_57,2_9,,3,2,No Relationship,No Relationship
"With one third of prisoners unsentenced worldwide, achieving just judicial processes and improving prison conditions is imperative.","NDCs lower this to 2.5°C, while all net-zero pledges would put warming at 2°C, although these pledges are highly uncertain.",16_6,13_22,,16,13,No Relationship,No Relationship
"Simply revising curricula may not be sufficient, however, if teachers lack the confidence or willingness to teach these subjects.","The share of the world’s population living in extreme poverty rose from 8.9 per cent in 2019 to 9.7 per cent in 2020, driven by increases in low- and lower-middle-income countries.",4_20,1_20,,4,1,No Relationship,No Relationship
"Improved air quality monitoring has been instrumental in confirming regional successes and informing policy decisions. Between 2011 and 2022, monitoring capacity worldwide grew sixfold, although 92 per cent of this expansion took place in high- and middle-income countries.","National long-term risk reduction strategies and plans, reported by 129 countries; the establishment of effective multi-hazard early warning systems, reported by 104 countries; and comprehensive resilience plans are key to minimizing disaster impacts on people and economies.",10_11,16_3,,10,16,Support,Support
"In sub-Saharan Africa, the contribution of sustainable fisheries to GDP climbed from 0.38 per cent in 2019 to 0.42 per cent in 2021.","Although intended to aid vulnerable households, subsidies often disproportionately benefit wealthier people, who consume more energy than lower-income households, as well as carbon-intensive companies.",2_14,10_15,,2,10,No Relationship,No Relationship
"Parity in women’s participation in public life remains elusive, and in management positions, at current rates, parity will require another 176 years.","Renewables constituted over 28.2 per cent of total final energy consumption for electricity in 2021, up from 22.9 per cent in 2015.",5_18,7_18,,5,7,No Relationship,No Relationship
"Approximately 67 per cent of the world’s population was online in 2023, up 69 per cent from 2015. Investment in infrastructure and affordable Internet access for the remaining 2.6 billion people is crucial for inclusive development.","These alarming figures indicate that the road to global peace and security, essential for sustainable development, has been diverted. The trend must be reversed, conflicts must end, and parties to conflicts must strictly abide by international humanitarian and human rights obligations to protect civilians’ lives.",10_18,16_11,,10,16,Support,Support
Universal pre-primary education is hindered by inadequate legal guarantees and financial barriers,"These worrying trends are primarily due to a lack of preventive services for people from marginalized and key populations, punitive laws, violence, social stigma and discrimination.",4_22,10_37,,4,10,No Relationship,Support
"Conflict zones saw a sharp increase in the killings of journalists and media workers, with 40 lives lost, reversing a downward trend since 2017.","Increasing borrowing costs have and will continue to divert scarce resources from critical development needs such as poverty reduction, climate action, health and education.",16_17,1_11,,16,1,No Relationship,No Relationship
"Addressing inequality both within and among countries necessitates equitable resource distribution, investment in education and skills, social protection measures, efforts to stop discrimination, support for marginalized groups, and international cooperation for fair trade and financial systems.","These alarming figures indicate that the road to global peace and security, essential for sustainable development, has been diverted. The trend must be reversed, conflicts must end, and parties to conflicts must strictly abide by international humanitarian and human rights obligations to protect civilians’ lives.",4_1,16_11,,4,16,Support,Support
"Countries with higher levels of integrated water resources management (score 0 to 100 per cent) are more resilient to climate change, biodiversity loss and pollution.","Data on access to treatment for those with alcohol use disorders indicate a dire situation, with coverage ranging from 0.3 per cent to a maximum of 14 per cent in reporting countries.",6_20,3_45,,6,3,No Relationship,No Relationship
"Health risks from household air pollution are particularly high among women and children, who tend to spend more time in and around cooking stoves.","The energy sector, responsible for 86 per cent of global CO2 emissions, remains the largest contributor, driven by the expansion of coal- and gas-fired power generation.",3_52,7_0,,3,7,No Relationship,No Relationship
Governments plan to produce around 110 per cent more fossil fuels by 2030 than would be consistent with limiting warming to 1.5°C.,Three quarters of countries expressed intentions to revise their curricula within the next three years to prioritize climate change and sustainability.,13_19,4_19,,13,4,Support,No Relationship
"Comprehensive support from schools, training institutions, communities and governments is essential to encourage educators to effectively transmit sustainability principles to future generations.","In 2023, the annual SDG investment gap in developing countries was estimated at about $4 trillion, with over half, or $2.2 trillion, needed for the energy transition alone.",4_21,8_8,,4,8,Support,Support
"Alongside disruptions caused by COVID-19, the global malaria response faces increasing threats, including drug and insecticide resistance, humanitarian crises, funding constraints, delays in programme implementation and climate change impacts.","In a landscape of declining international cooperation and rising geopolitical tensions, strengthened global partnerships and enhanced cooperation are urgently needed to address widening financing gaps, reinforce post-pandemic recovery and promote sustainable development, particularly in the LDCs and other vulnerable countries.",13_38,17_21,,13,17,Support,Support
"Annual growth in real GDP per capita, 2010–2014 and 2015–2022 (percentage)","Improvements in adolescent birth rates and access to modern contraceptives do not benefit all women and girls equally The adolescent birth rate for women aged 15–19 years declined to 41.3 births per 1,000 women in 2023, from 47.2 in 2015 and 64.5 in 2000. For girls aged 10–14 years, the rate fell from 3.3 births per 1,000 girls in 2000 to 1.8 in 2015 and 1.5 in 2023. Yet 13.1 million babies, approximately 10 per cent of the total number of births, were born to adolescent mothers in 2023. Central and Southern Asia witnessed the largest drop-offs in adolescent birth rates between 2000 and 2023, with a 72 per cent reduction in the 15–19 age group and a 90 per cent decrease in the 10–14 cohort. Sub-Saharan Africa continued to have the highest rates globally, at 97.9 births per 1,000 women aged 15–19 and 4.4 per 1,000 girls aged 10–14 in 2023.",8_22,3_31,,8,3,No Relationship,No Relationship
"A comprehensive review by the Gender Data Compass, however, revealed significant gaps in disaggregated data for key social, economic and environmental indicators disseminated online by national statistical offices (NSOs).","Globally, the proportion of countries facing moderately to abnormally high food prices rose sharply in 2022, reaching a new record high of 58.1 per cent.",5_1,2_34,,5,2,No Relationship,No Relationship
A substantial number of teachers are not trained according to minimum standards in their country,"Latin America and the Caribbean remained the deadliest region, accounting for 70 per cent of all killings.",4_32,16_18,,4,16,No Relationship,No Relationship
"Improvements in adolescent birth rates and access to modern contraceptives do not benefit all women and girls equally The adolescent birth rate for women aged 15–19 years declined to 41.3 births per 1,000 women in 2023, from 47.2 in 2015 and 64.5 in 2000. For girls aged 10–14 years, the rate fell from 3.3 births per 1,000 girls in 2000 to 1.8 in 2015 and 1.5 in 2023. Yet 13.1 million babies, approximately 10 per cent of the total number of births, were born to adolescent mothers in 2023. Central and Southern Asia witnessed the largest drop-offs in adolescent birth rates between 2000 and 2023, with a 72 per cent reduction in the 15–19 age group and a 90 per cent decrease in the 10–14 cohort. Sub-Saharan Africa continued to have the highest rates globally, at 97.9 births per 1,000 women aged 15–19 and 4.4 per 1,000 girls aged 10–14 in 2023.","Improved preparedness, including early warning systems and evacuation measures, have significantly reduced disaster mortality in recent years.",3_31,11_12,,3,11,No Relationship,Support
"Ninety per cent of people facing hunger and malnutrition live in IDA countries, half of which are in debt distress or at high risk of it.","In 2024, only 43 out of 153 Member States sharing transboundary waters have operational arrangements covering 90 per cent or more of these resources.",2_1,6_19,,2,6,No Relationship,No Relationship
"Excluding traditional forms of biomass, the share of modern renewable sources climbed gradually from 10 per cent in 2015 to 12.5 per cent in 2021.","Increasing borrowing costs have and will continue to divert scarce resources from critical development needs such as poverty reduction, climate action, health and education.",7_16,4_2,,7,4,No Relationship,No Relationship
"The COVID-19 pandemic has ravaged global health, undoing nearly 10 years of progress in life expectancy.",Increased global public expenditure on agriculture was at least one positive trend.,3_9,2_28,,3,2,No Relationship,No Relationship
"For example, with support from the Collaborative on Citizen Data and the United Nations country team, the Bangladesh Bureau of Statistics is establishing a formal partnership with civil society organizations to produce and use citizen data.","Globally, young women are over twice as likely as young men to be NEET. In Central and Southern Asia, nearly half of young women are NEET compared to only 12.3 per cent of young men.",17_3,10_46,,17,10,No Relationship,Support
"Climate finance increased by 30 per cent from 2021 to reach $115.9 billion in 2022, with 60 per cent of the total allocated to mitigation.","Reading scores declined by 10 points, twice the previous record.",17_13,4_14,,17,4,No Relationship,No Relationship
Marine designations should be strategically located to safeguard key biodiversity areas.,"While most health-related indicators are moving in the right direction globally, current trends are insufficient to meet targets set for 2030.",14_10,3_10,,14,3,No Relationship,No Relationship
"Global coverage of the human papillomavirus (HPV) vaccine, critical for women’s and girls’ health, stood at only 15 per cent in 2022, despite 130 countries introducing it in their national immunization services by the end of the year.","Urban sprawl is characterized by the unplanned, low-density, uncontrolled expansion of urban areas into previously undeveloped rural or suburban areas. This unregulated growth has negative impacts on the natural environment and land use, contributing to increased air pollution and the loss of open spaces, wildlife habitats and agricultural land.",3_42,9_2,,3,9,No Relationship,No Relationship
"In 2023, ocean heat content soared to its highest level in 65 years; over 90 per cent of the ocean experienced heatwave conditions at some point during the year.","Globally, per capita installed capacity for generating electricity with renewable energy nearly doubled from 250 watts in 2015 to 424 watts in 2022.",14_14,7_20,,14,7,Support,No Relationship
"The United Nations Framework Convention on Climate Change (UNFCCC) estimates that nearly $6 trillion is needed for developing countries’ climate action plans by 2030, underscoring the need to massively scale up finance.","Effective fisheries management can possibly reverse these effects (if they are driven by overfishing and not factors such as habitat degradation, pollution or climate change) and lead to optimal stock levels while supporting global food security and coastal communities.",17_15,14_5,,17,14,No Relationship,No Relationship
Small-scale food producers are vital in fighting hunger but earn less than half the income of larger-scale operations,"Skilled birth attendance has improved globally, rising from 80 per cent of births in 2015 to 86 per cent in 2023. Improved care quality could save the lives of up to 1 million newborns and 150,000 mothers annually. Yet progress is stalling; 18 million births occurred without skilled assistance in 2023. In sub-Saharan Africa, only 73 per cent of births were attended by skilled personnel in 2023, the lowest rate worldwide. In contrast, Eastern and South-Eastern Asia achieved a rate of 96 per cent.",8_13,3_30,,8,3,No Relationship,Support
"Newly available estimates reveal that globally, only about 1 in 11 individuals with drug use disorders received related treatment in 2022.","After rising sharply in the wake of the COVID-19 pandemic, global hunger and food insecurity remained persistently high and almost unchanged for three years. In 2023, about 733 million people faced hunger, and 2.33 billion people experienced moderate to severe food insecurity.",3_43,2_18,,3,2,No Relationship,No Relationship
"Countries with higher levels of integrated water resources management (score 0 to 100 per cent) are more resilient to climate change, biodiversity loss and pollution.","While global real GDP per capita growth rebounded in 2021, it slowed in 2022 and is projected to stabilize through 2025.",6_20,8_17,,6,8,No Relationship,No Relationship
"Concerningly, 31 per cent of deaths from acute lower respiratory infections occurred in children under age 5.","According to the WMO, recorded disasters increased fivefold over the past 50 years, driven partly by human-induced climate change.",3_49,13_29,,3,13,No Relationship,No Relationship
"Negotiations are under way to establish a new climate finance goal from 2025 onwards, starting from a floor of $100 billion annually, and taking into account developing countries’ needs and priorities.","Ensuring equitable access to public transportation helps to reduce food insecurity, boost economies, empower women, and connect people to key health, education and financial services, especially vulnerable urban populations.",13_5,0_9,,13,0,No Relationship,Support
"The global extreme poverty rate increased in 2020 for the first time in decades, setting back progress by three years.",Risks to species continue to escalate globally,1_13,15_13,,1,15,Support,No Relationship
"In 95 per cent of countries with available data, the average annual income of small-scale producers is less than half that of larger-scale producers.","On average, each day, women spend 2.5 times more hours on unpaid domestic and care work than men.",10_27,5_31,,10,5,No Relationship,No Relationship
"Fixed broadband subscriptions grew at an annual rate of 6.4 per cent between 2015 and 2023, reaching 19 subscriptions per 100 inhabitants globally.","The variance in country data coverage plays out differently across the Goals, with major shortfalls in priority development areas, such as gender equality (Goal 5), climate action (Goal 13), and peace, justice and strong institutions (Goal 16).",9_9,13_0,,9,13,Support,No Relationship
The proportion of the population with catastrophic expenditures increased from 12.6 per cent in 2015 to 13.5 per cent in 2019.,"Global trends underscore persistent challenges to biodiversity and forests, despite their critical roles as planetary life-support systems.",3_23,15_0,,3,15,No Relationship,No Relationship
"Efforts are under way to tackle these challenges, with countries advancing implementation of access and benefit-sharing instruments and integrating biodiversity values into national accounting systems.",National monitoring based on the Tourism Satellite Accounts and the System of Environmental Economic Accounts provides a good indication of a country’s capacity to measure the economic and environmental sustainability of tourism.,15_2,12_14,,15,12,Support,Support
"This trend may be global, given lower wastewater treatment rates in many low-income countries, but insufficient data limit confirmation. The lack of data obscures early warning signs, impedes restoration efforts and jeopardizes freshwater ecosystem services.","Half of countries have overcrowded prisons, sparking concerns about health and human rights",6_14,16_13,,6,16,No Relationship,No Relationship
"To achieve Goal 2, significant efforts are needed to mitigate the impacts of climate change, conflict and economic crisis.","Despite claims by some teachers that these topics were covered, 50 per cent admitted to not teaching them.",2_26,4_18,,2,4,No Relationship,No Relationship
"Countries worldwide are recognizing the need to invest in national statistical systems to produce high-quality, timely data for SDG monitoring. This involves not only financial resources but also requires building capacity, modernizing infrastructure and adopting international statistical standards.","Vibrant cities depend on open public spaces yet too few residents have ready access Open public spaces in urban areas foster inclusive and vibrant cities. Yet only 44 per cent of urban residents have an open public space conveniently located within a 400-metre walk, according to 2020 data from 1,365 cities across 187 countries.",9_0,11_11,,9,11,No Relationship,Support
"Many countries face challenges such as inadequate education infrastructure, teacher shortages and insufficient teacher training.","The proportion of women of reproductive age (15–49 years) who have their need for family planning satisfied with modern methods has climbed from 76.5 per cent in 2015 to 77.6 per cent in 2024, corresponding to an additional 75 million women using modern contraceptive methods globally. By 2030, this proportion is projected to reach 78.2 per cent, a net increase of 45 million women. This marks a fair improvement but still falls far short of universal access.",4_5,3_32,,4,3,No Relationship,Support
"Further, each year, food loss and waste generate 8 to 10 per cent of greenhouse gas emissions, costing over $1 trillion and straining land resources and biodiversity.","Based on current trends, one out of five (19.5 per cent) of children under age 5 will be affected by stunting in 2030. Some 37 million children (5.6 per cent) were overweight, while 45 million (6.8 per cent) experienced wasting, above the global target of 3 per cent by 2030.",13_2,2_25,,13,2,Support,No Relationship
"Women’s political participation remains constrained. As of 1 January 2024, women occupied 26.9 per cent of seats in national parliaments, up from 22.3 per cent in 2015.",Coordinated global action on integrated water management to address climate change impacts as well as better management of shared waters are also key.,5_27,13_40,,5,13,No Relationship,Support
"Hunger, food insecurity and malnutrition remain prevalent, calling for intensified efforts","Changing course requires prioritizing the achievement of universal health coverage, strengthening health systems, investing in disease prevention and treatment, and addressing disparities in access to care and services, especially for vulnerable populations.",2_22,10_31,,2,10,Support,Support
the level remains significantly higher than the recommended air quality guideline of 5 µg/m3 for public health protection.,"Fixed broadband subscriptions grew at an annual rate of 6.4 per cent between 2015 and 2023, reaching 19 subscriptions per 100 inhabitants globally.",3_4,9_9,,3,9,No Relationship,No Relationship
"Large gaps in monitoring and reporting, particularly in low-income countries, result in an unclear picture of global wastewater. In 2023, data on 91,000 water bodies from 120 countries revealed that 56 per cent had good water quality.",Half of the most vulnerable countries face a widening income gap with the wealthiest economies,6_13,1_3,,6,1,Support,No Relationship
